Date,Product,Category,Country,Revenue,Quantity,Cost,Customer_Segment
2023-01-01,Hydraulic Cylinder HC-40,Hydraulics,USA,9399.26,33,5716.3,OEM
2023-01-01,PLC Controller Unit,Automation,Germany,19174.35,22,10172.76,OEM
2023-01-01,Gearbox Assembly GB-12,Motors,South Korea,5058.97,4,2685.61,Direct Industrial
2023-01-01,PLC Controller Unit,Automation,Germany,81041.66,84,38430.87,Direct Industrial
2023-01-01,Steel Bearing 6205,Components,South Korea,91.92,25,48.67,OEM
2023-01-01,Pneumatic Valve V-200,Hydraulics,Poland,4391.26,31,2116.91,Distributor
2023-01-02,Gearbox Assembly GB-12,Motors,Mexico,39563.06,34,24412.22,OEM
2023-01-02,Gearbox Assembly GB-12,Motors,Germany,46287.83,35,24519.11,Distributor
2023-01-02,Pneumatic Valve V-200,Hydraulics,Poland,2994.25,22,1551.15,Direct Industrial
2023-01-02,Gearbox Assembly GB-12,Motors,Mexico,23896.08,20,13845.7,Distributor
2023-01-02,PLC Controller Unit,Automation,Germany,11982.93,14,6395.07,OEM
2023-01-02,Industrial Motor 5HP,Motors,China,4699.97,8,2685.72,Direct Industrial
2023-01-02,Hydraulic Cylinder HC-40,Hydraulics,Poland,1850.31,6,1050.72,Distributor
2023-01-02,Industrial Motor 5HP,Motors,South Korea,14241.29,23,8139.63,Direct Industrial
2023-01-03,Steel Bearing 6205,Components,Mexico,152.06,37,69.33,OEM
2023-01-03,Safety Sensor Array,Automation,Mexico,13237.26,73,7230.41,OEM
2023-01-03,Safety Sensor Array,Automation,Mexico,7739.53,37,3418.51,OEM
2023-01-03,Industrial Motor 5HP,Motors,China,8586.55,15,4868.5,Distributor
2023-01-03,Hydraulic Cylinder HC-40,Hydraulics,China,21305.95,76,12776.03,Direct Industrial
2023-01-03,Steel Bearing 6205,Components,South Korea,36.15,10,18.35,Distributor
2023-01-04,Industrial Motor 5HP,Motors,South Korea,12140.94,23,7955.02,Direct Industrial
2023-01-04,Pneumatic Valve V-200,Hydraulics,China,3206.49,23,1623.22,Direct Industrial
2023-01-04,Gearbox Assembly GB-12,Motors,Poland,7213.37,6,4227.79,OEM
2023-01-04,PLC Controller Unit,Automation,China,13823.15,15,7274.52,OEM
2023-01-04,Steel Bearing 6205,Components,Poland,110.13,25,46.98,Distributor
2023-01-04,Hydraulic Cylinder HC-40,Hydraulics,USA,3337.24,10,1818.51,Direct Industrial
2023-01-04,Safety Sensor Array,Automation,Poland,3813.59,19,1780.77,OEM
2023-01-04,Conveyor Belt Roller,Components,USA,337.23,12,157.16,OEM
2023-01-04,PLC Controller Unit,Automation,USA,20117.62,23,10543.15,Direct Industrial
2023-01-04,Conveyor Belt Roller,Components,Poland,241.04,10,127.18,OEM
2023-01-04,Gearbox Assembly GB-12,Motors,South Korea,67228.85,50,34052.01,Direct Industrial
2023-01-05,Industrial Motor 5HP,Motors,China,5272.99,8,2812.28,OEM
2023-01-05,Gearbox Assembly GB-12,Motors,South Korea,17842.75,15,10518.57,OEM
2023-01-05,Gearbox Assembly GB-12,Motors,Mexico,46896.4,35,24817.34,OEM
2023-01-05,Gearbox Assembly GB-12,Motors,South Korea,108655.91,89,59507.09,OEM
2023-01-06,Pneumatic Valve V-200,Hydraulics,South Korea,4589.98,34,2219.35,Distributor
2023-01-06,Hydraulic Cylinder HC-40,Hydraulics,USA,6456.27,20,3611.17,Direct Industrial
2023-01-06,Hydraulic Cylinder HC-40,Hydraulics,Mexico,1590.16,5,876.46,Distributor
2023-01-06,Industrial Motor 5HP,Motors,Mexico,10962.74,21,7159.36,Distributor
2023-01-06,Pneumatic Valve V-200,Hydraulics,China,3173.53,20,1379.64,OEM
2023-01-06,Safety Sensor Array,Automation,Mexico,10314.06,49,4807.99,Distributor
2023-01-07,Industrial Motor 5HP,Motors,China,5340.25,10,3422.55,OEM
2023-01-07,PLC Controller Unit,Automation,South Korea,22642.59,27,12262.81,Distributor
2023-01-07,Steel Bearing 6205,Components,Germany,77.16,18,35.54,OEM
2023-01-07,Hydraulic Cylinder HC-40,Hydraulics,Poland,4911.43,14,2396.35,Direct Industrial
2023-01-07,Steel Bearing 6205,Components,USA,72.73,20,37.01,Distributor
2023-01-07,Safety Sensor Array,Automation,Germany,1436.8,8,757.43,OEM
2023-01-07,PLC Controller Unit,Automation,South Korea,26859.45,31,14319.62,Distributor
2023-01-07,Hydraulic Cylinder HC-40,Hydraulics,Poland,3830.95,11,1989.81,OEM
2023-01-08,Safety Sensor Array,Automation,South Korea,5686.04,31,2801.25,Direct Industrial
2023-01-08,Conveyor Belt Roller,Components,USA,902.5,32,414.22,OEM
2023-01-08,Steel Bearing 6205,Components,Mexico,55.56,14,26.01,Direct Industrial
2023-01-08,Industrial Motor 5HP,Motors,South Korea,7368.62,13,4209.54,OEM
2023-01-08,Pneumatic Valve V-200,Hydraulics,Mexico,3677.63,27,1834.27,Distributor
2023-01-08,Safety Sensor Array,Automation,Mexico,1588.73,7,634.79,OEM
2023-01-09,Steel Bearing 6205,Components,Poland,233.86,52,98.08,OEM
2023-01-09,Pneumatic Valve V-200,Hydraulics,Poland,2769.03,21,1440.94,Distributor
2023-01-09,Safety Sensor Array,Automation,Mexico,3310.63,15,1477.73,Distributor
2023-01-09,Hydraulic Cylinder HC-40,Hydraulics,Poland,6476.18,19,3238.37,OEM
2023-01-09,Hydraulic Cylinder HC-40,Hydraulics,Germany,7611.6,27,4531.24,OEM
2023-01-09,Steel Bearing 6205,Components,USA,70.79,19,36.05,OEM
2023-01-09,Pneumatic Valve V-200,Hydraulics,Poland,2219.41,18,1176.2,Distributor
2023-01-09,Steel Bearing 6205,Components,South Korea,13.37,3,5.7,OEM
2023-01-10,Hydraulic Cylinder HC-40,Hydraulics,Poland,7267.44,26,4527.64,Distributor
2023-01-10,Steel Bearing 6205,Components,Poland,177.47,45,83.45,OEM
2023-01-10,Hydraulic Cylinder HC-40,Hydraulics,Poland,13884.0,41,7533.63,Distributor
2023-01-10,Conveyor Belt Roller,Components,Mexico,220.06,8,96.57,Distributor
2023-01-10,Conveyor Belt Roller,Components,South Korea,662.22,24,303.6,OEM
2023-01-10,Hydraulic Cylinder HC-40,Hydraulics,Mexico,18036.55,52,8986.54,Direct Industrial
2023-01-10,Safety Sensor Array,Automation,Germany,4052.39,18,1666.06,Distributor
2023-01-10,Steel Bearing 6205,Components,South Korea,30.39,7,12.87,Distributor
2023-01-10,Conveyor Belt Roller,Components,Mexico,827.95,31,392.96,OEM
2023-01-10,Pneumatic Valve V-200,Hydraulics,Germany,7331.75,53,3474.24,Distributor
2023-01-10,Industrial Motor 5HP,Motors,USA,22948.19,35,12076.09,Distributor
2023-01-11,Steel Bearing 6205,Components,Mexico,82.24,20,38.72,Distributor
2023-01-11,Conveyor Belt Roller,Components,Poland,859.83,35,440.26,OEM
2023-01-12,Industrial Motor 5HP,Motors,Germany,11388.29,18,6197.58,Distributor
2023-01-12,Safety Sensor Array,Automation,Germany,8715.53,38,3595.84,OEM
2023-01-12,Hydraulic Cylinder HC-40,Hydraulics,China,2986.35,9,1509.84,OEM
2023-01-13,Conveyor Belt Roller,Components,South Korea,574.87,22,273.44,OEM
2023-01-13,Industrial Motor 5HP,Motors,Germany,13486.99,26,8469.97,OEM
2023-01-13,Steel Bearing 6205,Components,USA,90.51,25,47.87,OEM
2023-01-13,PLC Controller Unit,Automation,USA,1858.14,2,960.15,OEM
2023-01-13,Steel Bearing 6205,Components,Germany,88.35,23,45.73,Distributor
2023-01-13,Conveyor Belt Roller,Components,Poland,861.04,29,358.12,Direct Industrial
2023-01-13,Safety Sensor Array,Automation,Poland,4376.34,21,1952.0,Distributor
2023-01-13,Safety Sensor Array,Automation,Mexico,1838.71,8,730.38,Direct Industrial
2023-01-13,Pneumatic Valve V-200,Hydraulics,Mexico,3227.98,24,1668.28,OEM
2023-01-14,Pneumatic Valve V-200,Hydraulics,China,1115.09,9,597.76,Distributor
2023-01-14,Safety Sensor Array,Automation,China,4232.34,23,2271.77,OEM
2023-01-14,Hydraulic Cylinder HC-40,Hydraulics,Mexico,5775.39,17,3067.62,OEM
2023-01-15,Pneumatic Valve V-200,Hydraulics,China,4803.71,33,2155.6,Direct Industrial
2023-01-15,Hydraulic Cylinder HC-40,Hydraulics,Mexico,4517.77,14,2544.46,Direct Industrial
2023-01-15,Steel Bearing 6205,Components,China,215.35,49,91.93,Distributor
2023-01-16,Safety Sensor Array,Automation,South Korea,11347.25,50,4706.21,Direct Industrial
2023-01-16,Conveyor Belt Roller,Components,South Korea,1268.49,43,556.91,OEM
2023-01-16,Safety Sensor Array,Automation,South Korea,4665.54,25,2385.56,OEM
2023-01-16,PLC Controller Unit,Automation,Mexico,17288.99,19,8568.42,OEM
2023-01-16,Steel Bearing 6205,Components,Poland,43.7,10,19.15,Direct Industrial
2023-01-16,Industrial Motor 5HP,Motors,USA,10990.66,18,6013.61,Distributor
2023-01-16,Steel Bearing 6205,Components,Poland,88.68,24,44.76,Distributor
2023-01-16,PLC Controller Unit,Automation,Poland,21265.11,23,11332.7,Direct Industrial
2023-01-16,Hydraulic Cylinder HC-40,Hydraulics,Poland,8773.61,26,4659.41,OEM
2023-01-16,Gearbox Assembly GB-12,Motors,Poland,1168.04,1,722.31,Direct Industrial
2023-01-17,Industrial Motor 5HP,Motors,Germany,21727.39,40,13009.07,OEM
2023-01-17,Industrial Motor 5HP,Motors,USA,7468.86,13,4618.22,Direct Industrial
2023-01-17,Pneumatic Valve V-200,Hydraulics,South Korea,4451.16,30,2054.32,Direct Industrial
2023-01-17,Conveyor Belt Roller,Components,South Korea,827.64,29,374.02,Distributor
2023-01-17,Steel Bearing 6205,Components,South Korea,111.25,25,45.48,Distributor
2023-01-17,Conveyor Belt Roller,Components,China,350.06,13,163.52,Direct Industrial
2023-01-17,Industrial Motor 5HP,Motors,Poland,13380.26,20,7091.83,OEM
2023-01-17,Steel Bearing 6205,Components,South Korea,102.29,28,55.37,Direct Industrial
2023-01-17,Hydraulic Cylinder HC-40,Hydraulics,USA,7945.23,28,4757.85,OEM
2023-01-17,Steel Bearing 6205,Components,Germany,83.62,20,38.92,Direct Industrial
2023-01-17,Hydraulic Cylinder HC-40,Hydraulics,Germany,7609.45,27,4750.7,Direct Industrial
2023-01-18,Steel Bearing 6205,Components,Mexico,128.95,30,55.28,OEM
2023-01-18,Hydraulic Cylinder HC-40,Hydraulics,Germany,1398.35,5,917.65,Distributor
2023-01-18,Gearbox Assembly GB-12,Motors,China,30164.43,27,18516.26,Direct Industrial
2023-01-19,Safety Sensor Array,Automation,USA,4037.82,22,1995.94,OEM
2023-01-19,Hydraulic Cylinder HC-40,Hydraulics,USA,7537.34,26,4704.49,Direct Industrial
2023-01-19,PLC Controller Unit,Automation,USA,12966.36,14,6601.84,Direct Industrial
2023-01-19,Pneumatic Valve V-200,Hydraulics,USA,2306.68,15,1037.41,Distributor
2023-01-19,Pneumatic Valve V-200,Hydraulics,USA,4515.47,36,2387.21,OEM
2023-01-19,PLC Controller Unit,Automation,Poland,28848.58,37,17490.39,Distributor
2023-01-19,Pneumatic Valve V-200,Hydraulics,USA,2947.57,23,1538.09,Distributor
2023-01-19,Gearbox Assembly GB-12,Motors,Poland,22478.13,21,13891.57,Distributor
2023-01-20,Conveyor Belt Roller,Components,China,403.31,15,191.07,OEM
2023-01-20,Conveyor Belt Roller,Components,Poland,913.49,30,357.16,Direct Industrial
2023-01-21,Safety Sensor Array,Automation,Poland,4302.79,22,2127.86,Distributor
2023-01-21,Hydraulic Cylinder HC-40,Hydraulics,China,16819.9,54,9344.75,OEM
2023-01-21,Conveyor Belt Roller,Components,China,787.89,30,367.95,Direct Industrial
2023-01-21,Hydraulic Cylinder HC-40,Hydraulics,Germany,7360.04,21,3830.97,Distributor
2023-01-21,Steel Bearing 6205,Components,USA,53.63,15,29.11,Distributor
2023-01-21,Gearbox Assembly GB-12,Motors,South Korea,44977.88,38,26620.45,Distributor
2023-01-21,Conveyor Belt Roller,Components,Mexico,475.21,18,225.21,Distributor
2023-01-21,Steel Bearing 6205,Components,Germany,94.34,26,50.9,Direct Industrial
2023-01-21,Hydraulic Cylinder HC-40,Hydraulics,South Korea,2320.64,7,1266.44,Direct Industrial
2023-01-21,PLC Controller Unit,Automation,China,14253.16,18,8844.12,Distributor
2023-01-22,Gearbox Assembly GB-12,Motors,USA,25702.94,19,12919.73,OEM
2023-01-22,Safety Sensor Array,Automation,Mexico,4966.34,22,2075.2,Distributor
2023-01-22,Steel Bearing 6205,Components,Germany,92.44,25,49.45,OEM
2023-01-22,Safety Sensor Array,Automation,Poland,13180.72,66,6076.86,Direct Industrial
2023-01-22,Pneumatic Valve V-200,Hydraulics,Germany,5581.97,37,2480.85,OEM
2023-01-22,Industrial Motor 5HP,Motors,China,10562.14,19,6281.87,OEM
2023-01-22,Conveyor Belt Roller,Components,South Korea,357.25,12,148.62,OEM
2023-01-22,Gearbox Assembly GB-12,Motors,Poland,17755.56,13,8610.34,Distributor
2023-01-23,PLC Controller Unit,Automation,China,29895.43,33,14816.63,Direct Industrial
2023-01-23,Safety Sensor Array,Automation,China,6486.03,33,3088.5,OEM
2023-01-23,Conveyor Belt Roller,Components,Mexico,226.16,9,112.36,Direct Industrial
2023-01-23,PLC Controller Unit,Automation,Mexico,11350.13,13,5891.58,OEM
2023-01-23,PLC Controller Unit,Automation,Germany,14740.8,16,7455.75,OEM
2023-01-23,Pneumatic Valve V-200,Hydraulics,Germany,2886.58,19,1346.27,Distributor
2023-01-23,Hydraulic Cylinder HC-40,Hydraulics,South Korea,10736.95,36,6603.53,Distributor
2023-01-23,Hydraulic Cylinder HC-40,Hydraulics,USA,10061.48,30,4999.88,Distributor
2023-01-23,Conveyor Belt Roller,Components,USA,411.86,15,192.14,Distributor
2023-01-23,PLC Controller Unit,Automation,Poland,37055.35,45,21169.2,Direct Industrial
2023-01-23,Conveyor Belt Roller,Components,Germany,206.33,8,95.86,Direct Industrial
2023-01-24,PLC Controller Unit,Automation,South Korea,23820.22,25,11694.79,OEM
2023-01-24,Steel Bearing 6205,Components,China,56.39,15,29.91,Distributor
2023-01-24,Hydraulic Cylinder HC-40,Hydraulics,South Korea,1792.45,6,1066.88,Distributor
2023-01-25,Gearbox Assembly GB-12,Motors,Mexico,23125.87,19,12998.39,Direct Industrial
2023-01-25,Industrial Motor 5HP,Motors,Poland,18402.06,32,10650.2,OEM
2023-01-25,PLC Controller Unit,Automation,Mexico,66645.08,72,32410.22,Distributor
2023-01-25,Safety Sensor Array,Automation,USA,4561.61,25,2438.15,Direct Industrial
2023-01-26,Safety Sensor Array,Automation,China,1932.98,9,859.11,Distributor
2023-01-26,Safety Sensor Array,Automation,Germany,1847.52,8,760.18,Distributor
2023-01-26,PLC Controller Unit,Automation,Germany,7107.01,9,4208.12,OEM
2023-01-26,Hydraulic Cylinder HC-40,Hydraulics,China,8690.74,29,5042.68,OEM
2023-01-27,Hydraulic Cylinder HC-40,Hydraulics,Mexico,6835.36,21,3780.89,Direct Industrial
2023-01-27,Pneumatic Valve V-200,Hydraulics,USA,2313.61,16,1113.35,Direct Industrial
2023-01-27,Hydraulic Cylinder HC-40,Hydraulics,USA,16996.59,50,8350.14,Distributor
2023-01-27,Safety Sensor Array,Automation,USA,4302.95,23,2098.17,OEM
2023-01-27,Conveyor Belt Roller,Components,Germany,292.67,10,120.86,Direct Industrial
2023-01-27,PLC Controller Unit,Automation,USA,37366.12,42,20027.81,Direct Industrial
2023-01-27,Hydraulic Cylinder HC-40,Hydraulics,South Korea,1540.75,5,875.37,Distributor
2023-01-27,Conveyor Belt Roller,Components,USA,107.5,4,49.8,OEM
2023-01-27,Pneumatic Valve V-200,Hydraulics,Germany,5617.83,45,2942.47,Distributor
2023-01-27,Safety Sensor Array,Automation,Mexico,5409.59,25,2286.55,Direct Industrial
2023-01-27,Conveyor Belt Roller,Components,Germany,574.38,20,239.09,OEM
2023-01-27,Conveyor Belt Roller,Components,China,291.1,10,119.41,Distributor
2023-01-27,Industrial Motor 5HP,Motors,China,24754.3,39,12795.14,Distributor
2023-01-28,Conveyor Belt Roller,Components,China,621.57,24,291.13,Direct Industrial
2023-01-28,Hydraulic Cylinder HC-40,Hydraulics,Germany,3516.1,10,1742.59,Distributor
2023-01-28,Safety Sensor Array,Automation,South Korea,4001.91,19,1859.52,Distributor
2023-01-28,Gearbox Assembly GB-12,Motors,USA,38260.42,33,23615.62,OEM
2023-01-28,Hydraulic Cylinder HC-40,Hydraulics,Germany,4502.88,15,2659.88,Direct Industrial
2023-01-28,PLC Controller Unit,Automation,USA,17725.81,19,8820.77,Direct Industrial
2023-01-29,Safety Sensor Array,Automation,Germany,3597.07,19,1728.45,Distributor
2023-01-29,Safety Sensor Array,Automation,China,5177.6,26,2538.07,Direct Industrial
2023-01-29,Safety Sensor Array,Automation,USA,5363.22,25,2492.96,Distributor
2023-01-29,Gearbox Assembly GB-12,Motors,China,29625.15,24,15830.26,OEM
2023-01-29,PLC Controller Unit,Automation,Mexico,3260.48,4,1810.2,OEM
2023-01-29,Hydraulic Cylinder HC-40,Hydraulics,China,8512.08,30,5408.99,Direct Industrial
2023-01-29,Hydraulic Cylinder HC-40,Hydraulics,USA,4506.67,15,2521.95,Distributor
2023-01-29,Pneumatic Valve V-200,Hydraulics,China,951.84,7,468.05,OEM
2023-01-30,Safety Sensor Array,Automation,USA,1392.22,7,646.75,Direct Industrial
2023-01-30,Steel Bearing 6205,Components,South Korea,26.63,7,13.66,Direct Industrial
2023-01-30,Gearbox Assembly GB-12,Motors,Germany,18219.53,15,10720.97,OEM
2023-01-30,PLC Controller Unit,Automation,Germany,9517.18,12,5426.4,OEM
2023-01-30,Steel Bearing 6205,Components,Germany,202.33,49,89.14,Distributor
2023-01-30,Pneumatic Valve V-200,Hydraulics,South Korea,3834.53,26,1819.33,OEM
2023-01-30,Pneumatic Valve V-200,Hydraulics,USA,4223.4,34,2342.87,Distributor
2023-01-30,Conveyor Belt Roller,Components,Germany,693.98,24,295.85,Distributor
2023-01-30,Gearbox Assembly GB-12,Motors,USA,10237.79,8,5759.66,Distributor
2023-01-31,Industrial Motor 5HP,Motors,Germany,2620.99,5,1745.44,OEM
2023-01-31,Gearbox Assembly GB-12,Motors,Germany,50787.57,40,28288.93,Distributor
2023-01-31,Gearbox Assembly GB-12,Motors,Mexico,43865.88,39,26134.63,OEM
2023-01-31,Gearbox Assembly GB-12,Motors,Poland,31174.87,27,18926.21,Direct Industrial
2023-01-31,Conveyor Belt Roller,Components,South Korea,800.85,28,348.36,OEM
2023-01-31,Hydraulic Cylinder HC-40,Hydraulics,South Korea,1246.35,4,696.05,Distributor
2023-02-01,Hydraulic Cylinder HC-40,Hydraulics,Mexico,4275.45,15,2628.32,OEM
2023-02-01,Steel Bearing 6205,Components,Mexico,174.9,44,79.76,Direct Industrial
2023-02-01,Hydraulic Cylinder HC-40,Hydraulics,Poland,2408.5,7,1257.97,OEM
2023-02-01,Pneumatic Valve V-200,Hydraulics,USA,3599.45,28,1906.8,Direct Industrial
2023-02-01,Gearbox Assembly GB-12,Motors,Mexico,41977.18,38,25110.21,OEM
2023-02-01,Hydraulic Cylinder HC-40,Hydraulics,China,15819.29,58,10072.2,Direct Industrial
2023-02-01,PLC Controller Unit,Automation,China,28914.58,30,14757.76,OEM
2023-02-02,Conveyor Belt Roller,Components,South Korea,268.42,10,122.82,Direct Industrial
2023-02-02,Safety Sensor Array,Automation,China,3498.01,17,1671.34,Direct Industrial
2023-02-02,Conveyor Belt Roller,Components,Poland,634.14,26,340.52,OEM
2023-02-02,Safety Sensor Array,Automation,China,8108.59,36,3429.15,Direct Industrial
2023-02-03,Pneumatic Valve V-200,Hydraulics,Germany,3109.66,22,1515.09,Direct Industrial
2023-02-03,Steel Bearing 6205,Components,China,98.19,25,46.02,OEM
2023-02-03,Safety Sensor Array,Automation,South Korea,5619.84,28,2648.63,Direct Industrial
2023-02-03,Gearbox Assembly GB-12,Motors,China,52835.52,40,26921.2,Distributor
2023-02-03,Conveyor Belt Roller,Components,USA,426.02,17,215.38,Direct Industrial
2023-02-04,Industrial Motor 5HP,Motors,Germany,7855.23,14,4899.05,OEM
2023-02-04,Hydraulic Cylinder HC-40,Hydraulics,Mexico,4669.73,17,2860.74,OEM
2023-02-04,Industrial Motor 5HP,Motors,Poland,6666.84,10,3537.13,Distributor
2023-02-04,Safety Sensor Array,Automation,Mexico,6640.53,30,2900.54,Distributor
2023-02-04,Conveyor Belt Roller,Components,South Korea,656.6,26,337.55,OEM
2023-02-05,Pneumatic Valve V-200,Hydraulics,Mexico,1883.85,14,928.53,Direct Industrial
2023-02-05,PLC Controller Unit,Automation,South Korea,8753.34,10,4477.92,OEM
2023-02-05,Industrial Motor 5HP,Motors,Mexico,10627.48,17,5509.09,Direct Industrial
2023-02-05,Industrial Motor 5HP,Motors,China,7335.13,13,4540.78,Distributor
2023-02-05,Pneumatic Valve V-200,Hydraulics,Germany,5960.89,44,3140.3,Distributor
2023-02-05,Industrial Motor 5HP,Motors,USA,22580.43,36,12119.38,Distributor
2023-02-05,Safety Sensor Array,Automation,South Korea,5362.49,30,2839.35,Direct Industrial
2023-02-05,Conveyor Belt Roller,Components,Poland,474.79,16,207.23,Distributor
2023-02-05,Safety Sensor Array,Automation,China,1204.32,6,569.92,OEM
2023-02-06,PLC Controller Unit,Automation,China,8566.81,11,5006.92,Direct Industrial
2023-02-06,Pneumatic Valve V-200,Hydraulics,Germany,1864.06,12,777.9,Distributor
2023-02-06,Pneumatic Valve V-200,Hydraulics,China,2900.18,21,1462.61,OEM
2023-02-07,Conveyor Belt Roller,Components,Mexico,815.81,34,404.24,Distributor
2023-02-07,Safety Sensor Array,Automation,Poland,1255.77,6,557.2,Direct Industrial
2023-02-07,Pneumatic Valve V-200,Hydraulics,Germany,3374.53,23,1519.83,Distributor
2023-02-07,Industrial Motor 5HP,Motors,Germany,5493.59,9,3019.28,OEM
2023-02-07,Steel Bearing 6205,Components,China,188.29,46,88.34,OEM
2023-02-07,Hydraulic Cylinder HC-40,Hydraulics,Poland,6897.19,25,4589.28,OEM
2023-02-07,Conveyor Belt Roller,Components,USA,232.76,9,116.94,Direct Industrial
2023-02-07,Gearbox Assembly GB-12,Motors,China,52521.59,49,34118.13,Direct Industrial
2023-02-08,Hydraulic Cylinder HC-40,Hydraulics,USA,1505.86,5,909.91,OEM
2023-02-08,Steel Bearing 6205,Components,Poland,19.18,5,9.13,Direct Industrial
2023-02-08,Gearbox Assembly GB-12,Motors,Mexico,27815.63,23,15231.74,OEM
2023-02-08,Gearbox Assembly GB-12,Motors,Poland,14429.66,12,7983.6,Direct Industrial
2023-02-08,Hydraulic Cylinder HC-40,Hydraulics,USA,2318.89,8,1406.73,Direct Industrial
2023-02-09,Pneumatic Valve V-200,Hydraulics,Mexico,3804.34,24,1600.21,Direct Industrial
2023-02-09,Industrial Motor 5HP,Motors,China,3703.71,6,1970.61,Direct Industrial
2023-02-09,Conveyor Belt Roller,Components,Germany,709.14,29,345.17,Distributor
2023-02-09,Industrial Motor 5HP,Motors,Mexico,10805.07,20,6775.54,Distributor
2023-02-09,Gearbox Assembly GB-12,Motors,Mexico,77145.37,57,37829.29,OEM
2023-02-09,PLC Controller Unit,Automation,China,3686.23,4,1889.93,OEM
2023-02-10,Industrial Motor 5HP,Motors,Germany,12968.75,24,8361.44,Direct Industrial
2023-02-10,Conveyor Belt Roller,Components,South Korea,429.19,17,204.76,OEM
2023-02-10,Steel Bearing 6205,Components,USA,97.15,24,44.05,Distributor
2023-02-10,Conveyor Belt Roller,Components,Germany,664.5,23,273.41,Distributor
2023-02-10,Hydraulic Cylinder HC-40,Hydraulics,Mexico,8148.14,26,4654.91,Distributor
2023-02-10,Safety Sensor Array,Automation,Germany,4129.26,18,1654.0,Direct Industrial
2023-02-10,Pneumatic Valve V-200,Hydraulics,Germany,2728.44,21,1496.36,Direct Industrial
2023-02-11,Steel Bearing 6205,Components,China,172.83,43,81.19,OEM
2023-02-11,Conveyor Belt Roller,Components,Poland,1074.23,35,433.69,Direct Industrial
2023-02-11,Pneumatic Valve V-200,Hydraulics,USA,2751.97,20,1361.19,Distributor
2023-02-11,Conveyor Belt Roller,Components,Mexico,1712.52,56,705.28,OEM
2023-02-11,Hydraulic Cylinder HC-40,Hydraulics,South Korea,4095.29,15,2628.62,Distributor
2023-02-12,Industrial Motor 5HP,Motors,South Korea,17999.34,27,8892.21,OEM
2023-02-12,Pneumatic Valve V-200,Hydraulics,China,4041.76,30,1986.23,Direct Industrial
2023-02-12,Conveyor Belt Roller,Components,South Korea,305.45,10,130.75,Direct Industrial
2023-02-12,Safety Sensor Array,Automation,USA,10647.47,49,4588.21,Direct Industrial
2023-02-12,Industrial Motor 5HP,Motors,Poland,7948.96,14,4988.2,Direct Industrial
2023-02-12,Pneumatic Valve V-200,Hydraulics,USA,3279.56,22,1494.53,Direct Industrial
2023-02-12,Conveyor Belt Roller,Components,Germany,802.61,29,368.78,Direct Industrial
2023-02-12,Hydraulic Cylinder HC-40,Hydraulics,China,7531.31,26,4731.31,Distributor
2023-02-12,Safety Sensor Array,Automation,Poland,2917.91,15,1395.5,Distributor
2023-02-12,Steel Bearing 6205,Components,China,119.88,33,64.71,OEM
2023-02-13,Steel Bearing 6205,Components,Poland,36.78,10,19.45,Direct Industrial
2023-02-13,Safety Sensor Array,Automation,Mexico,7092.83,32,3039.25,Distributor
2023-02-13,Gearbox Assembly GB-12,Motors,Mexico,36761.56,33,22374.51,Distributor
2023-02-13,PLC Controller Unit,Automation,South Korea,15651.75,16,7722.63,OEM
2023-02-13,Industrial Motor 5HP,Motors,China,11641.37,22,7827.8,OEM
2023-02-13,Hydraulic Cylinder HC-40,Hydraulics,China,7413.92,25,4570.63,Distributor
2023-02-13,Hydraulic Cylinder HC-40,Hydraulics,South Korea,11610.49,42,7688.1,Distributor
2023-02-13,Hydraulic Cylinder HC-40,Hydraulics,Mexico,4252.53,13,2288.81,Distributor
2023-02-13,Gearbox Assembly GB-12,Motors,South Korea,38375.06,31,21342.54,OEM
2023-02-14,Conveyor Belt Roller,Components,Germany,585.25,23,295.82,Direct Industrial
2023-02-14,Gearbox Assembly GB-12,Motors,China,61525.68,54,35821.58,Direct Industrial
2023-02-14,Pneumatic Valve V-200,Hydraulics,Germany,421.67,3,193.97,OEM
2023-02-14,Gearbox Assembly GB-12,Motors,USA,7484.99,7,5013.7,OEM
2023-02-14,Steel Bearing 6205,Components,South Korea,194.6,50,99.62,OEM
2023-02-15,Hydraulic Cylinder HC-40,Hydraulics,South Korea,7555.66,24,4045.85,Direct Industrial
2023-02-15,Industrial Motor 5HP,Motors,USA,31715.98,53,17309.83,OEM
2023-02-15,Gearbox Assembly GB-12,Motors,USA,9617.49,8,5393.72,Direct Industrial
2023-02-15,Hydraulic Cylinder HC-40,Hydraulics,USA,3558.2,12,2096.15,Direct Industrial
2023-02-15,Steel Bearing 6205,Components,China,41.38,11,21.04,Distributor
2023-02-15,Conveyor Belt Roller,Components,China,518.47,19,239.02,OEM
2023-02-15,Pneumatic Valve V-200,Hydraulics,China,4229.48,33,2227.45,Distributor
2023-02-15,Pneumatic Valve V-200,Hydraulics,Poland,2168.6,16,1076.95,OEM
2023-02-16,Pneumatic Valve V-200,Hydraulics,Poland,3111.79,23,1572.83,OEM
2023-02-16,Gearbox Assembly GB-12,Motors,Poland,14801.06,13,9377.89,OEM
2023-02-16,Safety Sensor Array,Automation,China,13311.47,64,6091.45,Direct Industrial
2023-02-16,Pneumatic Valve V-200,Hydraulics,Mexico,822.12,6,402.88,Distributor
2023-02-16,Pneumatic Valve V-200,Hydraulics,USA,2057.4,14,956.07,Direct Industrial
2023-02-16,Safety Sensor Array,Automation,China,5030.52,23,2193.85,OEM
2023-02-16,PLC Controller Unit,Automation,China,6946.41,8,3632.94,Distributor
2023-02-16,Pneumatic Valve V-200,Hydraulics,Poland,943.86,6,392.62,Direct Industrial
2023-02-16,Gearbox Assembly GB-12,Motors,Poland,25601.91,19,13517.17,OEM
2023-02-16,Pneumatic Valve V-200,Hydraulics,Mexico,5310.66,34,2198.28,OEM
2023-02-17,PLC Controller Unit,Automation,Poland,31708.5,39,18381.56,OEM
2023-02-17,Industrial Motor 5HP,Motors,Poland,1106.84,2,652.24,Distributor
2023-02-17,PLC Controller Unit,Automation,South Korea,42975.48,44,21077.33,OEM
2023-02-17,Pneumatic Valve V-200,Hydraulics,USA,2909.18,23,1548.77,Distributor
2023-02-17,Conveyor Belt Roller,Components,South Korea,589.1,20,239.61,Direct Industrial
2023-02-17,Pneumatic Valve V-200,Hydraulics,USA,2108.02,15,1004.39,Distributor
2023-02-17,Pneumatic Valve V-200,Hydraulics,USA,12803.12,83,5443.69,Direct Industrial
2023-02-18,Conveyor Belt Roller,Components,Poland,789.2,33,402.79,Distributor
2023-02-18,PLC Controller Unit,Automation,South Korea,18141.9,21,10289.57,Direct Industrial
2023-02-18,PLC Controller Unit,Automation,Germany,15184.52,16,7522.85,OEM
2023-02-18,Conveyor Belt Roller,Components,South Korea,593.6,23,280.95,Distributor
2023-02-18,Gearbox Assembly GB-12,Motors,Poland,40731.11,37,25902.81,Distributor
2023-02-18,Hydraulic Cylinder HC-40,Hydraulics,Germany,7290.38,23,3941.47,OEM
2023-02-19,Gearbox Assembly GB-12,Motors,USA,11281.52,10,6698.51,OEM
2023-02-19,Conveyor Belt Roller,Components,Germany,971.62,36,439.75,OEM
2023-02-19,Pneumatic Valve V-200,Hydraulics,Poland,4394.65,30,1998.96,Direct Industrial
2023-02-19,PLC Controller Unit,Automation,USA,26189.39,28,12905.72,Direct Industrial
2023-02-19,Safety Sensor Array,Automation,USA,6496.06,33,3206.4,Distributor
2023-02-19,Pneumatic Valve V-200,Hydraulics,Mexico,5425.32,42,2923.0,Direct Industrial
2023-02-20,Conveyor Belt Roller,Components,South Korea,472.88,18,215.95,Distributor
2023-02-20,Industrial Motor 5HP,Motors,South Korea,11260.26,19,6337.72,Distributor
2023-02-20,Gearbox Assembly GB-12,Motors,Germany,23166.8,21,14429.46,Distributor
2023-02-20,Gearbox Assembly GB-12,Motors,China,50266.51,41,27404.45,Direct Industrial
2023-02-20,Gearbox Assembly GB-12,Motors,China,54465.57,41,29005.85,Distributor
2023-02-20,Steel Bearing 6205,Components,Mexico,37.31,10,19.59,Distributor
2023-02-20,Industrial Motor 5HP,Motors,Poland,9436.62,17,5848.87,OEM
2023-02-20,Gearbox Assembly GB-12,Motors,China,18885.3,16,11132.15,OEM
2023-02-20,PLC Controller Unit,Automation,Poland,9659.05,10,4683.44,Distributor
2023-02-21,Industrial Motor 5HP,Motors,Germany,6226.45,10,3236.22,OEM
2023-02-21,Gearbox Assembly GB-12,Motors,Poland,23589.68,19,12455.69,Distributor
2023-02-21,Safety Sensor Array,Automation,USA,5380.78,29,2719.11,Distributor
2023-02-21,Hydraulic Cylinder HC-40,Hydraulics,South Korea,5186.53,15,2655.77,OEM
2023-02-22,Steel Bearing 6205,Components,Germany,195.74,45,89.64,Direct Industrial
2023-02-22,Safety Sensor Array,Automation,Mexico,4645.64,23,2172.76,Direct Industrial
2023-02-22,Steel Bearing 6205,Components,South Korea,68.05,15,27.55,Distributor
2023-02-22,Steel Bearing 6205,Components,Germany,14.75,4,7.35,OEM
2023-02-22,Hydraulic Cylinder HC-40,Hydraulics,Poland,6366.6,22,3929.86,Direct Industrial
2023-02-22,Steel Bearing 6205,Components,Germany,106.69,28,54.57,OEM
2023-02-22,PLC Controller Unit,Automation,USA,4914.46,6,2819.11,Distributor
2023-02-23,Safety Sensor Array,Automation,USA,1854.82,9,850.99,Distributor
2023-02-23,Industrial Motor 5HP,Motors,Mexico,24142.51,36,12404.64,OEM
2023-02-23,Gearbox Assembly GB-12,Motors,China,14499.34,11,7644.08,Direct Industrial
2023-02-23,Gearbox Assembly GB-12,Motors,USA,20502.5,17,11238.17,Direct Industrial
2023-02-23,PLC Controller Unit,Automation,Mexico,5838.21,6,2942.01,Direct Industrial
2023-02-23,PLC Controller Unit,Automation,South Korea,7551.72,9,4217.84,Direct Industrial
2023-02-23,Industrial Motor 5HP,Motors,Germany,8435.69,14,4859.68,Distributor
2023-02-23,Gearbox Assembly GB-12,Motors,Poland,20786.34,17,11164.67,OEM
2023-02-23,Safety Sensor Array,Automation,Germany,7626.75,37,3656.34,Direct Industrial
2023-02-23,Safety Sensor Array,Automation,China,6050.09,33,3169.31,Direct Industrial
2023-02-23,Steel Bearing 6205,Components,Mexico,199.29,44,85.7,OEM
2023-02-23,Industrial Motor 5HP,Motors,China,9561.41,16,5702.47,Distributor
2023-02-24,Gearbox Assembly GB-12,Motors,China,31321.55,27,18926.67,Direct Industrial
2023-02-24,PLC Controller Unit,Automation,Germany,24656.34,30,14299.51,Distributor
2023-02-24,Industrial Motor 5HP,Motors,USA,13981.95,22,7108.72,Direct Industrial
2023-02-24,Gearbox Assembly GB-12,Motors,Mexico,17556.6,13,8880.07,OEM
2023-02-24,Pneumatic Valve V-200,Hydraulics,Germany,913.75,6,424.75,Distributor
2023-02-24,Gearbox Assembly GB-12,Motors,USA,15202.29,13,9199.91,OEM
2023-02-25,Industrial Motor 5HP,Motors,Poland,2622.76,4,1293.16,Distributor
2023-02-25,PLC Controller Unit,Automation,USA,25970.46,31,14231.59,Direct Industrial
2023-02-25,Safety Sensor Array,Automation,Mexico,9153.58,44,4193.5,Direct Industrial
2023-02-25,Hydraulic Cylinder HC-40,Hydraulics,China,3339.44,10,1762.12,Distributor
2023-02-25,Conveyor Belt Roller,Components,China,341.91,14,171.82,Direct Industrial
2023-02-26,Safety Sensor Array,Automation,USA,3134.55,15,1441.34,Direct Industrial
2023-02-26,Hydraulic Cylinder HC-40,Hydraulics,China,6425.32,23,4180.46,Distributor
2023-02-26,Conveyor Belt Roller,Components,South Korea,153.21,5,63.31,Distributor
2023-02-26,Pneumatic Valve V-200,Hydraulics,Poland,2128.09,16,1140.37,Direct Industrial
2023-02-26,Hydraulic Cylinder HC-40,Hydraulics,South Korea,5691.15,20,3365.76,Direct Industrial
2023-02-26,Gearbox Assembly GB-12,Motors,Poland,13776.79,12,8197.49,Distributor
2023-02-26,Industrial Motor 5HP,Motors,Poland,26417.97,46,15162.3,Distributor
2023-02-26,Gearbox Assembly GB-12,Motors,USA,3202.46,3,2103.06,Distributor
2023-02-26,Hydraulic Cylinder HC-40,Hydraulics,Mexico,5170.16,19,3161.16,Direct Industrial
2023-02-26,PLC Controller Unit,Automation,Mexico,13605.16,16,7707.54,Distributor
2023-02-27,Gearbox Assembly GB-12,Motors,China,26816.73,21,15078.54,Distributor
2023-02-27,Steel Bearing 6205,Components,Mexico,47.29,12,21.67,OEM
2023-02-27,Industrial Motor 5HP,Motors,Poland,8560.42,16,5377.31,Distributor
2023-02-27,Steel Bearing 6205,Components,Germany,112.24,25,48.48,OEM
2023-02-27,Steel Bearing 6205,Components,South Korea,127.11,29,57.84,Distributor
2023-02-27,Hydraulic Cylinder HC-40,Hydraulics,South Korea,10861.81,35,5968.24,Direct Industrial
2023-02-27,Safety Sensor Array,Automation,USA,9809.65,44,4202.11,Direct Industrial
2023-02-27,Pneumatic Valve V-200,Hydraulics,USA,3842.44,25,1712.18,Direct Industrial
2023-02-27,Industrial Motor 5HP,Motors,South Korea,2922.65,5,1712.11,OEM
2023-02-27,Pneumatic Valve V-200,Hydraulics,USA,3732.76,25,1780.86,Direct Industrial
2023-02-28,Gearbox Assembly GB-12,Motors,China,28836.4,23,16604.75,Direct Industrial
2023-02-28,Conveyor Belt Roller,Components,USA,1022.84,42,520.07,Direct Industrial
2023-02-28,Hydraulic Cylinder HC-40,Hydraulics,Germany,5705.1,19,3352.73,OEM
2023-02-28,Steel Bearing 6205,Components,USA,33.97,8,15.59,OEM
2023-02-28,Hydraulic Cylinder HC-40,Hydraulics,USA,5341.35,17,3006.92,Direct Industrial
2023-02-28,Hydraulic Cylinder HC-40,Hydraulics,USA,10365.79,32,5837.7,Distributor
2023-02-28,Gearbox Assembly GB-12,Motors,China,9758.27,9,6025.63,OEM
2023-02-28,Safety Sensor Array,Automation,China,6212.97,30,2723.31,Direct Industrial
2023-03-01,Pneumatic Valve V-200,Hydraulics,Germany,1550.36,12,777.7,Distributor
2023-03-01,Steel Bearing 6205,Components,Mexico,102.96,25,46.13,OEM
2023-03-01,Hydraulic Cylinder HC-40,Hydraulics,China,5623.79,19,3240.21,Distributor
2023-03-01,Hydraulic Cylinder HC-40,Hydraulics,Mexico,6428.01,20,3585.04,OEM
2023-03-01,Hydraulic Cylinder HC-40,Hydraulics,South Korea,3917.15,14,2340.44,Distributor
2023-03-02,PLC Controller Unit,Automation,China,15398.92,19,9074.92,Direct Industrial
2023-03-02,Gearbox Assembly GB-12,Motors,China,27954.58,22,15709.45,Direct Industrial
2023-03-02,Hydraulic Cylinder HC-40,Hydraulics,Germany,3347.69,11,1949.9,Direct Industrial
2023-03-02,Hydraulic Cylinder HC-40,Hydraulics,China,6471.68,21,3695.28,OEM
2023-03-02,Safety Sensor Array,Automation,Mexico,996.92,5,463.29,Distributor
2023-03-02,Conveyor Belt Roller,Components,China,2021.02,68,890.49,OEM
2023-03-02,Hydraulic Cylinder HC-40,Hydraulics,Mexico,13403.84,39,7157.91,OEM
2023-03-02,Safety Sensor Array,Automation,Mexico,3343.01,17,1573.11,OEM
2023-03-03,Gearbox Assembly GB-12,Motors,South Korea,47703.86,35,24374.9,Direct Industrial
2023-03-03,PLC Controller Unit,Automation,Germany,7404.26,8,3618.98,Direct Industrial
2023-03-03,Hydraulic Cylinder HC-40,Hydraulics,China,13262.83,43,7563.88,Direct Industrial
2023-03-03,Steel Bearing 6205,Components,Germany,117.49,27,51.94,OEM
2023-03-03,Steel Bearing 6205,Components,Germany,113.78,28,50.65,Distributor
2023-03-04,Conveyor Belt Roller,Components,USA,357.72,14,180.93,OEM
2023-03-04,PLC Controller Unit,Automation,China,12997.92,17,7727.82,OEM
2023-03-04,PLC Controller Unit,Automation,Mexico,6964.54,9,4424.14,OEM
2023-03-04,Steel Bearing 6205,Components,Germany,112.26,25,47.77,OEM
2023-03-04,PLC Controller Unit,Automation,USA,25666.26,28,13379.23,OEM
2023-03-04,Safety Sensor Array,Automation,Poland,2281.43,10,938.08,Direct Industrial
2023-03-04,Industrial Motor 5HP,Motors,China,5415.51,10,3240.39,Direct Industrial
2023-03-05,Hydraulic Cylinder HC-40,Hydraulics,Mexico,3561.44,13,2280.78,Distributor
2023-03-05,Conveyor Belt Roller,Components,Mexico,363.78,13,160.19,Distributor
2023-03-05,Conveyor Belt Roller,Components,Poland,916.18,32,388.99,Direct Industrial
2023-03-05,PLC Controller Unit,Automation,South Korea,19562.42,21,9377.34,Distributor
2023-03-05,PLC Controller Unit,Automation,China,22432.04,23,10788.24,OEM
2023-03-05,PLC Controller Unit,Automation,USA,28630.17,31,14021.29,Distributor
2023-03-05,Hydraulic Cylinder HC-40,Hydraulics,Mexico,3697.49,11,1875.91,Distributor
2023-03-05,Safety Sensor Array,Automation,Germany,549.91,3,278.75,Direct Industrial
2023-03-06,Industrial Motor 5HP,Motors,Poland,7051.25,11,3902.78,Direct Industrial
2023-03-06,Pneumatic Valve V-200,Hydraulics,Mexico,898.68,7,470.02,OEM
2023-03-06,Pneumatic Valve V-200,Hydraulics,Mexico,2883.63,22,1547.7,OEM
2023-03-06,Hydraulic Cylinder HC-40,Hydraulics,USA,7082.18,24,4403.57,OEM
2023-03-06,Industrial Motor 5HP,Motors,USA,16973.54,26,8623.14,OEM
2023-03-06,Safety Sensor Array,Automation,South Korea,6504.28,33,3049.65,Distributor
2023-03-06,Steel Bearing 6205,Components,Poland,124.75,33,63.84,Distributor
2023-03-06,Steel Bearing 6205,Components,USA,111.56,29,56.62,Distributor
2023-03-06,Pneumatic Valve V-200,Hydraulics,China,4899.71,32,2142.06,Direct Industrial
2023-03-07,Pneumatic Valve V-200,Hydraulics,Germany,2529.07,19,1236.91,OEM
2023-03-07,Industrial Motor 5HP,Motors,Mexico,6152.93,10,3440.87,Distributor
2023-03-07,PLC Controller Unit,Automation,Mexico,18362.44,24,10726.2,OEM
2023-03-07,Gearbox Assembly GB-12,Motors,Mexico,44639.06,38,25731.11,Distributor
2023-03-07,Industrial Motor 5HP,Motors,South Korea,16228.8,26,8968.62,Distributor
2023-03-07,Safety Sensor Array,Automation,Germany,2170.86,10,930.46,OEM
2023-03-07,Pneumatic Valve V-200,Hydraulics,South Korea,1362.25,10,646.88,Distributor
2023-03-07,Hydraulic Cylinder HC-40,Hydraulics,China,2605.28,9,1535.64,OEM
2023-03-07,PLC Controller Unit,Automation,USA,18023.64,22,9893.15,Distributor
2023-03-07,Safety Sensor Array,Automation,China,4958.66,23,2164.71,Direct Industrial
2023-03-08,PLC Controller Unit,Automation,USA,11177.42,14,6274.12,OEM
2023-03-08,Hydraulic Cylinder HC-40,Hydraulics,Poland,7836.01,26,4718.56,Direct Industrial
2023-03-08,Pneumatic Valve V-200,Hydraulics,South Korea,2183.51,14,912.09,OEM
2023-03-08,Gearbox Assembly GB-12,Motors,China,62033.16,58,39340.71,Distributor
2023-03-08,Pneumatic Valve V-200,Hydraulics,South Korea,2643.86,20,1427.39,Direct Industrial
2023-03-09,Hydraulic Cylinder HC-40,Hydraulics,Mexico,12342.77,45,8135.69,OEM
2023-03-09,Steel Bearing 6205,Components,Germany,163.65,43,84.21,Distributor
2023-03-09,Industrial Motor 5HP,Motors,Germany,8694.27,13,4488.17,OEM
2023-03-09,Safety Sensor Array,Automation,China,3797.83,21,2049.17,OEM
2023-03-10,Steel Bearing 6205,Components,China,174.92,38,75.03,Distributor
2023-03-10,Safety Sensor Array,Automation,China,2598.34,12,1093.86,Distributor
2023-03-10,Safety Sensor Array,Automation,Poland,5286.0,26,2397.87,OEM
2023-03-10,Industrial Motor 5HP,Motors,USA,7215.49,11,3729.23,Distributor
2023-03-10,Pneumatic Valve V-200,Hydraulics,Poland,4057.9,26,1810.82,Distributor
2023-03-10,Steel Bearing 6205,Components,Germany,34.46,8,14.52,Distributor
2023-03-10,PLC Controller Unit,Automation,Poland,63092.88,71,32708.84,OEM
2023-03-10,Gearbox Assembly GB-12,Motors,USA,42258.86,32,22130.64,Distributor
2023-03-11,Conveyor Belt Roller,Components,South Korea,596.82,21,259.58,Direct Industrial
2023-03-11,Steel Bearing 6205,Components,Germany,71.46,16,30.21,Distributor
2023-03-11,Conveyor Belt Roller,Components,Mexico,151.74,5,61.58,OEM
2023-03-11,Safety Sensor Array,Automation,South Korea,1873.95,10,963.69,Direct Industrial
2023-03-11,Steel Bearing 6205,Components,USA,61.08,17,33.66,Direct Industrial
2023-03-11,Conveyor Belt Roller,Components,South Korea,897.71,30,360.49,OEM
2023-03-12,Pneumatic Valve V-200,Hydraulics,China,4322.11,33,2134.18,OEM
2023-03-12,Industrial Motor 5HP,Motors,South Korea,14928.82,24,7874.7,Direct Industrial
2023-03-12,Hydraulic Cylinder HC-40,Hydraulics,China,5143.96,16,2742.3,OEM
2023-03-12,Hydraulic Cylinder HC-40,Hydraulics,USA,1698.16,5,891.19,Direct Industrial
2023-03-13,Conveyor Belt Roller,Components,USA,311.51,11,131.65,OEM
2023-03-13,Hydraulic Cylinder HC-40,Hydraulics,Poland,13382.35,46,8304.17,OEM
2023-03-13,Safety Sensor Array,Automation,Germany,6320.86,31,3035.05,Distributor
2023-03-13,Pneumatic Valve V-200,Hydraulics,China,1886.82,13,870.9,Distributor
2023-03-13,Industrial Motor 5HP,Motors,South Korea,15308.41,23,7660.35,Distributor
2023-03-14,Pneumatic Valve V-200,Hydraulics,USA,3629.78,27,1752.34,Direct Industrial
2023-03-14,Steel Bearing 6205,Components,Poland,146.37,39,75.81,OEM
2023-03-14,PLC Controller Unit,Automation,Poland,13489.91,15,6833.72,Direct Industrial
2023-03-14,Conveyor Belt Roller,Components,South Korea,797.82,32,392.42,OEM
2023-03-14,Conveyor Belt Roller,Components,Poland,225.14,8,96.56,OEM
2023-03-15,Pneumatic Valve V-200,Hydraulics,USA,1950.87,14,954.66,Distributor
2023-03-15,Steel Bearing 6205,Components,Germany,64.62,14,27.4,OEM
2023-03-15,Gearbox Assembly GB-12,Motors,Germany,19582.91,16,10778.71,Distributor
2023-03-16,Safety Sensor Array,Automation,China,4732.56,25,2361.97,Direct Industrial
2023-03-16,Industrial Motor 5HP,Motors,USA,19459.09,32,11121.02,Distributor
2023-03-16,Steel Bearing 6205,Components,South Korea,62.82,14,26.76,Direct Industrial
2023-03-16,Gearbox Assembly GB-12,Motors,Poland,13618.72,12,8666.88,OEM
2023-03-16,PLC Controller Unit,Automation,South Korea,22593.15,24,11479.22,OEM
2023-03-17,Steel Bearing 6205,Components,China,122.21,28,51.01,Direct Industrial
2023-03-17,Industrial Motor 5HP,Motors,USA,3677.81,7,2274.2,Distributor
2023-03-17,Pneumatic Valve V-200,Hydraulics,Germany,3338.99,23,1492.74,Distributor
2023-03-17,Pneumatic Valve V-200,Hydraulics,China,4696.04,32,2197.95,Direct Industrial
2023-03-17,Pneumatic Valve V-200,Hydraulics,South Korea,3097.87,20,1348.21,Direct Industrial
2023-03-17,Hydraulic Cylinder HC-40,Hydraulics,Poland,6536.26,19,3382.61,Direct Industrial
2023-03-18,Hydraulic Cylinder HC-40,Hydraulics,USA,9588.22,28,4661.68,Direct Industrial
2023-03-18,Hydraulic Cylinder HC-40,Hydraulics,Mexico,5419.57,16,2848.96,Direct Industrial
2023-03-18,Safety Sensor Array,Automation,Germany,3431.91,17,1605.39,Direct Industrial
2023-03-18,Hydraulic Cylinder HC-40,Hydraulics,Germany,7898.79,28,4765.11,Distributor
2023-03-18,Pneumatic Valve V-200,Hydraulics,Poland,3741.17,28,1883.27,Direct Industrial
2023-03-18,Conveyor Belt Roller,Components,USA,262.87,10,124.3,OEM
2023-03-19,Pneumatic Valve V-200,Hydraulics,China,3888.12,29,2009.22,Distributor
2023-03-19,Industrial Motor 5HP,Motors,South Korea,8067.15,14,4876.5,Direct Industrial
2023-03-19,Industrial Motor 5HP,Motors,Germany,45522.32,74,25765.63,Distributor
2023-03-19,Hydraulic Cylinder HC-40,Hydraulics,Mexico,18347.29,57,10338.68,Direct Industrial
2023-03-19,Gearbox Assembly GB-12,Motors,Germany,26481.07,20,13547.64,Distributor
2023-03-19,Pneumatic Valve V-200,Hydraulics,USA,2433.8,18,1240.76,Distributor
2023-03-19,Safety Sensor Array,Automation,China,4834.51,26,2412.79,OEM
2023-03-19,Hydraulic Cylinder HC-40,Hydraulics,Germany,4542.49,13,2364.64,OEM
2023-03-19,Hydraulic Cylinder HC-40,Hydraulics,Germany,13570.38,39,6775.81,Distributor
2023-03-19,Gearbox Assembly GB-12,Motors,USA,11654.05,10,6800.0,Distributor
2023-03-20,Conveyor Belt Roller,Components,Mexico,441.04,18,214.06,Direct Industrial
2023-03-20,Steel Bearing 6205,Components,USA,123.9,29,55.35,Direct Industrial
2023-03-20,PLC Controller Unit,Automation,China,24259.53,29,13840.55,Direct Industrial
2023-03-20,Gearbox Assembly GB-12,Motors,USA,39258.27,32,23088.21,Direct Industrial
2023-03-20,Steel Bearing 6205,Components,South Korea,69.26,15,28.5,Distributor
2023-03-20,Safety Sensor Array,Automation,Mexico,7211.89,33,3137.95,OEM
2023-03-20,Gearbox Assembly GB-12,Motors,South Korea,16702.23,15,10674.29,OEM
2023-03-20,Industrial Motor 5HP,Motors,Mexico,11688.38,21,7055.41,Direct Industrial
2023-03-20,Steel Bearing 6205,Components,USA,25.98,7,13.94,Direct Industrial
2023-03-21,Conveyor Belt Roller,Components,South Korea,931.89,33,393.28,Direct Industrial
2023-03-21,Industrial Motor 5HP,Motors,Mexico,10721.09,19,6436.0,OEM
2023-03-22,Gearbox Assembly GB-12,Motors,South Korea,4836.88,4,2798.45,Direct Industrial
2023-03-22,Steel Bearing 6205,Components,USA,59.95,14,26.11,Direct Industrial
2023-03-22,Gearbox Assembly GB-12,Motors,Poland,6515.22,5,3319.66,OEM
2023-03-22,PLC Controller Unit,Automation,Poland,32782.0,34,15946.93,Distributor
2023-03-22,Pneumatic Valve V-200,Hydraulics,South Korea,2477.27,18,1226.55,Distributor
2023-03-22,Steel Bearing 6205,Components,Poland,152.44,36,67.97,Direct Industrial
2023-03-22,Safety Sensor Array,Automation,USA,14499.34,69,6596.85,OEM
2023-03-22,Steel Bearing 6205,Components,South Korea,136.13,31,58.09,Distributor
2023-03-22,Conveyor Belt Roller,Components,Germany,469.24,16,203.32,Distributor
2023-03-22,Steel Bearing 6205,Components,USA,143.16,35,69.42,Direct Industrial
2023-03-22,Hydraulic Cylinder HC-40,Hydraulics,Poland,7731.89,25,4266.96,Direct Industrial
2023-03-23,Gearbox Assembly GB-12,Motors,South Korea,25193.48,21,13822.8,Direct Industrial
2023-03-23,Safety Sensor Array,Automation,Poland,5452.16,25,2479.41,OEM
2023-03-23,Pneumatic Valve V-200,Hydraulics,USA,7518.38,48,3361.97,Direct Industrial
2023-03-23,Conveyor Belt Roller,Components,USA,874.59,30,381.67,Distributor
2023-03-23,PLC Controller Unit,Automation,Germany,17856.51,23,10695.04,Distributor
2023-03-23,Steel Bearing 6205,Components,Poland,49.26,12,23.16,Distributor
2023-03-23,Industrial Motor 5HP,Motors,Poland,5880.48,9,2928.99,OEM
2023-03-23,Safety Sensor Array,Automation,Germany,3623.2,20,1910.99,Distributor
2023-03-23,Conveyor Belt Roller,Components,USA,182.84,7,83.4,OEM
2023-03-24,Conveyor Belt Roller,Components,South Korea,751.5,28,361.17,Direct Industrial
2023-03-24,Industrial Motor 5HP,Motors,Germany,9064.15,16,5454.2,Direct Industrial
2023-03-24,Industrial Motor 5HP,Motors,Germany,10546.29,16,5687.73,Direct Industrial
2023-03-24,Industrial Motor 5HP,Motors,Poland,17035.99,29,9991.75,Distributor
2023-03-24,PLC Controller Unit,Automation,Poland,13726.35,17,7711.81,Distributor
2023-03-24,Hydraulic Cylinder HC-40,Hydraulics,Germany,5994.23,20,3400.27,Direct Industrial
2023-03-24,Gearbox Assembly GB-12,Motors,Germany,62555.96,48,32850.97,Direct Industrial
2023-03-25,Pneumatic Valve V-200,Hydraulics,Poland,1466.63,10,653.49,OEM
2023-03-25,Pneumatic Valve V-200,Hydraulics,Germany,3814.99,24,1627.78,OEM
2023-03-25,Pneumatic Valve V-200,Hydraulics,Germany,3795.22,25,1653.28,Distributor
2023-03-25,Hydraulic Cylinder HC-40,Hydraulics,Germany,8146.95,26,4715.85,OEM
2023-03-25,Pneumatic Valve V-200,Hydraulics,China,4066.39,31,2079.81,Direct Industrial
2023-03-25,Hydraulic Cylinder HC-40,Hydraulics,Poland,3288.06,11,1953.05,Distributor
2023-03-26,Pneumatic Valve V-200,Hydraulics,Germany,3493.2,23,1629.42,OEM
2023-03-26,Steel Bearing 6205,Components,Mexico,9.21,2,3.7,OEM
2023-03-26,Steel Bearing 6205,Components,South Korea,75.02,17,31.27,Direct Industrial
2023-03-26,Safety Sensor Array,Automation,USA,4719.38,24,2393.8,Distributor
2023-03-26,Safety Sensor Array,Automation,China,2474.22,13,1288.6,OEM
2023-03-26,PLC Controller Unit,Automation,South Korea,14956.89,16,7354.67,OEM
2023-03-26,Safety Sensor Array,Automation,South Korea,3421.92,17,1628.61,OEM
2023-03-26,Steel Bearing 6205,Components,China,90.24,22,40.6,OEM
2023-03-27,Safety Sensor Array,Automation,Germany,6027.87,29,2885.58,Distributor
2023-03-27,Conveyor Belt Roller,Components,USA,388.49,13,157.82,Distributor
2023-03-27,Steel Bearing 6205,Components,Germany,58.73,15,29.1,Direct Industrial
2023-03-27,PLC Controller Unit,Automation,USA,9807.77,12,5701.13,Distributor
2023-03-27,PLC Controller Unit,Automation,USA,7626.66,8,3884.4,OEM
2023-03-27,Conveyor Belt Roller,Components,Poland,1144.21,38,462.53,Direct Industrial
2023-03-27,Gearbox Assembly GB-12,Motors,Germany,31379.26,24,15830.18,Direct Industrial
2023-03-27,Safety Sensor Array,Automation,South Korea,6953.8,37,3361.56,Distributor
2023-03-27,Conveyor Belt Roller,Components,Germany,1098.74,44,551.46,OEM
2023-03-28,Conveyor Belt Roller,Components,China,747.45,27,354.34,Direct Industrial
2023-03-28,Pneumatic Valve V-200,Hydraulics,Poland,2815.89,20,1424.84,Distributor
2023-03-28,PLC Controller Unit,Automation,South Korea,46017.67,50,22608.78,Direct Industrial
2023-03-28,Safety Sensor Array,Automation,USA,4285.23,23,2123.36,Direct Industrial
2023-03-28,Conveyor Belt Roller,Components,Germany,497.47,18,223.49,OEM
2023-03-28,Steel Bearing 6205,Components,China,70.91,17,32.71,Direct Industrial
2023-03-29,Gearbox Assembly GB-12,Motors,Germany,12314.71,10,6761.75,Distributor
2023-03-29,Hydraulic Cylinder HC-40,Hydraulics,Mexico,25435.43,82,14702.5,Distributor
2023-03-29,Hydraulic Cylinder HC-40,Hydraulics,USA,10413.89,33,5495.72,Distributor
2023-03-29,Hydraulic Cylinder HC-40,Hydraulics,China,2918.89,10,1730.22,Distributor
2023-03-29,Safety Sensor Array,Automation,China,4308.92,19,1823.94,Distributor
2023-03-29,Conveyor Belt Roller,Components,Germany,967.8,39,500.18,Direct Industrial
2023-03-29,Gearbox Assembly GB-12,Motors,USA,21298.14,19,13192.03,OEM
2023-03-30,Conveyor Belt Roller,Components,Mexico,704.84,25,302.58,OEM
2023-03-30,PLC Controller Unit,Automation,Mexico,7061.7,9,4436.47,Direct Industrial
2023-03-30,Hydraulic Cylinder HC-40,Hydraulics,Mexico,5684.92,18,3185.03,OEM
2023-03-30,Safety Sensor Array,Automation,Mexico,3176.86,14,1381.09,OEM
2023-03-30,Industrial Motor 5HP,Motors,Poland,22809.16,38,12598.12,Direct Industrial
2023-03-30,Conveyor Belt Roller,Components,Poland,500.88,21,265.44,OEM
2023-03-31,Steel Bearing 6205,Components,China,80.65,22,41.51,OEM
2023-03-31,Steel Bearing 6205,Components,Germany,80.9,21,40.79,OEM
2023-03-31,Steel Bearing 6205,Components,Poland,43.39,10,18.73,OEM
2023-03-31,Steel Bearing 6205,Components,Mexico,152.18,40,73.76,Distributor
2023-03-31,Pneumatic Valve V-200,Hydraulics,South Korea,142.76,1,65.67,Distributor
2023-03-31,Pneumatic Valve V-200,Hydraulics,China,1196.94,9,635.16,Direct Industrial
2023-04-01,PLC Controller Unit,Automation,China,5269.15,6,2954.48,Direct Industrial
2023-04-01,Gearbox Assembly GB-12,Motors,Mexico,16039.91,15,10380.33,Direct Industrial
2023-04-01,Hydraulic Cylinder HC-40,Hydraulics,USA,3262.88,11,1898.93,OEM
2023-04-01,Hydraulic Cylinder HC-40,Hydraulics,Poland,3168.82,11,1923.69,OEM
2023-04-01,Pneumatic Valve V-200,Hydraulics,Germany,586.86,4,285.43,OEM
2023-04-01,Pneumatic Valve V-200,Hydraulics,USA,2857.74,21,1411.42,Direct Industrial
2023-04-01,Conveyor Belt Roller,Components,Germany,386.49,13,165.95,Direct Industrial
2023-04-01,Pneumatic Valve V-200,Hydraulics,USA,3558.61,23,1597.36,Direct Industrial
2023-04-02,Pneumatic Valve V-200,Hydraulics,South Korea,2696.01,18,1265.76,Direct Industrial
2023-04-02,Steel Bearing 6205,Components,Germany,57.91,16,29.92,OEM
2023-04-02,Hydraulic Cylinder HC-40,Hydraulics,USA,7454.67,27,4908.35,OEM
2023-04-02,PLC Controller Unit,Automation,USA,13845.48,18,8402.21,Direct Industrial
2023-04-02,Gearbox Assembly GB-12,Motors,Poland,47856.08,35,25296.89,OEM
2023-04-02,Gearbox Assembly GB-12,Motors,China,15908.91,13,8813.38,Direct Industrial
2023-04-02,Steel Bearing 6205,Components,China,47.47,11,21.43,Direct Industrial
2023-04-03,Gearbox Assembly GB-12,Motors,South Korea,37067.9,31,20330.3,Distributor
2023-04-03,Gearbox Assembly GB-12,Motors,Poland,7546.95,7,5037.15,Distributor
2023-04-04,Hydraulic Cylinder HC-40,Hydraulics,Poland,4125.98,13,2309.25,OEM
2023-04-04,Hydraulic Cylinder HC-40,Hydraulics,Poland,1973.47,6,1092.32,Distributor
2023-04-04,Conveyor Belt Roller,Components,Mexico,421.25,16,194.32,Direct Industrial
2023-04-04,Conveyor Belt Roller,Components,South Korea,297.88,12,151.63,OEM
2023-04-04,Hydraulic Cylinder HC-40,Hydraulics,South Korea,2757.55,10,1719.02,OEM
2023-04-04,Pneumatic Valve V-200,Hydraulics,USA,956.58,6,393.55,OEM
2023-04-04,PLC Controller Unit,Automation,China,13352.22,14,6325.43,Distributor
2023-04-05,Industrial Motor 5HP,Motors,China,4904.98,9,3173.46,Distributor
2023-04-05,Conveyor Belt Roller,Components,Mexico,293.16,11,133.89,Direct Industrial
2023-04-05,Gearbox Assembly GB-12,Motors,South Korea,30965.21,27,19072.3,Direct Industrial
2023-04-05,Safety Sensor Array,Automation,Poland,2435.83,12,1181.41,Distributor
2023-04-05,Industrial Motor 5HP,Motors,Poland,11144.16,17,5902.46,Distributor
2023-04-05,Conveyor Belt Roller,Components,Poland,621.3,25,322.86,Distributor
2023-04-05,Conveyor Belt Roller,Components,Germany,639.95,24,311.81,OEM
2023-04-05,Hydraulic Cylinder HC-40,Hydraulics,Mexico,5958.88,20,3367.97,Direct Industrial
2023-04-05,Hydraulic Cylinder HC-40,Hydraulics,South Korea,4358.66,13,2385.17,OEM
2023-04-06,PLC Controller Unit,Automation,Mexico,14441.47,17,8135.28,Distributor
2023-04-06,Pneumatic Valve V-200,Hydraulics,China,1729.27,14,971.19,Distributor
2023-04-06,Hydraulic Cylinder HC-40,Hydraulics,South Korea,19871.8,59,10374.16,Direct Industrial
2023-04-07,PLC Controller Unit,Automation,USA,33147.53,43,20773.99,Direct Industrial
2023-04-07,Safety Sensor Array,Automation,South Korea,4254.85,22,2010.3,Direct Industrial
2023-04-07,Industrial Motor 5HP,Motors,Mexico,10446.95,18,6197.61,Direct Industrial
2023-04-07,Gearbox Assembly GB-12,Motors,USA,20515.28,15,10648.55,Distributor
2023-04-07,Steel Bearing 6205,Components,Mexico,17.35,4,7.4,Distributor
2023-04-07,Steel Bearing 6205,Components,Poland,67.44,16,29.37,Direct Industrial
2023-04-08,Gearbox Assembly GB-12,Motors,South Korea,34553.3,26,18786.1,OEM
2023-04-08,Pneumatic Valve V-200,Hydraulics,Mexico,2522.12,16,1072.46,Distributor
2023-04-08,PLC Controller Unit,Automation,Poland,34780.22,45,20389.46,OEM
2023-04-08,PLC Controller Unit,Automation,Poland,24283.34,29,14199.81,Distributor
2023-04-08,Conveyor Belt Roller,Components,Poland,580.25,20,259.2,Direct Industrial
2023-04-08,Conveyor Belt Roller,Components,Poland,323.55,12,142.63,OEM
2023-04-08,Conveyor Belt Roller,Components,South Korea,655.7,26,323.62,Distributor
2023-04-09,Gearbox Assembly GB-12,Motors,USA,12508.4,10,6623.59,Direct Industrial
2023-04-09,Gearbox Assembly GB-12,Motors,Poland,26438.81,20,13410.95,Direct Industrial
2023-04-09,Conveyor Belt Roller,Components,Germany,413.16,17,205.51,Distributor
2023-04-09,Hydraulic Cylinder HC-40,Hydraulics,South Korea,3418.54,11,1919.49,Distributor
2023-04-09,PLC Controller Unit,Automation,USA,17418.39,21,9559.8,OEM
2023-04-09,Conveyor Belt Roller,Components,Germany,882.12,29,355.09,Direct Industrial
2023-04-09,Industrial Motor 5HP,Motors,Mexico,4642.12,8,2801.69,OEM
2023-04-09,Steel Bearing 6205,Components,Germany,128.38,30,57.83,OEM
2023-04-09,PLC Controller Unit,Automation,USA,11033.25,13,6204.18,Direct Industrial
2023-04-10,Industrial Motor 5HP,Motors,South Korea,14665.04,23,7684.27,OEM
2023-04-10,Steel Bearing 6205,Components,Mexico,62.97,16,30.32,OEM
2023-04-10,Hydraulic Cylinder HC-40,Hydraulics,Mexico,10807.6,36,6115.32,Direct Industrial
2023-04-10,Industrial Motor 5HP,Motors,Poland,43626.37,69,23302.5,Distributor
2023-04-10,Gearbox Assembly GB-12,Motors,Germany,39161.15,29,20160.37,Distributor
2023-04-10,Pneumatic Valve V-200,Hydraulics,China,5650.06,37,2512.26,Distributor
2023-04-10,Hydraulic Cylinder HC-40,Hydraulics,Germany,8043.71,28,4968.39,Direct Industrial
2023-04-10,Pneumatic Valve V-200,Hydraulics,South Korea,3224.63,22,1542.49,Direct Industrial
2023-04-10,Pneumatic Valve V-200,Hydraulics,China,1293.74,10,689.15,Direct Industrial
2023-04-11,PLC Controller Unit,Automation,Poland,22872.24,24,10887.53,Distributor
2023-04-11,Conveyor Belt Roller,Components,USA,702.35,25,299.49,OEM
2023-04-11,Steel Bearing 6205,Components,Germany,44.32,12,21.79,Direct Industrial
2023-04-11,Hydraulic Cylinder HC-40,Hydraulics,China,7820.15,25,4377.78,Direct Industrial
2023-04-11,Industrial Motor 5HP,Motors,USA,13649.22,25,8091.06,Direct Industrial
2023-04-12,Gearbox Assembly GB-12,Motors,South Korea,42174.31,38,26992.92,Direct Industrial
2023-04-12,Steel Bearing 6205,Components,USA,105.16,26,46.98,OEM
2023-04-13,Hydraulic Cylinder HC-40,Hydraulics,Germany,5282.96,19,3293.29,Direct Industrial
2023-04-13,Conveyor Belt Roller,Components,Mexico,402.32,15,195.67,Direct Industrial
2023-04-13,Pneumatic Valve V-200,Hydraulics,Germany,1634.94,12,848.36,OEM
2023-04-13,Steel Bearing 6205,Components,China,118.87,27,49.73,Distributor
2023-04-13,Conveyor Belt Roller,Components,South Korea,240.98,10,129.19,OEM
2023-04-13,PLC Controller Unit,Automation,Germany,17801.78,23,11059.95,Distributor
2023-04-14,Conveyor Belt Roller,Components,USA,2205.38,72,863.89,Direct Industrial
2023-04-14,Safety Sensor Array,Automation,Germany,3593.6,18,1781.19,Distributor
2023-04-14,Industrial Motor 5HP,Motors,South Korea,17377.71,27,9130.42,OEM
2023-04-14,Gearbox Assembly GB-12,Motors,Germany,30313.39,24,16464.98,Direct Industrial
2023-04-14,Pneumatic Valve V-200,Hydraulics,Mexico,2265.15,17,1165.97,OEM
2023-04-14,Steel Bearing 6205,Components,Poland,143.04,40,75.97,OEM
2023-04-14,Safety Sensor Array,Automation,China,2934.12,16,1576.52,Direct Industrial
2023-04-14,Conveyor Belt Roller,Components,China,265.24,9,110.97,Direct Industrial
2023-04-14,Industrial Motor 5HP,Motors,Poland,28138.92,51,17520.74,Direct Industrial
2023-04-14,Safety Sensor Array,Automation,Mexico,3991.06,21,1959.53,Direct Industrial
2023-04-15,Steel Bearing 6205,Components,Germany,73.83,20,38.82,Distributor
2023-04-15,Industrial Motor 5HP,Motors,Poland,31830.3,60,20474.72,Direct Industrial
2023-04-15,PLC Controller Unit,Automation,Mexico,16829.77,19,9289.55,Direct Industrial
2023-04-15,Hydraulic Cylinder HC-40,Hydraulics,South Korea,8439.52,24,4361.02,Direct Industrial
2023-04-15,PLC Controller Unit,Automation,USA,10229.4,13,6220.79,OEM
2023-04-15,Hydraulic Cylinder HC-40,Hydraulics,South Korea,817.59,3,521.14,Distributor
2023-04-15,Steel Bearing 6205,Components,Germany,85.49,20,36.37,OEM
2023-04-16,Conveyor Belt Roller,Components,USA,309.06,12,156.38,Distributor
2023-04-16,PLC Controller Unit,Automation,USA,21490.49,24,11731.72,Distributor
2023-04-16,Conveyor Belt Roller,Components,China,500.69,18,228.6,OEM
2023-04-16,Conveyor Belt Roller,Components,Poland,369.08,12,145.36,OEM
2023-04-16,Industrial Motor 5HP,Motors,Poland,13874.63,23,7904.67,OEM
2023-04-16,Hydraulic Cylinder HC-40,Hydraulics,South Korea,7021.65,24,4197.77,OEM
2023-04-16,PLC Controller Unit,Automation,Mexico,6475.42,7,3209.54,OEM
2023-04-17,Steel Bearing 6205,Components,Poland,26.81,6,11.97,Direct Industrial
2023-04-17,Conveyor Belt Roller,Components,Poland,996.77,36,458.29,Distributor
2023-04-17,PLC Controller Unit,Automation,Germany,1947.28,2,915.44,Direct Industrial
2023-04-17,Pneumatic Valve V-200,Hydraulics,Germany,1887.74,15,1002.54,Distributor
2023-04-17,Gearbox Assembly GB-12,Motors,Poland,33677.77,27,18984.16,Distributor
2023-04-18,Conveyor Belt Roller,Components,Poland,167.99,6,73.74,Distributor
2023-04-18,Safety Sensor Array,Automation,Mexico,4959.8,25,2285.47,Distributor
2023-04-18,Safety Sensor Array,Automation,USA,4115.38,22,2055.04,Distributor
2023-04-18,Gearbox Assembly GB-12,Motors,Mexico,60225.06,44,30376.16,OEM
2023-04-18,PLC Controller Unit,Automation,Poland,12493.18,13,6115.58,Distributor
2023-04-18,Industrial Motor 5HP,Motors,Germany,17394.5,31,10808.71,Direct Industrial
2023-04-18,Gearbox Assembly GB-12,Motors,China,11869.72,11,7545.73,Direct Industrial
2023-04-18,Gearbox Assembly GB-12,Motors,China,19796.41,18,11931.97,Direct Industrial
2023-04-19,Hydraulic Cylinder HC-40,Hydraulics,South Korea,1589.96,5,914.81,Distributor
2023-04-19,Safety Sensor Array,Automation,South Korea,5758.49,29,2763.91,OEM
2023-04-19,Gearbox Assembly GB-12,Motors,Mexico,10651.09,9,6351.12,Distributor
2023-04-19,Hydraulic Cylinder HC-40,Hydraulics,South Korea,10319.33,30,5090.02,OEM
2023-04-19,Industrial Motor 5HP,Motors,South Korea,16178.52,26,8759.11,OEM
2023-04-19,Gearbox Assembly GB-12,Motors,Poland,54363.95,50,34646.78,Distributor
2023-04-19,Steel Bearing 6205,Components,USA,163.12,44,84.17,Distributor
2023-04-20,Industrial Motor 5HP,Motors,USA,18166.27,32,10341.52,Distributor
2023-04-20,Gearbox Assembly GB-12,Motors,China,27166.44,23,16058.36,Direct Industrial
2023-04-20,Industrial Motor 5HP,Motors,Poland,14679.54,24,7820.38,Direct Industrial
2023-04-20,Hydraulic Cylinder HC-40,Hydraulics,Mexico,3319.42,12,2050.27,Distributor
2023-04-20,Pneumatic Valve V-200,Hydraulics,USA,2811.52,22,1554.26,Direct Industrial
2023-04-21,Industrial Motor 5HP,Motors,China,9252.47,17,6049.02,Direct Industrial
2023-04-21,Hydraulic Cylinder HC-40,Hydraulics,China,1938.24,7,1185.61,Direct Industrial
2023-04-21,Industrial Motor 5HP,Motors,Germany,29434.85,46,15081.55,OEM
2023-04-21,Safety Sensor Array,Automation,USA,5287.73,24,2216.43,OEM
2023-04-21,Gearbox Assembly GB-12,Motors,Germany,21519.98,18,12213.29,Distributor
2023-04-21,Steel Bearing 6205,Components,USA,74.81,19,35.01,Distributor
2023-04-21,Pneumatic Valve V-200,Hydraulics,Mexico,1208.27,8,551.12,Distributor
2023-04-22,Conveyor Belt Roller,Components,Poland,546.36,22,277.39,Distributor
2023-04-22,Pneumatic Valve V-200,Hydraulics,Mexico,3183.58,24,1668.63,OEM
2023-04-22,Conveyor Belt Roller,Components,Germany,847.41,33,403.71,Distributor
2023-04-22,Pneumatic Valve V-200,Hydraulics,Mexico,6102.24,40,2845.97,Distributor
2023-04-22,Steel Bearing 6205,Components,USA,109.27,25,49.12,OEM
2023-04-23,PLC Controller Unit,Automation,South Korea,41936.5,46,20563.22,Direct Industrial
2023-04-23,Conveyor Belt Roller,Components,Mexico,739.81,30,381.9,Distributor
2023-04-23,Hydraulic Cylinder HC-40,Hydraulics,China,4437.85,16,2721.07,OEM
2023-04-23,Hydraulic Cylinder HC-40,Hydraulics,Poland,3819.65,13,2302.65,OEM
2023-04-24,Hydraulic Cylinder HC-40,Hydraulics,South Korea,1001.27,3,525.19,OEM
2023-04-24,PLC Controller Unit,Automation,Mexico,26612.39,28,13064.77,OEM
2023-04-24,PLC Controller Unit,Automation,Poland,50729.73,66,31828.84,Direct Industrial
2023-04-24,Industrial Motor 5HP,Motors,Germany,5973.13,10,3492.16,Direct Industrial
2023-04-25,PLC Controller Unit,Automation,USA,22566.76,28,12826.93,Distributor
2023-04-25,Conveyor Belt Roller,Components,Poland,394.71,16,204.88,Distributor
2023-04-25,Pneumatic Valve V-200,Hydraulics,China,1719.24,12,783.4,OEM
2023-04-25,Industrial Motor 5HP,Motors,Mexico,12029.52,19,6394.65,Direct Industrial
2023-04-25,Industrial Motor 5HP,Motors,China,22202.6,34,11088.28,OEM
2023-04-25,Industrial Motor 5HP,Motors,Poland,13324.24,20,6766.67,Distributor
2023-04-26,Safety Sensor Array,Automation,China,1771.14,9,821.97,OEM
2023-04-26,Steel Bearing 6205,Components,Mexico,16.13,4,7.43,Distributor
2023-04-26,Industrial Motor 5HP,Motors,USA,8509.17,15,5131.38,OEM
2023-04-26,Hydraulic Cylinder HC-40,Hydraulics,Mexico,9624.44,31,5475.44,Distributor
2023-04-27,Safety Sensor Array,Automation,Poland,3285.43,17,1577.04,Distributor
2023-04-27,Hydraulic Cylinder HC-40,Hydraulics,Germany,13596.15,49,8853.41,Direct Industrial
2023-04-27,Conveyor Belt Roller,Components,USA,336.05,14,166.75,Distributor
2023-04-27,Steel Bearing 6205,Components,Poland,98.09,23,43.24,Distributor
2023-04-27,Hydraulic Cylinder HC-40,Hydraulics,USA,2184.83,8,1414.48,Distributor
2023-04-27,Industrial Motor 5HP,Motors,Poland,13675.15,21,7228.96,Distributor
2023-04-27,Industrial Motor 5HP,Motors,Poland,9751.56,17,5613.53,Distributor
2023-04-28,Steel Bearing 6205,Components,USA,118.41,29,53.5,OEM
2023-04-28,Conveyor Belt Roller,Components,Poland,248.32,9,114.16,Direct Industrial
2023-04-29,Steel Bearing 6205,Components,China,57.11,13,23.6,Direct Industrial
2023-04-29,Safety Sensor Array,Automation,China,3310.91,17,1695.26,OEM
2023-04-29,Safety Sensor Array,Automation,Poland,2837.04,14,1329.61,Direct Industrial
2023-04-29,Safety Sensor Array,Automation,USA,1784.81,8,791.5,Direct Industrial
2023-04-29,Gearbox Assembly GB-12,Motors,USA,49201.21,41,28650.69,OEM
2023-04-29,Gearbox Assembly GB-12,Motors,China,29027.51,25,17279.9,Direct Industrial
2023-04-29,Hydraulic Cylinder HC-40,Hydraulics,China,18750.77,55,9757.14,Direct Industrial
2023-04-30,Industrial Motor 5HP,Motors,China,12123.83,23,7999.47,Direct Industrial
2023-04-30,Steel Bearing 6205,Components,USA,76.05,18,34.87,Distributor
2023-04-30,Hydraulic Cylinder HC-40,Hydraulics,China,6386.54,22,3687.47,Distributor
2023-04-30,Conveyor Belt Roller,Components,USA,441.08,18,220.35,OEM
2023-05-01,PLC Controller Unit,Automation,Mexico,10966.04,13,6329.66,Direct Industrial
2023-05-01,PLC Controller Unit,Automation,Germany,14075.81,15,7026.96,OEM
2023-05-01,PLC Controller Unit,Automation,USA,32080.9,33,14911.42,Distributor
2023-05-01,Industrial Motor 5HP,Motors,Mexico,32309.82,58,20138.24,Distributor
2023-05-01,Safety Sensor Array,Automation,China,8143.64,41,4063.69,OEM
2023-05-01,PLC Controller Unit,Automation,South Korea,15801.37,18,8289.39,Distributor
2023-05-01,PLC Controller Unit,Automation,China,8337.21,10,4719.04,Direct Industrial
2023-05-01,PLC Controller Unit,Automation,China,41475.49,45,21076.29,OEM
2023-05-02,Steel Bearing 6205,Components,Germany,88.64,20,38.73,OEM
2023-05-02,Gearbox Assembly GB-12,Motors,Mexico,15160.18,12,8532.74,Distributor
2023-05-02,PLC Controller Unit,Automation,Poland,11606.47,12,5695.44,OEM
2023-05-02,PLC Controller Unit,Automation,Mexico,25179.69,32,14402.14,Distributor
2023-05-02,Safety Sensor Array,Automation,Mexico,4119.36,20,1956.33,OEM
2023-05-02,Steel Bearing 6205,Components,Poland,67.64,17,32.99,Distributor
2023-05-02,Safety Sensor Array,Automation,Poland,3728.35,17,1660.89,Direct Industrial
2023-05-02,PLC Controller Unit,Automation,South Korea,14320.5,15,7174.87,Distributor
2023-05-02,Pneumatic Valve V-200,Hydraulics,Germany,2379.98,16,1091.87,Direct Industrial
2023-05-02,Conveyor Belt Roller,Components,Germany,270.22,10,120.42,Distributor
2023-05-03,Gearbox Assembly GB-12,Motors,USA,15988.8,12,8016.78,OEM
2023-05-03,Gearbox Assembly GB-12,Motors,China,37076.35,33,21708.78,Distributor
2023-05-03,Steel Bearing 6205,Components,USA,53.25,13,24.42,Direct Industrial
2023-05-03,Steel Bearing 6205,Components,China,80.24,20,39.5,Direct Industrial
2023-05-04,Gearbox Assembly GB-12,Motors,USA,32175.07,24,16767.3,Direct Industrial
2023-05-04,Conveyor Belt Roller,Components,Poland,177.45,6,75.88,OEM
2023-05-04,Industrial Motor 5HP,Motors,Poland,23312.29,42,14978.37,Distributor
2023-05-04,Industrial Motor 5HP,Motors,China,14363.18,26,8566.06,Direct Industrial
2023-05-04,Steel Bearing 6205,Components,Mexico,182.41,45,82.4,Direct Industrial
2023-05-04,Pneumatic Valve V-200,Hydraulics,South Korea,4970.1,33,2356.0,OEM
2023-05-04,Industrial Motor 5HP,Motors,Germany,12458.1,21,6909.18,Direct Industrial
2023-05-05,PLC Controller Unit,Automation,USA,33691.23,39,18657.74,Distributor
2023-05-05,Safety Sensor Array,Automation,Germany,2569.17,13,1285.51,Direct Industrial
2023-05-05,Safety Sensor Array,Automation,South Korea,2164.2,12,1112.17,Direct Industrial
2023-05-05,Steel Bearing 6205,Components,South Korea,3.77,1,1.81,Distributor
2023-05-05,Hydraulic Cylinder HC-40,Hydraulics,Mexico,6150.56,20,3398.01,Distributor
2023-05-05,Gearbox Assembly GB-12,Motors,Poland,10519.96,9,5975.02,Direct Industrial
2023-05-05,Hydraulic Cylinder HC-40,Hydraulics,South Korea,12331.89,45,7857.04,OEM
2023-05-05,Pneumatic Valve V-200,Hydraulics,South Korea,4500.58,30,2041.37,Direct Industrial
2023-05-06,Gearbox Assembly GB-12,Motors,Mexico,22830.65,21,14164.35,Distributor
2023-05-06,Conveyor Belt Roller,Components,Mexico,508.98,21,270.92,OEM
2023-05-06,Safety Sensor Array,Automation,Poland,10069.67,44,4246.65,Direct Industrial
2023-05-06,Industrial Motor 5HP,Motors,Mexico,7778.74,13,4222.26,Distributor
2023-05-06,Hydraulic Cylinder HC-40,Hydraulics,USA,11249.38,37,6743.68,Distributor
2023-05-06,Gearbox Assembly GB-12,Motors,Germany,6568.01,6,3955.02,Distributor
2023-05-06,Steel Bearing 6205,Components,China,33.23,9,17.37,Distributor
2023-05-06,PLC Controller Unit,Automation,South Korea,15586.28,20,9361.76,OEM
2023-05-06,Steel Bearing 6205,Components,China,91.8,21,39.57,OEM
2023-05-06,Industrial Motor 5HP,Motors,Mexico,9959.79,19,6513.98,Direct Industrial
2023-05-07,Pneumatic Valve V-200,Hydraulics,Germany,3451.98,24,1621.16,Distributor
2023-05-07,Steel Bearing 6205,Components,China,335.75,74,145.28,OEM
2023-05-07,Hydraulic Cylinder HC-40,Hydraulics,Poland,7367.51,21,3855.1,Direct Industrial
2023-05-07,Hydraulic Cylinder HC-40,Hydraulics,Poland,8853.24,32,5586.74,Distributor
2023-05-07,Conveyor Belt Roller,Components,Germany,534.41,21,269.92,Distributor
2023-05-07,Safety Sensor Array,Automation,Poland,4659.82,21,1949.19,Direct Industrial
2023-05-08,Pneumatic Valve V-200,Hydraulics,China,5037.08,36,2548.34,Direct Industrial
2023-05-08,PLC Controller Unit,Automation,Germany,6530.33,7,3392.07,Distributor
2023-05-08,Conveyor Belt Roller,Components,Poland,1341.73,49,629.27,Distributor
2023-05-08,Pneumatic Valve V-200,Hydraulics,Poland,2243.52,18,1236.92,Direct Industrial
2023-05-08,Pneumatic Valve V-200,Hydraulics,Germany,4683.95,30,2042.03,OEM
2023-05-08,Conveyor Belt Roller,Components,China,744.48,26,338.88,Direct Industrial
2023-05-09,Industrial Motor 5HP,Motors,USA,4539.68,8,2682.77,Distributor
2023-05-09,Pneumatic Valve V-200,Hydraulics,South Korea,1573.7,12,799.9,Direct Industrial
2023-05-09,PLC Controller Unit,Automation,South Korea,19753.11,24,11321.07,Distributor
2023-05-09,Safety Sensor Array,Automation,China,7850.22,36,3432.33,Direct Industrial
2023-05-09,Hydraulic Cylinder HC-40,Hydraulics,Mexico,3202.9,11,1917.89,Direct Industrial
2023-05-10,Industrial Motor 5HP,Motors,Poland,14547.43,24,7896.85,Distributor
2023-05-10,Steel Bearing 6205,Components,Mexico,93.06,21,41.42,OEM
2023-05-10,Conveyor Belt Roller,Components,China,1089.74,41,537.53,Direct Industrial
2023-05-10,PLC Controller Unit,Automation,China,3609.59,4,1939.45,Distributor
2023-05-10,Steel Bearing 6205,Components,China,98.49,24,44.62,Direct Industrial
2023-05-11,Pneumatic Valve V-200,Hydraulics,China,2040.56,15,1010.61,Direct Industrial
2023-05-11,Pneumatic Valve V-200,Hydraulics,South Korea,4072.58,29,2023.71,OEM
2023-05-11,Safety Sensor Array,Automation,USA,2840.69,15,1385.24,Distributor
2023-05-11,Conveyor Belt Roller,Components,Poland,1453.78,55,705.05,OEM
2023-05-11,Hydraulic Cylinder HC-40,Hydraulics,USA,7116.42,21,3755.63,OEM
2023-05-12,Steel Bearing 6205,Components,South Korea,86.33,22,41.73,Direct Industrial
2023-05-12,Safety Sensor Array,Automation,Mexico,2168.74,12,1112.25,Distributor
2023-05-12,PLC Controller Unit,Automation,South Korea,8583.09,9,4033.52,OEM
2023-05-12,Safety Sensor Array,Automation,China,8561.44,43,3959.73,OEM
2023-05-12,Industrial Motor 5HP,Motors,USA,20756.92,35,11824.81,Direct Industrial
2023-05-12,PLC Controller Unit,Automation,Mexico,16595.05,18,8068.74,Direct Industrial
2023-05-12,PLC Controller Unit,Automation,China,17061.85,21,10230.41,Distributor
2023-05-12,Gearbox Assembly GB-12,Motors,Poland,23291.49,18,12840.68,Distributor
2023-05-12,Steel Bearing 6205,Components,Mexico,45.38,12,23.12,Distributor
2023-05-12,Gearbox Assembly GB-12,Motors,Germany,23180.7,21,13963.18,Direct Industrial
2023-05-12,Conveyor Belt Roller,Components,Germany,473.59,19,226.63,Distributor
2023-05-12,Conveyor Belt Roller,Components,China,326.84,13,161.04,OEM
2023-05-12,Pneumatic Valve V-200,Hydraulics,Mexico,1746.09,14,909.1,Direct Industrial
2023-05-12,Conveyor Belt Roller,Components,Mexico,588.82,24,292.41,Distributor
2023-05-13,Conveyor Belt Roller,Components,Mexico,242.54,8,99.02,OEM
2023-05-13,PLC Controller Unit,Automation,USA,15470.27,20,9855.51,OEM
2023-05-13,Steel Bearing 6205,Components,China,101.87,26,51.44,Direct Industrial
2023-05-13,Gearbox Assembly GB-12,Motors,USA,17381.02,13,9214.69,Direct Industrial
2023-05-13,Gearbox Assembly GB-12,Motors,Mexico,12929.12,10,6597.79,OEM
2023-05-13,Steel Bearing 6205,Components,Mexico,19.48,5,9.69,OEM
2023-05-13,Gearbox Assembly GB-12,Motors,South Korea,14728.26,11,7713.75,OEM
2023-05-13,Safety Sensor Array,Automation,USA,4597.59,25,2307.39,Distributor
2023-05-13,Pneumatic Valve V-200,Hydraulics,South Korea,3471.2,28,1877.41,OEM
2023-05-13,Steel Bearing 6205,Components,USA,108.71,25,46.35,Direct Industrial
2023-05-13,Industrial Motor 5HP,Motors,Poland,10973.15,18,5895.6,Distributor
2023-05-13,Hydraulic Cylinder HC-40,Hydraulics,South Korea,1194.13,4,698.54,OEM
2023-05-14,PLC Controller Unit,Automation,Germany,32837.64,40,18913.2,OEM
2023-05-14,PLC Controller Unit,Automation,USA,24216.83,31,15171.4,Distributor
2023-05-14,Pneumatic Valve V-200,Hydraulics,Poland,1887.2,15,1002.56,Distributor
2023-05-14,Conveyor Belt Roller,Components,Germany,308.14,11,142.85,Distributor
2023-05-14,Conveyor Belt Roller,Components,South Korea,418.8,15,188.73,OEM
2023-05-14,PLC Controller Unit,Automation,South Korea,836.44,1,491.97,Distributor
2023-05-14,Hydraulic Cylinder HC-40,Hydraulics,USA,7843.13,24,4125.7,Distributor
2023-05-15,Gearbox Assembly GB-12,Motors,China,41580.23,31,22087.33,Direct Industrial
2023-05-15,PLC Controller Unit,Automation,China,3769.08,4,1813.61,Distributor
2023-05-15,Gearbox Assembly GB-12,Motors,Poland,45820.31,38,26994.04,Distributor
2023-05-15,PLC Controller Unit,Automation,Germany,25359.91,32,14423.68,OEM
2023-05-15,Hydraulic Cylinder HC-40,Hydraulics,USA,5624.56,19,3389.8,OEM
2023-05-15,Conveyor Belt Roller,Components,Poland,530.46,19,239.94,Distributor
2023-05-15,Conveyor Belt Roller,Components,Mexico,688.02,24,311.85,Distributor
2023-05-15,Hydraulic Cylinder HC-40,Hydraulics,China,11545.69,39,6854.91,Direct Industrial
2023-05-16,Industrial Motor 5HP,Motors,Mexico,14125.59,23,7836.09,Distributor
2023-05-16,Pneumatic Valve V-200,Hydraulics,Poland,3792.61,26,1781.93,Distributor
2023-05-16,Steel Bearing 6205,Components,Mexico,79.33,20,38.2,Distributor
2023-05-16,Steel Bearing 6205,Components,Germany,32.29,7,13.01,OEM
2023-05-16,Safety Sensor Array,Automation,Poland,2283.72,12,1172.0,OEM
2023-05-16,Conveyor Belt Roller,Components,China,1442.45,50,640.68,Direct Industrial
2023-05-16,Steel Bearing 6205,Components,Germany,86.91,24,46.39,OEM
2023-05-16,Steel Bearing 6205,Components,USA,84.89,22,40.4,Distributor
2023-05-16,Pneumatic Valve V-200,Hydraulics,Mexico,1040.34,8,557.28,Distributor
2023-05-17,Pneumatic Valve V-200,Hydraulics,South Korea,4351.54,35,2378.72,OEM
2023-05-17,Pneumatic Valve V-200,Hydraulics,South Korea,3978.74,25,1687.12,Distributor
2023-05-17,Industrial Motor 5HP,Motors,South Korea,25626.69,43,14205.76,OEM
2023-05-17,Hydraulic Cylinder HC-40,Hydraulics,Poland,11259.7,32,5603.19,Direct Industrial
2023-05-17,Safety Sensor Array,Automation,USA,5291.3,27,2605.14,Distributor
2023-05-17,Pneumatic Valve V-200,Hydraulics,Mexico,1948.96,14,929.65,Direct Industrial
2023-05-17,Steel Bearing 6205,Components,South Korea,96.56,22,40.6,Distributor
2023-05-18,Industrial Motor 5HP,Motors,Poland,13846.95,25,8332.15,Direct Industrial
2023-05-18,Steel Bearing 6205,Components,Mexico,90.84,22,40.21,Distributor
2023-05-18,Pneumatic Valve V-200,Hydraulics,Poland,1837.94,12,797.67,Direct Industrial
2023-05-20,PLC Controller Unit,Automation,USA,9486.49,11,5324.98,OEM
2023-05-20,PLC Controller Unit,Automation,South Korea,15246.28,19,9044.25,OEM
2023-05-20,Pneumatic Valve V-200,Hydraulics,South Korea,3274.98,26,1792.23,OEM
2023-05-20,Steel Bearing 6205,Components,South Korea,214.44,51,94.96,Distributor
2023-05-20,Conveyor Belt Roller,Components,Poland,444.49,16,192.27,OEM
2023-05-21,Hydraulic Cylinder HC-40,Hydraulics,Germany,10937.37,34,5993.04,Direct Industrial
2023-05-21,Steel Bearing 6205,Components,China,52.93,12,21.68,OEM
2023-05-21,Gearbox Assembly GB-12,Motors,Poland,43237.41,37,26597.37,Distributor
2023-05-21,Hydraulic Cylinder HC-40,Hydraulics,Poland,4177.39,13,2351.71,Distributor
2023-05-21,PLC Controller Unit,Automation,China,24726.74,30,14426.05,Distributor
2023-05-21,Safety Sensor Array,Automation,Germany,7128.83,39,3681.62,OEM
2023-05-21,Conveyor Belt Roller,Components,China,1365.81,54,677.74,Direct Industrial
2023-05-22,Industrial Motor 5HP,Motors,South Korea,14379.19,25,8307.01,Direct Industrial
2023-05-22,Safety Sensor Array,Automation,China,5053.76,23,2132.22,OEM
2023-05-22,Steel Bearing 6205,Components,Poland,32.65,9,16.64,Distributor
2023-05-22,Hydraulic Cylinder HC-40,Hydraulics,Germany,9411.39,34,5690.8,Direct Industrial
2023-05-22,Conveyor Belt Roller,Components,South Korea,293.89,11,132.24,Distributor
2023-05-22,Steel Bearing 6205,Components,Germany,71.06,16,29.83,Distributor
2023-05-22,Steel Bearing 6205,Components,Poland,102.45,24,44.87,OEM
2023-05-23,Hydraulic Cylinder HC-40,Hydraulics,Poland,12846.91,42,7329.29,Direct Industrial
2023-05-23,Hydraulic Cylinder HC-40,Hydraulics,Poland,9560.3,33,5701.97,Distributor
2023-05-23,Gearbox Assembly GB-12,Motors,USA,9966.09,8,5661.04,Direct Industrial
2023-05-23,Steel Bearing 6205,Components,USA,107.65,30,57.45,Direct Industrial
2023-05-23,PLC Controller Unit,Automation,South Korea,29032.94,33,14909.38,Direct Industrial
2023-05-23,Safety Sensor Array,Automation,South Korea,3448.95,16,1588.08,OEM
2023-05-23,Pneumatic Valve V-200,Hydraulics,China,3330.37,23,1583.51,OEM
2023-05-23,Industrial Motor 5HP,Motors,Poland,19340.88,36,11704.18,Direct Industrial
2023-05-23,Safety Sensor Array,Automation,China,2369.66,11,1059.98,OEM
2023-05-23,PLC Controller Unit,Automation,Mexico,17782.57,23,11308.73,Direct Industrial
2023-05-23,Conveyor Belt Roller,Components,Poland,276.99,10,127.39,OEM
2023-05-24,Hydraulic Cylinder HC-40,Hydraulics,USA,1383.01,5,865.14,OEM
2023-05-24,PLC Controller Unit,Automation,Mexico,9606.05,10,4729.51,Direct Industrial
2023-05-24,Safety Sensor Array,Automation,China,6579.72,29,2876.52,OEM
2023-05-24,PLC Controller Unit,Automation,Germany,10503.97,11,5175.1,Direct Industrial
2023-05-24,Hydraulic Cylinder HC-40,Hydraulics,Mexico,2387.69,8,1360.98,Distributor
2023-05-24,Pneumatic Valve V-200,Hydraulics,USA,5088.85,38,2667.58,Direct Industrial
2023-05-24,Steel Bearing 6205,Components,Germany,190.03,43,78.94,OEM
2023-05-24,PLC Controller Unit,Automation,Mexico,61714.44,74,33209.08,Direct Industrial
2023-05-25,Conveyor Belt Roller,Components,Mexico,115.44,4,51.82,Direct Industrial
2023-05-25,Hydraulic Cylinder HC-40,Hydraulics,Mexico,17487.64,55,9665.87,Distributor
2023-05-25,Gearbox Assembly GB-12,Motors,South Korea,25511.58,23,15838.36,Distributor
2023-05-25,Steel Bearing 6205,Components,USA,99.47,26,50.11,OEM
2023-05-26,Safety Sensor Array,Automation,Poland,5509.54,25,2323.73,Direct Industrial
2023-05-26,Industrial Motor 5HP,Motors,Poland,8159.28,15,5256.53,Direct Industrial
2023-05-26,Hydraulic Cylinder HC-40,Hydraulics,China,2539.12,8,1449.83,Distributor
2023-05-26,Gearbox Assembly GB-12,Motors,South Korea,25088.14,21,14184.53,OEM
2023-05-26,Pneumatic Valve V-200,Hydraulics,Germany,1963.71,15,1036.02,OEM
2023-05-26,Conveyor Belt Roller,Components,South Korea,482.33,16,194.46,Distributor
2023-05-26,Pneumatic Valve V-200,Hydraulics,Germany,1098.69,7,461.74,Distributor
2023-05-26,Hydraulic Cylinder HC-40,Hydraulics,China,9867.03,33,5680.48,OEM
2023-05-26,Pneumatic Valve V-200,Hydraulics,Germany,3287.43,22,1490.25,OEM
2023-05-26,PLC Controller Unit,Automation,Mexico,28093.77,30,13523.75,OEM
2023-05-27,Industrial Motor 5HP,Motors,USA,14133.33,22,7233.35,Direct Industrial
2023-05-27,Gearbox Assembly GB-12,Motors,China,27134.43,24,16061.64,OEM
2023-05-27,PLC Controller Unit,Automation,Germany,4064.0,5,2233.66,OEM
2023-05-27,Safety Sensor Array,Automation,Mexico,6273.71,35,3394.4,Direct Industrial
2023-05-27,Conveyor Belt Roller,Components,Poland,948.67,36,453.92,OEM
2023-05-27,Industrial Motor 5HP,Motors,USA,5081.03,9,2954.22,Distributor
2023-05-27,Industrial Motor 5HP,Motors,South Korea,20871.83,34,11988.0,Direct Industrial
2023-05-27,Steel Bearing 6205,Components,South Korea,70.31,17,31.69,Direct Industrial
2023-05-27,Gearbox Assembly GB-12,Motors,South Korea,19965.85,15,9925.9,Distributor
2023-05-27,Steel Bearing 6205,Components,Germany,233.11,65,126.91,Distributor
2023-05-27,Gearbox Assembly GB-12,Motors,Mexico,18477.21,17,11983.31,OEM
2023-05-27,Gearbox Assembly GB-12,Motors,South Korea,10905.97,9,6076.92,Direct Industrial
2023-05-27,PLC Controller Unit,Automation,China,30319.69,34,15211.92,Distributor
2023-05-27,Industrial Motor 5HP,Motors,China,3163.19,6,2057.93,Distributor
2023-05-28,Conveyor Belt Roller,Components,South Korea,297.19,10,121.47,Distributor
2023-05-28,Pneumatic Valve V-200,Hydraulics,China,4713.84,34,2413.26,Direct Industrial
2023-05-28,Safety Sensor Array,Automation,Mexico,3894.39,21,1939.02,Direct Industrial
2023-05-28,Hydraulic Cylinder HC-40,Hydraulics,Germany,12848.19,40,6992.69,Direct Industrial
2023-05-28,Conveyor Belt Roller,Components,Mexico,383.86,14,178.47,Direct Industrial
2023-05-28,Industrial Motor 5HP,Motors,USA,5117.05,9,2971.89,OEM
2023-05-29,Gearbox Assembly GB-12,Motors,China,51053.28,40,26328.49,Distributor
2023-05-29,Safety Sensor Array,Automation,Poland,5104.07,23,2166.88,Direct Industrial
2023-05-29,Steel Bearing 6205,Components,USA,92.59,25,46.28,Direct Industrial
2023-05-29,Pneumatic Valve V-200,Hydraulics,USA,2121.95,14,994.59,Direct Industrial
2023-05-29,Safety Sensor Array,Automation,China,2640.25,12,1193.78,OEM
2023-05-29,Gearbox Assembly GB-12,Motors,Poland,14544.52,11,7878.26,Direct Industrial
2023-05-30,Steel Bearing 6205,Components,Germany,40.94,9,17.94,Direct Industrial
2023-05-30,Pneumatic Valve V-200,Hydraulics,USA,890.74,6,421.34,OEM
2023-05-30,PLC Controller Unit,Automation,Mexico,12275.13,13,6027.26,Distributor
2023-05-30,Safety Sensor Array,Automation,Poland,9943.29,46,4326.51,Direct Industrial
2023-05-31,Gearbox Assembly GB-12,Motors,China,63384.61,52,36583.59,Direct Industrial
2023-05-31,Pneumatic Valve V-200,Hydraulics,Germany,2045.03,15,1035.59,OEM
2023-05-31,PLC Controller Unit,Automation,South Korea,11734.16,15,7306.46,OEM
2023-05-31,Industrial Motor 5HP,Motors,China,10870.76,20,6581.14,OEM
2023-05-31,Safety Sensor Array,Automation,China,9422.26,42,3921.8,OEM
2023-05-31,Pneumatic Valve V-200,Hydraulics,Mexico,3925.94,29,1963.68,OEM
2023-06-01,Hydraulic Cylinder HC-40,Hydraulics,Mexico,13584.74,40,7279.12,Direct Industrial
2023-06-01,Conveyor Belt Roller,Components,USA,258.24,10,123.26,Direct Industrial
2023-06-01,Pneumatic Valve V-200,Hydraulics,South Korea,2397.14,16,1047.57,Distributor
2023-06-02,Gearbox Assembly GB-12,Motors,South Korea,25766.12,23,15950.06,Distributor
2023-06-02,Conveyor Belt Roller,Components,Poland,762.09,27,326.99,OEM
2023-06-02,Gearbox Assembly GB-12,Motors,China,40486.39,33,21980.92,OEM
2023-06-02,Gearbox Assembly GB-12,Motors,Mexico,27982.09,25,17987.6,Direct Industrial
2023-06-02,Conveyor Belt Roller,Components,China,1348.43,55,662.91,Direct Industrial
2023-06-02,Safety Sensor Array,Automation,USA,7633.15,38,3717.2,Distributor
2023-06-02,Safety Sensor Array,Automation,Germany,10754.33,53,5197.02,Distributor
2023-06-02,Pneumatic Valve V-200,Hydraulics,Poland,6473.42,49,3215.25,Distributor
2023-06-02,Safety Sensor Array,Automation,USA,5344.42,25,2355.02,OEM
2023-06-03,PLC Controller Unit,Automation,China,7173.06,9,4040.64,OEM
2023-06-03,Safety Sensor Array,Automation,Germany,5460.37,27,2530.27,Direct Industrial
2023-06-03,Safety Sensor Array,Automation,South Korea,1654.8,8,743.43,Direct Industrial
2023-06-03,Pneumatic Valve V-200,Hydraulics,USA,2540.99,19,1337.48,OEM
2023-06-04,PLC Controller Unit,Automation,China,11280.33,14,6765.82,Distributor
2023-06-04,Safety Sensor Array,Automation,Mexico,8169.74,40,3937.61,OEM
2023-06-04,Industrial Motor 5HP,Motors,South Korea,17432.44,27,9192.62,Distributor
2023-06-04,Conveyor Belt Roller,Components,China,691.32,29,378.27,OEM
2023-06-04,Hydraulic Cylinder HC-40,Hydraulics,Mexico,10895.46,37,6703.18,OEM
2023-06-04,Steel Bearing 6205,Components,Mexico,84.83,19,35.25,Distributor
2023-06-04,Gearbox Assembly GB-12,Motors,Germany,32425.92,28,19429.96,Distributor
2023-06-04,PLC Controller Unit,Automation,China,56437.74,58,28005.4,OEM
2023-06-04,Hydraulic Cylinder HC-40,Hydraulics,Mexico,8846.62,27,4662.31,OEM
2023-06-05,Steel Bearing 6205,Components,Germany,57.58,16,28.94,OEM
2023-06-05,Pneumatic Valve V-200,Hydraulics,Mexico,4742.01,34,2329.52,Distributor
2023-06-05,Conveyor Belt Roller,Components,Mexico,450.79,15,181.29,OEM
2023-06-05,Industrial Motor 5HP,Motors,Mexico,12622.32,24,8235.91,OEM
2023-06-05,Conveyor Belt Roller,Components,South Korea,55.08,2,24.72,Direct Industrial
2023-06-05,Steel Bearing 6205,Components,Germany,37.38,9,16.89,Distributor
2023-06-06,Pneumatic Valve V-200,Hydraulics,Germany,1688.21,13,901.41,Distributor
2023-06-06,Hydraulic Cylinder HC-40,Hydraulics,South Korea,4643.59,15,2514.98,Distributor
2023-06-06,Gearbox Assembly GB-12,Motors,Poland,33720.86,29,20717.36,Direct Industrial
2023-06-06,Safety Sensor Array,Automation,China,851.04,4,386.14,OEM
2023-06-06,Hydraulic Cylinder HC-40,Hydraulics,Poland,4881.41,16,2750.69,OEM
2023-06-06,PLC Controller Unit,Automation,China,20372.81,22,10714.74,Direct Industrial
2023-06-07,Safety Sensor Array,Automation,Germany,3380.44,16,1511.87,OEM
2023-06-07,PLC Controller Unit,Automation,South Korea,23457.13,24,11774.77,Distributor
2023-06-07,PLC Controller Unit,Automation,Germany,29996.09,35,17016.38,Distributor
2023-06-07,Safety Sensor Array,Automation,Poland,3317.61,18,1719.82,Direct Industrial
2023-06-08,Conveyor Belt Roller,Components,China,174.67,6,78.49,OEM
2023-06-08,Hydraulic Cylinder HC-40,Hydraulics,China,2076.25,6,1081.88,Distributor
2023-06-08,PLC Controller Unit,Automation,USA,10476.75,11,5012.78,OEM
2023-06-08,Conveyor Belt Roller,Components,Germany,1992.97,67,854.82,Distributor
2023-06-08,Steel Bearing 6205,Components,South Korea,163.97,43,78.68,Distributor
2023-06-08,Safety Sensor Array,Automation,USA,6932.29,32,2951.24,OEM
2023-06-08,Conveyor Belt Roller,Components,USA,145.36,6,73.46,Direct Industrial
2023-06-09,Conveyor Belt Roller,Components,Germany,800.43,30,377.31,OEM
2023-06-09,Steel Bearing 6205,Components,Germany,49.9,12,23.18,Distributor
2023-06-09,Conveyor Belt Roller,Components,Poland,414.81,15,180.16,Distributor
2023-06-09,Pneumatic Valve V-200,Hydraulics,Germany,7787.64,54,3805.67,Direct Industrial
2023-06-09,Hydraulic Cylinder HC-40,Hydraulics,South Korea,13369.86,38,6738.03,Distributor
2023-06-09,Steel Bearing 6205,Components,South Korea,33.27,9,17.42,OEM
2023-06-09,Hydraulic Cylinder HC-40,Hydraulics,South Korea,6346.63,22,3837.4,Distributor
2023-06-09,Conveyor Belt Roller,Components,South Korea,271.3,9,117.39,OEM
2023-06-09,Gearbox Assembly GB-12,Motors,China,14989.32,14,9669.89,Distributor
2023-06-09,Industrial Motor 5HP,Motors,Poland,13225.45,22,7167.2,Direct Industrial
2023-06-09,Gearbox Assembly GB-12,Motors,Mexico,17549.87,16,10665.95,Direct Industrial
2023-06-09,Pneumatic Valve V-200,Hydraulics,South Korea,942.23,7,480.31,Distributor
2023-06-10,Hydraulic Cylinder HC-40,Hydraulics,Mexico,2807.81,8,1399.39,Direct Industrial
2023-06-10,Industrial Motor 5HP,Motors,Poland,7526.56,13,4577.79,Distributor
2023-06-10,PLC Controller Unit,Automation,Mexico,15986.08,18,8689.73,Direct Industrial
2023-06-10,PLC Controller Unit,Automation,Poland,27141.66,30,14661.79,OEM
2023-06-10,Safety Sensor Array,Automation,USA,6582.32,33,3123.98,OEM
2023-06-11,Pneumatic Valve V-200,Hydraulics,South Korea,5241.75,42,2740.8,OEM
2023-06-11,Safety Sensor Array,Automation,South Korea,3833.1,19,1719.87,Direct Industrial
2023-06-11,Industrial Motor 5HP,Motors,Mexico,8554.34,15,5095.45,Direct Industrial
2023-06-11,PLC Controller Unit,Automation,Mexico,62098.28,68,31974.31,OEM
2023-06-11,Industrial Motor 5HP,Motors,South Korea,26747.83,47,15252.43,Distributor
2023-06-11,Safety Sensor Array,Automation,Germany,1713.57,8,770.96,Distributor
2023-06-12,Pneumatic Valve V-200,Hydraulics,Germany,3027.2,19,1332.0,Distributor
2023-06-12,Pneumatic Valve V-200,Hydraulics,Germany,3601.38,27,1767.42,OEM
2023-06-12,Gearbox Assembly GB-12,Motors,USA,61704.53,47,32751.56,Direct Industrial
2023-06-12,Pneumatic Valve V-200,Hydraulics,South Korea,1424.65,10,666.35,OEM
2023-06-12,Conveyor Belt Roller,Components,Poland,235.08,9,114.58,Direct Industrial
2023-06-12,Gearbox Assembly GB-12,Motors,USA,41236.01,31,21615.29,Distributor
2023-06-12,Gearbox Assembly GB-12,Motors,Germany,4552.26,4,2784.98,Distributor
2023-06-12,Pneumatic Valve V-200,Hydraulics,USA,857.12,6,428.01,Distributor
2023-06-13,Conveyor Belt Roller,Components,Mexico,452.23,15,188.91,OEM
2023-06-13,Conveyor Belt Roller,Components,Poland,520.04,17,205.11,Direct Industrial
2023-06-13,Pneumatic Valve V-200,Hydraulics,USA,1182.54,9,625.36,OEM
2023-06-13,Safety Sensor Array,Automation,Germany,4383.44,23,2137.34,OEM
2023-06-13,Conveyor Belt Roller,Components,USA,1405.11,57,708.31,Distributor
2023-06-13,Gearbox Assembly GB-12,Motors,USA,17158.69,16,11559.6,Direct Industrial
2023-06-13,Conveyor Belt Roller,Components,Germany,740.74,26,335.02,Distributor
2023-06-13,PLC Controller Unit,Automation,Germany,8726.49,11,5308.51,Direct Industrial
2023-06-13,Conveyor Belt Roller,Components,South Korea,812.54,27,342.18,Direct Industrial
2023-06-14,Pneumatic Valve V-200,Hydraulics,Germany,2536.31,19,1288.03,Distributor
2023-06-14,Safety Sensor Array,Automation,Poland,9156.61,40,3694.94,Distributor
2023-06-14,Safety Sensor Array,Automation,USA,4342.18,21,1951.73,OEM
2023-06-14,Hydraulic Cylinder HC-40,Hydraulics,Germany,9340.8,31,5285.55,OEM
2023-06-14,Pneumatic Valve V-200,Hydraulics,South Korea,1485.06,12,832.42,Direct Industrial
2023-06-15,Steel Bearing 6205,Components,China,82.81,21,39.52,Distributor
2023-06-15,Gearbox Assembly GB-12,Motors,Germany,31387.54,25,17661.21,OEM
2023-06-15,Pneumatic Valve V-200,Hydraulics,South Korea,2672.09,20,1315.77,Direct Industrial
2023-06-15,Safety Sensor Array,Automation,Mexico,4408.87,20,1880.2,Direct Industrial
2023-06-15,Safety Sensor Array,Automation,Poland,4168.42,20,1814.32,Direct Industrial
2023-06-16,Steel Bearing 6205,Components,China,192.21,46,84.06,Direct Industrial
2023-06-16,Pneumatic Valve V-200,Hydraulics,South Korea,4557.46,32,2248.9,OEM
2023-06-16,PLC Controller Unit,Automation,China,14494.95,19,9164.91,OEM
2023-06-17,Safety Sensor Array,Automation,Mexico,8243.12,36,3408.68,Direct Industrial
2023-06-17,PLC Controller Unit,Automation,Germany,7027.98,8,3886.15,OEM
2023-06-17,Pneumatic Valve V-200,Hydraulics,USA,2855.07,19,1349.69,Distributor
2023-06-17,Pneumatic Valve V-200,Hydraulics,China,3564.87,25,1697.18,Distributor
2023-06-17,Hydraulic Cylinder HC-40,Hydraulics,China,5298.84,18,3221.84,Direct Industrial
2023-06-17,Safety Sensor Array,Automation,Germany,6974.11,37,3548.46,Distributor
2023-06-17,Steel Bearing 6205,Components,South Korea,115.0,25,46.2,Direct Industrial
2023-06-17,Conveyor Belt Roller,Components,USA,1305.06,49,592.18,OEM
2023-06-17,Conveyor Belt Roller,Components,Germany,505.74,21,265.57,Direct Industrial
2023-06-18,Gearbox Assembly GB-12,Motors,Poland,8731.8,8,5511.75,Distributor
2023-06-18,Hydraulic Cylinder HC-40,Hydraulics,South Korea,7779.51,28,4705.83,OEM
2023-06-18,Industrial Motor 5HP,Motors,Germany,5783.12,9,3096.09,Direct Industrial
2023-06-18,Pneumatic Valve V-200,Hydraulics,South Korea,2555.85,19,1298.23,OEM
2023-06-18,Industrial Motor 5HP,Motors,USA,3984.45,7,2440.32,Distributor
2023-06-19,Safety Sensor Array,Automation,South Korea,4172.53,23,2165.34,OEM
2023-06-19,PLC Controller Unit,Automation,Poland,10122.04,11,5126.29,OEM
2023-06-19,Safety Sensor Array,Automation,China,12532.29,55,5109.15,Distributor
2023-06-19,Hydraulic Cylinder HC-40,Hydraulics,Poland,1302.95,4,666.79,OEM
2023-06-20,Steel Bearing 6205,Components,USA,179.86,46,84.5,Distributor
2023-06-20,Industrial Motor 5HP,Motors,South Korea,28140.15,54,17917.82,OEM
2023-06-20,Pneumatic Valve V-200,Hydraulics,South Korea,1811.73,14,964.01,Direct Industrial
2023-06-21,Safety Sensor Array,Automation,Germany,1622.95,8,727.48,Direct Industrial
2023-06-21,Gearbox Assembly GB-12,Motors,USA,52903.82,44,30621.23,Direct Industrial
2023-06-21,PLC Controller Unit,Automation,Poland,24876.14,30,14419.52,Direct Industrial
2023-06-21,Safety Sensor Array,Automation,Poland,4525.92,22,2186.94,OEM
2023-06-21,Pneumatic Valve V-200,Hydraulics,Germany,3889.29,26,1764.79,Direct Industrial
2023-06-21,PLC Controller Unit,Automation,Germany,12173.13,14,6721.48,OEM
2023-06-21,PLC Controller Unit,Automation,Poland,21114.29,27,12771.19,Direct Industrial
2023-06-21,Gearbox Assembly GB-12,Motors,Poland,32169.87,24,15929.38,Distributor
2023-06-22,Pneumatic Valve V-200,Hydraulics,South Korea,387.42,3,212.71,Distributor
2023-06-22,Conveyor Belt Roller,Components,Mexico,421.53,14,175.24,Direct Industrial
2023-06-22,Conveyor Belt Roller,Components,Germany,851.74,29,367.53,Distributor
2023-06-22,Conveyor Belt Roller,Components,USA,484.2,19,229.75,Direct Industrial
2023-06-22,Steel Bearing 6205,Components,Poland,46.16,11,21.78,Direct Industrial
2023-06-22,PLC Controller Unit,Automation,Mexico,15197.44,17,8057.14,Distributor
2023-06-22,Industrial Motor 5HP,Motors,Germany,4162.11,8,2850.34,Direct Industrial
2023-06-22,PLC Controller Unit,Automation,South Korea,19371.68,22,10197.82,OEM
2023-06-22,Pneumatic Valve V-200,Hydraulics,USA,6993.61,54,3838.55,Distributor
2023-06-22,Gearbox Assembly GB-12,Motors,Mexico,13537.84,12,8608.82,OEM
2023-06-22,Safety Sensor Array,Automation,Poland,3015.57,14,1277.15,Direct Industrial
2023-06-23,Hydraulic Cylinder HC-40,Hydraulics,Germany,13322.88,40,6779.36,OEM
2023-06-23,Hydraulic Cylinder HC-40,Hydraulics,Germany,2569.91,8,1422.67,OEM
2023-06-23,Hydraulic Cylinder HC-40,Hydraulics,South Korea,2014.5,7,1227.29,Distributor
2023-06-23,Conveyor Belt Roller,Components,Mexico,1597.23,67,852.2,Distributor
2023-06-23,Steel Bearing 6205,Components,USA,49.82,12,22.77,Direct Industrial
2023-06-23,Steel Bearing 6205,Components,China,77.24,17,33.33,Distributor
2023-06-23,PLC Controller Unit,Automation,China,23210.72,24,11781.64,Distributor
2023-06-23,PLC Controller Unit,Automation,Germany,31671.69,36,17259.91,OEM
2023-06-23,Industrial Motor 5HP,Motors,Germany,7806.3,12,4118.24,Distributor
2023-06-24,PLC Controller Unit,Automation,Mexico,9081.64,11,4978.27,OEM
2023-06-24,Conveyor Belt Roller,Components,USA,222.07,8,104.48,Distributor
2023-06-24,Industrial Motor 5HP,Motors,Mexico,14006.13,27,8755.97,OEM
2023-06-24,Pneumatic Valve V-200,Hydraulics,USA,3298.78,26,1686.71,Direct Industrial
2023-06-24,Industrial Motor 5HP,Motors,Mexico,5893.9,11,3555.81,Direct Industrial
2023-06-24,Steel Bearing 6205,Components,USA,178.82,49,94.8,Direct Industrial
2023-06-24,Pneumatic Valve V-200,Hydraulics,Germany,957.68,7,490.84,Direct Industrial
2023-06-25,Safety Sensor Array,Automation,South Korea,1997.7,9,895.34,OEM
2023-06-25,Steel Bearing 6205,Components,Germany,87.38,20,38.32,OEM
2023-06-25,Safety Sensor Array,Automation,Poland,5975.54,27,2458.28,Distributor
2023-06-25,Hydraulic Cylinder HC-40,Hydraulics,USA,12411.81,38,6863.11,Distributor
2023-06-25,Pneumatic Valve V-200,Hydraulics,South Korea,3127.38,22,1433.85,OEM
2023-06-25,Steel Bearing 6205,Components,Mexico,124.35,27,50.53,Direct Industrial
2023-06-26,Safety Sensor Array,Automation,Poland,3435.51,16,1516.6,Distributor
2023-06-26,Gearbox Assembly GB-12,Motors,Poland,18117.66,15,10765.03,OEM
2023-06-26,Gearbox Assembly GB-12,Motors,Germany,33617.67,30,20112.23,Direct Industrial
2023-06-26,PLC Controller Unit,Automation,China,54524.45,66,32069.64,Direct Industrial
2023-06-26,Pneumatic Valve V-200,Hydraulics,Poland,1897.56,13,872.31,OEM
2023-06-26,Conveyor Belt Roller,Components,South Korea,330.08,11,143.31,Direct Industrial
2023-06-26,PLC Controller Unit,Automation,Poland,34955.44,42,19811.77,OEM
2023-06-26,Safety Sensor Array,Automation,USA,3755.66,19,1731.95,OEM
2023-06-26,Gearbox Assembly GB-12,Motors,Poland,10260.16,9,5983.1,OEM
2023-06-26,PLC Controller Unit,Automation,Germany,31797.74,35,16983.7,Distributor
2023-06-26,Conveyor Belt Roller,Components,Germany,238.67,8,98.67,Distributor
2023-06-27,Steel Bearing 6205,Components,USA,125.6,33,63.02,Direct Industrial
2023-06-27,Steel Bearing 6205,Components,Poland,36.2,8,15.13,OEM
2023-06-27,Pneumatic Valve V-200,Hydraulics,South Korea,1076.32,8,561.14,Distributor
2023-06-27,Conveyor Belt Roller,Components,USA,284.32,11,139.02,OEM
2023-06-27,Gearbox Assembly GB-12,Motors,South Korea,8815.89,8,5519.16,Direct Industrial
2023-06-27,Hydraulic Cylinder HC-40,Hydraulics,South Korea,9289.6,28,4763.65,OEM
2023-06-27,Gearbox Assembly GB-12,Motors,Poland,13862.57,13,9403.61,OEM
2023-06-28,Pneumatic Valve V-200,Hydraulics,USA,848.78,6,406.7,OEM
2023-06-28,Industrial Motor 5HP,Motors,China,20753.14,34,11326.56,Direct Industrial
2023-06-28,Steel Bearing 6205,Components,South Korea,81.53,22,41.01,OEM
2023-06-28,Conveyor Belt Roller,Components,Mexico,531.71,21,271.9,Distributor
2023-06-28,Pneumatic Valve V-200,Hydraulics,Mexico,3775.08,30,2000.77,Distributor
2023-06-28,Conveyor Belt Roller,Components,Poland,556.96,20,252.93,OEM
2023-06-28,Hydraulic Cylinder HC-40,Hydraulics,South Korea,9988.34,31,5193.05,OEM
2023-06-28,Safety Sensor Array,Automation,Germany,1162.67,6,544.84,Direct Industrial
2023-06-28,Hydraulic Cylinder HC-40,Hydraulics,Germany,1469.28,5,870.46,Distributor
2023-06-28,Safety Sensor Array,Automation,South Korea,8618.6,42,3841.5,Distributor
2023-06-29,Industrial Motor 5HP,Motors,USA,11127.5,21,7423.4,Direct Industrial
2023-06-29,PLC Controller Unit,Automation,Mexico,13994.84,17,8104.41,Distributor
2023-06-29,Gearbox Assembly GB-12,Motors,Germany,15568.85,13,9173.67,Distributor
2023-06-29,Gearbox Assembly GB-12,Motors,South Korea,18805.49,16,10665.34,Distributor
2023-06-30,Safety Sensor Array,Automation,Poland,3622.53,17,1534.31,Direct Industrial
2023-06-30,PLC Controller Unit,Automation,China,24746.98,32,15073.83,Distributor
2023-06-30,Safety Sensor Array,Automation,South Korea,5323.94,25,2322.69,Distributor
2023-06-30,Industrial Motor 5HP,Motors,USA,10207.88,18,6278.4,OEM
2023-06-30,Gearbox Assembly GB-12,Motors,Mexico,28484.6,23,15577.9,Distributor
2023-06-30,Industrial Motor 5HP,Motors,China,16763.7,30,10555.55,OEM
2023-07-01,Pneumatic Valve V-200,Hydraulics,USA,3066.44,23,1487.87,OEM
2023-07-01,Hydraulic Cylinder HC-40,Hydraulics,Germany,8871.73,27,4493.12,OEM
2023-07-01,Conveyor Belt Roller,Components,Poland,634.91,25,308.06,OEM
2023-07-01,Safety Sensor Array,Automation,South Korea,1459.74,7,658.54,OEM
2023-07-01,Gearbox Assembly GB-12,Motors,China,38592.26,36,25886.32,OEM
2023-07-01,Gearbox Assembly GB-12,Motors,Poland,48853.23,36,23629.83,Distributor
2023-07-01,PLC Controller Unit,Automation,China,25702.46,29,13921.78,Direct Industrial
2023-07-02,Safety Sensor Array,Automation,Germany,1293.81,7,643.98,Direct Industrial
2023-07-02,Safety Sensor Array,Automation,China,5545.37,27,2511.84,Direct Industrial
2023-07-02,Gearbox Assembly GB-12,Motors,South Korea,8630.75,8,5595.59,Distributor
2023-07-02,Pneumatic Valve V-200,Hydraulics,Germany,3475.62,22,1552.67,Distributor
2023-07-02,Safety Sensor Array,Automation,Mexico,10897.74,61,5675.32,Distributor
2023-07-02,Conveyor Belt Roller,Components,USA,555.16,23,295.55,OEM
2023-07-02,Steel Bearing 6205,Components,Mexico,133.02,32,63.23,Direct Industrial
2023-07-02,Safety Sensor Array,Automation,Germany,5874.46,31,2899.84,Direct Industrial
2023-07-02,Steel Bearing 6205,Components,China,90.6,20,36.82,OEM
2023-07-03,Gearbox Assembly GB-12,Motors,Mexico,19189.46,16,11410.51,Distributor
2023-07-03,PLC Controller Unit,Automation,Mexico,27995.72,34,16060.49,OEM
2023-07-03,Conveyor Belt Roller,Components,Poland,309.63,11,134.64,OEM
2023-07-03,Gearbox Assembly GB-12,Motors,USA,26600.12,25,17557.73,Direct Industrial
2023-07-03,Conveyor Belt Roller,Components,Mexico,252.99,9,118.05,Distributor
2023-07-03,Hydraulic Cylinder HC-40,Hydraulics,South Korea,9017.7,32,5433.87,Distributor
2023-07-03,Industrial Motor 5HP,Motors,Poland,8304.56,13,4299.5,Direct Industrial
2023-07-03,Pneumatic Valve V-200,Hydraulics,Mexico,774.3,6,411.74,OEM
2023-07-03,Steel Bearing 6205,Components,USA,89.43,23,41.74,Direct Industrial
2023-07-04,Hydraulic Cylinder HC-40,Hydraulics,Germany,14907.71,43,7793.45,OEM
2023-07-04,Industrial Motor 5HP,Motors,Poland,41152.17,65,22697.58,Direct Industrial
2023-07-04,Gearbox Assembly GB-12,Motors,South Korea,39109.24,33,22912.44,Distributor
2023-07-04,Pneumatic Valve V-200,Hydraulics,China,2720.95,20,1396.43,OEM
2023-07-04,Pneumatic Valve V-200,Hydraulics,Germany,2021.55,15,980.87,Distributor
2023-07-04,Gearbox Assembly GB-12,Motors,South Korea,18534.24,15,10380.69,Distributor
2023-07-04,PLC Controller Unit,Automation,Germany,58545.83,66,31249.51,OEM
2023-07-04,Gearbox Assembly GB-12,Motors,Poland,10454.2,9,6400.87,Distributor
2023-07-04,Hydraulic Cylinder HC-40,Hydraulics,Poland,5517.03,18,3223.71,OEM
2023-07-04,Pneumatic Valve V-200,Hydraulics,USA,823.59,6,411.19,Direct Industrial
2023-07-05,PLC Controller Unit,Automation,USA,21944.54,27,12850.34,Distributor
2023-07-05,Hydraulic Cylinder HC-40,Hydraulics,South Korea,2785.18,9,1574.11,Direct Industrial
2023-07-05,Industrial Motor 5HP,Motors,Mexico,5297.11,8,2707.13,OEM
2023-07-06,Gearbox Assembly GB-12,Motors,Poland,53707.29,40,28272.1,Distributor
2023-07-06,Safety Sensor Array,Automation,Germany,8851.74,45,4461.44,OEM
2023-07-06,Hydraulic Cylinder HC-40,Hydraulics,South Korea,14636.33,50,9034.3,Distributor
2023-07-06,PLC Controller Unit,Automation,Germany,13975.78,15,6928.1,Direct Industrial
2023-07-06,PLC Controller Unit,Automation,Mexico,34657.63,37,17289.77,OEM
2023-07-06,Steel Bearing 6205,Components,Poland,65.98,17,31.72,OEM
2023-07-06,Conveyor Belt Roller,Components,Poland,809.73,29,376.03,OEM
2023-07-06,Gearbox Assembly GB-12,Motors,South Korea,14407.23,13,9293.2,Distributor
2023-07-07,Industrial Motor 5HP,Motors,South Korea,10052.68,18,5824.56,Distributor
2023-07-07,PLC Controller Unit,Automation,USA,14728.38,18,8243.85,OEM
2023-07-07,Pneumatic Valve V-200,Hydraulics,China,2317.29,18,1233.34,OEM
2023-07-07,Hydraulic Cylinder HC-40,Hydraulics,USA,22188.43,68,12329.83,Distributor
2023-07-07,Conveyor Belt Roller,Components,Mexico,154.67,6,76.34,OEM
2023-07-08,Pneumatic Valve V-200,Hydraulics,Germany,4493.11,32,2103.63,Distributor
2023-07-08,Steel Bearing 6205,Components,USA,85.5,22,43.65,OEM
2023-07-08,Gearbox Assembly GB-12,Motors,USA,41228.27,32,22156.65,OEM
2023-07-08,Safety Sensor Array,Automation,South Korea,5938.41,30,2987.58,Direct Industrial
2023-07-09,Conveyor Belt Roller,Components,Germany,1729.99,69,897.69,OEM
2023-07-09,Safety Sensor Array,Automation,China,8941.87,44,4139.74,OEM
2023-07-09,Safety Sensor Array,Automation,Poland,6548.21,34,3189.95,OEM
2023-07-09,Conveyor Belt Roller,Components,China,1225.0,40,494.32,OEM
2023-07-09,Safety Sensor Array,Automation,China,4859.82,27,2685.74,Distributor
2023-07-09,Industrial Motor 5HP,Motors,South Korea,30409.12,56,19463.19,OEM
2023-07-10,Safety Sensor Array,Automation,Poland,7506.38,36,3529.65,Direct Industrial
2023-07-10,Gearbox Assembly GB-12,Motors,South Korea,16283.53,13,8942.67,Distributor
2023-07-10,Safety Sensor Array,Automation,South Korea,4715.8,24,2380.15,Direct Industrial
2023-07-10,Steel Bearing 6205,Components,South Korea,109.56,29,56.74,OEM
2023-07-10,Gearbox Assembly GB-12,Motors,USA,29108.36,27,17889.9,OEM
2023-07-10,Hydraulic Cylinder HC-40,Hydraulics,Poland,8415.98,29,5312.1,OEM
2023-07-10,Hydraulic Cylinder HC-40,Hydraulics,China,4505.39,14,2485.05,Direct Industrial
2023-07-11,Gearbox Assembly GB-12,Motors,Germany,22850.99,21,14505.32,Direct Industrial
2023-07-11,Pneumatic Valve V-200,Hydraulics,Poland,3486.41,23,1619.08,Distributor
2023-07-11,Hydraulic Cylinder HC-40,Hydraulics,Poland,7275.2,23,3896.71,OEM
2023-07-11,PLC Controller Unit,Automation,South Korea,28139.46,35,16336.65,OEM
2023-07-11,Safety Sensor Array,Automation,USA,2624.19,13,1232.88,Direct Industrial
2023-07-12,Safety Sensor Array,Automation,Germany,2707.17,14,1354.28,Direct Industrial
2023-07-12,PLC Controller Unit,Automation,South Korea,21668.57,26,11764.75,Distributor
2023-07-12,Steel Bearing 6205,Components,Germany,98.63,24,45.02,Direct Industrial
2023-07-12,PLC Controller Unit,Automation,USA,23117.65,25,12131.62,OEM
2023-07-12,Safety Sensor Array,Automation,South Korea,3724.21,19,1841.88,OEM
2023-07-13,Gearbox Assembly GB-12,Motors,Poland,34238.12,26,17206.81,Distributor
2023-07-13,Steel Bearing 6205,Components,South Korea,209.86,46,83.79,Direct Industrial
2023-07-13,Safety Sensor Array,Automation,South Korea,4707.68,25,2393.64,OEM
2023-07-13,Steel Bearing 6205,Components,Mexico,68.75,15,29.41,OEM
2023-07-13,PLC Controller Unit,Automation,China,23492.4,24,11565.11,Direct Industrial
2023-07-13,PLC Controller Unit,Automation,Poland,43392.87,47,23163.7,Distributor
2023-07-13,Steel Bearing 6205,Components,USA,106.67,24,45.24,Distributor
2023-07-13,Steel Bearing 6205,Components,China,214.9,47,88.01,Distributor
2023-07-13,Pneumatic Valve V-200,Hydraulics,China,3560.39,23,1562.71,Direct Industrial
2023-07-13,PLC Controller Unit,Automation,Mexico,4990.43,6,2822.6,Direct Industrial
2023-07-14,Gearbox Assembly GB-12,Motors,Germany,20234.45,16,11247.12,OEM
2023-07-14,Steel Bearing 6205,Components,China,101.85,23,44.69,Direct Industrial
2023-07-14,Hydraulic Cylinder HC-40,Hydraulics,China,5849.26,20,3520.36,Distributor
2023-07-14,Gearbox Assembly GB-12,Motors,Germany,24705.4,19,13559.37,OEM
2023-07-14,Pneumatic Valve V-200,Hydraulics,China,1801.12,13,841.45,OEM
2023-07-14,Conveyor Belt Roller,Components,Poland,338.97,13,168.46,Distributor
2023-07-14,Safety Sensor Array,Automation,South Korea,6229.4,29,2878.28,Direct Industrial
2023-07-14,PLC Controller Unit,Automation,Mexico,20228.58,21,9634.79,Direct Industrial
2023-07-14,PLC Controller Unit,Automation,Mexico,18807.95,21,10018.32,OEM
2023-07-15,Industrial Motor 5HP,Motors,Mexico,28094.14,51,16819.79,OEM
2023-07-15,Conveyor Belt Roller,Components,South Korea,321.91,13,170.28,OEM
2023-07-15,Gearbox Assembly GB-12,Motors,Germany,28225.63,21,13804.73,Direct Industrial
2023-07-15,PLC Controller Unit,Automation,China,18192.02,22,10303.93,OEM
2023-07-16,Pneumatic Valve V-200,Hydraulics,South Korea,634.36,5,328.43,Direct Industrial
2023-07-16,Industrial Motor 5HP,Motors,Germany,12429.33,20,7089.27,OEM
2023-07-16,Conveyor Belt Roller,Components,Germany,317.74,11,137.3,OEM
2023-07-16,Gearbox Assembly GB-12,Motors,USA,29144.51,25,18038.07,Direct Industrial
2023-07-16,Pneumatic Valve V-200,Hydraulics,Germany,3048.68,20,1358.24,OEM
2023-07-16,Industrial Motor 5HP,Motors,Germany,9593.35,17,6043.36,OEM
2023-07-16,PLC Controller Unit,Automation,USA,11067.47,13,6066.44,OEM
2023-07-16,Pneumatic Valve V-200,Hydraulics,China,7171.49,45,3167.0,Distributor
2023-07-17,Industrial Motor 5HP,Motors,Mexico,2749.7,5,1669.99,OEM
2023-07-17,Safety Sensor Array,Automation,Poland,1405.47,7,659.1,Distributor
2023-07-17,Pneumatic Valve V-200,Hydraulics,South Korea,3409.58,22,1489.07,Distributor
2023-07-17,Conveyor Belt Roller,Components,Mexico,578.03,21,268.2,Distributor
2023-07-17,Safety Sensor Array,Automation,Mexico,3509.25,19,1787.78,OEM
2023-07-17,PLC Controller Unit,Automation,South Korea,8598.41,9,4108.98,OEM
2023-07-17,Pneumatic Valve V-200,Hydraulics,Germany,2486.84,17,1181.31,Distributor
2023-07-17,Safety Sensor Array,Automation,South Korea,2907.07,13,1243.28,Distributor
2023-07-18,Steel Bearing 6205,Components,Mexico,103.75,29,52.74,OEM
2023-07-18,Conveyor Belt Roller,Components,China,1780.35,63,788.32,OEM
2023-07-18,Conveyor Belt Roller,Components,Mexico,843.15,35,422.77,Direct Industrial
2023-07-18,Pneumatic Valve V-200,Hydraulics,Poland,5740.09,36,2343.79,OEM
2023-07-18,Conveyor Belt Roller,Components,China,654.48,23,286.41,Direct Industrial
2023-07-18,Conveyor Belt Roller,Components,Germany,1453.26,59,772.04,OEM
2023-07-18,Gearbox Assembly GB-12,Motors,China,72150.74,53,35364.46,Distributor
2023-07-18,Safety Sensor Array,Automation,USA,3328.93,16,1568.75,Distributor
2023-07-18,Steel Bearing 6205,Components,South Korea,135.23,30,59.32,OEM
2023-07-18,Steel Bearing 6205,Components,Germany,192.8,49,93.94,Direct Industrial
2023-07-19,Gearbox Assembly GB-12,Motors,Mexico,18661.49,14,9303.38,Direct Industrial
2023-07-19,PLC Controller Unit,Automation,Poland,7019.17,8,3678.44,OEM
2023-07-19,Conveyor Belt Roller,Components,Mexico,586.12,24,303.53,Distributor
2023-07-19,Hydraulic Cylinder HC-40,Hydraulics,Germany,9140.86,27,4882.99,Direct Industrial
2023-07-20,Hydraulic Cylinder HC-40,Hydraulics,Mexico,12036.51,38,6945.48,Distributor
2023-07-20,Gearbox Assembly GB-12,Motors,USA,39691.01,33,23085.03,Direct Industrial
2023-07-20,Pneumatic Valve V-200,Hydraulics,South Korea,1655.79,12,805.93,OEM
2023-07-20,Gearbox Assembly GB-12,Motors,China,55673.77,44,31185.69,Direct Industrial
2023-07-20,Conveyor Belt Roller,Components,USA,359.26,15,196.53,OEM
2023-07-20,Gearbox Assembly GB-12,Motors,Poland,10043.56,9,6017.56,Distributor
2023-07-20,Steel Bearing 6205,Components,USA,166.15,43,81.35,OEM
2023-07-20,Safety Sensor Array,Automation,Poland,8451.12,39,3739.72,OEM
2023-07-20,Industrial Motor 5HP,Motors,Mexico,10534.77,18,5943.52,OEM
2023-07-20,Steel Bearing 6205,Components,Mexico,80.88,22,42.95,Direct Industrial
2023-07-20,Safety Sensor Array,Automation,Germany,5354.17,29,2645.91,OEM
2023-07-20,Conveyor Belt Roller,Components,USA,348.73,14,177.83,OEM
2023-07-20,Hydraulic Cylinder HC-40,Hydraulics,Poland,4053.87,14,2532.01,Direct Industrial
2023-07-21,PLC Controller Unit,Automation,China,8946.83,10,4864.5,Distributor
2023-07-21,Hydraulic Cylinder HC-40,Hydraulics,Germany,6889.47,20,3459.68,Distributor
2023-07-22,PLC Controller Unit,Automation,South Korea,26880.86,28,12770.96,OEM
2023-07-22,Hydraulic Cylinder HC-40,Hydraulics,South Korea,4457.1,13,2345.48,Direct Industrial
2023-07-22,Gearbox Assembly GB-12,Motors,USA,41430.16,32,22312.85,Direct Industrial
2023-07-22,Conveyor Belt Roller,Components,China,708.77,26,317.37,Distributor
2023-07-23,Conveyor Belt Roller,Components,China,1393.76,46,602.79,OEM
2023-07-23,Gearbox Assembly GB-12,Motors,Germany,12878.5,10,6980.47,OEM
2023-07-23,Safety Sensor Array,Automation,South Korea,6262.96,29,2744.23,Direct Industrial
2023-07-23,PLC Controller Unit,Automation,Mexico,16363.35,17,8046.79,OEM
2023-07-23,Gearbox Assembly GB-12,Motors,South Korea,43068.44,38,26777.21,Direct Industrial
2023-07-23,Safety Sensor Array,Automation,Mexico,2146.23,12,1183.83,Distributor
2023-07-23,PLC Controller Unit,Automation,USA,24684.55,28,13166.73,Direct Industrial
2023-07-23,Hydraulic Cylinder HC-40,Hydraulics,Poland,7766.36,26,4367.05,OEM
2023-07-23,Pneumatic Valve V-200,Hydraulics,Poland,1940.52,14,976.33,Distributor
2023-07-23,Hydraulic Cylinder HC-40,Hydraulics,China,7987.06,29,5165.83,Direct Industrial
2023-07-24,Safety Sensor Array,Automation,China,7341.13,36,3490.4,OEM
2023-07-24,Gearbox Assembly GB-12,Motors,China,11753.85,11,7236.65,OEM
2023-07-24,Hydraulic Cylinder HC-40,Hydraulics,China,13016.57,41,7130.03,Distributor
2023-07-24,Hydraulic Cylinder HC-40,Hydraulics,USA,3454.05,11,1897.84,OEM
2023-07-25,Industrial Motor 5HP,Motors,Poland,4202.22,8,2827.29,Distributor
2023-07-25,PLC Controller Unit,Automation,Mexico,32233.11,37,17768.94,Distributor
2023-07-25,PLC Controller Unit,Automation,Mexico,6791.83,8,3579.91,Distributor
2023-07-25,Pneumatic Valve V-200,Hydraulics,Mexico,4570.34,35,2449.47,OEM
2023-07-26,Pneumatic Valve V-200,Hydraulics,Germany,3547.01,23,1524.37,Distributor
2023-07-26,Gearbox Assembly GB-12,Motors,South Korea,16013.46,14,9328.98,OEM
2023-07-26,Safety Sensor Array,Automation,Poland,1666.86,9,887.54,Direct Industrial
2023-07-26,Conveyor Belt Roller,Components,Germany,612.23,22,269.86,Distributor
2023-07-26,Industrial Motor 5HP,Motors,Mexico,24877.34,38,13079.07,OEM
2023-07-26,Safety Sensor Array,Automation,Poland,2296.28,12,1159.52,Distributor
2023-07-26,Pneumatic Valve V-200,Hydraulics,Germany,1274.17,8,564.85,OEM
2023-07-27,Pneumatic Valve V-200,Hydraulics,USA,9913.16,72,4916.89,OEM
2023-07-27,Conveyor Belt Roller,Components,Poland,199.87,8,101.21,Distributor
2023-07-28,Gearbox Assembly GB-12,Motors,Poland,41910.04,37,25332.89,OEM
2023-07-28,Hydraulic Cylinder HC-40,Hydraulics,Mexico,10250.08,31,5276.96,Direct Industrial
2023-07-28,Pneumatic Valve V-200,Hydraulics,Poland,1747.65,12,807.99,Distributor
2023-07-28,Steel Bearing 6205,Components,South Korea,78.92,19,34.79,Distributor
2023-07-28,Steel Bearing 6205,Components,China,50.74,11,20.69,Distributor
2023-07-28,Conveyor Belt Roller,Components,Mexico,790.39,32,402.33,Direct Industrial
2023-07-28,Safety Sensor Array,Automation,China,1977.9,10,904.33,OEM
2023-07-28,Industrial Motor 5HP,Motors,USA,6885.12,13,4514.8,OEM
2023-07-28,Steel Bearing 6205,Components,Mexico,152.1,35,64.83,OEM
2023-07-28,Industrial Motor 5HP,Motors,USA,10392.09,20,7108.53,OEM
2023-07-28,Hydraulic Cylinder HC-40,Hydraulics,China,5321.97,19,3489.26,Distributor
2023-07-29,Steel Bearing 6205,Components,China,58.33,13,23.69,Distributor
2023-07-29,Gearbox Assembly GB-12,Motors,USA,18666.66,14,9674.01,Direct Industrial
2023-07-29,Conveyor Belt Roller,Components,Poland,981.52,40,522.26,Distributor
2023-07-30,Industrial Motor 5HP,Motors,Mexico,14350.29,24,8416.24,Direct Industrial
2023-07-30,Hydraulic Cylinder HC-40,Hydraulics,South Korea,13888.53,48,8276.46,OEM
2023-07-30,PLC Controller Unit,Automation,Mexico,9865.88,11,5243.84,Direct Industrial
2023-07-30,Safety Sensor Array,Automation,Poland,1761.47,8,778.83,OEM
2023-07-30,Pneumatic Valve V-200,Hydraulics,Mexico,3872.5,25,1679.34,OEM
2023-07-30,Steel Bearing 6205,Components,China,120.13,31,61.04,Distributor
2023-07-30,Steel Bearing 6205,Components,Germany,284.95,66,123.6,Direct Industrial
2023-07-30,Steel Bearing 6205,Components,China,87.55,23,44.14,Distributor
2023-07-31,Safety Sensor Array,Automation,Germany,1785.09,10,986.5,Direct Industrial
2023-07-31,Pneumatic Valve V-200,Hydraulics,Mexico,3498.25,22,1423.35,Direct Industrial
2023-07-31,Gearbox Assembly GB-12,Motors,USA,35184.82,29,19400.18,Direct Industrial
2023-07-31,PLC Controller Unit,Automation,South Korea,10043.08,13,6052.77,Distributor
2023-07-31,Hydraulic Cylinder HC-40,Hydraulics,USA,4290.0,14,2438.62,Direct Industrial
2023-07-31,PLC Controller Unit,Automation,Poland,36058.73,41,18541.46,Direct Industrial
2023-08-01,Gearbox Assembly GB-12,Motors,Germany,56390.42,50,34047.79,Direct Industrial
2023-08-01,Hydraulic Cylinder HC-40,Hydraulics,Mexico,7693.49,25,4549.6,Distributor
2023-08-01,Gearbox Assembly GB-12,Motors,Mexico,48736.1,45,32129.18,Distributor
2023-08-02,Hydraulic Cylinder HC-40,Hydraulics,Germany,9848.33,35,6269.86,Distributor
2023-08-02,Industrial Motor 5HP,Motors,Mexico,10565.06,20,6697.63,Direct Industrial
2023-08-02,Conveyor Belt Roller,Components,Germany,422.23,15,180.45,OEM
2023-08-02,Hydraulic Cylinder HC-40,Hydraulics,USA,9320.07,31,5236.65,Direct Industrial
2023-08-02,Pneumatic Valve V-200,Hydraulics,China,3804.12,26,1685.73,OEM
2023-08-03,Pneumatic Valve V-200,Hydraulics,USA,3304.44,24,1688.71,Direct Industrial
2023-08-03,Pneumatic Valve V-200,Hydraulics,USA,3536.4,28,1866.11,OEM
2023-08-03,Industrial Motor 5HP,Motors,South Korea,5412.68,10,3273.11,Direct Industrial
2023-08-03,Hydraulic Cylinder HC-40,Hydraulics,China,9512.12,31,5426.34,Distributor
2023-08-03,Gearbox Assembly GB-12,Motors,South Korea,24899.9,20,14356.42,Distributor
2023-08-03,Conveyor Belt Roller,Components,Mexico,220.78,9,107.88,Distributor
2023-08-03,PLC Controller Unit,Automation,Poland,6142.88,8,3631.71,Distributor
2023-08-03,Gearbox Assembly GB-12,Motors,Germany,28357.47,23,16447.43,Direct Industrial
2023-08-04,Safety Sensor Array,Automation,Poland,9077.48,47,4384.54,Direct Industrial
2023-08-04,Safety Sensor Array,Automation,South Korea,2089.84,11,1032.08,Distributor
2023-08-04,Hydraulic Cylinder HC-40,Hydraulics,Poland,3631.97,13,2190.41,OEM
2023-08-04,Steel Bearing 6205,Components,China,65.85,17,32.67,Distributor
2023-08-04,PLC Controller Unit,Automation,China,15492.77,20,9026.21,Direct Industrial
2023-08-04,Safety Sensor Array,Automation,South Korea,2833.69,13,1209.15,OEM
2023-08-04,PLC Controller Unit,Automation,Mexico,27799.44,29,13992.99,OEM
2023-08-04,Pneumatic Valve V-200,Hydraulics,China,1042.85,7,491.27,OEM
2023-08-04,Conveyor Belt Roller,Components,China,685.68,25,318.87,OEM
2023-08-04,Industrial Motor 5HP,Motors,USA,21958.96,39,12844.44,Direct Industrial
2023-08-04,Hydraulic Cylinder HC-40,Hydraulics,Mexico,8963.38,31,5254.03,Distributor
2023-08-04,Industrial Motor 5HP,Motors,South Korea,17525.75,30,10427.88,Distributor
2023-08-05,Pneumatic Valve V-200,Hydraulics,Poland,1132.27,8,521.31,Direct Industrial
2023-08-05,Safety Sensor Array,Automation,South Korea,4363.4,22,2056.36,Distributor
2023-08-06,Safety Sensor Array,Automation,Germany,5493.42,24,2310.46,Distributor
2023-08-06,Industrial Motor 5HP,Motors,South Korea,10834.11,20,6946.19,Distributor
2023-08-06,Industrial Motor 5HP,Motors,Mexico,14488.68,24,8326.33,OEM
2023-08-06,PLC Controller Unit,Automation,Germany,9682.01,12,5835.42,Distributor
2023-08-06,PLC Controller Unit,Automation,South Korea,23310.74,26,12145.84,Direct Industrial
2023-08-06,Steel Bearing 6205,Components,China,191.25,50,96.9,Direct Industrial
2023-08-06,Industrial Motor 5HP,Motors,USA,18871.24,33,10834.46,Distributor
2023-08-07,Conveyor Belt Roller,Components,South Korea,576.01,19,231.81,Direct Industrial
2023-08-07,Steel Bearing 6205,Components,South Korea,84.9,20,36.64,OEM
2023-08-07,Steel Bearing 6205,Components,Poland,134.94,32,57.77,OEM
2023-08-07,Conveyor Belt Roller,Components,South Korea,1182.27,48,602.53,Distributor
2023-08-07,Hydraulic Cylinder HC-40,Hydraulics,South Korea,13257.89,45,7507.65,Distributor
2023-08-07,Hydraulic Cylinder HC-40,Hydraulics,China,3649.76,11,1884.55,Distributor
2023-08-07,Hydraulic Cylinder HC-40,Hydraulics,Mexico,10412.04,38,6334.52,Direct Industrial
2023-08-07,Hydraulic Cylinder HC-40,Hydraulics,Mexico,5769.29,19,3374.98,Distributor
2023-08-07,Gearbox Assembly GB-12,Motors,Poland,14074.81,13,9396.1,Distributor
2023-08-07,Safety Sensor Array,Automation,USA,5007.83,26,2368.3,Distributor
2023-08-08,Conveyor Belt Roller,Components,South Korea,123.02,4,48.77,OEM
2023-08-08,Safety Sensor Array,Automation,China,5585.85,25,2432.27,Distributor
2023-08-08,Pneumatic Valve V-200,Hydraulics,Poland,2792.49,21,1447.77,Direct Industrial
2023-08-08,Industrial Motor 5HP,Motors,China,11931.11,18,5982.95,Direct Industrial
2023-08-08,Gearbox Assembly GB-12,Motors,Mexico,20727.34,19,12508.87,Direct Industrial
2023-08-08,Steel Bearing 6205,Components,Poland,39.84,11,20.38,Direct Industrial
2023-08-08,PLC Controller Unit,Automation,Poland,13163.62,14,6631.78,OEM
2023-08-08,Conveyor Belt Roller,Components,South Korea,475.8,19,237.73,Direct Industrial
2023-08-08,Steel Bearing 6205,Components,China,68.2,16,30.94,Distributor
2023-08-09,Conveyor Belt Roller,Components,Germany,448.63,15,179.99,OEM
2023-08-09,Safety Sensor Array,Automation,South Korea,4331.27,21,2054.51,Distributor
2023-08-09,Steel Bearing 6205,Components,Germany,17.95,5,9.89,Distributor
2023-08-09,Gearbox Assembly GB-12,Motors,South Korea,21844.02,19,12684.76,Distributor
2023-08-09,Steel Bearing 6205,Components,Germany,119.25,33,59.97,OEM
2023-08-09,Steel Bearing 6205,Components,Germany,61.67,15,27.99,OEM
2023-08-09,Safety Sensor Array,Automation,Poland,1556.0,7,643.1,OEM
2023-08-10,Hydraulic Cylinder HC-40,Hydraulics,USA,2504.38,9,1631.73,Distributor
2023-08-10,Pneumatic Valve V-200,Hydraulics,South Korea,6436.93,42,2727.86,OEM
2023-08-10,Gearbox Assembly GB-12,Motors,South Korea,48453.95,45,31405.11,OEM
2023-08-10,PLC Controller Unit,Automation,Poland,7854.26,10,4884.42,OEM
2023-08-10,Safety Sensor Array,Automation,Germany,11661.55,54,5191.84,Direct Industrial
2023-08-10,PLC Controller Unit,Automation,Poland,27513.14,29,14175.13,Direct Industrial
2023-08-10,Steel Bearing 6205,Components,Germany,221.3,48,95.26,Distributor
2023-08-10,Safety Sensor Array,Automation,Poland,2160.8,10,974.39,OEM
2023-08-10,PLC Controller Unit,Automation,Mexico,29791.6,33,15450.83,Distributor
2023-08-10,Pneumatic Valve V-200,Hydraulics,South Korea,2577.6,17,1174.92,Direct Industrial
2023-08-11,Pneumatic Valve V-200,Hydraulics,Mexico,1880.14,15,1035.19,Distributor
2023-08-11,Steel Bearing 6205,Components,Mexico,49.09,11,19.99,Direct Industrial
2023-08-11,Pneumatic Valve V-200,Hydraulics,Poland,2765.67,18,1231.68,OEM
2023-08-11,Safety Sensor Array,Automation,USA,10198.91,48,4372.51,OEM
2023-08-11,Gearbox Assembly GB-12,Motors,USA,29733.83,23,15169.17,OEM
2023-08-11,PLC Controller Unit,Automation,China,6581.63,8,3668.16,Direct Industrial
2023-08-11,Hydraulic Cylinder HC-40,Hydraulics,Poland,7866.93,24,4283.92,Direct Industrial
2023-08-12,Safety Sensor Array,Automation,South Korea,8873.02,39,3764.53,Direct Industrial
2023-08-12,Industrial Motor 5HP,Motors,Mexico,15314.79,26,8912.47,OEM
2023-08-12,PLC Controller Unit,Automation,Mexico,12153.77,16,7246.04,Distributor
2023-08-12,Safety Sensor Array,Automation,South Korea,2359.55,13,1225.54,Direct Industrial
2023-08-12,Pneumatic Valve V-200,Hydraulics,Germany,3220.1,26,1811.02,Distributor
2023-08-12,Gearbox Assembly GB-12,Motors,Poland,16965.52,14,10070.02,Direct Industrial
2023-08-12,Gearbox Assembly GB-12,Motors,Mexico,29924.99,23,16608.13,Direct Industrial
2023-08-12,Gearbox Assembly GB-12,Motors,Mexico,33155.92,26,18647.73,Direct Industrial
2023-08-12,Conveyor Belt Roller,Components,Poland,810.52,29,347.37,Direct Industrial
2023-08-13,Pneumatic Valve V-200,Hydraulics,USA,3349.64,25,1739.22,OEM
2023-08-13,Pneumatic Valve V-200,Hydraulics,USA,1838.06,14,919.58,Distributor
2023-08-13,Gearbox Assembly GB-12,Motors,China,2330.13,2,1433.96,Distributor
2023-08-13,Industrial Motor 5HP,Motors,Germany,41259.74,75,25785.23,OEM
2023-08-13,Conveyor Belt Roller,Components,China,704.94,29,349.2,Distributor
2023-08-13,Industrial Motor 5HP,Motors,Poland,10100.11,18,6287.39,Distributor
2023-08-14,Pneumatic Valve V-200,Hydraulics,USA,7073.77,54,3734.33,OEM
2023-08-14,PLC Controller Unit,Automation,China,28280.78,29,13073.41,OEM
2023-08-14,Industrial Motor 5HP,Motors,China,17521.19,28,9822.57,Distributor
2023-08-14,Steel Bearing 6205,Components,Mexico,143.23,34,66.2,Direct Industrial
2023-08-14,PLC Controller Unit,Automation,China,39874.51,45,20674.27,Distributor
2023-08-14,PLC Controller Unit,Automation,China,18512.98,21,10206.83,OEM
2023-08-14,Pneumatic Valve V-200,Hydraulics,Mexico,2712.81,20,1328.98,OEM
2023-08-15,Safety Sensor Array,Automation,USA,14671.91,81,7507.38,Distributor
2023-08-15,PLC Controller Unit,Automation,South Korea,24112.06,26,12049.87,Direct Industrial
2023-08-15,Gearbox Assembly GB-12,Motors,Poland,25389.2,20,13998.2,Distributor
2023-08-15,Industrial Motor 5HP,Motors,South Korea,6721.24,12,4041.79,Direct Industrial
2023-08-15,Safety Sensor Array,Automation,Germany,4021.3,21,1907.02,OEM
2023-08-16,Conveyor Belt Roller,Components,China,178.08,6,75.44,Direct Industrial
2023-08-16,Gearbox Assembly GB-12,Motors,Poland,47706.91,35,22999.51,Direct Industrial
2023-08-16,PLC Controller Unit,Automation,Poland,8816.09,11,5016.97,Distributor
2023-08-16,Industrial Motor 5HP,Motors,USA,8705.98,15,5126.55,OEM
2023-08-16,Safety Sensor Array,Automation,Mexico,7850.46,35,3410.08,Distributor
2023-08-16,Pneumatic Valve V-200,Hydraulics,Poland,5570.8,41,2916.6,Direct Industrial
2023-08-16,Conveyor Belt Roller,Components,Poland,785.93,26,323.09,Direct Industrial
2023-08-16,Industrial Motor 5HP,Motors,South Korea,13045.31,20,7085.19,Direct Industrial
2023-08-17,Gearbox Assembly GB-12,Motors,Poland,6185.8,5,3401.57,OEM
2023-08-17,Gearbox Assembly GB-12,Motors,China,5884.52,5,3452.75,OEM
2023-08-17,Conveyor Belt Roller,Components,China,939.92,38,469.67,OEM
2023-08-17,Industrial Motor 5HP,Motors,USA,23113.74,40,14148.38,Direct Industrial
2023-08-17,Steel Bearing 6205,Components,Germany,73.92,18,33.66,Distributor
2023-08-17,PLC Controller Unit,Automation,China,18279.42,20,9131.24,OEM
2023-08-17,Pneumatic Valve V-200,Hydraulics,China,6264.66,42,2886.82,Direct Industrial
2023-08-17,Gearbox Assembly GB-12,Motors,USA,22984.97,20,13943.21,Direct Industrial
2023-08-17,Safety Sensor Array,Automation,China,2208.79,12,1133.52,OEM
2023-08-18,Conveyor Belt Roller,Components,China,921.84,34,425.27,OEM
2023-08-18,Pneumatic Valve V-200,Hydraulics,South Korea,5519.0,39,2627.96,Distributor
2023-08-18,Safety Sensor Array,Automation,China,3494.64,16,1484.57,Direct Industrial
2023-08-18,Industrial Motor 5HP,Motors,China,14037.56,26,9195.48,Distributor
2023-08-18,Steel Bearing 6205,Components,China,75.68,20,36.38,Direct Industrial
2023-08-18,PLC Controller Unit,Automation,Poland,29146.18,32,14747.69,OEM
2023-08-18,Gearbox Assembly GB-12,Motors,USA,26151.37,21,14717.13,Direct Industrial
2023-08-18,Steel Bearing 6205,Components,Mexico,77.93,19,36.39,Direct Industrial
2023-08-18,Conveyor Belt Roller,Components,Germany,395.69,13,157.28,Distributor
2023-08-18,Hydraulic Cylinder HC-40,Hydraulics,South Korea,7775.14,26,4547.82,Direct Industrial
2023-08-18,Conveyor Belt Roller,Components,Mexico,388.99,15,184.33,OEM
2023-08-19,Gearbox Assembly GB-12,Motors,China,26062.73,20,14239.74,OEM
2023-08-19,PLC Controller Unit,Automation,USA,2905.2,3,1424.56,OEM
2023-08-19,Conveyor Belt Roller,Components,Germany,1005.59,39,477.8,Direct Industrial
2023-08-19,Safety Sensor Array,Automation,Mexico,9236.77,47,4419.6,OEM
2023-08-19,Steel Bearing 6205,Components,China,204.37,48,92.06,OEM
2023-08-19,PLC Controller Unit,Automation,Germany,17525.04,19,8782.8,Direct Industrial
2023-08-19,Gearbox Assembly GB-12,Motors,USA,39004.52,33,22429.04,OEM
2023-08-19,Industrial Motor 5HP,Motors,Mexico,49958.58,76,26475.13,Direct Industrial
2023-08-20,Steel Bearing 6205,Components,Mexico,213.03,47,90.55,OEM
2023-08-20,Safety Sensor Array,Automation,Germany,3137.85,16,1567.25,OEM
2023-08-20,Pneumatic Valve V-200,Hydraulics,USA,1709.54,11,756.45,Distributor
2023-08-20,Safety Sensor Array,Automation,China,8629.81,39,3781.09,Direct Industrial
2023-08-20,PLC Controller Unit,Automation,Germany,4270.95,5,2388.97,OEM
2023-08-20,Pneumatic Valve V-200,Hydraulics,Poland,3330.22,23,1568.87,Direct Industrial
2023-08-20,Industrial Motor 5HP,Motors,USA,23108.73,37,12188.25,Distributor
2023-08-20,PLC Controller Unit,Automation,South Korea,17779.85,20,9430.1,OEM
2023-08-20,Safety Sensor Array,Automation,Germany,4302.09,20,1899.42,Distributor
2023-08-21,Industrial Motor 5HP,Motors,China,4546.02,7,2452.75,Direct Industrial
2023-08-21,Pneumatic Valve V-200,Hydraulics,USA,2267.55,16,1137.1,Direct Industrial
2023-08-21,Steel Bearing 6205,Components,USA,77.0,17,33.8,Direct Industrial
2023-08-21,Hydraulic Cylinder HC-40,Hydraulics,Poland,3374.89,10,1761.18,OEM
2023-08-21,Industrial Motor 5HP,Motors,Poland,45476.22,79,26375.72,Distributor
2023-08-21,Gearbox Assembly GB-12,Motors,Germany,40864.71,33,22968.15,OEM
2023-08-21,Hydraulic Cylinder HC-40,Hydraulics,China,4688.58,15,2654.53,Direct Industrial
2023-08-21,Pneumatic Valve V-200,Hydraulics,Germany,6000.32,40,2703.6,OEM
2023-08-22,PLC Controller Unit,Automation,Germany,10093.42,12,5776.07,Direct Industrial
2023-08-22,Conveyor Belt Roller,Components,Mexico,957.74,38,457.98,Distributor
2023-08-22,Industrial Motor 5HP,Motors,Mexico,35789.35,58,20126.25,Distributor
2023-08-22,Gearbox Assembly GB-12,Motors,Mexico,25283.5,19,13223.21,Distributor
2023-08-22,Gearbox Assembly GB-12,Motors,USA,31874.03,27,17742.0,Direct Industrial
2023-08-22,PLC Controller Unit,Automation,South Korea,10344.55,12,5728.42,OEM
2023-08-22,Hydraulic Cylinder HC-40,Hydraulics,Mexico,9809.53,32,5391.18,OEM
2023-08-23,Industrial Motor 5HP,Motors,China,3831.67,7,2410.29,Distributor
2023-08-23,Safety Sensor Array,Automation,Mexico,8376.87,40,3772.52,OEM
2023-08-23,Hydraulic Cylinder HC-40,Hydraulics,Mexico,4894.89,17,2914.29,OEM
2023-08-23,Gearbox Assembly GB-12,Motors,Germany,27462.96,20,13470.96,Direct Industrial
2023-08-23,Hydraulic Cylinder HC-40,Hydraulics,South Korea,2912.8,9,1571.46,Direct Industrial
2023-08-23,Safety Sensor Array,Automation,Poland,4345.91,19,1720.82,Distributor
2023-08-23,Industrial Motor 5HP,Motors,USA,11180.69,17,5919.93,OEM
2023-08-23,Conveyor Belt Roller,Components,USA,330.17,13,164.05,OEM
2023-08-24,Hydraulic Cylinder HC-40,Hydraulics,South Korea,10373.02,30,5479.36,Distributor
2023-08-24,PLC Controller Unit,Automation,Poland,37857.59,39,18423.45,Direct Industrial
2023-08-24,Industrial Motor 5HP,Motors,South Korea,28705.42,53,18353.7,OEM
2023-08-24,Pneumatic Valve V-200,Hydraulics,Poland,1413.33,10,665.06,Direct Industrial
2023-08-24,Pneumatic Valve V-200,Hydraulics,Germany,1075.9,8,563.08,OEM
2023-08-24,Safety Sensor Array,Automation,Germany,1102.45,5,463.81,OEM
2023-08-24,Pneumatic Valve V-200,Hydraulics,South Korea,4790.04,35,2289.48,Distributor
2023-08-24,PLC Controller Unit,Automation,Mexico,6286.7,8,3913.42,Distributor
2023-08-24,Industrial Motor 5HP,Motors,China,16871.49,27,9626.79,Direct Industrial
2023-08-24,Industrial Motor 5HP,Motors,Mexico,10560.92,16,5370.82,Direct Industrial
2023-08-24,Pneumatic Valve V-200,Hydraulics,Mexico,2897.29,19,1227.92,Direct Industrial
2023-08-24,Steel Bearing 6205,Components,Mexico,11.71,3,5.57,OEM
2023-08-25,Safety Sensor Array,Automation,Germany,6729.54,30,2953.08,Direct Industrial
2023-08-25,Industrial Motor 5HP,Motors,Poland,17379.0,28,9739.8,Direct Industrial
2023-08-25,Conveyor Belt Roller,Components,Mexico,1125.94,42,523.25,Direct Industrial
2023-08-25,Pneumatic Valve V-200,Hydraulics,South Korea,9449.2,72,4764.19,OEM
2023-08-25,Gearbox Assembly GB-12,Motors,South Korea,5000.62,4,2712.43,Direct Industrial
2023-08-26,Conveyor Belt Roller,Components,USA,277.07,10,127.73,OEM
2023-08-26,Pneumatic Valve V-200,Hydraulics,Germany,3849.74,30,2117.75,Distributor
2023-08-26,Pneumatic Valve V-200,Hydraulics,Poland,1005.55,7,456.48,Distributor
2023-08-26,Industrial Motor 5HP,Motors,Mexico,5811.59,10,3312.81,Direct Industrial
2023-08-26,PLC Controller Unit,Automation,Poland,12393.78,16,7594.11,OEM
2023-08-26,Steel Bearing 6205,Components,Poland,23.4,6,11.51,Distributor
2023-08-27,Conveyor Belt Roller,Components,Poland,461.83,15,195.84,Distributor
2023-08-27,Safety Sensor Array,Automation,China,11069.89,50,4651.56,Direct Industrial
2023-08-27,Pneumatic Valve V-200,Hydraulics,South Korea,6146.6,44,3111.55,Distributor
2023-08-27,Safety Sensor Array,Automation,Germany,3214.66,14,1362.91,Distributor
2023-08-27,Pneumatic Valve V-200,Hydraulics,USA,5701.44,46,3130.17,Distributor
2023-08-27,Conveyor Belt Roller,Components,Germany,419.31,17,211.61,OEM
2023-08-28,Steel Bearing 6205,Components,USA,74.53,18,33.54,OEM
2023-08-28,Steel Bearing 6205,Components,China,118.02,26,51.52,Distributor
2023-08-28,Hydraulic Cylinder HC-40,Hydraulics,South Korea,9677.77,29,5075.67,Distributor
2023-08-28,Safety Sensor Array,Automation,Poland,3721.87,17,1555.3,Distributor
2023-08-28,Safety Sensor Array,Automation,Mexico,859.13,4,388.49,OEM
2023-08-28,Conveyor Belt Roller,Components,Poland,697.18,28,336.16,OEM
2023-08-28,Industrial Motor 5HP,Motors,China,3134.92,6,1996.73,Distributor
2023-08-28,Pneumatic Valve V-200,Hydraulics,South Korea,3534.87,24,1575.39,Distributor
2023-08-29,PLC Controller Unit,Automation,Poland,78597.61,85,40888.5,Distributor
2023-08-29,PLC Controller Unit,Automation,Germany,28377.15,29,13590.85,Direct Industrial
2023-08-29,Pneumatic Valve V-200,Hydraulics,USA,1070.81,8,569.34,OEM
2023-08-29,Steel Bearing 6205,Components,Germany,106.24,26,51.28,Direct Industrial
2023-08-29,Industrial Motor 5HP,Motors,South Korea,14519.97,22,7761.5,Direct Industrial
2023-08-29,Hydraulic Cylinder HC-40,Hydraulics,Mexico,2184.98,8,1375.58,Distributor
2023-08-29,Steel Bearing 6205,Components,USA,127.83,28,54.71,OEM
2023-08-30,Conveyor Belt Roller,Components,Mexico,746.51,27,353.43,OEM
2023-08-30,Steel Bearing 6205,Components,Germany,92.65,23,45.21,OEM
2023-08-30,Gearbox Assembly GB-12,Motors,USA,62560.34,52,36530.48,OEM
2023-08-30,Steel Bearing 6205,Components,Mexico,259.28,67,132.38,Distributor
2023-08-30,Hydraulic Cylinder HC-40,Hydraulics,South Korea,1744.32,6,1014.13,Distributor
2023-08-30,Conveyor Belt Roller,Components,Mexico,724.77,29,364.34,Direct Industrial
2023-08-30,Conveyor Belt Roller,Components,South Korea,371.69,15,194.46,Distributor
2023-08-30,Steel Bearing 6205,Components,Mexico,82.88,18,34.88,Direct Industrial
2023-08-31,Hydraulic Cylinder HC-40,Hydraulics,USA,2386.4,8,1333.56,OEM
2023-08-31,Pneumatic Valve V-200,Hydraulics,Poland,3461.23,25,1683.72,Distributor
2023-08-31,Gearbox Assembly GB-12,Motors,Germany,13339.02,10,7086.43,Distributor
2023-08-31,Steel Bearing 6205,Components,Poland,45.47,11,20.15,OEM
2023-08-31,Gearbox Assembly GB-12,Motors,China,38546.85,34,22344.72,Direct Industrial
2023-08-31,PLC Controller Unit,Automation,China,22409.51,28,13748.94,OEM
2023-08-31,Pneumatic Valve V-200,Hydraulics,China,3390.84,24,1565.56,OEM
2023-08-31,Pneumatic Valve V-200,Hydraulics,Mexico,2071.31,16,1058.86,Direct Industrial
2023-09-01,Industrial Motor 5HP,Motors,Germany,6921.47,13,4378.66,Direct Industrial
2023-09-01,Safety Sensor Array,Automation,USA,4041.65,19,1833.1,Distributor
2023-09-01,Industrial Motor 5HP,Motors,Germany,3220.31,5,1689.83,OEM
2023-09-01,Steel Bearing 6205,Components,Mexico,97.55,25,48.04,OEM
2023-09-01,Pneumatic Valve V-200,Hydraulics,Mexico,640.42,5,327.24,Distributor
2023-09-01,Hydraulic Cylinder HC-40,Hydraulics,Germany,16234.83,48,8265.88,Direct Industrial
2023-09-01,Industrial Motor 5HP,Motors,Germany,13409.65,24,8511.67,OEM
2023-09-01,Steel Bearing 6205,Components,Poland,107.74,25,48.05,OEM
2023-09-02,Steel Bearing 6205,Components,USA,72.58,18,34.67,Distributor
2023-09-02,PLC Controller Unit,Automation,South Korea,17400.2,23,11189.06,Direct Industrial
2023-09-02,Gearbox Assembly GB-12,Motors,Mexico,12973.27,10,7097.31,OEM
2023-09-02,PLC Controller Unit,Automation,Poland,24021.73,29,13918.37,Distributor
2023-09-02,Conveyor Belt Roller,Components,Germany,572.04,19,229.5,Direct Industrial
2023-09-03,Industrial Motor 5HP,Motors,Mexico,7500.45,13,4576.31,Direct Industrial
2023-09-03,PLC Controller Unit,Automation,USA,15561.11,18,8757.72,Direct Industrial
2023-09-03,Steel Bearing 6205,Components,Germany,77.84,20,36.53,Distributor
2023-09-03,Steel Bearing 6205,Components,China,88.18,23,42.74,Direct Industrial
2023-09-03,Steel Bearing 6205,Components,China,17.7,4,7.83,Distributor
2023-09-03,Gearbox Assembly GB-12,Motors,Poland,12269.87,11,7488.54,OEM
2023-09-03,Safety Sensor Array,Automation,Germany,6918.62,37,3363.17,Direct Industrial
2023-09-03,PLC Controller Unit,Automation,Mexico,11160.53,13,6018.73,Distributor
2023-09-03,Conveyor Belt Roller,Components,Poland,113.73,4,49.72,OEM
2023-09-03,Safety Sensor Array,Automation,Mexico,7781.79,35,3423.27,Distributor
2023-09-03,Safety Sensor Array,Automation,Poland,4568.27,22,2006.76,Distributor
2023-09-03,Hydraulic Cylinder HC-40,Hydraulics,Poland,5864.58,20,3372.29,OEM
2023-09-03,Hydraulic Cylinder HC-40,Hydraulics,Poland,12071.38,38,6478.15,OEM
2023-09-03,Industrial Motor 5HP,Motors,Germany,2201.04,4,1306.09,Distributor
2023-09-03,Conveyor Belt Roller,Components,China,841.4,32,380.68,Direct Industrial
2023-09-04,Gearbox Assembly GB-12,Motors,South Korea,8088.63,6,4221.46,Direct Industrial
2023-09-04,Safety Sensor Array,Automation,USA,3427.25,16,1530.17,Direct Industrial
2023-09-04,Conveyor Belt Roller,Components,South Korea,630.64,25,318.96,Distributor
2023-09-05,Hydraulic Cylinder HC-40,Hydraulics,Mexico,14059.02,44,7630.84,OEM
2023-09-05,Conveyor Belt Roller,Components,South Korea,630.08,22,271.66,Direct Industrial
2023-09-05,Safety Sensor Array,Automation,Mexico,4929.42,27,2541.73,OEM
2023-09-05,Hydraulic Cylinder HC-40,Hydraulics,South Korea,2980.56,10,1773.98,Distributor
2023-09-05,Safety Sensor Array,Automation,Mexico,7457.32,36,3286.67,Distributor
2023-09-05,Steel Bearing 6205,Components,Germany,144.46,34,63.44,OEM
2023-09-05,Safety Sensor Array,Automation,South Korea,6220.3,30,2929.51,OEM
2023-09-05,PLC Controller Unit,Automation,USA,20267.44,25,11700.25,OEM
2023-09-05,Gearbox Assembly GB-12,Motors,Poland,16389.76,13,8784.97,OEM
2023-09-06,Gearbox Assembly GB-12,Motors,Germany,77266.43,61,40791.63,Distributor
2023-09-06,Industrial Motor 5HP,Motors,USA,11735.82,19,6637.78,Distributor
2023-09-06,Industrial Motor 5HP,Motors,Poland,9905.54,16,5677.49,OEM
2023-09-06,Hydraulic Cylinder HC-40,Hydraulics,Poland,1377.61,4,677.85,Distributor
2023-09-06,Industrial Motor 5HP,Motors,Germany,21375.55,35,11903.67,Distributor
2023-09-06,Steel Bearing 6205,Components,Germany,59.15,13,24.1,Direct Industrial
2023-09-06,Hydraulic Cylinder HC-40,Hydraulics,USA,11787.25,34,5771.09,Distributor
2023-09-06,Industrial Motor 5HP,Motors,Germany,5076.23,8,2810.01,Direct Industrial
2023-09-06,PLC Controller Unit,Automation,Poland,4886.27,6,2751.44,OEM
2023-09-06,PLC Controller Unit,Automation,Germany,6096.96,7,3278.02,Direct Industrial
2023-09-06,Gearbox Assembly GB-12,Motors,Poland,23213.48,21,14229.16,Direct Industrial
2023-09-07,Steel Bearing 6205,Components,Germany,67.95,17,33.91,Distributor
2023-09-07,Conveyor Belt Roller,Components,South Korea,452.32,15,189.96,OEM
2023-09-07,Industrial Motor 5HP,Motors,China,11239.95,19,6275.12,OEM
2023-09-07,PLC Controller Unit,Automation,Poland,10301.52,13,6069.96,Direct Industrial
2023-09-07,Conveyor Belt Roller,Components,Mexico,1031.86,42,509.6,OEM
2023-09-07,Gearbox Assembly GB-12,Motors,USA,31958.13,30,20845.96,Distributor
2023-09-07,PLC Controller Unit,Automation,Mexico,12697.12,13,5920.35,OEM
2023-09-07,Hydraulic Cylinder HC-40,Hydraulics,Germany,2685.02,8,1411.25,Direct Industrial
2023-09-07,Conveyor Belt Roller,Components,South Korea,1076.7,43,533.45,Distributor
2023-09-07,Hydraulic Cylinder HC-40,Hydraulics,Germany,7030.62,25,4212.59,OEM
2023-09-08,Gearbox Assembly GB-12,Motors,South Korea,15691.49,12,8495.14,Direct Industrial
2023-09-08,Industrial Motor 5HP,Motors,South Korea,17174.64,27,9454.74,Direct Industrial
2023-09-08,Gearbox Assembly GB-12,Motors,South Korea,26678.4,23,15777.71,Distributor
2023-09-08,Hydraulic Cylinder HC-40,Hydraulics,South Korea,6247.24,21,3720.06,OEM
2023-09-08,Industrial Motor 5HP,Motors,USA,18544.92,31,10554.35,Distributor
2023-09-09,Conveyor Belt Roller,Components,South Korea,1321.02,55,655.36,Direct Industrial
2023-09-09,Gearbox Assembly GB-12,Motors,USA,34299.45,29,20464.38,Direct Industrial
2023-09-09,Hydraulic Cylinder HC-40,Hydraulics,Mexico,13614.02,44,7878.97,Distributor
2023-09-09,Safety Sensor Array,Automation,Germany,3265.42,17,1688.29,Distributor
2023-09-09,Steel Bearing 6205,Components,USA,133.0,31,57.8,OEM
2023-09-09,PLC Controller Unit,Automation,Mexico,26647.65,28,13058.58,Direct Industrial
2023-09-09,Industrial Motor 5HP,Motors,Poland,18883.68,33,10666.36,OEM
2023-09-09,Pneumatic Valve V-200,Hydraulics,USA,1473.07,10,686.79,Distributor
2023-09-09,Safety Sensor Array,Automation,Mexico,1345.74,7,675.33,Distributor
2023-09-10,Pneumatic Valve V-200,Hydraulics,Germany,3321.15,22,1428.89,Direct Industrial
2023-09-10,Gearbox Assembly GB-12,Motors,South Korea,131066.03,97,67429.39,Distributor
2023-09-10,Steel Bearing 6205,Components,South Korea,116.49,32,61.65,Distributor
2023-09-10,Gearbox Assembly GB-12,Motors,South Korea,13528.52,12,8563.36,Distributor
2023-09-10,Industrial Motor 5HP,Motors,China,12463.55,21,6963.9,Distributor
2023-09-10,Conveyor Belt Roller,Components,Mexico,553.79,18,216.65,Distributor
2023-09-11,Conveyor Belt Roller,Components,Germany,742.58,26,310.35,OEM
2023-09-11,PLC Controller Unit,Automation,South Korea,35381.87,44,21298.63,OEM
2023-09-11,Hydraulic Cylinder HC-40,Hydraulics,USA,6554.52,24,4350.32,OEM
2023-09-11,Steel Bearing 6205,Components,South Korea,50.13,11,21.58,Direct Industrial
2023-09-11,Gearbox Assembly GB-12,Motors,Mexico,33305.15,25,18051.29,OEM
2023-09-11,Industrial Motor 5HP,Motors,USA,10613.62,16,5294.01,Distributor
2023-09-11,Gearbox Assembly GB-12,Motors,Mexico,17823.21,16,11371.95,OEM
2023-09-12,Industrial Motor 5HP,Motors,Mexico,5860.53,10,3322.78,OEM
2023-09-12,Hydraulic Cylinder HC-40,Hydraulics,South Korea,7713.05,27,4568.46,OEM
2023-09-12,Industrial Motor 5HP,Motors,China,3128.67,5,1636.83,Distributor
2023-09-12,PLC Controller Unit,Automation,China,21163.55,23,11304.87,Distributor
2023-09-12,Hydraulic Cylinder HC-40,Hydraulics,South Korea,19864.52,66,11559.81,Distributor
2023-09-12,Gearbox Assembly GB-12,Motors,China,61200.24,47,32061.82,Direct Industrial
2023-09-12,PLC Controller Unit,Automation,Germany,26160.95,28,13777.45,Direct Industrial
2023-09-12,Industrial Motor 5HP,Motors,South Korea,19916.37,37,12429.81,Direct Industrial
2023-09-12,Safety Sensor Array,Automation,South Korea,11807.35,57,5148.4,OEM
2023-09-12,Conveyor Belt Roller,Components,Poland,825.12,32,406.76,Direct Industrial
2023-09-12,PLC Controller Unit,Automation,USA,5524.71,7,3431.03,Distributor
2023-09-13,Hydraulic Cylinder HC-40,Hydraulics,South Korea,2684.04,8,1450.61,OEM
2023-09-13,Steel Bearing 6205,Components,China,13.74,3,5.74,Distributor
2023-09-14,Hydraulic Cylinder HC-40,Hydraulics,South Korea,7872.34,27,4822.95,Direct Industrial
2023-09-14,Safety Sensor Array,Automation,South Korea,3975.64,18,1794.34,Distributor
2023-09-14,Gearbox Assembly GB-12,Motors,China,26884.73,22,15822.13,OEM
2023-09-14,Gearbox Assembly GB-12,Motors,Mexico,13907.7,11,7513.98,Distributor
2023-09-14,Steel Bearing 6205,Components,USA,67.72,16,29.94,Direct Industrial
2023-09-14,Industrial Motor 5HP,Motors,Poland,8296.35,13,4480.25,Direct Industrial
2023-09-14,Gearbox Assembly GB-12,Motors,Mexico,22578.54,21,14586.29,OEM
2023-09-14,Steel Bearing 6205,Components,South Korea,95.06,25,49.59,OEM
2023-09-14,Gearbox Assembly GB-12,Motors,Poland,24112.75,20,14141.35,Direct Industrial
2023-09-14,Hydraulic Cylinder HC-40,Hydraulics,Poland,8212.0,26,4382.94,Distributor
2023-09-14,PLC Controller Unit,Automation,China,18438.4,22,9869.55,Direct Industrial
2023-09-15,Conveyor Belt Roller,Components,China,583.45,24,293.31,Distributor
2023-09-15,Industrial Motor 5HP,Motors,South Korea,8799.68,15,5193.86,Direct Industrial
2023-09-15,Pneumatic Valve V-200,Hydraulics,Germany,3119.11,20,1314.14,OEM
2023-09-15,Gearbox Assembly GB-12,Motors,China,22110.66,20,14112.78,Distributor
2023-09-15,Safety Sensor Array,Automation,Poland,4888.3,25,2385.99,Distributor
2023-09-15,Steel Bearing 6205,Components,China,124.93,28,51.11,Distributor
2023-09-16,Pneumatic Valve V-200,Hydraulics,Mexico,4101.11,33,2140.27,Distributor
2023-09-16,Industrial Motor 5HP,Motors,Germany,16899.12,26,9217.62,Direct Industrial
2023-09-16,Pneumatic Valve V-200,Hydraulics,Germany,3133.69,21,1439.78,OEM
2023-09-16,Safety Sensor Array,Automation,Mexico,13541.3,60,5470.7,OEM
2023-09-16,Safety Sensor Array,Automation,China,9061.61,46,4480.72,Direct Industrial
2023-09-16,Gearbox Assembly GB-12,Motors,China,20536.22,15,10805.3,Distributor
2023-09-16,Hydraulic Cylinder HC-40,Hydraulics,China,13277.21,43,7231.4,Direct Industrial
2023-09-16,Conveyor Belt Roller,Components,USA,265.21,9,116.65,Direct Industrial
2023-09-16,Conveyor Belt Roller,Components,Germany,272.77,11,138.78,Distributor
2023-09-16,Industrial Motor 5HP,Motors,Germany,20113.76,33,11240.99,OEM
2023-09-16,Industrial Motor 5HP,Motors,South Korea,21128.47,35,11899.65,OEM
2023-09-16,Steel Bearing 6205,Components,Mexico,54.11,15,29.45,Direct Industrial
2023-09-16,Conveyor Belt Roller,Components,China,421.06,15,190.86,OEM
2023-09-17,Steel Bearing 6205,Components,USA,61.26,16,29.18,OEM
2023-09-17,Steel Bearing 6205,Components,Mexico,146.71,34,67.34,Direct Industrial
2023-09-18,Conveyor Belt Roller,Components,South Korea,173.41,6,71.26,Direct Industrial
2023-09-18,Gearbox Assembly GB-12,Motors,USA,31226.75,27,17936.75,Distributor
2023-09-18,Hydraulic Cylinder HC-40,Hydraulics,South Korea,5057.36,16,2687.91,Direct Industrial
2023-09-18,Hydraulic Cylinder HC-40,Hydraulics,Germany,11876.78,41,7483.93,Direct Industrial
2023-09-18,Pneumatic Valve V-200,Hydraulics,USA,1485.67,10,662.91,Direct Industrial
2023-09-18,Industrial Motor 5HP,Motors,USA,9938.39,15,4959.44,Distributor
2023-09-19,Gearbox Assembly GB-12,Motors,Poland,24293.11,21,13922.61,OEM
2023-09-19,Pneumatic Valve V-200,Hydraulics,USA,2304.38,16,1112.11,OEM
2023-09-19,Pneumatic Valve V-200,Hydraulics,South Korea,130.73,1,70.51,Direct Industrial
2023-09-19,PLC Controller Unit,Automation,South Korea,53224.16,65,29703.98,Distributor
2023-09-19,Industrial Motor 5HP,Motors,Poland,11485.61,20,6847.16,Direct Industrial
2023-09-19,Steel Bearing 6205,Components,South Korea,50.81,11,20.45,Direct Industrial
2023-09-20,Conveyor Belt Roller,Components,USA,147.09,5,65.34,OEM
2023-09-20,Conveyor Belt Roller,Components,Germany,1402.71,50,628.83,Distributor
2023-09-20,Pneumatic Valve V-200,Hydraulics,Mexico,1411.35,9,630.56,Distributor
2023-09-20,PLC Controller Unit,Automation,South Korea,20187.49,21,9605.92,Direct Industrial
2023-09-20,PLC Controller Unit,Automation,China,12870.81,15,6724.05,OEM
2023-09-20,Conveyor Belt Roller,Components,Mexico,1570.83,57,733.85,Direct Industrial
2023-09-20,Gearbox Assembly GB-12,Motors,Germany,10711.04,8,5304.55,Direct Industrial
2023-09-20,Safety Sensor Array,Automation,Mexico,2497.34,12,1188.53,Direct Industrial
2023-09-20,Hydraulic Cylinder HC-40,Hydraulics,USA,8292.57,26,4740.61,Direct Industrial
2023-09-21,Pneumatic Valve V-200,Hydraulics,South Korea,1757.02,12,776.07,OEM
2023-09-21,Hydraulic Cylinder HC-40,Hydraulics,Germany,8777.1,25,4427.55,Direct Industrial
2023-09-21,Hydraulic Cylinder HC-40,Hydraulics,Mexico,7218.06,24,4150.82,Distributor
2023-09-21,Pneumatic Valve V-200,Hydraulics,Mexico,2751.52,22,1535.72,Distributor
2023-09-21,Hydraulic Cylinder HC-40,Hydraulics,Germany,6732.27,20,3482.18,OEM
2023-09-21,Gearbox Assembly GB-12,Motors,South Korea,13871.57,12,8561.09,Distributor
2023-09-21,Hydraulic Cylinder HC-40,Hydraulics,Germany,4681.71,15,2648.32,OEM
2023-09-21,Pneumatic Valve V-200,Hydraulics,Poland,3560.78,25,1736.39,Direct Industrial
2023-09-21,Safety Sensor Array,Automation,Germany,3030.5,16,1445.07,OEM
2023-09-22,Hydraulic Cylinder HC-40,Hydraulics,China,6459.84,21,3624.01,OEM
2023-09-22,Safety Sensor Array,Automation,USA,2976.64,14,1336.62,OEM
2023-09-22,Conveyor Belt Roller,Components,Germany,650.63,24,311.98,OEM
2023-09-22,Gearbox Assembly GB-12,Motors,South Korea,39832.64,36,23711.54,Distributor
2023-09-22,Pneumatic Valve V-200,Hydraulics,Mexico,2684.43,19,1343.81,OEM
2023-09-22,Safety Sensor Array,Automation,South Korea,2181.02,11,1066.5,OEM
2023-09-22,Safety Sensor Array,Automation,China,912.75,5,459.74,Direct Industrial
2023-09-22,Safety Sensor Array,Automation,China,1947.73,9,814.81,Direct Industrial
2023-09-22,Pneumatic Valve V-200,Hydraulics,Poland,2683.07,19,1255.98,Distributor
2023-09-23,Conveyor Belt Roller,Components,Germany,409.5,14,169.24,Direct Industrial
2023-09-23,Safety Sensor Array,Automation,South Korea,2459.99,11,1094.48,Direct Industrial
2023-09-23,Steel Bearing 6205,Components,USA,76.25,17,32.87,Distributor
2023-09-23,Gearbox Assembly GB-12,Motors,Mexico,31596.85,27,18464.65,Direct Industrial
2023-09-23,Hydraulic Cylinder HC-40,Hydraulics,Mexico,8920.98,31,5478.64,OEM
2023-09-24,Gearbox Assembly GB-12,Motors,China,63030.22,53,35831.72,Distributor
2023-09-24,Steel Bearing 6205,Components,USA,26.53,6,11.47,Direct Industrial
2023-09-24,Safety Sensor Array,Automation,Mexico,4598.84,25,2429.78,OEM
2023-09-24,Industrial Motor 5HP,Motors,China,10641.33,17,5539.46,Direct Industrial
2023-09-24,Gearbox Assembly GB-12,Motors,China,29238.71,24,16117.38,Distributor
2023-09-24,PLC Controller Unit,Automation,China,22517.6,26,12481.28,Distributor
2023-09-24,Industrial Motor 5HP,Motors,Poland,3255.31,6,2052.81,OEM
2023-09-24,Steel Bearing 6205,Components,China,11.01,3,5.66,Direct Industrial
2023-09-24,Gearbox Assembly GB-12,Motors,South Korea,17365.72,14,10065.75,OEM
2023-09-25,Gearbox Assembly GB-12,Motors,Mexico,52925.95,47,32234.27,Distributor
2023-09-25,Steel Bearing 6205,Components,Mexico,69.9,17,31.26,Distributor
2023-09-25,Conveyor Belt Roller,Components,Mexico,593.45,21,258.95,Direct Industrial
2023-09-25,Conveyor Belt Roller,Components,China,275.35,11,134.93,Direct Industrial
2023-09-25,Pneumatic Valve V-200,Hydraulics,China,2038.34,15,1014.33,Distributor
2023-09-25,Hydraulic Cylinder HC-40,Hydraulics,Germany,2384.16,8,1340.26,OEM
2023-09-25,Safety Sensor Array,Automation,USA,6777.17,36,3365.54,Direct Industrial
2023-09-25,Pneumatic Valve V-200,Hydraulics,USA,3958.83,25,1770.61,OEM
2023-09-26,Pneumatic Valve V-200,Hydraulics,Germany,4133.04,31,2167.5,OEM
2023-09-26,Gearbox Assembly GB-12,Motors,Germany,13798.64,12,8082.2,OEM
2023-09-26,Conveyor Belt Roller,Components,China,176.43,6,77.86,Distributor
2023-09-26,Steel Bearing 6205,Components,China,50.08,12,22.36,Distributor
2023-09-26,Hydraulic Cylinder HC-40,Hydraulics,Poland,5065.93,17,2907.31,OEM
2023-09-26,PLC Controller Unit,Automation,USA,12103.72,13,6151.24,Direct Industrial
2023-09-27,PLC Controller Unit,Automation,Germany,14847.1,16,7636.52,OEM
2023-09-27,PLC Controller Unit,Automation,Germany,35186.57,37,17771.7,Distributor
2023-09-27,PLC Controller Unit,Automation,USA,28574.73,37,16942.13,Distributor
2023-09-27,PLC Controller Unit,Automation,South Korea,28277.84,30,13587.5,Distributor
2023-09-27,Industrial Motor 5HP,Motors,Germany,26322.02,47,15436.3,Direct Industrial
2023-09-27,Conveyor Belt Roller,Components,China,1585.24,62,787.16,Direct Industrial
2023-09-27,PLC Controller Unit,Automation,USA,19454.9,24,11683.66,OEM
2023-09-28,Steel Bearing 6205,Components,South Korea,102.46,25,47.57,OEM
2023-09-28,Safety Sensor Array,Automation,South Korea,2733.96,13,1181.74,OEM
2023-09-28,Pneumatic Valve V-200,Hydraulics,China,3207.87,22,1458.02,Distributor
2023-09-28,Gearbox Assembly GB-12,Motors,Germany,42033.88,38,25029.73,Direct Industrial
2023-09-29,PLC Controller Unit,Automation,USA,13862.63,18,8639.28,OEM
2023-09-29,Industrial Motor 5HP,Motors,USA,14775.12,25,8625.89,OEM
2023-09-29,Conveyor Belt Roller,Components,South Korea,316.75,11,142.28,Direct Industrial
2023-09-29,Steel Bearing 6205,Components,China,70.14,18,33.2,Direct Industrial
2023-09-29,Conveyor Belt Roller,Components,Poland,852.72,29,377.97,Distributor
2023-09-29,Safety Sensor Array,Automation,Poland,1178.08,6,583.5,Distributor
2023-09-29,Steel Bearing 6205,Components,China,61.82,15,28.94,OEM
2023-09-30,Gearbox Assembly GB-12,Motors,South Korea,12796.9,10,7100.3,OEM
2023-09-30,Conveyor Belt Roller,Components,Poland,807.55,27,351.87,OEM
2023-09-30,Pneumatic Valve V-200,Hydraulics,Germany,8706.08,67,4770.47,Distributor
2023-09-30,Safety Sensor Array,Automation,USA,4045.47,18,1673.04,Distributor
2023-10-01,Industrial Motor 5HP,Motors,USA,27286.61,48,16210.34,Distributor
2023-10-01,Steel Bearing 6205,Components,Germany,13.63,3,5.84,Distributor
2023-10-01,Steel Bearing 6205,Components,Poland,102.64,27,51.65,Direct Industrial
2023-10-01,Steel Bearing 6205,Components,USA,25.8,7,13.61,Distributor
2023-10-01,Pneumatic Valve V-200,Hydraulics,Mexico,391.17,3,200.0,Direct Industrial
2023-10-01,Industrial Motor 5HP,Motors,USA,14728.47,27,9337.19,Distributor
2023-10-02,Safety Sensor Array,Automation,South Korea,4786.35,21,2079.69,Direct Industrial
2023-10-02,Gearbox Assembly GB-12,Motors,USA,14017.26,13,9204.48,OEM
2023-10-02,Gearbox Assembly GB-12,Motors,Poland,24909.8,19,12825.02,Distributor
2023-10-02,Gearbox Assembly GB-12,Motors,Germany,25266.79,20,13353.11,Direct Industrial
2023-10-02,Pneumatic Valve V-200,Hydraulics,Mexico,3963.4,29,1935.33,OEM
2023-10-02,Industrial Motor 5HP,Motors,Germany,8010.79,14,4663.28,Distributor
2023-10-02,PLC Controller Unit,Automation,China,25174.27,26,12700.9,OEM
2023-10-02,Industrial Motor 5HP,Motors,USA,11178.24,21,6907.67,Distributor
2023-10-02,PLC Controller Unit,Automation,Poland,5530.56,7,3131.95,Direct Industrial
2023-10-03,Hydraulic Cylinder HC-40,Hydraulics,USA,7117.74,25,4164.61,Distributor
2023-10-03,PLC Controller Unit,Automation,Germany,34113.04,43,20743.98,OEM
2023-10-03,Hydraulic Cylinder HC-40,Hydraulics,USA,1351.63,4,711.81,OEM
2023-10-03,Gearbox Assembly GB-12,Motors,Germany,31051.08,28,18796.76,OEM
2023-10-03,Industrial Motor 5HP,Motors,USA,4812.18,8,2772.2,Direct Industrial
2023-10-03,Industrial Motor 5HP,Motors,Germany,5791.5,11,3576.6,OEM
2023-10-03,Pneumatic Valve V-200,Hydraulics,South Korea,3394.42,22,1558.54,Direct Industrial
2023-10-04,PLC Controller Unit,Automation,Poland,20629.18,22,10345.16,Distributor
2023-10-04,PLC Controller Unit,Automation,Mexico,16109.05,21,10272.14,Distributor
2023-10-04,Hydraulic Cylinder HC-40,Hydraulics,USA,13731.88,45,7931.89,Direct Industrial
2023-10-04,Industrial Motor 5HP,Motors,China,8908.17,16,5409.26,Distributor
2023-10-05,Hydraulic Cylinder HC-40,Hydraulics,China,9499.74,30,5165.22,Distributor
2023-10-05,Pneumatic Valve V-200,Hydraulics,Mexico,1363.47,9,605.07,Direct Industrial
2023-10-05,Gearbox Assembly GB-12,Motors,China,11559.37,9,5930.34,Direct Industrial
2023-10-05,Gearbox Assembly GB-12,Motors,South Korea,15916.37,13,9114.39,Distributor
2023-10-05,PLC Controller Unit,Automation,Poland,33064.16,34,15946.31,Direct Industrial
2023-10-05,Conveyor Belt Roller,Components,South Korea,529.83,19,229.05,Direct Industrial
2023-10-05,Gearbox Assembly GB-12,Motors,Mexico,7138.78,6,4291.56,Distributor
2023-10-05,Conveyor Belt Roller,Components,Mexico,960.21,38,477.67,Distributor
2023-10-05,Industrial Motor 5HP,Motors,Poland,13894.8,23,7647.96,Direct Industrial
2023-10-06,Steel Bearing 6205,Components,Mexico,74.98,20,39.57,Direct Industrial
2023-10-06,Steel Bearing 6205,Components,Mexico,58.43,15,29.18,Direct Industrial
2023-10-06,Pneumatic Valve V-200,Hydraulics,China,1511.29,11,764.71,Direct Industrial
2023-10-06,Pneumatic Valve V-200,Hydraulics,Poland,6632.54,44,3054.02,Direct Industrial
2023-10-06,Safety Sensor Array,Automation,South Korea,5881.47,26,2543.24,Direct Industrial
2023-10-06,Hydraulic Cylinder HC-40,Hydraulics,Mexico,10677.52,37,6585.97,OEM
2023-10-07,Steel Bearing 6205,Components,USA,98.0,27,51.04,Distributor
2023-10-07,Conveyor Belt Roller,Components,USA,789.12,26,321.7,OEM
2023-10-07,Steel Bearing 6205,Components,Mexico,218.56,56,102.12,Distributor
2023-10-07,Industrial Motor 5HP,Motors,China,2229.68,4,1315.54,Distributor
2023-10-07,Steel Bearing 6205,Components,Poland,152.56,34,66.29,OEM
2023-10-07,Conveyor Belt Roller,Components,South Korea,1059.12,41,506.24,Direct Industrial
2023-10-08,Gearbox Assembly GB-12,Motors,USA,13450.41,11,7937.03,Distributor
2023-10-08,Gearbox Assembly GB-12,Motors,USA,36940.92,31,20391.17,Direct Industrial
2023-10-08,Pneumatic Valve V-200,Hydraulics,South Korea,2000.08,13,900.25,Direct Industrial
2023-10-08,PLC Controller Unit,Automation,USA,2755.53,3,1342.45,Distributor
2023-10-08,Conveyor Belt Roller,Components,Poland,535.7,19,243.35,Distributor
2023-10-08,Pneumatic Valve V-200,Hydraulics,USA,5098.13,35,2402.82,Direct Industrial
2023-10-09,PLC Controller Unit,Automation,USA,11523.77,13,6303.86,Direct Industrial
2023-10-09,Safety Sensor Array,Automation,Mexico,3057.94,15,1432.94,OEM
2023-10-09,Industrial Motor 5HP,Motors,Germany,6245.19,10,3494.91,Distributor
2023-10-09,Steel Bearing 6205,Components,USA,178.48,47,84.97,Distributor
2023-10-09,Conveyor Belt Roller,Components,Poland,550.75,18,222.36,Distributor
2023-10-09,Safety Sensor Array,Automation,Poland,3050.96,15,1475.33,Direct Industrial
2023-10-10,Safety Sensor Array,Automation,South Korea,3677.91,16,1534.99,Distributor
2023-10-10,Safety Sensor Array,Automation,China,6232.74,31,3044.52,Distributor
2023-10-10,PLC Controller Unit,Automation,South Korea,16610.69,20,8980.2,OEM
2023-10-10,Conveyor Belt Roller,Components,USA,499.9,20,251.34,OEM
2023-10-10,Gearbox Assembly GB-12,Motors,USA,12195.86,9,6510.16,Distributor
2023-10-10,Industrial Motor 5HP,Motors,Poland,7484.0,13,4569.74,Direct Industrial
2023-10-10,Gearbox Assembly GB-12,Motors,South Korea,28319.33,22,15879.98,Direct Industrial
2023-10-10,Safety Sensor Array,Automation,Germany,7310.77,36,3415.55,Direct Industrial
2023-10-10,PLC Controller Unit,Automation,Poland,52618.28,63,30616.3,Direct Industrial
2023-10-11,Safety Sensor Array,Automation,China,1088.91,5,484.22,Direct Industrial
2023-10-11,Industrial Motor 5HP,Motors,Germany,14778.38,23,7977.0,Direct Industrial
2023-10-11,Conveyor Belt Roller,Components,South Korea,2768.18,93,1176.16,Direct Industrial
2023-10-11,Steel Bearing 6205,Components,Mexico,83.41,19,36.28,Direct Industrial
2023-10-11,Industrial Motor 5HP,Motors,Poland,9240.51,15,5261.16,Distributor
2023-10-11,Conveyor Belt Roller,Components,South Korea,462.14,19,238.95,OEM
2023-10-11,Hydraulic Cylinder HC-40,Hydraulics,Poland,3669.65,11,1975.44,Direct Industrial
2023-10-11,Industrial Motor 5HP,Motors,Germany,18428.92,33,10866.02,OEM
2023-10-11,Steel Bearing 6205,Components,Poland,59.9,15,27.65,Distributor
2023-10-12,Safety Sensor Array,Automation,Poland,4112.74,21,2032.92,Distributor
2023-10-12,Pneumatic Valve V-200,Hydraulics,Germany,2891.0,22,1465.97,Distributor
2023-10-12,Conveyor Belt Roller,Components,Poland,1950.01,67,857.21,Distributor
2023-10-12,PLC Controller Unit,Automation,Germany,39074.67,48,23505.96,OEM
2023-10-12,Conveyor Belt Roller,Components,Mexico,209.41,8,104.58,Distributor
2023-10-12,Gearbox Assembly GB-12,Motors,Germany,39606.21,37,26621.43,OEM
2023-10-12,Hydraulic Cylinder HC-40,Hydraulics,Germany,3571.4,12,2091.36,OEM
2023-10-13,Industrial Motor 5HP,Motors,South Korea,12786.43,21,7390.16,Direct Industrial
2023-10-13,Gearbox Assembly GB-12,Motors,Germany,23881.88,22,15314.03,Distributor
2023-10-13,Gearbox Assembly GB-12,Motors,Germany,6609.87,5,3281.3,Distributor
2023-10-13,Conveyor Belt Roller,Components,Germany,975.99,33,429.19,Distributor
2023-10-13,Hydraulic Cylinder HC-40,Hydraulics,USA,11984.42,42,7012.89,Direct Industrial
2023-10-13,Industrial Motor 5HP,Motors,South Korea,9702.9,16,5611.0,OEM
2023-10-13,Gearbox Assembly GB-12,Motors,Poland,13024.95,12,8634.7,OEM
2023-10-13,Pneumatic Valve V-200,Hydraulics,Mexico,2027.41,13,893.16,Direct Industrial
2023-10-14,Conveyor Belt Roller,Components,USA,254.97,10,125.24,OEM
2023-10-14,Hydraulic Cylinder HC-40,Hydraulics,Germany,18968.18,54,9470.36,Distributor
2023-10-14,Conveyor Belt Roller,Components,Germany,420.43,14,173.49,OEM
2023-10-14,Pneumatic Valve V-200,Hydraulics,China,3211.65,26,1769.34,Direct Industrial
2023-10-14,Gearbox Assembly GB-12,Motors,Poland,29853.05,27,18696.25,Direct Industrial
2023-10-14,Conveyor Belt Roller,Components,South Korea,378.84,15,190.0,Direct Industrial
2023-10-14,Conveyor Belt Roller,Components,Poland,162.22,6,78.37,OEM
2023-10-15,Safety Sensor Array,Automation,South Korea,3378.8,15,1361.25,OEM
2023-10-15,Pneumatic Valve V-200,Hydraulics,Germany,2546.26,19,1291.94,Distributor
2023-10-15,Steel Bearing 6205,Components,Poland,17.27,4,7.81,Direct Industrial
2023-10-15,PLC Controller Unit,Automation,South Korea,12164.12,16,7602.51,Distributor
2023-10-16,Industrial Motor 5HP,Motors,USA,15861.38,27,9025.97,Direct Industrial
2023-10-16,Gearbox Assembly GB-12,Motors,China,21033.32,16,10566.83,Direct Industrial
2023-10-16,Industrial Motor 5HP,Motors,China,11260.3,18,5982.97,OEM
2023-10-16,PLC Controller Unit,Automation,USA,9337.23,12,5470.27,Distributor
2023-10-16,Safety Sensor Array,Automation,Germany,1477.58,7,649.13,Direct Industrial
2023-10-16,Safety Sensor Array,Automation,China,1288.5,6,546.5,OEM
2023-10-16,PLC Controller Unit,Automation,South Korea,34146.47,37,16674.67,Direct Industrial
2023-10-16,Conveyor Belt Roller,Components,USA,696.63,24,292.59,OEM
2023-10-16,Gearbox Assembly GB-12,Motors,South Korea,18072.78,15,10405.41,Distributor
2023-10-17,Steel Bearing 6205,Components,South Korea,183.24,44,80.38,Direct Industrial
2023-10-17,Safety Sensor Array,Automation,Poland,2160.34,12,1149.2,Direct Industrial
2023-10-17,PLC Controller Unit,Automation,Mexico,10768.34,12,5899.66,Direct Industrial
2023-10-17,Gearbox Assembly GB-12,Motors,USA,52207.41,38,26642.53,Distributor
2023-10-17,Hydraulic Cylinder HC-40,Hydraulics,USA,23243.53,71,12896.07,Distributor
2023-10-17,Pneumatic Valve V-200,Hydraulics,Germany,2636.81,17,1105.86,Direct Industrial
2023-10-17,Pneumatic Valve V-200,Hydraulics,South Korea,1173.58,9,641.05,Distributor
2023-10-17,Safety Sensor Array,Automation,Poland,4039.42,19,1875.09,Direct Industrial
2023-10-17,Gearbox Assembly GB-12,Motors,China,18046.95,14,9653.37,OEM
2023-10-18,Steel Bearing 6205,Components,South Korea,29.04,8,15.62,OEM
2023-10-18,Hydraulic Cylinder HC-40,Hydraulics,Germany,7079.26,22,3797.87,Direct Industrial
2023-10-18,Safety Sensor Array,Automation,Germany,2057.69,9,836.7,Direct Industrial
2023-10-18,Hydraulic Cylinder HC-40,Hydraulics,Mexico,7912.66,29,4871.37,Distributor
2023-10-18,Hydraulic Cylinder HC-40,Hydraulics,Poland,11649.86,41,7099.63,Direct Industrial
2023-10-18,Gearbox Assembly GB-12,Motors,Poland,21374.54,18,12463.28,Direct Industrial
2023-10-18,Steel Bearing 6205,Components,USA,35.47,8,14.51,Direct Industrial
2023-10-19,PLC Controller Unit,Automation,Germany,31048.02,35,16920.37,OEM
2023-10-19,Gearbox Assembly GB-12,Motors,USA,23583.56,20,13983.14,OEM
2023-10-19,Steel Bearing 6205,Components,China,84.08,20,39.07,Distributor
2023-10-19,Gearbox Assembly GB-12,Motors,China,34332.85,32,21709.34,OEM
2023-10-19,Industrial Motor 5HP,Motors,USA,5793.32,10,3311.99,Distributor
2023-10-19,Steel Bearing 6205,Components,Germany,123.69,28,51.48,Direct Industrial
2023-10-19,Safety Sensor Array,Automation,Germany,2208.44,10,930.65,Distributor
2023-10-19,Safety Sensor Array,Automation,USA,7232.99,32,2907.08,Distributor
2023-10-19,Hydraulic Cylinder HC-40,Hydraulics,Germany,1822.82,6,1002.13,OEM
2023-10-20,Industrial Motor 5HP,Motors,Mexico,21770.57,34,11902.67,Distributor
2023-10-20,Hydraulic Cylinder HC-40,Hydraulics,South Korea,5225.79,19,3318.89,Distributor
2023-10-20,Industrial Motor 5HP,Motors,Poland,22553.82,39,13778.47,Direct Industrial
2023-10-20,PLC Controller Unit,Automation,South Korea,23204.52,30,14416.33,Distributor
2023-10-20,Steel Bearing 6205,Components,China,81.53,20,39.34,OEM
2023-10-21,Conveyor Belt Roller,Components,Mexico,1416.17,50,644.01,OEM
2023-10-21,Gearbox Assembly GB-12,Motors,Germany,15057.81,13,9276.35,Distributor
2023-10-21,Pneumatic Valve V-200,Hydraulics,USA,2987.59,22,1487.59,Direct Industrial
2023-10-21,Steel Bearing 6205,Components,Poland,75.86,21,41.08,Direct Industrial
2023-10-22,Pneumatic Valve V-200,Hydraulics,Poland,2689.56,19,1243.64,Distributor
2023-10-22,Gearbox Assembly GB-12,Motors,South Korea,12138.37,9,5929.22,Direct Industrial
2023-10-22,Industrial Motor 5HP,Motors,Germany,5278.96,10,3516.73,Distributor
2023-10-22,Pneumatic Valve V-200,Hydraulics,USA,3034.78,21,1428.03,Direct Industrial
2023-10-23,Gearbox Assembly GB-12,Motors,Poland,38890.52,31,22343.62,Direct Industrial
2023-10-23,PLC Controller Unit,Automation,Mexico,7915.97,9,4224.55,Distributor
2023-10-23,PLC Controller Unit,Automation,Poland,13267.33,16,7662.94,OEM
2023-10-24,Hydraulic Cylinder HC-40,Hydraulics,Poland,8472.97,25,4528.19,OEM
2023-10-24,Industrial Motor 5HP,Motors,Mexico,10416.18,18,6284.43,OEM
2023-10-24,Safety Sensor Array,Automation,Germany,1248.62,6,542.26,OEM
2023-10-24,PLC Controller Unit,Automation,USA,9121.24,10,4779.12,Distributor
2023-10-24,Conveyor Belt Roller,Components,Mexico,293.81,11,141.37,Distributor
2023-10-24,Steel Bearing 6205,Components,Poland,31.81,7,12.72,Direct Industrial
2023-10-25,Industrial Motor 5HP,Motors,China,14855.66,26,9097.96,OEM
2023-10-25,PLC Controller Unit,Automation,Germany,35107.27,37,16638.49,OEM
2023-10-25,Conveyor Belt Roller,Components,South Korea,682.22,26,325.96,OEM
2023-10-25,Steel Bearing 6205,Components,Mexico,226.1,61,117.4,OEM
2023-10-25,Hydraulic Cylinder HC-40,Hydraulics,Poland,10571.09,36,6186.04,Distributor
2023-10-25,Hydraulic Cylinder HC-40,Hydraulics,China,4110.11,14,2399.75,Distributor
2023-10-25,Hydraulic Cylinder HC-40,Hydraulics,South Korea,12832.13,44,7593.03,Direct Industrial
2023-10-26,Hydraulic Cylinder HC-40,Hydraulics,Germany,5881.5,19,3291.84,Direct Industrial
2023-10-26,Hydraulic Cylinder HC-40,Hydraulics,Germany,6343.27,20,3619.26,OEM
2023-10-26,Safety Sensor Array,Automation,Poland,1118.3,6,595.45,Direct Industrial
2023-10-26,Industrial Motor 5HP,Motors,Germany,14987.54,23,7544.71,Distributor
2023-10-26,Safety Sensor Array,Automation,Germany,6606.44,34,3277.04,OEM
2023-10-26,PLC Controller Unit,Automation,USA,10687.59,12,5607.38,Direct Industrial
2023-10-26,Safety Sensor Array,Automation,South Korea,6535.26,29,2768.77,Direct Industrial
2023-10-26,Industrial Motor 5HP,Motors,USA,13620.46,23,8171.15,OEM
2023-10-26,Industrial Motor 5HP,Motors,USA,18406.85,30,10074.5,OEM
2023-10-27,PLC Controller Unit,Automation,Mexico,8098.88,10,4503.22,Direct Industrial
2023-10-27,Steel Bearing 6205,Components,Poland,15.88,4,7.73,OEM
2023-10-27,PLC Controller Unit,Automation,USA,17965.79,19,9114.2,Direct Industrial
2023-10-27,Conveyor Belt Roller,Components,China,622.11,21,254.68,Direct Industrial
2023-10-27,Safety Sensor Array,Automation,USA,2605.63,12,1092.05,Direct Industrial
2023-10-27,Conveyor Belt Roller,Components,Mexico,677.42,27,345.67,OEM
2023-10-27,Pneumatic Valve V-200,Hydraulics,China,2752.98,19,1227.9,Distributor
2023-10-27,Steel Bearing 6205,Components,USA,257.59,63,119.31,Direct Industrial
2023-10-27,Hydraulic Cylinder HC-40,Hydraulics,China,6415.15,23,3997.56,Distributor
2023-10-27,PLC Controller Unit,Automation,USA,13869.13,15,7080.13,Distributor
2023-10-27,Hydraulic Cylinder HC-40,Hydraulics,China,7438.02,22,3987.39,OEM
2023-10-27,Hydraulic Cylinder HC-40,Hydraulics,Mexico,1473.73,5,889.87,OEM
2023-10-28,Industrial Motor 5HP,Motors,South Korea,10321.55,19,6638.58,Distributor
2023-10-28,Pneumatic Valve V-200,Hydraulics,USA,3953.62,25,1634.66,Distributor
2023-10-28,Steel Bearing 6205,Components,USA,161.74,37,69.56,Direct Industrial
2023-10-28,PLC Controller Unit,Automation,China,11282.79,13,5882.75,OEM
2023-10-28,Steel Bearing 6205,Components,China,244.47,54,102.69,Direct Industrial
2023-10-29,Steel Bearing 6205,Components,China,178.02,44,81.43,OEM
2023-10-29,Steel Bearing 6205,Components,Mexico,66.55,16,30.73,OEM
2023-10-29,Safety Sensor Array,Automation,South Korea,2164.77,12,1137.0,Direct Industrial
2023-10-30,Conveyor Belt Roller,Components,China,692.3,23,273.92,Distributor
2023-10-30,Safety Sensor Array,Automation,Poland,1264.05,6,550.55,OEM
2023-10-30,PLC Controller Unit,Automation,Mexico,13511.6,15,7332.97,Distributor
2023-10-30,Conveyor Belt Roller,Components,China,844.97,28,354.41,OEM
2023-10-30,Pneumatic Valve V-200,Hydraulics,China,4388.49,29,1981.22,Direct Industrial
2023-10-30,Conveyor Belt Roller,Components,Mexico,574.52,20,245.77,OEM
2023-10-30,Gearbox Assembly GB-12,Motors,Mexico,2486.08,2,1447.56,Distributor
2023-10-30,Gearbox Assembly GB-12,Motors,China,22331.87,21,14028.57,Distributor
2023-10-31,Industrial Motor 5HP,Motors,USA,12951.76,21,7430.5,Distributor
2023-10-31,PLC Controller Unit,Automation,Mexico,18696.31,24,11525.77,Distributor
2023-10-31,Steel Bearing 6205,Components,Germany,111.08,27,49.63,Direct Industrial
2023-10-31,Hydraulic Cylinder HC-40,Hydraulics,South Korea,3819.9,14,2428.68,Distributor
2023-10-31,Industrial Motor 5HP,Motors,Germany,14060.61,26,8553.04,OEM
2023-10-31,Gearbox Assembly GB-12,Motors,USA,20434.23,19,12817.44,Distributor
2023-10-31,Gearbox Assembly GB-12,Motors,South Korea,18785.54,17,11969.78,Direct Industrial
2023-10-31,Hydraulic Cylinder HC-40,Hydraulics,Mexico,3355.36,11,1918.78,Direct Industrial
2023-10-31,Pneumatic Valve V-200,Hydraulics,China,2303.95,16,1111.63,Distributor
2023-11-01,Safety Sensor Array,Automation,Mexico,3549.25,18,1794.85,Distributor
2023-11-01,Gearbox Assembly GB-12,Motors,South Korea,62779.86,50,35606.25,Distributor
2023-11-01,Safety Sensor Array,Automation,Mexico,5419.5,30,2793.26,Direct Industrial
2023-11-01,Pneumatic Valve V-200,Hydraulics,South Korea,3595.5,25,1634.01,Distributor
2023-11-02,Conveyor Belt Roller,Components,Mexico,544.4,22,276.64,OEM
2023-11-02,Gearbox Assembly GB-12,Motors,Poland,24203.56,18,12816.55,Distributor
2023-11-02,Gearbox Assembly GB-12,Motors,Poland,28847.51,23,15142.41,OEM
2023-11-02,Conveyor Belt Roller,Components,Poland,1173.55,40,513.11,OEM
2023-11-02,Hydraulic Cylinder HC-40,Hydraulics,USA,3012.78,9,1622.21,Direct Industrial
2023-11-02,Conveyor Belt Roller,Components,South Korea,343.77,14,179.45,Distributor
2023-11-02,Steel Bearing 6205,Components,Poland,83.65,20,38.05,Distributor
2023-11-02,Pneumatic Valve V-200,Hydraulics,USA,6575.24,46,3243.2,OEM
2023-11-02,Pneumatic Valve V-200,Hydraulics,South Korea,3038.56,23,1599.06,Direct Industrial
2023-11-03,Steel Bearing 6205,Components,Poland,23.56,6,10.95,Distributor
2023-11-03,Safety Sensor Array,Automation,Mexico,5313.44,24,2286.26,Direct Industrial
2023-11-04,Conveyor Belt Roller,Components,Mexico,1548.12,52,644.46,Distributor
2023-11-04,Pneumatic Valve V-200,Hydraulics,Germany,2954.38,21,1362.14,Distributor
2023-11-04,Gearbox Assembly GB-12,Motors,Mexico,23228.61,20,13408.11,Direct Industrial
2023-11-04,Safety Sensor Array,Automation,Germany,1650.17,8,772.08,Distributor
2023-11-04,Hydraulic Cylinder HC-40,Hydraulics,China,7769.95,23,4024.0,OEM
2023-11-04,Conveyor Belt Roller,Components,China,515.06,18,221.72,Direct Industrial
2023-11-04,Conveyor Belt Roller,Components,Mexico,670.89,28,353.36,OEM
2023-11-04,Conveyor Belt Roller,Components,Germany,430.15,15,187.69,Direct Industrial
2023-11-04,PLC Controller Unit,Automation,South Korea,20785.05,26,12723.71,Distributor
2023-11-05,Industrial Motor 5HP,Motors,Germany,11483.31,20,7055.15,Distributor
2023-11-05,Steel Bearing 6205,Components,China,49.79,13,25.2,Direct Industrial
2023-11-06,Safety Sensor Array,Automation,South Korea,1345.96,6,572.89,Direct Industrial
2023-11-06,Pneumatic Valve V-200,Hydraulics,South Korea,1568.18,10,673.64,Direct Industrial
2023-11-06,Safety Sensor Array,Automation,USA,1920.89,10,958.67,Distributor
2023-11-06,Hydraulic Cylinder HC-40,Hydraulics,USA,2935.31,10,1808.83,OEM
2023-11-06,Steel Bearing 6205,Components,Poland,101.26,26,51.86,Distributor
2023-11-06,PLC Controller Unit,Automation,China,11990.85,14,6616.83,Distributor
2023-11-06,Safety Sensor Array,Automation,Germany,3227.84,14,1332.31,OEM
2023-11-06,Pneumatic Valve V-200,Hydraulics,Mexico,687.62,5,346.53,OEM
2023-11-06,Steel Bearing 6205,Components,China,94.42,22,40.51,Direct Industrial
2023-11-07,Conveyor Belt Roller,Components,Mexico,874.35,31,390.2,Distributor
2023-11-07,Hydraulic Cylinder HC-40,Hydraulics,China,10311.72,35,6167.98,Distributor
2023-11-07,Gearbox Assembly GB-12,Motors,Poland,10904.33,8,5700.51,Direct Industrial
2023-11-07,Industrial Motor 5HP,Motors,South Korea,6877.6,11,3683.76,Direct Industrial
2023-11-07,PLC Controller Unit,Automation,Mexico,13667.91,17,7892.65,Direct Industrial
2023-11-07,Gearbox Assembly GB-12,Motors,Mexico,19302.58,18,12588.8,OEM
2023-11-08,Industrial Motor 5HP,Motors,Germany,5325.16,9,3146.79,OEM
2023-11-08,Safety Sensor Array,Automation,South Korea,8164.85,37,3633.12,Distributor
2023-11-08,Safety Sensor Array,Automation,Germany,3304.0,16,1539.46,Distributor
2023-11-08,Conveyor Belt Roller,Components,South Korea,768.43,29,363.12,Distributor
2023-11-08,PLC Controller Unit,Automation,Mexico,18560.49,24,10940.2,Direct Industrial
2023-11-08,Gearbox Assembly GB-12,Motors,China,82800.91,63,44805.26,Distributor
2023-11-08,Pneumatic Valve V-200,Hydraulics,Mexico,3975.35,31,2190.41,Distributor
2023-11-08,Gearbox Assembly GB-12,Motors,USA,16448.66,14,9386.75,Distributor
2023-11-08,Industrial Motor 5HP,Motors,China,16997.41,30,10280.62,Direct Industrial
2023-11-08,Safety Sensor Array,Automation,Germany,7814.29,34,3194.27,Distributor
2023-11-09,Pneumatic Valve V-200,Hydraulics,Germany,1816.87,12,821.53,OEM
2023-11-09,Safety Sensor Array,Automation,USA,3544.62,16,1460.49,OEM
2023-11-09,Steel Bearing 6205,Components,China,26.11,6,11.05,Direct Industrial
2023-11-10,Conveyor Belt Roller,Components,Mexico,886.4,29,352.71,OEM
2023-11-10,Industrial Motor 5HP,Motors,Germany,17226.98,29,9728.87,OEM
2023-11-10,Steel Bearing 6205,Components,China,117.05,29,52.81,Distributor
2023-11-10,Steel Bearing 6205,Components,China,78.35,17,32.26,Distributor
2023-11-10,Gearbox Assembly GB-12,Motors,Poland,31731.01,24,16979.23,Direct Industrial
2023-11-10,Pneumatic Valve V-200,Hydraulics,Poland,3594.4,24,1668.61,OEM
2023-11-10,PLC Controller Unit,Automation,Germany,20221.02,23,10625.67,OEM
2023-11-10,Steel Bearing 6205,Components,South Korea,93.53,21,39.23,Distributor
2023-11-11,Hydraulic Cylinder HC-40,Hydraulics,Mexico,1988.95,6,1021.37,OEM
2023-11-11,PLC Controller Unit,Automation,Germany,41846.65,55,25241.39,Direct Industrial
2023-11-11,Safety Sensor Array,Automation,Germany,6922.78,31,2843.93,Distributor
2023-11-11,Safety Sensor Array,Automation,Germany,6004.04,28,2663.87,Direct Industrial
2023-11-11,Safety Sensor Array,Automation,Germany,3570.19,18,1727.55,Direct Industrial
2023-11-11,Safety Sensor Array,Automation,Mexico,1075.52,6,597.19,Direct Industrial
2023-11-12,Pneumatic Valve V-200,Hydraulics,South Korea,1505.7,11,782.91,Direct Industrial
2023-11-12,Pneumatic Valve V-200,Hydraulics,Germany,2298.66,15,1041.08,Distributor
2023-11-12,Steel Bearing 6205,Components,Mexico,68.2,18,32.78,OEM
2023-11-12,Hydraulic Cylinder HC-40,Hydraulics,South Korea,15579.38,57,10209.32,OEM
2023-11-12,Hydraulic Cylinder HC-40,Hydraulics,China,635.11,2,361.57,Direct Industrial
2023-11-12,Gearbox Assembly GB-12,Motors,South Korea,12539.2,10,6816.49,Direct Industrial
2023-11-12,Hydraulic Cylinder HC-40,Hydraulics,South Korea,11761.15,40,6990.71,OEM
2023-11-13,Industrial Motor 5HP,Motors,Poland,18772.3,30,10417.34,OEM
2023-11-13,Pneumatic Valve V-200,Hydraulics,China,1269.58,10,711.93,Direct Industrial
2023-11-13,Industrial Motor 5HP,Motors,Poland,19883.31,37,12177.91,Distributor
2023-11-13,Conveyor Belt Roller,Components,Poland,288.97,11,131.72,Direct Industrial
2023-11-13,Gearbox Assembly GB-12,Motors,South Korea,19518.77,16,11295.38,Distributor
2023-11-13,Hydraulic Cylinder HC-40,Hydraulics,Poland,3770.14,11,1909.25,Direct Industrial
2023-11-14,Conveyor Belt Roller,Components,Mexico,226.25,8,95.03,Distributor
2023-11-14,Steel Bearing 6205,Components,Mexico,259.47,71,134.65,Distributor
2023-11-14,Industrial Motor 5HP,Motors,China,556.79,1,342.39,Distributor
2023-11-14,Gearbox Assembly GB-12,Motors,USA,24712.5,21,13877.01,Direct Industrial
2023-11-14,Safety Sensor Array,Automation,Mexico,1712.26,8,773.35,Distributor
2023-11-15,Hydraulic Cylinder HC-40,Hydraulics,South Korea,5743.05,19,3253.65,Direct Industrial
2023-11-15,PLC Controller Unit,Automation,USA,19444.86,21,10050.24,Distributor
2023-11-15,Conveyor Belt Roller,Components,Poland,792.03,29,360.84,Direct Industrial
2023-11-15,Conveyor Belt Roller,Components,Mexico,1119.67,42,522.16,Distributor
2023-11-16,Steel Bearing 6205,Components,Germany,87.41,22,39.72,Direct Industrial
2023-11-16,Hydraulic Cylinder HC-40,Hydraulics,Mexico,12433.58,37,6777.38,Direct Industrial
2023-11-16,Safety Sensor Array,Automation,Mexico,2730.02,14,1389.99,OEM
2023-11-16,Hydraulic Cylinder HC-40,Hydraulics,Poland,4580.27,14,2518.37,OEM
2023-11-16,Steel Bearing 6205,Components,South Korea,22.45,5,9.61,Distributor
2023-11-17,Safety Sensor Array,Automation,Poland,1927.99,9,820.75,Distributor
2023-11-17,Gearbox Assembly GB-12,Motors,Germany,58186.87,46,30660.6,Direct Industrial
2023-11-17,Gearbox Assembly GB-12,Motors,China,19448.88,16,10742.33,Direct Industrial
2023-11-17,Pneumatic Valve V-200,Hydraulics,Poland,4634.59,33,2346.25,OEM
2023-11-17,Conveyor Belt Roller,Components,South Korea,358.16,14,174.14,OEM
2023-11-17,Safety Sensor Array,Automation,Poland,4930.21,24,2346.97,Direct Industrial
2023-11-17,Conveyor Belt Roller,Components,Poland,852.59,28,344.53,OEM
2023-11-17,Steel Bearing 6205,Components,Poland,90.23,25,46.01,OEM
2023-11-17,Pneumatic Valve V-200,Hydraulics,Poland,5118.66,35,2268.49,Distributor
2023-11-17,Industrial Motor 5HP,Motors,South Korea,10348.68,18,5926.23,Direct Industrial
2023-11-18,Safety Sensor Array,Automation,USA,3635.86,20,1974.46,Distributor
2023-11-18,Pneumatic Valve V-200,Hydraulics,USA,1852.32,14,955.25,OEM
2023-11-18,PLC Controller Unit,Automation,Germany,4609.44,6,2813.96,OEM
2023-11-18,Steel Bearing 6205,Components,USA,28.63,7,13.46,OEM
2023-11-18,PLC Controller Unit,Automation,China,36880.11,41,19729.15,Distributor
2023-11-18,PLC Controller Unit,Automation,USA,10193.79,11,5113.38,OEM
2023-11-18,Gearbox Assembly GB-12,Motors,China,35653.34,29,20395.61,OEM
2023-11-18,Steel Bearing 6205,Components,South Korea,98.84,25,45.42,OEM
2023-11-18,Hydraulic Cylinder HC-40,Hydraulics,Mexico,5934.92,21,3808.73,Direct Industrial
2023-11-18,Safety Sensor Array,Automation,South Korea,3819.43,20,1811.66,Distributor
2023-11-18,Gearbox Assembly GB-12,Motors,Mexico,20249.05,17,11344.91,Direct Industrial
2023-11-19,Conveyor Belt Roller,Components,South Korea,961.9,34,418.47,Direct Industrial
2023-11-19,Industrial Motor 5HP,Motors,South Korea,33482.05,59,20158.25,Distributor
2023-11-19,Pneumatic Valve V-200,Hydraulics,USA,2899.16,22,1488.4,Distributor
2023-11-19,Safety Sensor Array,Automation,USA,3926.58,18,1738.68,OEM
2023-11-19,Steel Bearing 6205,Components,Germany,98.15,27,50.26,OEM
2023-11-19,Gearbox Assembly GB-12,Motors,USA,10652.96,10,6859.56,OEM
2023-11-19,PLC Controller Unit,Automation,South Korea,13919.19,15,7182.59,Direct Industrial
2023-11-19,Hydraulic Cylinder HC-40,Hydraulics,South Korea,6397.08,21,3731.09,Direct Industrial
2023-11-19,Industrial Motor 5HP,Motors,Mexico,22074.27,41,13796.3,OEM
2023-11-19,PLC Controller Unit,Automation,Poland,49773.8,51,23871.36,Distributor
2023-11-19,Conveyor Belt Roller,Components,Germany,576.12,22,278.98,Distributor
2023-11-19,Safety Sensor Array,Automation,South Korea,7991.67,35,3458.44,OEM
2023-11-19,Industrial Motor 5HP,Motors,Poland,11033.75,21,7313.81,Distributor
2023-11-20,Conveyor Belt Roller,Components,Germany,738.54,30,386.7,Distributor
2023-11-20,Safety Sensor Array,Automation,Poland,2076.98,11,1016.49,OEM
2023-11-20,Safety Sensor Array,Automation,China,1828.47,8,775.78,Distributor
2023-11-20,Gearbox Assembly GB-12,Motors,South Korea,83444.02,70,47636.01,OEM
2023-11-21,Hydraulic Cylinder HC-40,Hydraulics,Germany,7308.88,21,3769.59,Direct Industrial
2023-11-21,Industrial Motor 5HP,Motors,China,18288.59,32,10536.62,Direct Industrial
2023-11-21,Industrial Motor 5HP,Motors,China,5168.74,8,2840.6,Distributor
2023-11-21,Industrial Motor 5HP,Motors,China,5433.3,9,3086.12,Direct Industrial
2023-11-21,Pneumatic Valve V-200,Hydraulics,Poland,3626.56,24,1624.09,Direct Industrial
2023-11-21,PLC Controller Unit,Automation,Poland,15155.27,20,8991.13,Direct Industrial
2023-11-21,Hydraulic Cylinder HC-40,Hydraulics,South Korea,18593.79,58,9896.47,Direct Industrial
2023-11-21,Conveyor Belt Roller,Components,Germany,234.12,9,115.6,Direct Industrial
2023-11-22,Hydraulic Cylinder HC-40,Hydraulics,USA,2911.35,9,1564.26,Distributor
2023-11-22,Safety Sensor Array,Automation,Poland,9030.12,49,4744.23,Direct Industrial
2023-11-22,Conveyor Belt Roller,Components,Mexico,598.42,23,280.27,Distributor
2023-11-22,Hydraulic Cylinder HC-40,Hydraulics,Germany,4362.77,13,2213.78,Direct Industrial
2023-11-22,PLC Controller Unit,Automation,South Korea,28895.64,36,16488.84,Direct Industrial
2023-11-23,PLC Controller Unit,Automation,China,32674.21,35,16904.44,Direct Industrial
2023-11-23,Pneumatic Valve V-200,Hydraulics,Germany,2629.49,18,1275.3,OEM
2023-11-23,Industrial Motor 5HP,Motors,USA,2875.09,5,1667.02,Direct Industrial
2023-11-23,Hydraulic Cylinder HC-40,Hydraulics,China,10241.92,30,5123.67,OEM
2023-11-23,Conveyor Belt Roller,Components,Poland,702.73,28,343.46,Distributor
2023-11-23,Steel Bearing 6205,Components,Poland,77.53,20,36.71,Distributor
2023-11-24,Safety Sensor Array,Automation,China,6705.64,37,3473.27,Direct Industrial
2023-11-24,Conveyor Belt Roller,Components,China,125.17,5,65.21,Distributor
2023-11-24,Conveyor Belt Roller,Components,Poland,178.97,6,78.68,Distributor
2023-11-24,Gearbox Assembly GB-12,Motors,South Korea,23427.19,21,14112.88,Direct Industrial
2023-11-24,Conveyor Belt Roller,Components,Mexico,415.45,15,188.3,OEM
2023-11-24,Pneumatic Valve V-200,Hydraulics,South Korea,5747.58,43,2872.17,OEM
2023-11-24,Safety Sensor Array,Automation,China,3103.81,16,1520.86,Distributor
2023-11-25,Industrial Motor 5HP,Motors,China,8569.54,16,5174.39,OEM
2023-11-25,Gearbox Assembly GB-12,Motors,South Korea,36169.49,34,23206.56,Direct Industrial
2023-11-25,Steel Bearing 6205,Components,Poland,67.31,15,28.16,Direct Industrial
2023-11-25,Safety Sensor Array,Automation,USA,1604.74,7,641.27,OEM
2023-11-26,Safety Sensor Array,Automation,Germany,2365.0,11,1017.71,Direct Industrial
2023-11-26,Steel Bearing 6205,Components,Poland,48.4,12,21.96,Distributor
2023-11-26,Hydraulic Cylinder HC-40,Hydraulics,USA,2404.57,8,1368.63,OEM
2023-11-26,PLC Controller Unit,Automation,Poland,41556.7,49,22003.82,Direct Industrial
2023-11-26,Industrial Motor 5HP,Motors,China,22535.88,43,14472.87,Direct Industrial
2023-11-26,Steel Bearing 6205,Components,Germany,93.82,22,39.8,OEM
2023-11-26,Hydraulic Cylinder HC-40,Hydraulics,Mexico,7868.77,27,4734.85,Distributor
2023-11-26,Gearbox Assembly GB-12,Motors,South Korea,15776.51,14,9410.38,Distributor
2023-11-26,Safety Sensor Array,Automation,USA,4534.99,20,1941.94,OEM
2023-11-26,Conveyor Belt Roller,Components,China,1091.61,40,512.36,Direct Industrial
2023-11-26,Pneumatic Valve V-200,Hydraulics,Mexico,1746.26,13,896.24,OEM
2023-11-27,Steel Bearing 6205,Components,Mexico,45.36,10,18.72,Distributor
2023-11-27,PLC Controller Unit,Automation,Germany,790.14,1,451.15,OEM
2023-11-27,Steel Bearing 6205,Components,China,92.84,25,45.51,Direct Industrial
2023-11-27,Industrial Motor 5HP,Motors,South Korea,15116.32,23,7894.62,OEM
2023-11-27,Industrial Motor 5HP,Motors,USA,9944.01,19,6490.38,OEM
2023-11-27,Pneumatic Valve V-200,Hydraulics,Mexico,2006.83,15,1039.46,OEM
2023-11-28,Steel Bearing 6205,Components,South Korea,56.0,14,25.44,Direct Industrial
2023-11-28,Industrial Motor 5HP,Motors,USA,14019.41,23,8194.05,Distributor
2023-11-28,Industrial Motor 5HP,Motors,South Korea,17756.87,27,9476.01,Distributor
2023-11-28,Hydraulic Cylinder HC-40,Hydraulics,South Korea,7444.64,24,3990.67,OEM
2023-11-28,Industrial Motor 5HP,Motors,Germany,22328.85,37,12217.83,Direct Industrial
2023-11-28,PLC Controller Unit,Automation,South Korea,18226.34,24,11456.98,OEM
2023-11-29,Conveyor Belt Roller,Components,Germany,324.04,12,157.15,Distributor
2023-11-29,Hydraulic Cylinder HC-40,Hydraulics,Poland,6282.07,22,3713.47,OEM
2023-11-29,Hydraulic Cylinder HC-40,Hydraulics,USA,4791.84,15,2732.74,Distributor
2023-11-29,Conveyor Belt Roller,Components,Poland,926.17,33,409.76,Direct Industrial
2023-11-29,PLC Controller Unit,Automation,USA,23464.2,27,12863.29,Direct Industrial
2023-11-29,Industrial Motor 5HP,Motors,China,9381.59,16,5679.88,Distributor
2023-11-29,Industrial Motor 5HP,Motors,South Korea,5551.55,10,3273.06,Distributor
2023-11-29,Conveyor Belt Roller,Components,China,596.0,22,264.72,Direct Industrial
2023-11-30,Hydraulic Cylinder HC-40,Hydraulics,Germany,6305.92,19,3391.98,Distributor
2023-11-30,PLC Controller Unit,Automation,South Korea,22791.26,24,10906.36,Direct Industrial
2023-11-30,Steel Bearing 6205,Components,Poland,166.85,46,83.63,OEM
2023-11-30,Industrial Motor 5HP,Motors,China,7235.82,11,3908.1,Direct Industrial
2023-11-30,Gearbox Assembly GB-12,Motors,Poland,49586.36,37,26279.3,OEM
2023-11-30,Hydraulic Cylinder HC-40,Hydraulics,Germany,1927.92,6,1054.79,Direct Industrial
2023-11-30,Pneumatic Valve V-200,Hydraulics,Germany,3729.86,25,1776.85,Direct Industrial
2023-11-30,Hydraulic Cylinder HC-40,Hydraulics,South Korea,6156.4,19,3258.67,Distributor
2023-11-30,Hydraulic Cylinder HC-40,Hydraulics,Germany,8610.59,26,4719.51,Distributor
2023-11-30,PLC Controller Unit,Automation,Germany,26293.34,29,14123.32,OEM
2023-12-01,Industrial Motor 5HP,Motors,Germany,4275.65,8,2598.31,Direct Industrial
2023-12-01,Hydraulic Cylinder HC-40,Hydraulics,Poland,1368.27,5,886.92,Direct Industrial
2023-12-01,Steel Bearing 6205,Components,China,90.23,23,43.48,Direct Industrial
2023-12-01,Gearbox Assembly GB-12,Motors,Mexico,61519.45,53,36989.63,OEM
2023-12-01,Industrial Motor 5HP,Motors,USA,7550.23,12,3878.22,OEM
2023-12-02,Steel Bearing 6205,Components,South Korea,153.61,34,61.96,Direct Industrial
2023-12-02,PLC Controller Unit,Automation,USA,20910.31,23,10466.66,OEM
2023-12-02,Industrial Motor 5HP,Motors,Poland,19611.82,30,9850.81,Distributor
2023-12-02,Steel Bearing 6205,Components,Poland,43.6,11,19.9,Direct Industrial
2023-12-02,Conveyor Belt Roller,Components,Poland,355.54,13,162.7,Direct Industrial
2023-12-02,PLC Controller Unit,Automation,Germany,13919.43,16,7816.63,Distributor
2023-12-02,Gearbox Assembly GB-12,Motors,USA,60343.96,50,34922.21,Direct Industrial
2023-12-02,Steel Bearing 6205,Components,South Korea,130.01,31,61.47,OEM
2023-12-02,Gearbox Assembly GB-12,Motors,Poland,14116.53,11,7314.15,Direct Industrial
2023-12-03,Hydraulic Cylinder HC-40,Hydraulics,USA,9108.76,27,4944.53,Direct Industrial
2023-12-03,Industrial Motor 5HP,Motors,South Korea,4385.81,8,2710.71,Direct Industrial
2023-12-03,Steel Bearing 6205,Components,Mexico,50.36,11,20.39,OEM
2023-12-03,Conveyor Belt Roller,Components,Germany,743.49,25,301.54,Distributor
2023-12-03,Conveyor Belt Roller,Components,USA,948.19,31,374.25,Direct Industrial
2023-12-03,Safety Sensor Array,Automation,Mexico,3766.28,20,1851.27,OEM
2023-12-03,PLC Controller Unit,Automation,Germany,44603.28,52,24926.68,OEM
2023-12-03,Pneumatic Valve V-200,Hydraulics,Germany,6129.21,43,2955.62,Direct Industrial
2023-12-03,Hydraulic Cylinder HC-40,Hydraulics,Germany,9069.43,28,4821.76,Direct Industrial
2023-12-03,PLC Controller Unit,Automation,USA,7045.29,9,4138.61,Distributor
2023-12-03,PLC Controller Unit,Automation,South Korea,19483.07,20,9206.39,Direct Industrial
2023-12-03,Steel Bearing 6205,Components,South Korea,61.53,17,30.73,OEM
2023-12-03,PLC Controller Unit,Automation,Germany,24714.6,32,14758.55,Distributor
2023-12-04,Pneumatic Valve V-200,Hydraulics,Germany,1496.62,11,781.4,Direct Industrial
2023-12-04,Gearbox Assembly GB-12,Motors,USA,69637.18,53,38100.94,Distributor
2023-12-04,Conveyor Belt Roller,Components,Germany,777.05,30,381.59,Direct Industrial
2023-12-05,PLC Controller Unit,Automation,Poland,30043.41,36,16297.59,Distributor
2023-12-05,Steel Bearing 6205,Components,South Korea,213.99,57,104.81,Direct Industrial
2023-12-05,Safety Sensor Array,Automation,Poland,4287.67,24,2383.26,OEM
2023-12-05,Pneumatic Valve V-200,Hydraulics,Mexico,2155.6,16,1066.86,OEM
2023-12-05,Gearbox Assembly GB-12,Motors,Mexico,46381.03,36,24924.22,Distributor
2023-12-05,Safety Sensor Array,Automation,USA,4981.56,24,2207.59,Direct Industrial
2023-12-05,Hydraulic Cylinder HC-40,Hydraulics,Mexico,17386.82,53,9113.62,Direct Industrial
2023-12-06,Hydraulic Cylinder HC-40,Hydraulics,Mexico,2686.95,8,1394.76,Distributor
2023-12-06,Steel Bearing 6205,Components,Poland,127.12,28,51.06,Direct Industrial
2023-12-06,Conveyor Belt Roller,Components,Mexico,608.46,22,263.71,Distributor
2023-12-06,Safety Sensor Array,Automation,Germany,3626.97,17,1668.1,Distributor
2023-12-07,Industrial Motor 5HP,Motors,Mexico,10716.28,18,6037.42,OEM
2023-12-07,Industrial Motor 5HP,Motors,Poland,5777.74,9,3163.47,Direct Industrial
2023-12-07,Conveyor Belt Roller,Components,USA,250.01,9,115.29,Direct Industrial
2023-12-07,Steel Bearing 6205,Components,South Korea,69.92,19,36.36,Distributor
2023-12-07,PLC Controller Unit,Automation,Mexico,4534.94,5,2266.08,Distributor
2023-12-07,Conveyor Belt Roller,Components,South Korea,353.81,13,157.69,Distributor
2023-12-08,Conveyor Belt Roller,Components,Germany,954.55,40,510.18,Direct Industrial
2023-12-08,Steel Bearing 6205,Components,Germany,11.44,3,5.52,Distributor
2023-12-08,Pneumatic Valve V-200,Hydraulics,USA,4191.21,33,2337.94,Distributor
2023-12-08,Conveyor Belt Roller,Components,Germany,627.43,21,259.39,OEM
2023-12-08,Gearbox Assembly GB-12,Motors,South Korea,61142.39,48,32964.49,Distributor
2023-12-09,Steel Bearing 6205,Components,China,63.36,16,31.6,Distributor
2023-12-10,Pneumatic Valve V-200,Hydraulics,China,2480.47,19,1306.64,OEM
2023-12-10,Gearbox Assembly GB-12,Motors,China,51151.62,39,26016.05,Distributor
2023-12-10,Conveyor Belt Roller,Components,Mexico,392.33,16,206.42,OEM
2023-12-10,Industrial Motor 5HP,Motors,USA,14573.16,26,9059.68,Direct Industrial
2023-12-10,Steel Bearing 6205,Components,Poland,55.57,13,23.54,OEM
2023-12-11,Pneumatic Valve V-200,Hydraulics,USA,1493.08,12,826.89,Direct Industrial
2023-12-11,Hydraulic Cylinder HC-40,Hydraulics,Mexico,3994.1,12,2143.03,Distributor
2023-12-11,Safety Sensor Array,Automation,Germany,5887.68,30,2764.04,Direct Industrial
2023-12-11,Steel Bearing 6205,Components,China,60.82,17,31.86,Direct Industrial
2023-12-11,Steel Bearing 6205,Components,South Korea,64.33,17,33.79,Distributor
2023-12-11,Hydraulic Cylinder HC-40,Hydraulics,Germany,1614.17,5,918.73,Direct Industrial
2023-12-12,Steel Bearing 6205,Components,China,72.5,18,33.48,Direct Industrial
2023-12-12,Safety Sensor Array,Automation,Poland,5991.27,27,2647.41,Direct Industrial
2023-12-12,Conveyor Belt Roller,Components,China,228.33,8,101.46,OEM
2023-12-12,Industrial Motor 5HP,Motors,Germany,14984.66,26,8814.43,OEM
2023-12-12,Pneumatic Valve V-200,Hydraulics,Poland,1593.83,11,723.77,OEM
2023-12-13,Hydraulic Cylinder HC-40,Hydraulics,Mexico,8423.05,28,4658.9,OEM
2023-12-13,Pneumatic Valve V-200,Hydraulics,South Korea,4631.58,37,2390.53,Direct Industrial
2023-12-13,Conveyor Belt Roller,Components,USA,422.61,14,174.04,OEM
2023-12-13,Industrial Motor 5HP,Motors,China,5573.21,10,3384.24,OEM
2023-12-13,Safety Sensor Array,Automation,South Korea,3795.47,20,1890.65,Distributor
2023-12-13,Industrial Motor 5HP,Motors,China,6655.58,11,3820.9,Direct Industrial
2023-12-13,Industrial Motor 5HP,Motors,South Korea,60111.81,91,31993.77,Distributor
2023-12-13,Safety Sensor Array,Automation,Mexico,8912.79,42,3817.35,Direct Industrial
2023-12-13,PLC Controller Unit,Automation,Poland,21317.25,25,12150.66,OEM
2023-12-13,Conveyor Belt Roller,Components,South Korea,495.4,17,209.24,Direct Industrial
2023-12-14,Hydraulic Cylinder HC-40,Hydraulics,China,6931.33,24,4192.59,OEM
2023-12-15,Industrial Motor 5HP,Motors,Germany,4751.04,8,2641.18,Direct Industrial
2023-12-15,Conveyor Belt Roller,Components,China,302.39,12,145.57,OEM
2023-12-15,Pneumatic Valve V-200,Hydraulics,Poland,6304.96,51,3428.25,Direct Industrial
2023-12-15,Hydraulic Cylinder HC-40,Hydraulics,China,10619.54,38,6472.68,OEM
2023-12-15,Pneumatic Valve V-200,Hydraulics,South Korea,1785.75,13,888.5,Distributor
2023-12-15,Hydraulic Cylinder HC-40,Hydraulics,Mexico,8220.38,24,4088.17,Distributor
2023-12-16,Safety Sensor Array,Automation,Germany,3496.99,18,1748.1,Direct Industrial
2023-12-16,Hydraulic Cylinder HC-40,Hydraulics,China,5365.15,16,2664.0,Direct Industrial
2023-12-16,Steel Bearing 6205,Components,USA,41.13,11,20.15,Direct Industrial
2023-12-16,Steel Bearing 6205,Components,Poland,150.87,34,64.09,Distributor
2023-12-16,Gearbox Assembly GB-12,Motors,China,11517.04,10,6661.25,Distributor
2023-12-16,PLC Controller Unit,Automation,Germany,24012.69,28,13725.64,Distributor
2023-12-16,Conveyor Belt Roller,Components,South Korea,414.41,15,186.22,Distributor
2023-12-16,PLC Controller Unit,Automation,Germany,19761.55,21,10216.65,OEM
2023-12-17,Safety Sensor Array,Automation,China,4590.78,22,2106.98,Distributor
2023-12-17,Steel Bearing 6205,Components,Mexico,145.92,32,62.68,Direct Industrial
2023-12-17,Pneumatic Valve V-200,Hydraulics,Poland,3397.1,26,1707.0,Direct Industrial
2023-12-17,Industrial Motor 5HP,Motors,Poland,8017.76,14,4820.67,OEM
2023-12-17,Gearbox Assembly GB-12,Motors,China,54314.79,44,30969.55,Distributor
2023-12-17,Steel Bearing 6205,Components,Germany,68.4,17,33.15,Direct Industrial
2023-12-18,Conveyor Belt Roller,Components,Germany,313.1,12,144.41,OEM
2023-12-18,Hydraulic Cylinder HC-40,Hydraulics,Mexico,4660.55,14,2444.54,Direct Industrial
2023-12-18,Conveyor Belt Roller,Components,USA,692.82,29,352.04,Distributor
2023-12-18,Gearbox Assembly GB-12,Motors,China,23340.18,21,14092.05,Distributor
2023-12-18,Safety Sensor Array,Automation,South Korea,5928.53,29,2796.39,OEM
2023-12-18,Gearbox Assembly GB-12,Motors,South Korea,31966.67,24,15911.04,OEM
2023-12-18,Steel Bearing 6205,Components,Mexico,83.28,22,43.04,Distributor
2023-12-18,Industrial Motor 5HP,Motors,Germany,14601.94,28,9759.7,OEM
2023-12-18,Safety Sensor Array,Automation,Germany,1638.15,8,753.22,Distributor
2023-12-18,Industrial Motor 5HP,Motors,South Korea,16654.89,25,8759.89,OEM
2023-12-18,Industrial Motor 5HP,Motors,USA,15547.55,28,9500.92,Direct Industrial
2023-12-18,Safety Sensor Array,Automation,South Korea,4505.5,23,2235.96,Direct Industrial
2023-12-19,Hydraulic Cylinder HC-40,Hydraulics,USA,7484.24,22,3885.29,OEM
2023-12-19,Steel Bearing 6205,Components,Germany,57.45,13,24.05,Distributor
2023-12-19,Hydraulic Cylinder HC-40,Hydraulics,USA,9107.56,27,4910.24,OEM
2023-12-19,Conveyor Belt Roller,Components,China,350.09,14,180.96,Distributor
2023-12-19,PLC Controller Unit,Automation,Germany,18272.79,21,9872.0,Distributor
2023-12-19,Pneumatic Valve V-200,Hydraulics,South Korea,8719.38,65,4535.35,Direct Industrial
2023-12-19,Conveyor Belt Roller,Components,Mexico,246.67,9,108.81,Distributor
2023-12-20,Hydraulic Cylinder HC-40,Hydraulics,South Korea,1485.47,5,867.35,Direct Industrial
2023-12-20,Gearbox Assembly GB-12,Motors,China,84926.39,69,49861.11,Direct Industrial
2023-12-20,Industrial Motor 5HP,Motors,Germany,12926.15,22,7323.96,Direct Industrial
2023-12-20,Hydraulic Cylinder HC-40,Hydraulics,Poland,10065.94,29,5081.43,Direct Industrial
2023-12-20,Industrial Motor 5HP,Motors,South Korea,12068.84,21,6907.06,Direct Industrial
2023-12-20,Gearbox Assembly GB-12,Motors,South Korea,22374.73,18,12335.96,Direct Industrial
2023-12-20,Hydraulic Cylinder HC-40,Hydraulics,South Korea,8781.19,31,5656.01,OEM
2023-12-20,Steel Bearing 6205,Components,USA,218.61,50,92.06,Distributor
2023-12-21,Steel Bearing 6205,Components,USA,183.48,47,89.34,OEM
2023-12-21,Safety Sensor Array,Automation,South Korea,5015.74,23,2142.41,Distributor
2023-12-21,Hydraulic Cylinder HC-40,Hydraulics,China,8916.59,30,5213.92,OEM
2023-12-21,Conveyor Belt Roller,Components,Mexico,635.12,23,299.58,Direct Industrial
2023-12-21,PLC Controller Unit,Automation,USA,22432.46,24,11226.06,Distributor
2023-12-21,Safety Sensor Array,Automation,Poland,2762.04,13,1261.23,Direct Industrial
2023-12-21,Hydraulic Cylinder HC-40,Hydraulics,Poland,6606.57,21,3548.04,Direct Industrial
2023-12-21,PLC Controller Unit,Automation,China,16391.74,21,9705.85,Distributor
2023-12-21,PLC Controller Unit,Automation,Germany,5465.66,7,3397.98,Direct Industrial
2023-12-21,Hydraulic Cylinder HC-40,Hydraulics,Germany,14864.88,48,8210.66,OEM
2023-12-22,Gearbox Assembly GB-12,Motors,USA,14944.48,14,9830.32,Direct Industrial
2023-12-22,Conveyor Belt Roller,Components,South Korea,359.04,13,168.1,Direct Industrial
2023-12-22,Pneumatic Valve V-200,Hydraulics,USA,4637.39,30,2024.47,OEM
2023-12-22,PLC Controller Unit,Automation,Germany,11673.62,13,5860.18,Distributor
2023-12-22,Hydraulic Cylinder HC-40,Hydraulics,Mexico,5593.12,18,3101.98,Distributor
2023-12-22,Industrial Motor 5HP,Motors,Mexico,7019.21,13,4249.18,Distributor
2023-12-23,Pneumatic Valve V-200,Hydraulics,Mexico,1548.24,12,789.6,OEM
2023-12-23,Conveyor Belt Roller,Components,Germany,553.55,20,253.91,Distributor
2023-12-23,PLC Controller Unit,Automation,South Korea,10130.02,12,5784.18,Distributor
2023-12-23,Industrial Motor 5HP,Motors,Poland,15663.57,28,9743.23,Direct Industrial
2023-12-23,Pneumatic Valve V-200,Hydraulics,Poland,4235.37,30,1941.29,Distributor
2023-12-23,Hydraulic Cylinder HC-40,Hydraulics,Germany,10893.55,31,5602.87,Distributor
2023-12-23,Steel Bearing 6205,Components,China,78.53,21,38.35,Direct Industrial
2023-12-23,Industrial Motor 5HP,Motors,China,22800.07,43,14158.72,Direct Industrial
2023-12-23,Gearbox Assembly GB-12,Motors,China,9764.55,8,5682.74,Distributor
2023-12-24,Pneumatic Valve V-200,Hydraulics,China,3968.06,31,2141.03,Direct Industrial
2023-12-24,Industrial Motor 5HP,Motors,USA,28438.0,47,15564.52,Distributor
2023-12-24,Hydraulic Cylinder HC-40,Hydraulics,USA,8036.94,23,4120.94,OEM
2023-12-24,Gearbox Assembly GB-12,Motors,China,30646.25,25,16812.86,OEM
2023-12-24,Hydraulic Cylinder HC-40,Hydraulics,Poland,4921.89,18,3134.12,OEM
2023-12-24,Industrial Motor 5HP,Motors,Poland,6881.45,11,3692.54,Distributor
2023-12-24,Gearbox Assembly GB-12,Motors,USA,30540.85,28,18590.43,OEM
2023-12-24,Gearbox Assembly GB-12,Motors,Poland,25945.87,21,14276.8,OEM
2023-12-25,Pneumatic Valve V-200,Hydraulics,China,3132.2,24,1558.72,OEM
2023-12-25,Steel Bearing 6205,Components,China,68.52,17,30.86,OEM
2023-12-25,Industrial Motor 5HP,Motors,China,13018.98,22,7289.84,Distributor
2023-12-25,Safety Sensor Array,Automation,Germany,5719.38,32,3047.45,Distributor
2023-12-25,Steel Bearing 6205,Components,South Korea,73.2,18,35.72,Direct Industrial
2023-12-25,Safety Sensor Array,Automation,USA,6143.57,28,2613.92,Direct Industrial
2023-12-25,PLC Controller Unit,Automation,China,20579.0,23,11124.36,Direct Industrial
2023-12-25,Safety Sensor Array,Automation,Mexico,4747.52,24,2378.55,OEM
2023-12-25,Pneumatic Valve V-200,Hydraulics,South Korea,2664.73,20,1315.66,OEM
2023-12-26,Safety Sensor Array,Automation,South Korea,5446.09,29,2837.67,Direct Industrial
2023-12-26,Gearbox Assembly GB-12,Motors,USA,27456.4,21,14864.22,OEM
2023-12-26,Industrial Motor 5HP,Motors,China,18606.76,32,10621.91,OEM
2023-12-26,Gearbox Assembly GB-12,Motors,Mexico,7422.35,6,4036.2,Direct Industrial
2023-12-26,Pneumatic Valve V-200,Hydraulics,Mexico,1923.82,15,982.65,Distributor
2023-12-26,PLC Controller Unit,Automation,South Korea,16249.05,17,8012.47,Distributor
2023-12-26,Industrial Motor 5HP,Motors,Mexico,7239.24,11,3870.4,Direct Industrial
2023-12-27,Industrial Motor 5HP,Motors,China,23581.52,40,13690.81,OEM
2023-12-27,Steel Bearing 6205,Components,USA,123.61,28,55.81,OEM
2023-12-27,Hydraulic Cylinder HC-40,Hydraulics,Germany,7720.82,23,3840.05,Direct Industrial
2023-12-28,Safety Sensor Array,Automation,China,6969.07,31,3022.73,OEM
2023-12-28,Gearbox Assembly GB-12,Motors,USA,28882.13,23,16186.1,Direct Industrial
2023-12-28,Pneumatic Valve V-200,Hydraulics,South Korea,2084.72,14,980.87,Direct Industrial
2023-12-28,Industrial Motor 5HP,Motors,China,23250.28,43,14060.22,OEM
2023-12-28,Industrial Motor 5HP,Motors,Mexico,22889.88,39,12866.99,Distributor
2023-12-28,Conveyor Belt Roller,Components,USA,956.23,32,419.79,OEM
2023-12-28,Industrial Motor 5HP,Motors,China,7974.0,15,5290.87,OEM
2023-12-29,Safety Sensor Array,Automation,Mexico,7533.62,34,3095.89,OEM
2023-12-29,PLC Controller Unit,Automation,South Korea,50433.59,55,26500.32,Distributor
2023-12-29,Conveyor Belt Roller,Components,China,325.7,12,157.03,Distributor
2023-12-29,Gearbox Assembly GB-12,Motors,Mexico,20544.46,19,12892.05,Distributor
2023-12-29,Industrial Motor 5HP,Motors,USA,12678.24,23,8021.02,Direct Industrial
2023-12-29,Pneumatic Valve V-200,Hydraulics,Poland,1392.73,10,670.9,Direct Industrial
2023-12-29,Gearbox Assembly GB-12,Motors,Mexico,14095.27,12,8662.92,Distributor
2023-12-29,PLC Controller Unit,Automation,Mexico,7961.27,10,4637.11,Direct Industrial
2023-12-30,Hydraulic Cylinder HC-40,Hydraulics,South Korea,3870.18,13,2367.55,Distributor
2023-12-30,Conveyor Belt Roller,Components,USA,363.73,12,144.64,OEM
2023-12-30,Conveyor Belt Roller,Components,Mexico,767.8,25,317.12,Distributor
2023-12-30,PLC Controller Unit,Automation,Mexico,24104.16,25,11210.22,Direct Industrial
2023-12-30,Safety Sensor Array,Automation,Germany,2752.01,12,1104.48,Distributor
2023-12-30,Conveyor Belt Roller,Components,South Korea,798.84,26,323.0,Distributor
2023-12-30,Safety Sensor Array,Automation,Poland,5943.39,29,2728.82,OEM
2023-12-30,Hydraulic Cylinder HC-40,Hydraulics,USA,7143.15,26,4454.82,Direct Industrial
2023-12-31,Steel Bearing 6205,Components,USA,51.88,13,25.78,Distributor
2023-12-31,Pneumatic Valve V-200,Hydraulics,South Korea,5087.69,38,2498.47,Distributor
2023-12-31,Hydraulic Cylinder HC-40,Hydraulics,Poland,11529.66,36,6185.01,Distributor
2023-12-31,Industrial Motor 5HP,Motors,China,32770.47,50,16857.53,Distributor
2023-12-31,Industrial Motor 5HP,Motors,Poland,9727.12,18,6227.77,Direct Industrial
2024-01-01,Industrial Motor 5HP,Motors,Germany,17490.77,31,10991.87,OEM
2024-01-01,PLC Controller Unit,Automation,Poland,31330.45,41,19068.08,Direct Industrial
2024-01-01,Conveyor Belt Roller,Components,China,1047.87,35,430.7,Direct Industrial
2024-01-01,Industrial Motor 5HP,Motors,USA,23895.99,44,15217.28,Distributor
2024-01-01,Pneumatic Valve V-200,Hydraulics,USA,3285.83,25,1618.18,Direct Industrial
2024-01-01,Steel Bearing 6205,Components,Mexico,179.05,42,76.36,Distributor
2024-01-01,Gearbox Assembly GB-12,Motors,Germany,22703.76,21,14511.68,Distributor
2024-01-02,Industrial Motor 5HP,Motors,Poland,18170.15,30,9978.91,Direct Industrial
2024-01-02,Hydraulic Cylinder HC-40,Hydraulics,Germany,3967.84,14,2494.56,Direct Industrial
2024-01-02,Steel Bearing 6205,Components,USA,70.07,18,34.55,OEM
2024-01-02,Safety Sensor Array,Automation,South Korea,3407.11,17,1563.63,Distributor
2024-01-02,Conveyor Belt Roller,Components,USA,517.15,17,205.52,Direct Industrial
2024-01-02,PLC Controller Unit,Automation,Germany,14997.97,17,7965.21,Distributor
2024-01-02,Gearbox Assembly GB-12,Motors,USA,29537.38,22,15687.46,Direct Industrial
2024-01-02,PLC Controller Unit,Automation,Poland,16815.27,21,9421.44,Distributor
2024-01-02,Conveyor Belt Roller,Components,USA,1014.85,39,508.21,OEM
2024-01-02,Conveyor Belt Roller,Components,Germany,751.74,30,386.51,Direct Industrial
2024-01-03,Steel Bearing 6205,Components,China,98.71,26,50.21,OEM
2024-01-03,Steel Bearing 6205,Components,Poland,44.38,10,19.38,Direct Industrial
2024-01-03,Safety Sensor Array,Automation,USA,5115.4,27,2657.55,Direct Industrial
2024-01-03,PLC Controller Unit,Automation,China,7470.05,9,4345.34,Direct Industrial
2024-01-03,Industrial Motor 5HP,Motors,South Korea,16552.73,28,9748.81,OEM
2024-01-03,Industrial Motor 5HP,Motors,USA,6075.44,11,3637.04,Distributor
2024-01-04,Safety Sensor Array,Automation,Poland,8344.43,43,3880.92,Distributor
2024-01-04,Pneumatic Valve V-200,Hydraulics,Poland,4029.28,29,2063.26,OEM
2024-01-04,Safety Sensor Array,Automation,Poland,2750.51,12,1151.49,Distributor
2024-01-04,Conveyor Belt Roller,Components,China,622.89,22,275.88,Direct Industrial
2024-01-04,Conveyor Belt Roller,Components,South Korea,116.57,4,50.89,Direct Industrial
2024-01-04,Conveyor Belt Roller,Components,South Korea,651.8,27,343.66,OEM
2024-01-04,Gearbox Assembly GB-12,Motors,South Korea,15923.06,13,8878.4,Distributor
2024-01-04,Conveyor Belt Roller,Components,Poland,786.89,29,373.02,Distributor
2024-01-05,Steel Bearing 6205,Components,South Korea,77.61,21,41.64,Distributor
2024-01-05,Safety Sensor Array,Automation,USA,5204.57,29,2769.16,Distributor
2024-01-05,Steel Bearing 6205,Components,Poland,57.49,13,25.84,Direct Industrial
2024-01-05,Steel Bearing 6205,Components,South Korea,40.71,11,20.76,Distributor
2024-01-05,Hydraulic Cylinder HC-40,Hydraulics,Mexico,9868.99,29,5135.8,OEM
2024-01-05,PLC Controller Unit,Automation,Mexico,15028.35,17,8021.15,Direct Industrial
2024-01-05,Gearbox Assembly GB-12,Motors,USA,13766.3,12,8371.12,Direct Industrial
2024-01-05,Gearbox Assembly GB-12,Motors,Poland,16219.37,15,10744.97,Direct Industrial
2024-01-06,Steel Bearing 6205,Components,Poland,39.29,9,16.34,OEM
2024-01-06,Pneumatic Valve V-200,Hydraulics,Poland,887.37,7,470.97,Distributor
2024-01-06,Hydraulic Cylinder HC-40,Hydraulics,South Korea,10161.86,35,6011.52,OEM
2024-01-06,Steel Bearing 6205,Components,Mexico,140.42,31,60.05,OEM
2024-01-06,Gearbox Assembly GB-12,Motors,South Korea,9623.57,8,5785.77,OEM
2024-01-07,PLC Controller Unit,Automation,Mexico,25190.04,30,14101.97,Distributor
2024-01-07,Conveyor Belt Roller,Components,Poland,316.58,13,162.08,Distributor
2024-01-07,Conveyor Belt Roller,Components,Mexico,618.75,23,292.97,OEM
2024-01-07,PLC Controller Unit,Automation,USA,7816.03,9,4432.4,Direct Industrial
2024-01-07,Hydraulic Cylinder HC-40,Hydraulics,China,5631.57,18,3294.93,Direct Industrial
2024-01-07,Pneumatic Valve V-200,Hydraulics,China,2734.64,20,1351.39,OEM
2024-01-07,Safety Sensor Array,Automation,Mexico,3637.34,16,1586.32,Distributor
2024-01-07,Industrial Motor 5HP,Motors,South Korea,28047.61,43,15092.03,Direct Industrial
2024-01-08,Hydraulic Cylinder HC-40,Hydraulics,Mexico,3950.36,13,2365.16,OEM
2024-01-08,Safety Sensor Array,Automation,USA,11410.2,51,4830.13,OEM
2024-01-08,Safety Sensor Array,Automation,USA,4219.95,20,1873.33,Direct Industrial
2024-01-08,Industrial Motor 5HP,Motors,USA,3827.08,7,2293.64,OEM
2024-01-08,Gearbox Assembly GB-12,Motors,USA,25234.67,20,13783.25,OEM
2024-01-08,Pneumatic Valve V-200,Hydraulics,China,1907.29,13,865.44,Direct Industrial
2024-01-08,Steel Bearing 6205,Components,Mexico,53.14,13,24.96,Direct Industrial
2024-01-08,Hydraulic Cylinder HC-40,Hydraulics,Mexico,6782.84,20,3594.7,Direct Industrial
2024-01-08,Conveyor Belt Roller,Components,South Korea,1053.76,35,417.93,Direct Industrial
2024-01-08,Safety Sensor Array,Automation,USA,5479.14,26,2418.63,Direct Industrial
2024-01-09,Gearbox Assembly GB-12,Motors,South Korea,51841.82,46,32033.43,Direct Industrial
2024-01-09,PLC Controller Unit,Automation,Germany,16945.44,18,8672.88,OEM
2024-01-10,Conveyor Belt Roller,Components,Germany,571.96,21,254.62,OEM
2024-01-10,Gearbox Assembly GB-12,Motors,China,16407.23,15,10007.39,Distributor
2024-01-10,Hydraulic Cylinder HC-40,Hydraulics,Mexico,3648.72,12,2181.27,Direct Industrial
2024-01-10,PLC Controller Unit,Automation,Mexico,22370.39,26,11762.59,OEM
2024-01-10,Gearbox Assembly GB-12,Motors,USA,24052.68,22,15035.56,Distributor
2024-01-11,PLC Controller Unit,Automation,Germany,36222.25,39,19146.21,Distributor
2024-01-11,Pneumatic Valve V-200,Hydraulics,Poland,924.59,7,468.49,Direct Industrial
2024-01-11,Industrial Motor 5HP,Motors,USA,3825.44,7,2450.4,Direct Industrial
2024-01-11,Hydraulic Cylinder HC-40,Hydraulics,China,2539.71,9,1644.05,Direct Industrial
2024-01-11,PLC Controller Unit,Automation,China,21361.01,27,12730.67,OEM
2024-01-11,Conveyor Belt Roller,Components,Mexico,865.16,35,422.15,Distributor
2024-01-11,Gearbox Assembly GB-12,Motors,Germany,23812.88,19,13467.46,Direct Industrial
2024-01-11,Conveyor Belt Roller,Components,Mexico,467.66,18,220.82,Distributor
2024-01-12,PLC Controller Unit,Automation,South Korea,15089.28,16,7444.69,Distributor
2024-01-12,Gearbox Assembly GB-12,Motors,Poland,41140.61,33,23328.47,Distributor
2024-01-12,Industrial Motor 5HP,Motors,Germany,12599.26,22,7300.24,Direct Industrial
2024-01-13,PLC Controller Unit,Automation,USA,5923.76,7,3387.18,Direct Industrial
2024-01-13,Pneumatic Valve V-200,Hydraulics,USA,8333.84,55,3557.74,Direct Industrial
2024-01-13,Gearbox Assembly GB-12,Motors,South Korea,17404.11,14,9522.54,Direct Industrial
2024-01-13,Gearbox Assembly GB-12,Motors,Germany,58115.36,51,34566.39,Distributor
2024-01-13,PLC Controller Unit,Automation,Mexico,26396.28,33,15554.18,OEM
2024-01-13,Gearbox Assembly GB-12,Motors,Germany,17556.03,15,9864.08,OEM
2024-01-14,Pneumatic Valve V-200,Hydraulics,Germany,5334.02,39,2721.02,Distributor
2024-01-14,Pneumatic Valve V-200,Hydraulics,China,1666.58,12,852.93,Distributor
2024-01-14,Hydraulic Cylinder HC-40,Hydraulics,USA,9201.4,27,4587.88,Distributor
2024-01-14,Conveyor Belt Roller,Components,South Korea,172.95,7,89.18,OEM
2024-01-14,Pneumatic Valve V-200,Hydraulics,Germany,2476.78,16,1122.19,Distributor
2024-01-14,Steel Bearing 6205,Components,China,41.38,10,18.48,Distributor
2024-01-14,Gearbox Assembly GB-12,Motors,Mexico,7826.73,6,4290.38,OEM
2024-01-14,Pneumatic Valve V-200,Hydraulics,Mexico,3191.47,21,1448.75,OEM
2024-01-15,Gearbox Assembly GB-12,Motors,Germany,26754.81,23,15394.66,Distributor
2024-01-15,Conveyor Belt Roller,Components,Poland,592.02,21,258.44,Distributor
2024-01-15,Conveyor Belt Roller,Components,Mexico,726.25,24,309.81,Direct Industrial
2024-01-15,Safety Sensor Array,Automation,Germany,4109.47,20,1850.86,OEM
2024-01-15,Conveyor Belt Roller,Components,Germany,158.66,6,74.7,OEM
2024-01-15,Hydraulic Cylinder HC-40,Hydraulics,China,8589.99,31,5544.15,OEM
2024-01-16,Steel Bearing 6205,Components,South Korea,96.48,25,45.96,Direct Industrial
2024-01-16,Conveyor Belt Roller,Components,China,1587.34,53,649.44,OEM
2024-01-16,Conveyor Belt Roller,Components,Poland,1461.22,49,637.92,Direct Industrial
2024-01-16,Steel Bearing 6205,Components,USA,133.8,30,56.19,Distributor
2024-01-16,Industrial Motor 5HP,Motors,China,13610.26,22,7278.19,Distributor
2024-01-16,Safety Sensor Array,Automation,Poland,5980.74,31,3027.02,Distributor
2024-01-16,Pneumatic Valve V-200,Hydraulics,USA,1823.72,12,825.67,Distributor
2024-01-16,Gearbox Assembly GB-12,Motors,USA,17086.37,13,9007.2,OEM
2024-01-16,Gearbox Assembly GB-12,Motors,Mexico,22598.69,17,11801.75,Direct Industrial
2024-01-17,Safety Sensor Array,Automation,China,8754.38,38,3599.66,Distributor
2024-01-17,Industrial Motor 5HP,Motors,Poland,12251.17,20,6792.31,Direct Industrial
2024-01-18,Steel Bearing 6205,Components,Poland,121.18,27,49.54,Distributor
2024-01-18,Conveyor Belt Roller,Components,China,766.02,29,370.92,Distributor
2024-01-18,Hydraulic Cylinder HC-40,Hydraulics,Germany,12820.6,45,8190.37,Direct Industrial
2024-01-18,Safety Sensor Array,Automation,Poland,7081.76,31,2817.87,Direct Industrial
2024-01-18,Pneumatic Valve V-200,Hydraulics,China,4782.01,32,2220.74,Distributor
2024-01-19,Steel Bearing 6205,Components,China,136.72,30,57.58,OEM
2024-01-19,Conveyor Belt Roller,Components,Poland,917.68,31,399.25,Direct Industrial
2024-01-19,Steel Bearing 6205,Components,Mexico,167.65,37,69.34,Direct Industrial
2024-01-19,Industrial Motor 5HP,Motors,South Korea,21354.59,38,12486.42,Direct Industrial
2024-01-19,Gearbox Assembly GB-12,Motors,Germany,20736.83,19,13103.76,OEM
2024-01-19,Hydraulic Cylinder HC-40,Hydraulics,USA,6175.87,19,3463.1,Direct Industrial
2024-01-20,Gearbox Assembly GB-12,Motors,Poland,16790.45,14,9580.5,OEM
2024-01-20,Hydraulic Cylinder HC-40,Hydraulics,Mexico,15439.32,45,8019.92,Distributor
2024-01-20,Gearbox Assembly GB-12,Motors,Germany,12906.51,12,8164.11,OEM
2024-01-20,Hydraulic Cylinder HC-40,Hydraulics,Germany,8082.33,26,4424.52,Direct Industrial
2024-01-20,PLC Controller Unit,Automation,USA,21063.7,23,11297.22,Distributor
2024-01-20,Gearbox Assembly GB-12,Motors,Germany,22705.14,20,14442.45,Direct Industrial
2024-01-20,Pneumatic Valve V-200,Hydraulics,Mexico,1695.76,11,758.42,Direct Industrial
2024-01-20,Hydraulic Cylinder HC-40,Hydraulics,Germany,2326.2,8,1432.93,OEM
2024-01-20,Industrial Motor 5HP,Motors,South Korea,9375.2,18,6204.98,Direct Industrial
2024-01-20,PLC Controller Unit,Automation,Germany,16420.48,18,8139.17,OEM
2024-01-20,PLC Controller Unit,Automation,Germany,25221.01,29,14027.48,Direct Industrial
2024-01-21,PLC Controller Unit,Automation,USA,40588.76,50,23731.83,Distributor
2024-01-21,Pneumatic Valve V-200,Hydraulics,Germany,3126.18,22,1568.77,Distributor
2024-01-21,Gearbox Assembly GB-12,Motors,China,3351.51,3,2133.09,OEM
2024-01-21,Safety Sensor Array,Automation,South Korea,14669.56,65,6475.5,Distributor
2024-01-21,Gearbox Assembly GB-12,Motors,South Korea,22654.35,20,14382.86,OEM
2024-01-21,Industrial Motor 5HP,Motors,USA,16374.0,29,9706.16,Distributor
2024-01-21,Conveyor Belt Roller,Components,Poland,175.13,7,89.92,OEM
2024-01-21,Industrial Motor 5HP,Motors,China,19552.53,36,12658.97,Direct Industrial
2024-01-21,PLC Controller Unit,Automation,Mexico,7640.33,10,4636.5,OEM
2024-01-21,Safety Sensor Array,Automation,USA,9538.4,46,4544.42,OEM
2024-01-22,Industrial Motor 5HP,Motors,South Korea,570.26,1,353.51,OEM
2024-01-22,Gearbox Assembly GB-12,Motors,USA,69310.98,56,39947.59,OEM
2024-01-22,Gearbox Assembly GB-12,Motors,USA,12204.56,9,6067.46,Direct Industrial
2024-01-22,Hydraulic Cylinder HC-40,Hydraulics,South Korea,1637.69,5,902.41,Direct Industrial
2024-01-22,Pneumatic Valve V-200,Hydraulics,USA,2467.87,19,1322.35,Direct Industrial
2024-01-22,Conveyor Belt Roller,Components,South Korea,1043.76,36,466.92,Distributor
2024-01-23,Steel Bearing 6205,Components,USA,86.23,19,34.35,Distributor
2024-01-23,Steel Bearing 6205,Components,Mexico,23.89,6,11.41,Distributor
2024-01-23,Industrial Motor 5HP,Motors,Poland,16472.7,25,8838.88,Distributor
2024-01-23,Pneumatic Valve V-200,Hydraulics,USA,6409.12,41,2753.39,Direct Industrial
2024-01-23,Hydraulic Cylinder HC-40,Hydraulics,USA,6495.6,20,3642.47,Direct Industrial
2024-01-23,Steel Bearing 6205,Components,China,22.09,6,11.25,OEM
2024-01-24,Industrial Motor 5HP,Motors,Mexico,6220.45,11,3593.25,Distributor
2024-01-24,PLC Controller Unit,Automation,Mexico,16807.21,18,8496.73,Distributor
2024-01-24,Industrial Motor 5HP,Motors,Poland,18819.15,33,11642.15,OEM
2024-01-24,Steel Bearing 6205,Components,Mexico,176.68,48,88.11,OEM
2024-01-24,Industrial Motor 5HP,Motors,Germany,6439.44,10,3520.15,OEM
2024-01-24,Pneumatic Valve V-200,Hydraulics,Germany,1809.98,12,850.39,Distributor
2024-01-24,Pneumatic Valve V-200,Hydraulics,USA,1794.5,14,904.9,Distributor
2024-01-24,Steel Bearing 6205,Components,Poland,145.81,36,71.16,Distributor
2024-01-24,Conveyor Belt Roller,Components,Mexico,696.64,27,347.39,Direct Industrial
2024-01-24,PLC Controller Unit,Automation,Poland,39275.71,43,19881.42,OEM
2024-01-24,Safety Sensor Array,Automation,South Korea,1835.08,8,735.98,Direct Industrial
2024-01-24,Safety Sensor Array,Automation,Germany,4116.84,22,2043.51,Distributor
2024-01-25,Gearbox Assembly GB-12,Motors,Poland,30208.24,25,17478.19,Direct Industrial
2024-01-25,Steel Bearing 6205,Components,Poland,132.24,29,54.29,Distributor
2024-01-25,Safety Sensor Array,Automation,China,3764.76,21,2032.91,Distributor
2024-01-25,Hydraulic Cylinder HC-40,Hydraulics,Poland,8265.86,27,4715.68,OEM
2024-01-25,Conveyor Belt Roller,Components,China,996.53,36,468.4,Direct Industrial
2024-01-25,Steel Bearing 6205,Components,China,85.37,22,40.14,Direct Industrial
2024-01-25,Gearbox Assembly GB-12,Motors,South Korea,27793.74,21,15019.85,Distributor
2024-01-26,Conveyor Belt Roller,Components,Mexico,377.29,14,175.62,OEM
2024-01-27,PLC Controller Unit,Automation,Germany,13833.72,17,7817.4,Distributor
2024-01-27,Hydraulic Cylinder HC-40,Hydraulics,Germany,3360.81,11,1967.33,OEM
2024-01-27,Conveyor Belt Roller,Components,South Korea,271.31,9,113.63,OEM
2024-01-27,Hydraulic Cylinder HC-40,Hydraulics,Germany,3251.95,11,1896.23,OEM
2024-01-27,Steel Bearing 6205,Components,Mexico,118.46,27,52.96,Direct Industrial
2024-01-27,Industrial Motor 5HP,Motors,China,14276.28,23,7657.28,Distributor
2024-01-27,Hydraulic Cylinder HC-40,Hydraulics,South Korea,3026.43,10,1718.05,OEM
2024-01-28,Gearbox Assembly GB-12,Motors,Poland,18335.24,14,9242.31,Direct Industrial
2024-01-28,Safety Sensor Array,Automation,Germany,2090.18,11,1054.0,Distributor
2024-01-28,Safety Sensor Array,Automation,South Korea,2298.38,11,1000.86,Direct Industrial
2024-01-28,Industrial Motor 5HP,Motors,Germany,38411.41,68,23453.16,Distributor
2024-01-28,Conveyor Belt Roller,Components,Poland,311.61,13,158.03,OEM
2024-01-28,Industrial Motor 5HP,Motors,Germany,10843.61,17,5998.39,Direct Industrial
2024-01-28,Gearbox Assembly GB-12,Motors,South Korea,17632.25,13,9191.01,Distributor
2024-01-28,Pneumatic Valve V-200,Hydraulics,Germany,454.52,3,211.66,OEM
2024-01-28,PLC Controller Unit,Automation,South Korea,5691.12,7,3235.68,Direct Industrial
2024-01-29,Steel Bearing 6205,Components,South Korea,32.69,8,15.07,Distributor
2024-01-29,Industrial Motor 5HP,Motors,Germany,28659.17,43,14197.91,OEM
2024-01-29,Steel Bearing 6205,Components,USA,34.88,8,14.8,Distributor
2024-01-29,Steel Bearing 6205,Components,South Korea,85.47,22,40.54,Direct Industrial
2024-01-30,Hydraulic Cylinder HC-40,Hydraulics,Mexico,9400.6,32,5337.91,OEM
2024-01-30,Steel Bearing 6205,Components,USA,81.54,18,33.7,Direct Industrial
2024-01-30,Pneumatic Valve V-200,Hydraulics,Germany,1127.26,9,616.54,Distributor
2024-01-30,Steel Bearing 6205,Components,USA,56.41,13,25.6,Distributor
2024-01-30,Conveyor Belt Roller,Components,Germany,486.99,19,231.81,OEM
2024-01-30,Hydraulic Cylinder HC-40,Hydraulics,South Korea,9559.15,29,4854.99,Distributor
2024-01-30,Pneumatic Valve V-200,Hydraulics,South Korea,2355.59,17,1128.32,Distributor
2024-01-31,Pneumatic Valve V-200,Hydraulics,USA,3082.92,20,1358.27,Distributor
2024-01-31,Safety Sensor Array,Automation,South Korea,1310.7,6,591.71,Distributor
2024-01-31,Gearbox Assembly GB-12,Motors,USA,18137.39,16,10959.61,OEM
2024-01-31,Hydraulic Cylinder HC-40,Hydraulics,Germany,4938.65,16,2902.43,Direct Industrial
2024-01-31,PLC Controller Unit,Automation,Poland,43254.19,54,25162.01,OEM
2024-01-31,Pneumatic Valve V-200,Hydraulics,Germany,4565.01,35,2372.6,OEM
2024-01-31,PLC Controller Unit,Automation,USA,20879.24,23,11032.08,OEM
2024-01-31,PLC Controller Unit,Automation,Mexico,42498.04,55,24784.26,Direct Industrial
2024-01-31,Safety Sensor Array,Automation,USA,1271.8,6,570.36,Direct Industrial
2024-02-01,Industrial Motor 5HP,Motors,South Korea,6965.11,13,4483.76,Direct Industrial
2024-02-01,Gearbox Assembly GB-12,Motors,China,57985.94,43,29017.7,Direct Industrial
2024-02-01,PLC Controller Unit,Automation,USA,19096.47,25,11441.39,Distributor
2024-02-01,Hydraulic Cylinder HC-40,Hydraulics,Germany,3021.67,11,1866.42,OEM
2024-02-01,Conveyor Belt Roller,Components,Poland,354.39,14,170.5,Distributor
2024-02-01,Gearbox Assembly GB-12,Motors,Germany,27237.3,24,16333.2,Direct Industrial
2024-02-01,Hydraulic Cylinder HC-40,Hydraulics,Poland,4166.41,13,2217.07,Distributor
2024-02-01,PLC Controller Unit,Automation,Mexico,21059.6,26,12350.19,Direct Industrial
2024-02-01,Hydraulic Cylinder HC-40,Hydraulics,China,12553.51,42,7699.78,Distributor
2024-02-01,Conveyor Belt Roller,Components,Mexico,437.14,16,196.74,OEM
2024-02-01,Pneumatic Valve V-200,Hydraulics,China,3782.33,26,1705.68,Distributor
2024-02-02,Steel Bearing 6205,Components,South Korea,103.35,27,53.11,OEM
2024-02-02,Industrial Motor 5HP,Motors,Poland,19863.81,38,12533.87,Distributor
2024-02-02,Pneumatic Valve V-200,Hydraulics,Mexico,4615.37,35,2330.9,Direct Industrial
2024-02-02,Steel Bearing 6205,Components,USA,77.63,17,31.58,Direct Industrial
2024-02-02,Industrial Motor 5HP,Motors,China,15490.4,27,8869.28,Distributor
2024-02-02,Conveyor Belt Roller,Components,Germany,208.03,7,85.63,Distributor
2024-02-02,Gearbox Assembly GB-12,Motors,South Korea,57498.1,48,33137.28,Distributor
2024-02-03,Conveyor Belt Roller,Components,Poland,1123.83,47,588.93,Distributor
2024-02-04,Steel Bearing 6205,Components,China,161.19,40,73.07,Direct Industrial
2024-02-04,Hydraulic Cylinder HC-40,Hydraulics,Mexico,8200.99,29,4886.92,Direct Industrial
2024-02-04,Pneumatic Valve V-200,Hydraulics,China,3775.0,29,1920.84,Direct Industrial
2024-02-04,Conveyor Belt Roller,Components,Mexico,445.29,17,214.98,Direct Industrial
2024-02-04,Steel Bearing 6205,Components,Mexico,92.89,24,46.63,Direct Industrial
2024-02-04,Steel Bearing 6205,Components,USA,104.66,26,49.72,OEM
2024-02-05,Pneumatic Valve V-200,Hydraulics,Poland,2096.36,16,1089.2,OEM
2024-02-05,Safety Sensor Array,Automation,China,9053.73,40,3905.68,Direct Industrial
2024-02-05,Pneumatic Valve V-200,Hydraulics,China,5979.75,42,2773.49,OEM
2024-02-05,Conveyor Belt Roller,Components,Mexico,359.1,14,180.59,Direct Industrial
2024-02-05,Conveyor Belt Roller,Components,China,676.77,26,327.54,OEM
2024-02-05,Steel Bearing 6205,Components,Germany,115.91,31,59.01,Direct Industrial
2024-02-05,Pneumatic Valve V-200,Hydraulics,South Korea,1144.2,9,594.82,OEM
2024-02-05,Gearbox Assembly GB-12,Motors,China,22210.29,19,12677.99,Distributor
2024-02-05,Safety Sensor Array,Automation,Germany,5345.88,25,2481.65,Distributor
2024-02-05,Pneumatic Valve V-200,Hydraulics,Germany,2476.87,19,1286.76,OEM
2024-02-05,Safety Sensor Array,Automation,China,7274.06,39,3630.98,Distributor
2024-02-05,Pneumatic Valve V-200,Hydraulics,Poland,2638.94,17,1170.36,Direct Industrial
2024-02-05,PLC Controller Unit,Automation,Germany,12538.71,14,6672.13,Distributor
2024-02-06,Safety Sensor Array,Automation,Mexico,7713.39,42,3829.01,Direct Industrial
2024-02-06,Steel Bearing 6205,Components,China,110.87,24,44.07,OEM
2024-02-06,Steel Bearing 6205,Components,Mexico,100.06,26,50.21,Distributor
2024-02-06,Hydraulic Cylinder HC-40,Hydraulics,Germany,7883.43,23,3991.74,OEM
2024-02-06,Pneumatic Valve V-200,Hydraulics,Mexico,2161.65,15,1039.58,Distributor
2024-02-06,PLC Controller Unit,Automation,USA,13995.9,16,7820.1,Direct Industrial
2024-02-06,PLC Controller Unit,Automation,South Korea,14520.65,16,7517.03,Direct Industrial
2024-02-06,Gearbox Assembly GB-12,Motors,Poland,32254.54,30,21221.62,Direct Industrial
2024-02-06,Steel Bearing 6205,Components,China,77.9,17,33.65,Distributor
2024-02-06,Pneumatic Valve V-200,Hydraulics,Germany,4630.78,30,2092.95,Direct Industrial
2024-02-07,Hydraulic Cylinder HC-40,Hydraulics,China,7203.63,22,3807.46,Direct Industrial
2024-02-07,Safety Sensor Array,Automation,USA,4060.97,19,1790.03,Direct Industrial
2024-02-07,Hydraulic Cylinder HC-40,Hydraulics,Germany,8067.32,24,4112.85,Distributor
2024-02-07,Safety Sensor Array,Automation,Germany,3666.67,16,1592.23,Direct Industrial
2024-02-07,Industrial Motor 5HP,Motors,USA,9910.49,15,5299.43,Distributor
2024-02-07,Steel Bearing 6205,Components,South Korea,64.14,17,31.97,Distributor
2024-02-07,Conveyor Belt Roller,Components,China,1233.42,44,542.0,OEM
2024-02-07,Steel Bearing 6205,Components,USA,76.16,21,38.94,Direct Industrial
2024-02-07,PLC Controller Unit,Automation,South Korea,28075.87,33,16007.97,OEM
2024-02-08,Gearbox Assembly GB-12,Motors,Poland,41277.77,35,25285.55,OEM
2024-02-08,Hydraulic Cylinder HC-40,Hydraulics,Mexico,2220.79,7,1280.67,Direct Industrial
2024-02-08,Industrial Motor 5HP,Motors,USA,20523.33,38,13346.68,OEM
2024-02-08,Steel Bearing 6205,Components,China,307.62,80,153.61,Direct Industrial
2024-02-08,Gearbox Assembly GB-12,Motors,South Korea,45423.45,38,25950.89,Direct Industrial
2024-02-08,PLC Controller Unit,Automation,Germany,17478.96,22,10368.07,Distributor
2024-02-09,Safety Sensor Array,Automation,Poland,6909.84,38,3737.56,Distributor
2024-02-09,Gearbox Assembly GB-12,Motors,South Korea,26103.94,20,14157.59,Direct Industrial
2024-02-09,Conveyor Belt Roller,Components,China,489.31,19,232.02,OEM
2024-02-09,Pneumatic Valve V-200,Hydraulics,South Korea,883.17,7,487.06,Distributor
2024-02-09,PLC Controller Unit,Automation,Mexico,13110.52,17,7789.33,Distributor
2024-02-09,Safety Sensor Array,Automation,China,3808.79,21,1990.86,Distributor
2024-02-09,Hydraulic Cylinder HC-40,Hydraulics,USA,2045.2,7,1240.99,OEM
2024-02-09,Conveyor Belt Roller,Components,China,1188.67,40,484.02,Direct Industrial
2024-02-09,Steel Bearing 6205,Components,South Korea,22.11,5,9.92,OEM
2024-02-09,Steel Bearing 6205,Components,USA,92.09,20,38.2,Distributor
2024-02-10,Safety Sensor Array,Automation,Germany,2028.44,10,932.9,Direct Industrial
2024-02-10,Hydraulic Cylinder HC-40,Hydraulics,USA,8770.66,30,5410.73,Direct Industrial
2024-02-10,Conveyor Belt Roller,Components,Poland,661.22,27,321.62,OEM
2024-02-10,Pneumatic Valve V-200,Hydraulics,China,1286.4,10,668.07,Distributor
2024-02-10,Gearbox Assembly GB-12,Motors,USA,8884.5,7,4792.75,Distributor
2024-02-10,Gearbox Assembly GB-12,Motors,Mexico,32726.64,28,19561.3,Distributor
2024-02-10,Safety Sensor Array,Automation,Germany,6590.39,33,3079.15,Distributor
2024-02-10,Industrial Motor 5HP,Motors,Mexico,16852.44,28,9057.46,OEM
2024-02-11,Safety Sensor Array,Automation,USA,6094.2,28,2762.34,Direct Industrial
2024-02-11,Gearbox Assembly GB-12,Motors,Poland,33085.94,25,18011.53,OEM
2024-02-11,Hydraulic Cylinder HC-40,Hydraulics,Poland,8250.29,27,4783.46,OEM
2024-02-11,Safety Sensor Array,Automation,South Korea,829.76,4,392.12,OEM
2024-02-11,Pneumatic Valve V-200,Hydraulics,China,5704.48,45,3204.14,Direct Industrial
2024-02-11,Gearbox Assembly GB-12,Motors,Germany,39040.49,29,20344.46,Direct Industrial
2024-02-11,Safety Sensor Array,Automation,Germany,3073.88,14,1344.21,OEM
2024-02-11,Industrial Motor 5HP,Motors,USA,22946.14,40,13953.25,OEM
2024-02-11,Safety Sensor Array,Automation,USA,3535.66,17,1676.44,OEM
2024-02-11,PLC Controller Unit,Automation,Mexico,12759.48,16,7329.3,Distributor
2024-02-11,Gearbox Assembly GB-12,Motors,China,5368.74,5,3457.83,OEM
2024-02-11,Conveyor Belt Roller,Components,Mexico,1290.16,45,565.88,Direct Industrial
2024-02-11,PLC Controller Unit,Automation,Germany,56080.16,59,27857.45,Direct Industrial
2024-02-11,Pneumatic Valve V-200,Hydraulics,China,4529.94,31,2018.03,Distributor
2024-02-11,PLC Controller Unit,Automation,Poland,1783.54,2,972.42,Distributor
2024-02-12,Gearbox Assembly GB-12,Motors,South Korea,29405.38,27,18706.11,OEM
2024-02-12,Conveyor Belt Roller,Components,Mexico,353.84,13,168.16,OEM
2024-02-12,Conveyor Belt Roller,Components,USA,604.72,23,287.31,OEM
2024-02-12,Steel Bearing 6205,Components,Poland,42.39,10,18.28,OEM
2024-02-12,Gearbox Assembly GB-12,Motors,Germany,13486.92,10,6570.72,Distributor
2024-02-12,PLC Controller Unit,Automation,Poland,57803.75,60,29430.42,Distributor
2024-02-12,Steel Bearing 6205,Components,Mexico,95.68,24,45.97,Distributor
2024-02-12,Gearbox Assembly GB-12,Motors,Mexico,19774.13,17,11184.95,OEM
2024-02-13,Steel Bearing 6205,Components,China,144.61,38,70.16,OEM
2024-02-13,Hydraulic Cylinder HC-40,Hydraulics,China,10732.34,32,5335.97,Distributor
2024-02-13,Pneumatic Valve V-200,Hydraulics,USA,2684.49,20,1392.19,Distributor
2024-02-13,Conveyor Belt Roller,Components,Poland,582.57,19,234.94,OEM
2024-02-13,Safety Sensor Array,Automation,China,3557.74,16,1498.12,Direct Industrial
2024-02-13,Gearbox Assembly GB-12,Motors,South Korea,21968.92,16,10788.93,Direct Industrial
2024-02-13,Gearbox Assembly GB-12,Motors,China,52092.32,43,30873.28,OEM
2024-02-13,Steel Bearing 6205,Components,Germany,100.48,23,43.85,OEM
2024-02-13,PLC Controller Unit,Automation,Mexico,37553.28,45,20954.26,Distributor
2024-02-14,Gearbox Assembly GB-12,Motors,China,14633.04,11,7282.28,Direct Industrial
2024-02-14,Safety Sensor Array,Automation,Germany,6346.92,30,2777.95,Direct Industrial
2024-02-14,Industrial Motor 5HP,Motors,Mexico,20191.1,33,11307.57,OEM
2024-02-14,Hydraulic Cylinder HC-40,Hydraulics,USA,2020.79,7,1211.38,OEM
2024-02-14,Industrial Motor 5HP,Motors,Germany,33462.18,58,19781.51,Direct Industrial
2024-02-14,Conveyor Belt Roller,Components,South Korea,275.57,11,136.3,OEM
2024-02-14,Gearbox Assembly GB-12,Motors,South Korea,31267.02,26,17867.29,Distributor
2024-02-14,Industrial Motor 5HP,Motors,Germany,13993.53,25,8389.61,OEM
2024-02-15,Hydraulic Cylinder HC-40,Hydraulics,USA,6904.96,21,3596.74,Direct Industrial
2024-02-15,Steel Bearing 6205,Components,China,39.51,11,20.84,OEM
2024-02-15,Conveyor Belt Roller,Components,USA,221.25,9,115.8,Distributor
2024-02-15,PLC Controller Unit,Automation,USA,31871.94,35,16586.94,OEM
2024-02-15,Industrial Motor 5HP,Motors,Germany,2663.67,5,1642.32,Direct Industrial
2024-02-15,Safety Sensor Array,Automation,Poland,2124.69,11,997.17,Direct Industrial
2024-02-15,Pneumatic Valve V-200,Hydraulics,China,5238.45,38,2535.98,Direct Industrial
2024-02-15,Steel Bearing 6205,Components,Mexico,108.54,25,48.64,OEM
2024-02-16,Conveyor Belt Roller,Components,South Korea,1112.17,39,480.34,Direct Industrial
2024-02-16,Gearbox Assembly GB-12,Motors,Poland,17779.91,14,9238.86,Distributor
2024-02-16,Hydraulic Cylinder HC-40,Hydraulics,Mexico,22054.71,71,12088.28,Direct Industrial
2024-02-16,Safety Sensor Array,Automation,Germany,2989.77,15,1477.42,OEM
2024-02-16,Steel Bearing 6205,Components,China,122.21,28,53.18,Distributor
2024-02-16,Safety Sensor Array,Automation,Germany,2900.79,16,1575.82,Distributor
2024-02-16,Hydraulic Cylinder HC-40,Hydraulics,South Korea,5715.05,19,3393.51,Direct Industrial
2024-02-16,Gearbox Assembly GB-12,Motors,USA,19620.34,15,10325.73,Distributor
2024-02-17,PLC Controller Unit,Automation,Mexico,45071.79,51,24579.73,Distributor
2024-02-17,Safety Sensor Array,Automation,Germany,3401.85,17,1588.9,OEM
2024-02-17,Conveyor Belt Roller,Components,Germany,424.16,16,209.05,Direct Industrial
2024-02-17,PLC Controller Unit,Automation,Poland,13685.44,15,7337.43,Direct Industrial
2024-02-17,Pneumatic Valve V-200,Hydraulics,China,3899.81,25,1734.54,Direct Industrial
2024-02-17,Pneumatic Valve V-200,Hydraulics,South Korea,372.28,3,210.16,Direct Industrial
2024-02-17,Gearbox Assembly GB-12,Motors,Poland,20941.13,18,12589.15,Distributor
2024-02-17,Pneumatic Valve V-200,Hydraulics,China,4096.37,26,1680.67,Distributor
2024-02-17,Steel Bearing 6205,Components,Germany,297.79,82,150.29,Direct Industrial
2024-02-17,Safety Sensor Array,Automation,Poland,7205.85,36,3307.94,Distributor
2024-02-17,Gearbox Assembly GB-12,Motors,Poland,51757.82,38,27420.21,Distributor
2024-02-17,PLC Controller Unit,Automation,South Korea,20414.12,23,11290.69,Distributor
2024-02-18,PLC Controller Unit,Automation,China,39034.98,42,19844.68,Distributor
2024-02-18,Hydraulic Cylinder HC-40,Hydraulics,Poland,7138.84,22,3780.57,Direct Industrial
2024-02-18,Conveyor Belt Roller,Components,South Korea,1090.72,45,582.85,Distributor
2024-02-18,Hydraulic Cylinder HC-40,Hydraulics,China,9058.88,32,5589.01,OEM
2024-02-18,Gearbox Assembly GB-12,Motors,Germany,7773.23,7,4682.74,Direct Industrial
2024-02-18,Industrial Motor 5HP,Motors,Mexico,22882.65,36,12211.84,Distributor
2024-02-18,Industrial Motor 5HP,Motors,South Korea,5840.05,10,3544.38,Direct Industrial
2024-02-19,Steel Bearing 6205,Components,Mexico,25.19,7,12.72,Direct Industrial
2024-02-19,Pneumatic Valve V-200,Hydraulics,Germany,3478.21,24,1627.86,OEM
2024-02-19,PLC Controller Unit,Automation,Mexico,14053.02,16,7309.53,OEM
2024-02-19,Safety Sensor Array,Automation,Poland,3892.69,19,1736.81,Distributor
2024-02-19,Gearbox Assembly GB-12,Motors,South Korea,36787.29,31,21979.35,OEM
2024-02-19,Steel Bearing 6205,Components,Germany,99.51,25,47.65,OEM
2024-02-19,Steel Bearing 6205,Components,Mexico,85.27,22,43.44,OEM
2024-02-19,Steel Bearing 6205,Components,Poland,35.23,9,16.4,Direct Industrial
2024-02-20,Industrial Motor 5HP,Motors,USA,18798.24,34,11092.4,Distributor
2024-02-20,Gearbox Assembly GB-12,Motors,Mexico,31407.32,28,19144.23,OEM
2024-02-20,Safety Sensor Array,Automation,South Korea,6071.65,30,2779.0,Distributor
2024-02-20,Gearbox Assembly GB-12,Motors,Germany,58753.59,51,33541.39,Direct Industrial
2024-02-20,Industrial Motor 5HP,Motors,China,18831.41,32,11021.69,OEM
2024-02-20,Industrial Motor 5HP,Motors,China,9164.74,15,5212.25,Distributor
2024-02-20,PLC Controller Unit,Automation,Mexico,27306.88,29,13305.2,OEM
2024-02-20,PLC Controller Unit,Automation,Germany,10565.1,11,4959.75,Direct Industrial
2024-02-20,Conveyor Belt Roller,Components,Germany,205.01,8,98.13,OEM
2024-02-20,Pneumatic Valve V-200,Hydraulics,USA,4267.6,30,2099.91,OEM
2024-02-20,Gearbox Assembly GB-12,Motors,Germany,32339.99,24,16536.71,Direct Industrial
2024-02-20,PLC Controller Unit,Automation,Germany,59302.47,77,35134.22,OEM
2024-02-21,Steel Bearing 6205,Components,Germany,68.46,16,29.14,OEM
2024-02-21,Hydraulic Cylinder HC-40,Hydraulics,Poland,2949.08,10,1786.31,OEM
2024-02-21,Conveyor Belt Roller,Components,China,539.5,21,274.62,OEM
2024-02-21,Pneumatic Valve V-200,Hydraulics,China,7182.58,46,3060.62,Distributor
2024-02-21,PLC Controller Unit,Automation,Poland,9731.13,11,5095.99,Distributor
2024-02-21,Pneumatic Valve V-200,Hydraulics,USA,3446.92,26,1704.74,Direct Industrial
2024-02-21,Pneumatic Valve V-200,Hydraulics,Mexico,7249.62,46,3067.74,Distributor
2024-02-21,Hydraulic Cylinder HC-40,Hydraulics,Poland,11129.81,35,6298.77,OEM
2024-02-21,Conveyor Belt Roller,Components,South Korea,372.6,15,184.07,Direct Industrial
2024-02-22,Gearbox Assembly GB-12,Motors,USA,27540.44,25,17797.6,Direct Industrial
2024-02-22,PLC Controller Unit,Automation,Mexico,10678.17,11,5386.86,Direct Industrial
2024-02-22,Steel Bearing 6205,Components,South Korea,50.72,14,25.69,Direct Industrial
2024-02-22,Steel Bearing 6205,Components,China,206.65,57,103.18,Distributor
2024-02-22,Pneumatic Valve V-200,Hydraulics,Germany,2869.96,18,1167.81,Distributor
2024-02-22,Conveyor Belt Roller,Components,Mexico,385.94,14,182.05,Distributor
2024-02-22,Conveyor Belt Roller,Components,South Korea,476.38,18,218.03,OEM
2024-02-22,Pneumatic Valve V-200,Hydraulics,Germany,1631.73,11,775.66,Distributor
2024-02-23,Industrial Motor 5HP,Motors,USA,9263.67,17,5509.37,Distributor
2024-02-23,Hydraulic Cylinder HC-40,Hydraulics,South Korea,13166.88,42,7073.19,OEM
2024-02-23,Industrial Motor 5HP,Motors,Poland,15950.43,30,9839.92,OEM
2024-02-23,Conveyor Belt Roller,Components,USA,554.91,20,245.91,Distributor
2024-02-23,Conveyor Belt Roller,Components,China,1421.38,58,733.07,OEM
2024-02-23,Pneumatic Valve V-200,Hydraulics,South Korea,3232.9,25,1744.26,OEM
2024-02-24,Pneumatic Valve V-200,Hydraulics,Germany,5585.95,39,2737.32,OEM
2024-02-24,Gearbox Assembly GB-12,Motors,Germany,15636.22,13,9274.26,Direct Industrial
2024-02-24,Industrial Motor 5HP,Motors,USA,31495.57,47,15771.52,OEM
2024-02-24,Pneumatic Valve V-200,Hydraulics,China,3243.62,25,1660.28,Direct Industrial
2024-02-24,Safety Sensor Array,Automation,Mexico,3895.63,17,1591.21,OEM
2024-02-24,Conveyor Belt Roller,Components,China,650.45,22,271.34,OEM
2024-02-24,Hydraulic Cylinder HC-40,Hydraulics,South Korea,15629.29,46,8071.38,Distributor
2024-02-24,Conveyor Belt Roller,Components,China,619.92,23,285.28,Direct Industrial
2024-02-25,Safety Sensor Array,Automation,USA,2579.13,14,1389.37,Distributor
2024-02-25,PLC Controller Unit,Automation,USA,8525.53,11,5426.38,Direct Industrial
2024-02-25,PLC Controller Unit,Automation,Germany,27290.11,30,14195.27,Distributor
2024-02-25,Hydraulic Cylinder HC-40,Hydraulics,China,8132.52,29,4919.57,Direct Industrial
2024-02-25,Industrial Motor 5HP,Motors,China,4230.27,7,2374.04,OEM
2024-02-26,Industrial Motor 5HP,Motors,Germany,6935.9,11,3745.7,Distributor
2024-02-26,Industrial Motor 5HP,Motors,Germany,27204.56,45,15615.45,Direct Industrial
2024-02-26,Gearbox Assembly GB-12,Motors,China,23881.13,20,13578.66,Direct Industrial
2024-02-26,Gearbox Assembly GB-12,Motors,Mexico,36745.6,28,20162.06,OEM
2024-02-26,Pneumatic Valve V-200,Hydraulics,USA,4238.9,29,1912.18,Distributor
2024-02-27,Hydraulic Cylinder HC-40,Hydraulics,South Korea,3718.9,12,2074.09,OEM
2024-02-27,Pneumatic Valve V-200,Hydraulics,Mexico,1975.93,16,1036.09,Direct Industrial
2024-02-27,PLC Controller Unit,Automation,Mexico,32863.21,34,16676.14,Distributor
2024-02-27,Steel Bearing 6205,Components,Germany,48.86,11,20.7,OEM
2024-02-27,Hydraulic Cylinder HC-40,Hydraulics,China,15749.47,49,8374.26,Distributor
2024-02-27,Conveyor Belt Roller,Components,Poland,236.4,9,114.98,OEM
2024-02-27,Conveyor Belt Roller,Components,China,476.78,18,222.18,OEM
2024-02-27,Steel Bearing 6205,Components,Mexico,196.38,51,95.68,Distributor
2024-02-28,Steel Bearing 6205,Components,USA,32.72,8,14.73,Distributor
2024-02-28,Industrial Motor 5HP,Motors,Germany,29669.68,54,18735.84,Direct Industrial
2024-02-29,Industrial Motor 5HP,Motors,USA,16231.97,26,8612.29,Distributor
2024-02-29,Hydraulic Cylinder HC-40,Hydraulics,Germany,8540.89,27,4767.73,Direct Industrial
2024-02-29,Conveyor Belt Roller,Components,Germany,1320.61,48,611.12,Distributor
2024-02-29,Conveyor Belt Roller,Components,South Korea,197.76,7,83.88,Direct Industrial
2024-02-29,Industrial Motor 5HP,Motors,South Korea,3612.8,6,2120.99,OEM
2024-02-29,Safety Sensor Array,Automation,USA,3862.23,19,1880.18,Distributor
2024-02-29,Pneumatic Valve V-200,Hydraulics,USA,5546.21,42,2759.04,Distributor
2024-02-29,Pneumatic Valve V-200,Hydraulics,Mexico,6718.14,46,3104.89,Distributor
2024-03-01,Steel Bearing 6205,Components,Poland,88.24,22,42.94,OEM
2024-03-01,Hydraulic Cylinder HC-40,Hydraulics,Mexico,3191.53,11,1946.18,Distributor
2024-03-01,PLC Controller Unit,Automation,Poland,24897.15,30,13850.12,Direct Industrial
2024-03-01,Safety Sensor Array,Automation,Mexico,9144.73,45,4079.79,Distributor
2024-03-02,Steel Bearing 6205,Components,South Korea,43.37,10,19.38,Distributor
2024-03-02,Industrial Motor 5HP,Motors,Germany,8021.33,12,4234.56,OEM
2024-03-02,Pneumatic Valve V-200,Hydraulics,Poland,1320.09,9,600.2,Distributor
2024-03-02,PLC Controller Unit,Automation,USA,29632.71,33,16224.14,Distributor
2024-03-02,Gearbox Assembly GB-12,Motors,USA,37227.85,34,22630.98,Direct Industrial
2024-03-02,Safety Sensor Array,Automation,China,6309.97,29,2695.54,Distributor
2024-03-02,Safety Sensor Array,Automation,South Korea,3912.77,17,1626.65,Direct Industrial
2024-03-02,PLC Controller Unit,Automation,Germany,18793.39,21,9495.16,Distributor
2024-03-02,Steel Bearing 6205,Components,Mexico,226.84,58,107.35,OEM
2024-03-03,Hydraulic Cylinder HC-40,Hydraulics,China,2343.98,7,1227.83,Distributor
2024-03-03,PLC Controller Unit,Automation,China,5326.14,6,2828.75,Direct Industrial
2024-03-03,Hydraulic Cylinder HC-40,Hydraulics,China,983.38,3,529.41,Direct Industrial
2024-03-03,Hydraulic Cylinder HC-40,Hydraulics,Mexico,10234.61,31,5412.94,OEM
2024-03-04,Conveyor Belt Roller,Components,Mexico,974.57,33,392.2,Direct Industrial
2024-03-04,Safety Sensor Array,Automation,Germany,4109.21,23,2088.56,Direct Industrial
2024-03-04,Safety Sensor Array,Automation,Mexico,6088.84,29,2697.37,OEM
2024-03-04,PLC Controller Unit,Automation,USA,9943.62,13,6338.71,Direct Industrial
2024-03-04,Safety Sensor Array,Automation,Mexico,6373.88,35,3319.34,Distributor
2024-03-04,Conveyor Belt Roller,Components,Poland,367.0,13,159.75,OEM
2024-03-04,Conveyor Belt Roller,Components,Poland,673.09,22,275.35,Direct Industrial
2024-03-04,Conveyor Belt Roller,Components,USA,861.88,28,364.22,Distributor
2024-03-04,Pneumatic Valve V-200,Hydraulics,Poland,2932.93,20,1355.79,Distributor
2024-03-05,Steel Bearing 6205,Components,USA,78.98,19,36.06,OEM
2024-03-05,Steel Bearing 6205,Components,USA,48.36,13,25.07,OEM
2024-03-05,PLC Controller Unit,Automation,China,11277.55,14,6393.43,Direct Industrial
2024-03-05,Safety Sensor Array,Automation,USA,7658.32,39,3527.31,OEM
2024-03-05,PLC Controller Unit,Automation,Mexico,15582.45,19,9227.42,OEM
2024-03-05,Hydraulic Cylinder HC-40,Hydraulics,Mexico,12396.57,38,6676.83,Direct Industrial
2024-03-05,Industrial Motor 5HP,Motors,China,14244.23,25,8410.17,OEM
2024-03-05,Pneumatic Valve V-200,Hydraulics,Mexico,5445.17,40,2803.39,Direct Industrial
2024-03-05,Safety Sensor Array,Automation,China,8207.39,38,3603.83,Distributor
2024-03-06,Pneumatic Valve V-200,Hydraulics,Poland,3279.01,21,1465.86,Direct Industrial
2024-03-06,Industrial Motor 5HP,Motors,Poland,7134.11,11,3865.88,Distributor
2024-03-06,Industrial Motor 5HP,Motors,South Korea,27936.02,48,16044.48,Distributor
2024-03-07,Safety Sensor Array,Automation,USA,1993.7,10,942.05,Distributor
2024-03-07,Steel Bearing 6205,Components,Germany,109.16,26,47.14,OEM
2024-03-07,Steel Bearing 6205,Components,Mexico,102.98,24,47.1,Direct Industrial
2024-03-07,Gearbox Assembly GB-12,Motors,Mexico,26839.82,24,16522.1,OEM
2024-03-07,PLC Controller Unit,Automation,Germany,20540.31,24,11437.3,Direct Industrial
2024-03-07,Gearbox Assembly GB-12,Motors,Mexico,16270.85,12,7972.24,Distributor
2024-03-07,PLC Controller Unit,Automation,Poland,8109.85,9,4248.31,OEM
2024-03-07,Safety Sensor Array,Automation,Poland,4216.85,21,1926.62,Distributor
2024-03-07,Conveyor Belt Roller,Components,Poland,1183.13,40,510.88,OEM
2024-03-08,Gearbox Assembly GB-12,Motors,USA,26694.42,21,15135.71,Direct Industrial
2024-03-08,Steel Bearing 6205,Components,USA,54.47,12,23.68,OEM
2024-03-08,Safety Sensor Array,Automation,USA,5670.96,28,2746.47,Distributor
2024-03-08,Industrial Motor 5HP,Motors,Germany,19993.26,36,12235.44,Direct Industrial
2024-03-08,Conveyor Belt Roller,Components,Germany,983.49,35,426.94,Direct Industrial
2024-03-08,PLC Controller Unit,Automation,South Korea,50567.3,64,28828.24,OEM
2024-03-08,Hydraulic Cylinder HC-40,Hydraulics,China,2220.47,8,1375.84,Distributor
2024-03-08,Conveyor Belt Roller,Components,Germany,674.35,27,345.88,OEM
2024-03-08,PLC Controller Unit,Automation,Poland,23841.91,28,13528.97,Direct Industrial
2024-03-08,Gearbox Assembly GB-12,Motors,South Korea,42209.75,38,27224.36,Distributor
2024-03-08,PLC Controller Unit,Automation,Mexico,16634.27,19,9265.05,Direct Industrial
2024-03-08,Hydraulic Cylinder HC-40,Hydraulics,USA,24541.55,87,14607.41,Direct Industrial
2024-03-08,Conveyor Belt Roller,Components,South Korea,875.36,31,398.43,Direct Industrial
2024-03-08,Industrial Motor 5HP,Motors,USA,10935.6,18,6071.3,Distributor
2024-03-09,Industrial Motor 5HP,Motors,Poland,10458.08,18,6304.99,Distributor
2024-03-09,Industrial Motor 5HP,Motors,South Korea,20811.12,34,11723.93,Direct Industrial
2024-03-09,Steel Bearing 6205,Components,South Korea,56.9,14,25.5,Direct Industrial
2024-03-09,Pneumatic Valve V-200,Hydraulics,South Korea,1751.76,11,762.37,Distributor
2024-03-09,Industrial Motor 5HP,Motors,China,9105.86,17,5625.51,Direct Industrial
2024-03-09,Hydraulic Cylinder HC-40,Hydraulics,China,15664.43,47,8542.84,OEM
2024-03-09,Hydraulic Cylinder HC-40,Hydraulics,Germany,5752.59,18,3046.41,OEM
2024-03-10,Industrial Motor 5HP,Motors,Poland,15519.69,24,7930.72,OEM
2024-03-10,PLC Controller Unit,Automation,USA,17409.38,22,9999.56,Distributor
2024-03-10,Steel Bearing 6205,Components,USA,146.48,40,77.96,Direct Industrial
2024-03-10,Pneumatic Valve V-200,Hydraulics,China,1532.57,11,784.61,Direct Industrial
2024-03-10,Industrial Motor 5HP,Motors,South Korea,20398.69,32,11258.69,Direct Industrial
2024-03-10,Conveyor Belt Roller,Components,Mexico,299.94,12,148.71,OEM
2024-03-10,Industrial Motor 5HP,Motors,USA,14392.09,24,8475.4,Direct Industrial
2024-03-10,Steel Bearing 6205,Components,China,74.51,17,31.24,Direct Industrial
2024-03-10,Pneumatic Valve V-200,Hydraulics,Mexico,2264.86,17,1199.16,OEM
2024-03-10,PLC Controller Unit,Automation,China,18673.12,23,11283.84,Direct Industrial
2024-03-11,Gearbox Assembly GB-12,Motors,South Korea,25740.0,21,14722.5,Direct Industrial
2024-03-11,Hydraulic Cylinder HC-40,Hydraulics,Mexico,7067.05,21,3634.55,Distributor
2024-03-11,Hydraulic Cylinder HC-40,Hydraulics,Mexico,8560.68,25,4238.66,Distributor
2024-03-11,Gearbox Assembly GB-12,Motors,China,33084.22,30,21176.3,Direct Industrial
2024-03-11,Pneumatic Valve V-200,Hydraulics,Poland,1907.65,13,876.25,Direct Industrial
2024-03-12,Safety Sensor Array,Automation,South Korea,2957.22,15,1371.7,Direct Industrial
2024-03-12,Industrial Motor 5HP,Motors,Mexico,23364.57,44,15251.35,OEM
2024-03-12,Hydraulic Cylinder HC-40,Hydraulics,Germany,16507.36,56,9685.02,Distributor
2024-03-12,PLC Controller Unit,Automation,USA,18914.25,20,9208.88,Direct Industrial
2024-03-13,Conveyor Belt Roller,Components,Poland,893.48,30,376.38,Distributor
2024-03-13,PLC Controller Unit,Automation,Mexico,30024.73,37,16567.08,Distributor
2024-03-13,Gearbox Assembly GB-12,Motors,Mexico,21907.11,19,13524.92,Distributor
2024-03-13,Conveyor Belt Roller,Components,Poland,382.57,16,205.73,OEM
2024-03-13,Steel Bearing 6205,Components,Poland,111.66,28,54.51,Direct Industrial
2024-03-13,Industrial Motor 5HP,Motors,Germany,11337.04,17,5848.24,OEM
2024-03-13,Hydraulic Cylinder HC-40,Hydraulics,Germany,4958.74,16,2694.18,OEM
2024-03-13,Gearbox Assembly GB-12,Motors,USA,14926.59,13,8969.94,Distributor
2024-03-14,Pneumatic Valve V-200,Hydraulics,Mexico,4849.71,34,2350.09,OEM
2024-03-14,Conveyor Belt Roller,Components,South Korea,319.81,11,133.54,Direct Industrial
2024-03-14,Conveyor Belt Roller,Components,Mexico,592.57,20,250.32,OEM
2024-03-14,Conveyor Belt Roller,Components,China,719.43,30,387.82,Distributor
2024-03-14,Safety Sensor Array,Automation,Poland,6581.77,36,3510.46,OEM
2024-03-14,Pneumatic Valve V-200,Hydraulics,China,1840.76,14,987.01,Distributor
2024-03-14,Steel Bearing 6205,Components,South Korea,86.53,22,41.51,Direct Industrial
2024-03-14,Safety Sensor Array,Automation,Germany,12045.06,66,6073.22,OEM
2024-03-15,Hydraulic Cylinder HC-40,Hydraulics,Mexico,4618.28,14,2341.3,OEM
2024-03-15,Safety Sensor Array,Automation,USA,1842.69,9,850.95,Distributor
2024-03-15,Hydraulic Cylinder HC-40,Hydraulics,Germany,7289.44,23,3837.82,OEM
2024-03-15,Conveyor Belt Roller,Components,Germany,268.86,10,125.84,Direct Industrial
2024-03-15,Industrial Motor 5HP,Motors,Germany,13204.99,20,6689.45,OEM
2024-03-15,Industrial Motor 5HP,Motors,Mexico,11708.23,18,5834.56,OEM
2024-03-15,Hydraulic Cylinder HC-40,Hydraulics,USA,14941.6,44,7498.26,Distributor
2024-03-16,Conveyor Belt Roller,Components,Poland,1177.52,44,563.02,Distributor
2024-03-16,Industrial Motor 5HP,Motors,Poland,25219.7,42,13830.87,Distributor
2024-03-16,Industrial Motor 5HP,Motors,Poland,17580.53,27,9455.82,OEM
2024-03-16,Steel Bearing 6205,Components,China,86.31,19,36.4,Distributor
2024-03-16,Conveyor Belt Roller,Components,China,348.72,13,156.83,Direct Industrial
2024-03-16,Industrial Motor 5HP,Motors,South Korea,22756.65,36,11943.05,OEM
2024-03-16,Hydraulic Cylinder HC-40,Hydraulics,USA,4456.83,13,2256.64,Direct Industrial
2024-03-16,Hydraulic Cylinder HC-40,Hydraulics,Poland,4411.34,15,2712.47,Distributor
2024-03-16,Conveyor Belt Roller,Components,China,191.16,8,98.19,Direct Industrial
2024-03-16,Steel Bearing 6205,Components,USA,30.6,8,14.57,Distributor
2024-03-16,Safety Sensor Array,Automation,USA,4050.13,19,1810.57,Distributor
2024-03-17,Steel Bearing 6205,Components,South Korea,39.88,9,17.94,Distributor
2024-03-17,Industrial Motor 5HP,Motors,South Korea,18659.77,28,9330.9,Direct Industrial
2024-03-17,Pneumatic Valve V-200,Hydraulics,Germany,2161.96,17,1115.95,Distributor
2024-03-17,Conveyor Belt Roller,Components,South Korea,91.77,3,36.21,Distributor
2024-03-18,Conveyor Belt Roller,Components,USA,286.04,11,135.35,OEM
2024-03-18,Safety Sensor Array,Automation,Mexico,6475.46,33,3017.31,Distributor
2024-03-18,PLC Controller Unit,Automation,China,30873.47,40,18920.73,Distributor
2024-03-18,Industrial Motor 5HP,Motors,South Korea,15497.36,25,8194.46,Direct Industrial
2024-03-18,Gearbox Assembly GB-12,Motors,South Korea,10228.38,9,5935.57,Distributor
2024-03-18,Pneumatic Valve V-200,Hydraulics,China,1558.23,12,827.88,Direct Industrial
2024-03-18,PLC Controller Unit,Automation,USA,19134.69,25,11734.93,OEM
2024-03-18,Hydraulic Cylinder HC-40,Hydraulics,Poland,8418.41,24,4089.19,Distributor
2024-03-19,Conveyor Belt Roller,Components,South Korea,277.97,10,126.81,Direct Industrial
2024-03-19,Safety Sensor Array,Automation,Germany,8196.3,41,3951.19,Direct Industrial
2024-03-19,Conveyor Belt Roller,Components,Mexico,491.9,20,247.28,Direct Industrial
2024-03-19,Conveyor Belt Roller,Components,Mexico,670.94,28,364.37,Distributor
2024-03-19,Safety Sensor Array,Automation,Mexico,960.58,5,481.41,Direct Industrial
2024-03-19,Industrial Motor 5HP,Motors,Mexico,7450.7,14,4794.52,Direct Industrial
2024-03-20,Pneumatic Valve V-200,Hydraulics,China,9451.72,64,4359.48,OEM
2024-03-20,Gearbox Assembly GB-12,Motors,South Korea,31779.43,24,17157.48,OEM
2024-03-20,Gearbox Assembly GB-12,Motors,China,7586.84,7,4616.4,Distributor
2024-03-20,PLC Controller Unit,Automation,South Korea,33325.53,38,17307.35,Distributor
2024-03-20,Pneumatic Valve V-200,Hydraulics,Mexico,6276.75,42,2980.06,Direct Industrial
2024-03-20,Steel Bearing 6205,Components,USA,60.7,16,31.91,OEM
2024-03-20,PLC Controller Unit,Automation,China,13845.56,16,7381.27,Direct Industrial
2024-03-21,Conveyor Belt Roller,Components,South Korea,266.98,11,144.18,Distributor
2024-03-21,Steel Bearing 6205,Components,Germany,88.41,23,42.42,Distributor
2024-03-21,PLC Controller Unit,Automation,China,3352.41,4,1858.93,Direct Industrial
2024-03-21,Gearbox Assembly GB-12,Motors,South Korea,25385.24,23,16430.45,Direct Industrial
2024-03-21,Industrial Motor 5HP,Motors,Germany,19633.37,31,10554.93,Direct Industrial
2024-03-21,Gearbox Assembly GB-12,Motors,South Korea,29948.77,22,15286.23,Direct Industrial
2024-03-22,Pneumatic Valve V-200,Hydraulics,USA,4140.2,26,1690.62,Direct Industrial
2024-03-22,Safety Sensor Array,Automation,Poland,2398.63,12,1171.64,Distributor
2024-03-22,Gearbox Assembly GB-12,Motors,China,38496.3,31,21256.87,Direct Industrial
2024-03-22,Industrial Motor 5HP,Motors,USA,5540.57,10,3443.06,OEM
2024-03-22,Gearbox Assembly GB-12,Motors,USA,44630.94,41,29267.53,Distributor
2024-03-22,Conveyor Belt Roller,Components,Germany,1283.77,43,520.96,Distributor
2024-03-22,PLC Controller Unit,Automation,Mexico,3860.89,5,2233.41,Direct Industrial
2024-03-23,Steel Bearing 6205,Components,Mexico,91.14,20,39.22,OEM
2024-03-23,Conveyor Belt Roller,Components,China,975.24,38,467.15,Direct Industrial
2024-03-23,Conveyor Belt Roller,Components,USA,1590.75,53,684.38,Direct Industrial
2024-03-23,Gearbox Assembly GB-12,Motors,Germany,28137.76,21,15064.85,Direct Industrial
2024-03-23,PLC Controller Unit,Automation,South Korea,25884.68,28,12978.8,OEM
2024-03-23,Conveyor Belt Roller,Components,Germany,214.4,8,95.59,OEM
2024-03-24,Pneumatic Valve V-200,Hydraulics,USA,1831.24,12,810.84,Direct Industrial
2024-03-24,Steel Bearing 6205,Components,USA,35.81,8,15.33,OEM
2024-03-24,Pneumatic Valve V-200,Hydraulics,Poland,1996.62,16,1062.77,Distributor
2024-03-24,PLC Controller Unit,Automation,USA,30000.38,36,17498.45,OEM
2024-03-24,Hydraulic Cylinder HC-40,Hydraulics,Mexico,1607.65,5,875.68,Direct Industrial
2024-03-24,Gearbox Assembly GB-12,Motors,China,22139.28,19,13308.23,OEM
2024-03-24,Gearbox Assembly GB-12,Motors,China,13853.63,11,7257.82,Distributor
2024-03-24,Safety Sensor Array,Automation,USA,4148.28,18,1646.67,OEM
2024-03-25,Safety Sensor Array,Automation,Germany,3991.71,20,1847.22,Distributor
2024-03-25,Gearbox Assembly GB-12,Motors,Poland,17692.55,13,8619.85,Distributor
2024-03-25,Safety Sensor Array,Automation,Poland,1795.19,8,743.62,Distributor
2024-03-25,PLC Controller Unit,Automation,USA,25837.05,31,14070.97,Distributor
2024-03-25,Conveyor Belt Roller,Components,Mexico,1097.6,37,458.76,OEM
2024-03-26,Steel Bearing 6205,Components,USA,46.55,11,20.95,OEM
2024-03-26,PLC Controller Unit,Automation,Poland,11551.75,15,7223.82,Distributor
2024-03-26,Safety Sensor Array,Automation,Germany,4769.36,22,2097.44,Distributor
2024-03-26,Pneumatic Valve V-200,Hydraulics,Germany,3685.67,24,1689.61,OEM
2024-03-26,Industrial Motor 5HP,Motors,South Korea,15717.66,25,8360.33,Direct Industrial
2024-03-26,PLC Controller Unit,Automation,China,17936.26,23,10663.36,Distributor
2024-03-26,Pneumatic Valve V-200,Hydraulics,Poland,5320.8,41,2874.8,Distributor
2024-03-26,Gearbox Assembly GB-12,Motors,South Korea,44108.18,34,23572.34,OEM
2024-03-26,PLC Controller Unit,Automation,Mexico,13384.28,15,6891.32,OEM
2024-03-26,Gearbox Assembly GB-12,Motors,USA,37823.07,31,21949.77,Direct Industrial
2024-03-27,Conveyor Belt Roller,Components,South Korea,369.14,15,178.23,OEM
2024-03-27,Steel Bearing 6205,Components,Mexico,68.66,17,32.86,OEM
2024-03-27,Pneumatic Valve V-200,Hydraulics,South Korea,4359.9,29,1997.32,Direct Industrial
2024-03-27,Gearbox Assembly GB-12,Motors,USA,13316.8,12,8294.44,OEM
2024-03-27,Safety Sensor Array,Automation,Mexico,4964.86,22,2090.18,Direct Industrial
2024-03-27,Steel Bearing 6205,Components,China,65.11,15,27.88,Distributor
2024-03-27,Safety Sensor Array,Automation,Germany,3957.06,20,1953.22,OEM
2024-03-28,Steel Bearing 6205,Components,South Korea,35.71,10,18.34,Distributor
2024-03-28,Industrial Motor 5HP,Motors,Poland,42918.74,71,25089.78,OEM
2024-03-28,Conveyor Belt Roller,Components,Poland,363.87,15,181.12,Direct Industrial
2024-03-28,PLC Controller Unit,Automation,South Korea,31270.04,36,16120.83,Direct Industrial
2024-03-28,Hydraulic Cylinder HC-40,Hydraulics,China,6918.52,20,3492.87,Direct Industrial
2024-03-29,Safety Sensor Array,Automation,China,10026.49,45,4292.74,Direct Industrial
2024-03-29,Steel Bearing 6205,Components,Germany,58.03,13,23.96,Distributor
2024-03-29,Gearbox Assembly GB-12,Motors,Poland,77712.17,61,41079.06,OEM
2024-03-29,Safety Sensor Array,Automation,USA,5748.61,28,2783.89,Distributor
2024-03-29,Hydraulic Cylinder HC-40,Hydraulics,Germany,6903.84,20,3451.2,Distributor
2024-03-30,Gearbox Assembly GB-12,Motors,Mexico,34604.52,26,18102.33,Direct Industrial
2024-03-30,Gearbox Assembly GB-12,Motors,Mexico,5600.9,5,3318.63,OEM
2024-03-30,Gearbox Assembly GB-12,Motors,Mexico,27282.27,22,15600.87,OEM
2024-03-30,PLC Controller Unit,Automation,South Korea,32429.89,39,18379.21,Direct Industrial
2024-03-30,Industrial Motor 5HP,Motors,Mexico,16837.83,30,10330.49,Direct Industrial
2024-03-30,Steel Bearing 6205,Components,South Korea,64.35,18,32.94,Distributor
2024-03-30,Pneumatic Valve V-200,Hydraulics,USA,3565.99,28,1821.92,OEM
2024-03-31,Safety Sensor Array,Automation,USA,1405.42,7,664.1,Distributor
2024-03-31,Pneumatic Valve V-200,Hydraulics,Poland,1921.0,15,1042.17,OEM
2024-03-31,Pneumatic Valve V-200,Hydraulics,Mexico,9028.48,67,4599.38,Direct Industrial
2024-03-31,Hydraulic Cylinder HC-40,Hydraulics,Mexico,3155.48,9,1556.13,Direct Industrial
2024-03-31,Pneumatic Valve V-200,Hydraulics,Poland,4359.9,29,2029.78,Distributor
2024-03-31,Steel Bearing 6205,Components,Poland,113.51,28,51.24,Distributor
2024-04-01,Conveyor Belt Roller,Components,China,454.12,17,212.57,Distributor
2024-04-01,Pneumatic Valve V-200,Hydraulics,China,1923.56,15,1004.06,Direct Industrial
2024-04-01,Conveyor Belt Roller,Components,Germany,2253.08,92,1122.01,Distributor
2024-04-01,Steel Bearing 6205,Components,South Korea,142.9,33,61.87,OEM
2024-04-01,PLC Controller Unit,Automation,Poland,12751.71,15,7155.28,Distributor
2024-04-01,Conveyor Belt Roller,Components,China,603.26,22,287.48,Distributor
2024-04-01,Industrial Motor 5HP,Motors,USA,38294.03,59,20704.39,Distributor
2024-04-01,Conveyor Belt Roller,Components,Poland,719.35,24,307.19,OEM
2024-04-01,Industrial Motor 5HP,Motors,Poland,5913.91,11,3579.32,OEM
2024-04-01,Industrial Motor 5HP,Motors,Germany,28126.1,44,15631.55,Direct Industrial
2024-04-02,Steel Bearing 6205,Components,China,69.27,19,34.44,OEM
2024-04-02,Pneumatic Valve V-200,Hydraulics,Germany,1818.36,13,859.58,Distributor
2024-04-02,Conveyor Belt Roller,Components,Mexico,697.45,27,328.8,Direct Industrial
2024-04-02,Safety Sensor Array,Automation,Mexico,12549.29,69,6857.97,Distributor
2024-04-02,Safety Sensor Array,Automation,South Korea,1636.81,8,734.02,Direct Industrial
2024-04-02,Hydraulic Cylinder HC-40,Hydraulics,Germany,9757.5,33,5858.4,Distributor
2024-04-03,Safety Sensor Array,Automation,South Korea,6198.14,27,2599.45,OEM
2024-04-03,Conveyor Belt Roller,Components,South Korea,516.02,18,232.6,Distributor
2024-04-03,PLC Controller Unit,Automation,South Korea,7311.02,8,3735.01,Direct Industrial
2024-04-04,Safety Sensor Array,Automation,South Korea,6714.67,30,2738.64,OEM
2024-04-04,Gearbox Assembly GB-12,Motors,South Korea,13331.18,12,8187.53,OEM
2024-04-04,Industrial Motor 5HP,Motors,South Korea,7794.07,14,4934.92,Distributor
2024-04-04,Conveyor Belt Roller,Components,Germany,460.95,18,219.21,Distributor
2024-04-04,Gearbox Assembly GB-12,Motors,South Korea,9199.41,8,5280.18,Distributor
2024-04-04,PLC Controller Unit,Automation,USA,7812.95,8,3864.78,OEM
2024-04-04,PLC Controller Unit,Automation,Germany,20190.71,21,10023.71,OEM
2024-04-04,Safety Sensor Array,Automation,China,3030.79,15,1455.01,Distributor
2024-04-04,Hydraulic Cylinder HC-40,Hydraulics,China,6169.77,21,3820.46,Direct Industrial
2024-04-05,Steel Bearing 6205,Components,Germany,40.45,10,18.1,Distributor
2024-04-05,Steel Bearing 6205,Components,South Korea,165.36,42,83.72,Direct Industrial
2024-04-05,Safety Sensor Array,Automation,USA,3040.99,15,1477.64,OEM
2024-04-05,Steel Bearing 6205,Components,Poland,33.58,8,15.75,Distributor
2024-04-05,Pneumatic Valve V-200,Hydraulics,Germany,1749.07,13,906.27,Distributor
2024-04-05,PLC Controller Unit,Automation,USA,23473.67,31,14341.44,Distributor
2024-04-05,PLC Controller Unit,Automation,Mexico,834.48,1,485.63,Distributor
2024-04-05,Industrial Motor 5HP,Motors,China,12334.67,22,7622.74,Distributor
2024-04-06,Hydraulic Cylinder HC-40,Hydraulics,Poland,5162.25,16,2934.69,Direct Industrial
2024-04-06,Pneumatic Valve V-200,Hydraulics,USA,6065.38,44,2880.09,Distributor
2024-04-06,Pneumatic Valve V-200,Hydraulics,Poland,1807.95,13,844.09,OEM
2024-04-06,Pneumatic Valve V-200,Hydraulics,China,2481.88,19,1268.57,Direct Industrial
2024-04-06,PLC Controller Unit,Automation,China,10581.18,13,6046.6,Direct Industrial
2024-04-06,Gearbox Assembly GB-12,Motors,South Korea,50638.97,44,29598.65,Direct Industrial
2024-04-07,Industrial Motor 5HP,Motors,USA,16080.83,24,8210.4,OEM
2024-04-07,Industrial Motor 5HP,Motors,USA,11246.27,18,6314.31,OEM
2024-04-07,Steel Bearing 6205,Components,Mexico,86.51,22,40.05,Distributor
2024-04-07,Safety Sensor Array,Automation,USA,3645.43,17,1554.67,OEM
2024-04-07,Steel Bearing 6205,Components,USA,114.77,28,55.83,Direct Industrial
2024-04-07,Safety Sensor Array,Automation,Mexico,4204.1,21,2034.26,OEM
2024-04-08,Safety Sensor Array,Automation,Germany,4723.82,25,2301.21,OEM
2024-04-08,Safety Sensor Array,Automation,USA,4290.13,23,2208.19,OEM
2024-04-08,Steel Bearing 6205,Components,South Korea,167.14,46,88.62,Direct Industrial
2024-04-08,Safety Sensor Array,Automation,USA,5251.02,28,2717.3,Distributor
2024-04-08,Hydraulic Cylinder HC-40,Hydraulics,China,5520.3,20,3613.41,OEM
2024-04-08,Gearbox Assembly GB-12,Motors,USA,5446.24,5,3349.8,Distributor
2024-04-09,Conveyor Belt Roller,Components,USA,226.1,8,95.65,OEM
2024-04-09,PLC Controller Unit,Automation,USA,3719.07,4,1887.83,OEM
2024-04-09,Hydraulic Cylinder HC-40,Hydraulics,South Korea,8101.9,24,4238.33,Direct Industrial
2024-04-09,Pneumatic Valve V-200,Hydraulics,China,5515.18,37,2518.39,Distributor
2024-04-09,Safety Sensor Array,Automation,Poland,13214.57,68,6429.94,Distributor
2024-04-09,Safety Sensor Array,Automation,China,3256.94,18,1676.44,OEM
2024-04-10,Pneumatic Valve V-200,Hydraulics,China,1454.78,10,674.16,Direct Industrial
2024-04-10,Pneumatic Valve V-200,Hydraulics,Poland,5546.66,42,2878.2,Distributor
2024-04-10,Hydraulic Cylinder HC-40,Hydraulics,South Korea,2464.22,9,1615.97,Direct Industrial
2024-04-10,Steel Bearing 6205,Components,Germany,50.19,11,20.22,Distributor
2024-04-10,Gearbox Assembly GB-12,Motors,Mexico,8801.01,7,5055.1,Direct Industrial
2024-04-11,PLC Controller Unit,Automation,USA,7085.3,9,4173.0,OEM
2024-04-11,Pneumatic Valve V-200,Hydraulics,Mexico,8559.26,59,4052.77,Direct Industrial
2024-04-11,PLC Controller Unit,Automation,USA,11273.85,14,6838.61,OEM
2024-04-11,PLC Controller Unit,Automation,Poland,9158.84,11,5215.82,Distributor
2024-04-11,PLC Controller Unit,Automation,Germany,25855.39,30,14241.33,OEM
2024-04-11,Industrial Motor 5HP,Motors,China,7445.34,12,4265.54,OEM
2024-04-11,Hydraulic Cylinder HC-40,Hydraulics,USA,12282.37,40,7272.62,Distributor
2024-04-12,PLC Controller Unit,Automation,Poland,22256.49,24,11528.66,OEM
2024-04-12,Conveyor Belt Roller,Components,Mexico,81.51,3,38.75,Direct Industrial
2024-04-12,Safety Sensor Array,Automation,China,5244.63,24,2286.87,OEM
2024-04-12,PLC Controller Unit,Automation,Poland,34239.22,43,19807.92,Direct Industrial
2024-04-12,Industrial Motor 5HP,Motors,Mexico,16955.7,27,9035.32,OEM
2024-04-12,PLC Controller Unit,Automation,Mexico,20578.15,23,10751.3,Distributor
2024-04-12,Hydraulic Cylinder HC-40,Hydraulics,China,9233.75,29,5000.68,Direct Industrial
2024-04-12,Gearbox Assembly GB-12,Motors,USA,27274.7,22,15440.03,OEM
2024-04-13,Steel Bearing 6205,Components,USA,53.32,13,24.15,Distributor
2024-04-13,Conveyor Belt Roller,Components,Germany,456.4,18,235.03,Direct Industrial
2024-04-13,Steel Bearing 6205,Components,Germany,67.82,17,32.53,Distributor
2024-04-13,Hydraulic Cylinder HC-40,Hydraulics,South Korea,16067.41,52,8948.13,Direct Industrial
2024-04-13,Pneumatic Valve V-200,Hydraulics,Germany,5602.73,37,2543.57,Distributor
2024-04-13,Pneumatic Valve V-200,Hydraulics,Mexico,1749.36,12,849.21,Direct Industrial
2024-04-13,Industrial Motor 5HP,Motors,Germany,14477.7,27,8935.77,Distributor
2024-04-13,Pneumatic Valve V-200,Hydraulics,South Korea,1254.79,8,550.49,Direct Industrial
2024-04-13,Safety Sensor Array,Automation,Germany,3891.08,19,1863.25,OEM
2024-04-13,Hydraulic Cylinder HC-40,Hydraulics,Mexico,9545.49,32,5463.46,Direct Industrial
2024-04-13,Gearbox Assembly GB-12,Motors,Poland,26975.19,23,16129.91,Distributor
2024-04-13,Pneumatic Valve V-200,Hydraulics,South Korea,6503.15,41,2780.31,Direct Industrial
2024-04-14,Hydraulic Cylinder HC-40,Hydraulics,Mexico,15682.63,54,9160.43,Distributor
2024-04-14,PLC Controller Unit,Automation,Mexico,32496.73,34,16305.7,OEM
2024-04-14,Safety Sensor Array,Automation,Mexico,2991.33,14,1300.74,OEM
2024-04-14,Gearbox Assembly GB-12,Motors,Poland,27119.66,25,16888.56,OEM
2024-04-14,Industrial Motor 5HP,Motors,Germany,30895.16,52,18001.69,Distributor
2024-04-14,Safety Sensor Array,Automation,South Korea,3310.84,16,1566.27,Direct Industrial
2024-04-15,Gearbox Assembly GB-12,Motors,China,39096.46,35,23094.42,Direct Industrial
2024-04-15,PLC Controller Unit,Automation,Germany,11993.5,13,5951.37,Direct Industrial
2024-04-15,PLC Controller Unit,Automation,Mexico,28509.11,34,15839.19,Direct Industrial
2024-04-15,Hydraulic Cylinder HC-40,Hydraulics,Mexico,4648.06,17,3086.79,Direct Industrial
2024-04-15,Pneumatic Valve V-200,Hydraulics,Germany,2314.73,15,992.11,Distributor
2024-04-16,Safety Sensor Array,Automation,China,5018.52,26,2482.75,Direct Industrial
2024-04-16,Pneumatic Valve V-200,Hydraulics,China,1375.49,11,750.51,OEM
2024-04-16,Steel Bearing 6205,Components,Germany,103.36,27,53.6,Distributor
2024-04-16,Gearbox Assembly GB-12,Motors,Poland,19239.34,17,11563.81,Distributor
2024-04-16,Pneumatic Valve V-200,Hydraulics,South Korea,820.76,6,390.06,OEM
2024-04-16,Conveyor Belt Roller,Components,Germany,458.87,18,214.16,Direct Industrial
2024-04-16,Conveyor Belt Roller,Components,USA,696.79,24,295.9,Direct Industrial
2024-04-16,Steel Bearing 6205,Components,China,94.79,22,40.29,OEM
2024-04-16,Industrial Motor 5HP,Motors,USA,9030.51,14,4989.25,Distributor
2024-04-16,Steel Bearing 6205,Components,South Korea,134.29,33,65.51,Distributor
2024-04-16,Conveyor Belt Roller,Components,Poland,689.48,24,293.18,Distributor
2024-04-17,Hydraulic Cylinder HC-40,Hydraulics,Mexico,9494.96,30,5414.57,OEM
2024-04-17,Hydraulic Cylinder HC-40,Hydraulics,Poland,2805.93,9,1600.58,Distributor
2024-04-17,Hydraulic Cylinder HC-40,Hydraulics,Mexico,5751.04,18,3013.98,Direct Industrial
2024-04-17,Pneumatic Valve V-200,Hydraulics,Germany,2104.69,17,1127.8,Distributor
2024-04-17,Safety Sensor Array,Automation,Germany,3980.96,19,1871.79,Distributor
2024-04-17,Steel Bearing 6205,Components,Poland,165.43,39,71.98,OEM
2024-04-18,Conveyor Belt Roller,Components,China,206.91,7,86.94,Direct Industrial
2024-04-18,Conveyor Belt Roller,Components,Mexico,345.65,12,156.97,Direct Industrial
2024-04-18,PLC Controller Unit,Automation,Poland,19039.84,20,9630.4,OEM
2024-04-18,PLC Controller Unit,Automation,Germany,8286.15,10,4861.37,OEM
2024-04-18,Pneumatic Valve V-200,Hydraulics,Germany,2780.05,21,1451.13,Direct Industrial
2024-04-18,Steel Bearing 6205,Components,Poland,40.72,10,18.15,Direct Industrial
2024-04-19,Gearbox Assembly GB-12,Motors,South Korea,12089.42,11,7242.39,Distributor
2024-04-19,PLC Controller Unit,Automation,South Korea,17410.49,20,9512.78,Distributor
2024-04-19,Safety Sensor Array,Automation,South Korea,6433.65,36,3547.33,Direct Industrial
2024-04-19,Steel Bearing 6205,Components,South Korea,162.63,44,79.87,Distributor
2024-04-19,Hydraulic Cylinder HC-40,Hydraulics,USA,9123.82,31,5318.4,Distributor
2024-04-19,Safety Sensor Array,Automation,Poland,3786.24,17,1597.39,Distributor
2024-04-20,Conveyor Belt Roller,Components,Germany,301.5,12,151.37,Distributor
2024-04-20,Safety Sensor Array,Automation,Germany,2968.21,16,1519.01,Direct Industrial
2024-04-20,Industrial Motor 5HP,Motors,Germany,20509.37,38,13380.28,OEM
2024-04-20,Gearbox Assembly GB-12,Motors,USA,19641.49,18,11967.33,Direct Industrial
2024-04-20,PLC Controller Unit,Automation,Germany,11143.26,12,5622.34,Direct Industrial
2024-04-20,Steel Bearing 6205,Components,Poland,93.11,21,40.66,OEM
2024-04-20,Hydraulic Cylinder HC-40,Hydraulics,USA,6108.79,22,3698.87,Distributor
2024-04-20,Pneumatic Valve V-200,Hydraulics,Poland,3120.42,24,1651.13,Distributor
2024-04-20,Hydraulic Cylinder HC-40,Hydraulics,Mexico,12170.61,41,7176.41,OEM
2024-04-21,Hydraulic Cylinder HC-40,Hydraulics,Poland,5529.97,16,2738.85,OEM
2024-04-21,Conveyor Belt Roller,Components,USA,543.56,21,265.46,OEM
2024-04-21,Pneumatic Valve V-200,Hydraulics,USA,3712.81,30,2064.61,OEM
2024-04-21,Safety Sensor Array,Automation,China,8693.68,43,3965.81,Distributor
2024-04-21,Conveyor Belt Roller,Components,South Korea,133.13,5,61.67,OEM
2024-04-21,PLC Controller Unit,Automation,South Korea,21170.86,25,12016.9,Direct Industrial
2024-04-22,Conveyor Belt Roller,Components,USA,311.82,12,151.89,Direct Industrial
2024-04-22,Hydraulic Cylinder HC-40,Hydraulics,Poland,4976.44,16,2765.05,Distributor
2024-04-22,PLC Controller Unit,Automation,Germany,12242.33,16,7651.57,Distributor
2024-04-22,Steel Bearing 6205,Components,South Korea,88.77,21,39.78,Distributor
2024-04-22,Industrial Motor 5HP,Motors,South Korea,26115.77,39,13706.22,OEM
2024-04-23,Steel Bearing 6205,Components,South Korea,143.36,38,69.16,Distributor
2024-04-23,PLC Controller Unit,Automation,USA,22912.56,28,12543.57,OEM
2024-04-23,Gearbox Assembly GB-12,Motors,Mexico,13017.24,10,6838.59,Direct Industrial
2024-04-23,Safety Sensor Array,Automation,South Korea,2894.43,16,1479.16,OEM
2024-04-23,Industrial Motor 5HP,Motors,China,20107.52,33,11600.29,OEM
2024-04-23,Industrial Motor 5HP,Motors,Germany,11686.09,19,6607.11,OEM
2024-04-23,PLC Controller Unit,Automation,Poland,14658.74,16,7652.45,Direct Industrial
2024-04-23,Hydraulic Cylinder HC-40,Hydraulics,USA,9903.53,31,5212.98,OEM
2024-04-23,Hydraulic Cylinder HC-40,Hydraulics,China,9037.37,31,5411.5,Direct Industrial
2024-04-23,Gearbox Assembly GB-12,Motors,Poland,31051.52,23,15726.94,Direct Industrial
2024-04-23,Conveyor Belt Roller,Components,Mexico,496.18,18,228.15,Direct Industrial
2024-04-23,PLC Controller Unit,Automation,Germany,33480.52,40,19328.5,Direct Industrial
2024-04-23,PLC Controller Unit,Automation,Germany,19982.6,21,10085.19,OEM
2024-04-23,PLC Controller Unit,Automation,Germany,11026.84,13,6114.07,OEM
2024-04-24,Safety Sensor Array,Automation,Mexico,17960.94,87,8220.38,OEM
2024-04-24,Industrial Motor 5HP,Motors,South Korea,9082.08,15,4999.18,Direct Industrial
2024-04-24,Safety Sensor Array,Automation,Germany,4075.12,22,2100.92,Direct Industrial
2024-04-24,Industrial Motor 5HP,Motors,USA,8487.11,15,5159.29,OEM
2024-04-24,Gearbox Assembly GB-12,Motors,Mexico,35216.67,31,20843.94,Direct Industrial
2024-04-24,Safety Sensor Array,Automation,USA,4921.24,27,2550.5,OEM
2024-04-24,Hydraulic Cylinder HC-40,Hydraulics,Germany,3257.0,11,1841.19,Distributor
2024-04-25,Pneumatic Valve V-200,Hydraulics,South Korea,2436.75,19,1296.75,OEM
2024-04-25,Pneumatic Valve V-200,Hydraulics,Mexico,2864.2,19,1273.86,OEM
2024-04-25,Hydraulic Cylinder HC-40,Hydraulics,Poland,4889.12,16,2816.43,OEM
2024-04-25,PLC Controller Unit,Automation,Germany,23062.66,30,14170.63,Distributor
2024-04-25,PLC Controller Unit,Automation,China,16535.37,17,7712.83,Direct Industrial
2024-04-25,PLC Controller Unit,Automation,USA,33175.35,41,18891.32,OEM
2024-04-25,Gearbox Assembly GB-12,Motors,Mexico,21032.92,16,10847.04,Distributor
2024-04-26,PLC Controller Unit,Automation,China,11745.09,14,6826.31,Distributor
2024-04-26,Steel Bearing 6205,Components,Poland,7.39,2,3.9,Distributor
2024-04-26,Steel Bearing 6205,Components,Germany,34.89,8,15.26,OEM
2024-04-26,Gearbox Assembly GB-12,Motors,Germany,55857.81,52,37459.56,OEM
2024-04-26,Gearbox Assembly GB-12,Motors,Mexico,15122.69,13,8674.8,OEM
2024-04-27,Steel Bearing 6205,Components,Mexico,96.05,24,45.4,OEM
2024-04-27,Safety Sensor Array,Automation,Germany,6682.63,37,3630.88,OEM
2024-04-27,Safety Sensor Array,Automation,Mexico,6097.38,33,3044.56,Distributor
2024-04-27,Industrial Motor 5HP,Motors,Mexico,20590.5,37,12964.29,Direct Industrial
2024-04-27,Steel Bearing 6205,Components,Mexico,221.09,52,99.25,OEM
2024-04-27,Conveyor Belt Roller,Components,Germany,701.7,25,305.65,Direct Industrial
2024-04-27,Safety Sensor Array,Automation,China,4597.99,24,2186.13,OEM
2024-04-27,Steel Bearing 6205,Components,Germany,11.83,3,5.44,Direct Industrial
2024-04-28,Conveyor Belt Roller,Components,Germany,533.95,19,240.19,Distributor
2024-04-28,Industrial Motor 5HP,Motors,Germany,14781.31,24,7841.06,Distributor
2024-04-28,Safety Sensor Array,Automation,Germany,5306.56,28,2682.34,Direct Industrial
2024-04-28,Gearbox Assembly GB-12,Motors,China,19092.66,15,10647.19,Distributor
2024-04-28,Steel Bearing 6205,Components,USA,126.03,29,54.57,Direct Industrial
2024-04-29,Safety Sensor Array,Automation,Poland,3375.77,15,1439.92,Distributor
2024-04-29,Safety Sensor Array,Automation,USA,7353.73,35,3475.41,Direct Industrial
2024-04-29,Steel Bearing 6205,Components,USA,108.39,24,47.41,Distributor
2024-04-29,Pneumatic Valve V-200,Hydraulics,South Korea,1540.1,11,731.48,Direct Industrial
2024-04-29,PLC Controller Unit,Automation,USA,7183.98,9,4350.07,OEM
2024-04-29,Gearbox Assembly GB-12,Motors,USA,7456.83,7,5038.77,OEM
2024-04-29,PLC Controller Unit,Automation,China,21815.19,28,12694.74,Direct Industrial
2024-04-29,Steel Bearing 6205,Components,Poland,65.8,16,29.88,Direct Industrial
2024-04-29,PLC Controller Unit,Automation,Germany,13661.3,15,7388.62,Distributor
2024-04-30,Hydraulic Cylinder HC-40,Hydraulics,Germany,3690.51,11,2006.84,OEM
2024-04-30,Safety Sensor Array,Automation,Germany,6793.2,32,3014.75,Distributor
2024-04-30,Industrial Motor 5HP,Motors,Germany,23266.81,40,14150.41,Distributor
2024-04-30,Pneumatic Valve V-200,Hydraulics,Mexico,3002.71,19,1250.64,OEM
2024-04-30,Conveyor Belt Roller,Components,South Korea,74.72,3,37.86,OEM
2024-04-30,Hydraulic Cylinder HC-40,Hydraulics,USA,4880.57,16,2893.3,Direct Industrial
2024-04-30,Steel Bearing 6205,Components,Mexico,69.9,16,31.15,Direct Industrial
2024-04-30,Gearbox Assembly GB-12,Motors,USA,24327.32,20,14023.08,Direct Industrial
2024-05-01,Industrial Motor 5HP,Motors,USA,16020.48,29,9864.21,OEM
2024-05-02,Steel Bearing 6205,Components,China,67.74,16,30.07,Distributor
2024-05-02,Safety Sensor Array,Automation,Mexico,2941.41,15,1492.95,OEM
2024-05-02,Hydraulic Cylinder HC-40,Hydraulics,Mexico,3630.54,11,1949.68,Direct Industrial
2024-05-02,Pneumatic Valve V-200,Hydraulics,China,1487.19,10,647.89,OEM
2024-05-02,PLC Controller Unit,Automation,USA,9424.1,11,5309.92,Distributor
2024-05-02,Conveyor Belt Roller,Components,South Korea,820.04,31,404.56,Distributor
2024-05-03,Pneumatic Valve V-200,Hydraulics,Poland,3342.05,24,1594.27,OEM
2024-05-03,Industrial Motor 5HP,Motors,Poland,15488.7,24,7828.29,OEM
2024-05-03,PLC Controller Unit,Automation,China,6608.67,7,3286.82,Direct Industrial
2024-05-03,Hydraulic Cylinder HC-40,Hydraulics,USA,11592.33,35,6366.81,OEM
2024-05-03,Gearbox Assembly GB-12,Motors,Germany,30932.14,27,18069.13,Direct Industrial
2024-05-03,Conveyor Belt Roller,Components,Germany,530.02,21,256.55,Distributor
2024-05-03,Industrial Motor 5HP,Motors,USA,26433.61,40,13095.1,Direct Industrial
2024-05-03,PLC Controller Unit,Automation,Mexico,14299.88,15,6936.67,Direct Industrial
2024-05-04,Industrial Motor 5HP,Motors,China,16861.61,28,9257.8,OEM
2024-05-04,Steel Bearing 6205,Components,China,132.01,36,68.72,Direct Industrial
2024-05-04,PLC Controller Unit,Automation,South Korea,37885.24,44,20839.19,OEM
2024-05-05,Steel Bearing 6205,Components,South Korea,33.21,9,16.77,Direct Industrial
2024-05-05,Industrial Motor 5HP,Motors,South Korea,31713.12,51,16567.55,Direct Industrial
2024-05-05,Gearbox Assembly GB-12,Motors,South Korea,40609.85,37,26034.99,OEM
2024-05-05,Gearbox Assembly GB-12,Motors,Mexico,13937.24,12,8494.65,OEM
2024-05-05,Steel Bearing 6205,Components,Germany,194.39,48,92.31,OEM
2024-05-05,Safety Sensor Array,Automation,USA,1651.94,9,831.75,Direct Industrial
2024-05-05,Safety Sensor Array,Automation,South Korea,3036.1,14,1280.42,Direct Industrial
2024-05-05,Steel Bearing 6205,Components,USA,50.42,11,21.38,Direct Industrial
2024-05-05,Gearbox Assembly GB-12,Motors,Germany,6000.98,5,3433.32,Direct Industrial
2024-05-05,Pneumatic Valve V-200,Hydraulics,Poland,1218.62,9,641.5,OEM
2024-05-06,Safety Sensor Array,Automation,USA,11496.62,57,5630.45,Direct Industrial
2024-05-06,Steel Bearing 6205,Components,China,133.28,31,59.43,Direct Industrial
2024-05-06,Safety Sensor Array,Automation,Poland,2771.39,12,1107.03,OEM
2024-05-06,Safety Sensor Array,Automation,USA,2668.15,12,1119.6,Direct Industrial
2024-05-06,PLC Controller Unit,Automation,Germany,12908.67,17,8033.83,Distributor
2024-05-06,Safety Sensor Array,Automation,Mexico,7224.77,33,3074.83,OEM
2024-05-06,Safety Sensor Array,Automation,Mexico,3600.66,19,1733.74,Direct Industrial
2024-05-07,Industrial Motor 5HP,Motors,Germany,12808.71,22,7642.1,Direct Industrial
2024-05-07,Steel Bearing 6205,Components,South Korea,54.0,13,24.52,Direct Industrial
2024-05-07,Hydraulic Cylinder HC-40,Hydraulics,Poland,8563.0,26,4745.33,OEM
2024-05-07,PLC Controller Unit,Automation,Poland,21598.87,25,11998.64,OEM
2024-05-07,Hydraulic Cylinder HC-40,Hydraulics,USA,858.24,3,534.12,Direct Industrial
2024-05-07,PLC Controller Unit,Automation,Poland,7311.98,8,3672.6,Direct Industrial
2024-05-08,Hydraulic Cylinder HC-40,Hydraulics,South Korea,8698.16,28,4808.03,OEM
2024-05-08,Hydraulic Cylinder HC-40,Hydraulics,Mexico,8158.39,24,4350.06,Distributor
2024-05-08,Gearbox Assembly GB-12,Motors,Poland,39762.14,34,22662.13,Distributor
2024-05-09,Industrial Motor 5HP,Motors,Poland,22462.93,37,12357.91,OEM
2024-05-09,Pneumatic Valve V-200,Hydraulics,South Korea,2860.86,18,1261.63,Direct Industrial
2024-05-09,Steel Bearing 6205,Components,Poland,278.75,75,148.83,Direct Industrial
2024-05-09,Gearbox Assembly GB-12,Motors,Germany,32786.96,30,21447.28,OEM
2024-05-09,Gearbox Assembly GB-12,Motors,Germany,52288.69,40,26559.92,Distributor
2024-05-09,Gearbox Assembly GB-12,Motors,Mexico,17507.23,13,8624.66,Distributor
2024-05-10,Pneumatic Valve V-200,Hydraulics,Germany,3019.55,22,1561.74,Distributor
2024-05-10,Conveyor Belt Roller,Components,Poland,1339.65,44,552.81,Direct Industrial
2024-05-10,Hydraulic Cylinder HC-40,Hydraulics,China,993.32,3,545.11,Direct Industrial
2024-05-10,PLC Controller Unit,Automation,Mexico,10086.72,12,5777.82,Direct Industrial
2024-05-10,Hydraulic Cylinder HC-40,Hydraulics,Mexico,3382.96,10,1711.62,Direct Industrial
2024-05-10,Steel Bearing 6205,Components,USA,87.61,24,44.27,OEM
2024-05-10,Gearbox Assembly GB-12,Motors,Poland,46254.21,43,28289.51,Distributor
2024-05-10,Pneumatic Valve V-200,Hydraulics,Poland,280.9,2,137.88,Distributor
2024-05-11,Gearbox Assembly GB-12,Motors,Germany,25715.93,19,13738.93,OEM
2024-05-11,Industrial Motor 5HP,Motors,Germany,21491.9,34,10995.26,Distributor
2024-05-11,Hydraulic Cylinder HC-40,Hydraulics,Mexico,15768.7,45,7995.58,OEM
2024-05-11,PLC Controller Unit,Automation,China,13973.96,18,8773.42,Distributor
2024-05-11,Industrial Motor 5HP,Motors,Germany,5936.31,10,3288.88,Distributor
2024-05-11,Hydraulic Cylinder HC-40,Hydraulics,Germany,3782.52,11,1839.68,Direct Industrial
2024-05-11,Steel Bearing 6205,Components,Mexico,181.99,40,73.04,OEM
2024-05-11,Hydraulic Cylinder HC-40,Hydraulics,Mexico,2801.42,9,1613.42,OEM
2024-05-11,Safety Sensor Array,Automation,China,5032.88,27,2489.03,Direct Industrial
2024-05-12,Conveyor Belt Roller,Components,Germany,752.52,29,361.9,OEM
2024-05-12,Pneumatic Valve V-200,Hydraulics,Poland,3161.83,20,1296.47,Distributor
2024-05-12,Pneumatic Valve V-200,Hydraulics,Poland,4588.92,36,2352.18,Direct Industrial
2024-05-12,Conveyor Belt Roller,Components,USA,1130.51,46,572.49,Distributor
2024-05-12,Safety Sensor Array,Automation,Poland,1926.27,9,892.98,Distributor
2024-05-12,Pneumatic Valve V-200,Hydraulics,Germany,3641.59,27,1790.44,Direct Industrial
2024-05-12,Hydraulic Cylinder HC-40,Hydraulics,Poland,1639.3,6,1002.8,OEM
2024-05-12,Safety Sensor Array,Automation,South Korea,10950.47,49,4574.79,Direct Industrial
2024-05-12,Conveyor Belt Roller,Components,China,1248.72,48,596.84,Distributor
2024-05-13,Steel Bearing 6205,Components,South Korea,75.12,21,38.22,Distributor
2024-05-13,Steel Bearing 6205,Components,Mexico,27.91,7,12.68,OEM
2024-05-13,Pneumatic Valve V-200,Hydraulics,China,3919.36,28,1942.13,Direct Industrial
2024-05-13,Conveyor Belt Roller,Components,Poland,201.86,7,83.23,Direct Industrial
2024-05-13,Safety Sensor Array,Automation,Poland,2222.01,11,994.49,Distributor
2024-05-13,Gearbox Assembly GB-12,Motors,Germany,9942.54,9,5934.04,Direct Industrial
2024-05-14,Hydraulic Cylinder HC-40,Hydraulics,China,4793.52,14,2547.0,OEM
2024-05-14,Industrial Motor 5HP,Motors,USA,2844.85,5,1664.74,Distributor
2024-05-14,PLC Controller Unit,Automation,Poland,23680.02,29,13886.05,Direct Industrial
2024-05-14,Safety Sensor Array,Automation,Poland,5943.03,29,2746.75,Direct Industrial
2024-05-15,Industrial Motor 5HP,Motors,China,7003.24,13,4498.63,Distributor
2024-05-15,Conveyor Belt Roller,Components,USA,372.26,15,186.1,Distributor
2024-05-15,Conveyor Belt Roller,Components,Poland,355.56,13,163.08,Distributor
2024-05-15,Pneumatic Valve V-200,Hydraulics,USA,259.84,2,140.42,Distributor
2024-05-15,Gearbox Assembly GB-12,Motors,China,40438.53,31,22188.56,OEM
2024-05-15,Industrial Motor 5HP,Motors,USA,18241.67,34,12102.6,Direct Industrial
2024-05-15,PLC Controller Unit,Automation,Poland,32353.77,39,17708.33,Direct Industrial
2024-05-15,Gearbox Assembly GB-12,Motors,South Korea,36712.85,30,21020.47,Direct Industrial
2024-05-15,Hydraulic Cylinder HC-40,Hydraulics,South Korea,3537.31,11,1852.42,Direct Industrial
2024-05-16,Steel Bearing 6205,Components,Germany,19.03,5,9.77,Distributor
2024-05-16,Industrial Motor 5HP,Motors,Mexico,14089.58,24,8462.09,OEM
2024-05-16,Industrial Motor 5HP,Motors,Germany,27745.66,42,14235.94,OEM
2024-05-16,Steel Bearing 6205,Components,China,33.35,8,14.71,Direct Industrial
2024-05-16,Steel Bearing 6205,Components,Germany,163.72,39,77.47,Direct Industrial
2024-05-16,Pneumatic Valve V-200,Hydraulics,South Korea,1862.53,13,877.52,Distributor
2024-05-16,Industrial Motor 5HP,Motors,Germany,28223.84,44,15151.39,Distributor
2024-05-17,Steel Bearing 6205,Components,China,160.72,42,77.4,Distributor
2024-05-17,Steel Bearing 6205,Components,South Korea,93.67,22,40.22,OEM
2024-05-17,Hydraulic Cylinder HC-40,Hydraulics,Mexico,3082.67,9,1558.81,Direct Industrial
2024-05-17,Pneumatic Valve V-200,Hydraulics,Poland,3494.21,23,1578.59,OEM
2024-05-17,Gearbox Assembly GB-12,Motors,Germany,28302.53,25,18063.6,Distributor
2024-05-17,Steel Bearing 6205,Components,China,85.43,20,38.63,Direct Industrial
2024-05-17,PLC Controller Unit,Automation,China,23488.27,24,10746.7,Direct Industrial
2024-05-17,Safety Sensor Array,Automation,Poland,4160.2,21,1945.94,Distributor
2024-05-17,Conveyor Belt Roller,Components,Mexico,912.46,34,439.5,Direct Industrial
2024-05-18,Industrial Motor 5HP,Motors,South Korea,6115.15,10,3435.87,Distributor
2024-05-18,Safety Sensor Array,Automation,USA,3608.38,16,1479.31,Distributor
2024-05-18,Safety Sensor Array,Automation,China,3152.58,17,1626.53,Distributor
2024-05-19,Hydraulic Cylinder HC-40,Hydraulics,Germany,2172.13,7,1207.67,Distributor
2024-05-19,Industrial Motor 5HP,Motors,China,10261.09,19,6507.27,Direct Industrial
2024-05-19,Industrial Motor 5HP,Motors,China,7610.34,14,4896.88,OEM
2024-05-19,Safety Sensor Array,Automation,China,1935.87,9,830.55,Direct Industrial
2024-05-20,PLC Controller Unit,Automation,USA,30771.71,38,16982.27,Distributor
2024-05-20,Steel Bearing 6205,Components,Mexico,77.82,21,40.81,Direct Industrial
2024-05-20,Hydraulic Cylinder HC-40,Hydraulics,Poland,10578.4,36,6408.94,OEM
2024-05-20,Safety Sensor Array,Automation,USA,2682.56,14,1308.63,OEM
2024-05-20,Pneumatic Valve V-200,Hydraulics,China,7448.46,48,3159.47,OEM
2024-05-20,Conveyor Belt Roller,Components,Poland,1199.81,42,515.41,Distributor
2024-05-20,Pneumatic Valve V-200,Hydraulics,China,5557.75,38,2692.28,OEM
2024-05-20,Safety Sensor Array,Automation,USA,1339.62,7,666.1,Direct Industrial
2024-05-21,Safety Sensor Array,Automation,South Korea,2549.19,12,1132.48,Direct Industrial
2024-05-21,Pneumatic Valve V-200,Hydraulics,Mexico,3371.7,27,1830.27,Direct Industrial
2024-05-21,Industrial Motor 5HP,Motors,South Korea,3485.97,6,1955.08,Distributor
2024-05-21,Industrial Motor 5HP,Motors,South Korea,6426.03,11,3731.24,Direct Industrial
2024-05-22,Safety Sensor Array,Automation,South Korea,1529.35,7,647.33,OEM
2024-05-22,Safety Sensor Array,Automation,China,3152.63,15,1421.92,Distributor
2024-05-22,Conveyor Belt Roller,Components,Poland,600.37,25,305.98,OEM
2024-05-22,Safety Sensor Array,Automation,Mexico,2012.34,9,813.63,OEM
2024-05-22,Safety Sensor Array,Automation,USA,4864.16,25,2370.43,OEM
2024-05-22,PLC Controller Unit,Automation,Poland,12030.14,15,6905.59,Distributor
2024-05-22,PLC Controller Unit,Automation,USA,36256.91,42,19807.67,Direct Industrial
2024-05-22,Industrial Motor 5HP,Motors,Mexico,5804.59,10,3243.65,OEM
2024-05-22,Steel Bearing 6205,Components,Mexico,75.29,19,37.73,Direct Industrial
2024-05-22,Gearbox Assembly GB-12,Motors,China,14298.65,13,8739.15,Direct Industrial
2024-05-23,PLC Controller Unit,Automation,Poland,11475.21,14,6314.09,Distributor
2024-05-23,Gearbox Assembly GB-12,Motors,Germany,30396.56,23,15108.81,OEM
2024-05-23,Safety Sensor Array,Automation,South Korea,3331.95,18,1715.45,Distributor
2024-05-23,Pneumatic Valve V-200,Hydraulics,South Korea,1544.38,12,819.62,Distributor
2024-05-23,Hydraulic Cylinder HC-40,Hydraulics,Poland,11336.06,35,6129.06,Direct Industrial
2024-05-24,Hydraulic Cylinder HC-40,Hydraulics,China,2029.12,7,1260.52,OEM
2024-05-24,Hydraulic Cylinder HC-40,Hydraulics,Poland,4977.7,16,2872.87,OEM
2024-05-24,Safety Sensor Array,Automation,South Korea,3097.38,14,1389.4,OEM
2024-05-24,Industrial Motor 5HP,Motors,Poland,8357.83,13,4480.87,OEM
2024-05-24,PLC Controller Unit,Automation,China,35476.36,37,17037.63,Direct Industrial
2024-05-24,Industrial Motor 5HP,Motors,Poland,18949.19,29,9890.78,Direct Industrial
2024-05-24,Pneumatic Valve V-200,Hydraulics,Poland,2417.04,18,1257.13,OEM
2024-05-25,Pneumatic Valve V-200,Hydraulics,China,4351.12,33,2261.47,Direct Industrial
2024-05-25,Steel Bearing 6205,Components,China,116.91,29,57.27,Distributor
2024-05-25,Pneumatic Valve V-200,Hydraulics,Poland,2669.19,19,1331.67,OEM
2024-05-25,Industrial Motor 5HP,Motors,South Korea,4358.97,8,2676.24,Distributor
2024-05-25,Industrial Motor 5HP,Motors,Mexico,7290.55,11,3776.76,Direct Industrial
2024-05-26,Steel Bearing 6205,Components,Germany,43.35,10,19.04,Distributor
2024-05-26,Pneumatic Valve V-200,Hydraulics,Germany,3519.38,23,1587.25,OEM
2024-05-26,Safety Sensor Array,Automation,Germany,5507.15,29,2888.7,OEM
2024-05-26,Industrial Motor 5HP,Motors,USA,13617.68,22,7140.89,Distributor
2024-05-26,Steel Bearing 6205,Components,South Korea,99.74,24,46.04,Distributor
2024-05-26,Conveyor Belt Roller,Components,Poland,292.0,10,129.16,OEM
2024-05-26,Safety Sensor Array,Automation,USA,1258.61,6,572.05,OEM
2024-05-26,Gearbox Assembly GB-12,Motors,China,7880.33,6,3960.79,OEM
2024-05-26,Pneumatic Valve V-200,Hydraulics,China,2028.6,13,911.43,Direct Industrial
2024-05-27,Steel Bearing 6205,Components,USA,99.43,25,47.15,Distributor
2024-05-27,Steel Bearing 6205,Components,China,152.25,36,69.19,Direct Industrial
2024-05-27,Conveyor Belt Roller,Components,China,521.53,19,246.79,Direct Industrial
2024-05-28,Gearbox Assembly GB-12,Motors,South Korea,24705.88,19,13617.34,Direct Industrial
2024-05-28,Industrial Motor 5HP,Motors,Poland,16481.42,28,9487.85,Distributor
2024-05-29,Safety Sensor Array,Automation,Poland,3881.0,19,1854.42,OEM
2024-05-29,Conveyor Belt Roller,Components,USA,433.45,18,235.98,OEM
2024-05-29,Hydraulic Cylinder HC-40,Hydraulics,Germany,4566.77,14,2363.75,Direct Industrial
2024-05-29,Gearbox Assembly GB-12,Motors,Mexico,29015.32,26,17901.99,OEM
2024-05-29,Steel Bearing 6205,Components,South Korea,188.77,49,97.16,Distributor
2024-05-29,Industrial Motor 5HP,Motors,China,16027.18,27,8849.47,Direct Industrial
2024-05-29,Gearbox Assembly GB-12,Motors,USA,30813.44,28,18871.58,Distributor
2024-05-29,Safety Sensor Array,Automation,China,8673.57,40,3655.52,Direct Industrial
2024-05-29,Pneumatic Valve V-200,Hydraulics,China,901.14,7,461.63,OEM
2024-05-29,Steel Bearing 6205,Components,Mexico,21.07,5,9.74,Direct Industrial
2024-05-29,Industrial Motor 5HP,Motors,China,2931.74,5,1643.55,Direct Industrial
2024-05-29,Gearbox Assembly GB-12,Motors,Poland,45836.8,41,27500.05,OEM
2024-05-30,Steel Bearing 6205,Components,USA,74.85,18,34.9,Direct Industrial
2024-05-30,PLC Controller Unit,Automation,Mexico,20329.67,25,11419.3,OEM
2024-05-30,Gearbox Assembly GB-12,Motors,South Korea,25214.51,21,14753.45,OEM
2024-05-30,Pneumatic Valve V-200,Hydraulics,China,3813.26,29,1921.92,Distributor
2024-05-31,Industrial Motor 5HP,Motors,Germany,16851.51,31,10998.78,OEM
2024-05-31,Steel Bearing 6205,Components,Germany,101.57,27,48.77,Distributor
2024-05-31,Gearbox Assembly GB-12,Motors,China,83667.22,67,46763.54,Direct Industrial
2024-05-31,Pneumatic Valve V-200,Hydraulics,China,3981.54,27,1823.46,Direct Industrial
2024-05-31,Steel Bearing 6205,Components,Mexico,58.42,15,28.32,Direct Industrial
2024-05-31,Steel Bearing 6205,Components,USA,95.42,23,41.55,Direct Industrial
2024-06-01,Industrial Motor 5HP,Motors,Mexico,6628.59,11,3806.38,Direct Industrial
2024-06-01,Industrial Motor 5HP,Motors,Poland,44673.93,82,26877.32,Direct Industrial
2024-06-01,Hydraulic Cylinder HC-40,Hydraulics,Mexico,10206.72,29,5178.69,Direct Industrial
2024-06-01,Steel Bearing 6205,Components,Mexico,82.22,18,35.29,Direct Industrial
2024-06-01,Hydraulic Cylinder HC-40,Hydraulics,Mexico,17788.1,52,9262.5,Direct Industrial
2024-06-02,Pneumatic Valve V-200,Hydraulics,Germany,1766.36,12,777.09,Direct Industrial
2024-06-02,Gearbox Assembly GB-12,Motors,Mexico,11689.23,9,6037.03,Direct Industrial
2024-06-02,Safety Sensor Array,Automation,South Korea,10153.8,53,4842.67,Direct Industrial
2024-06-02,Conveyor Belt Roller,Components,China,162.8,6,74.37,Distributor
2024-06-02,Conveyor Belt Roller,Components,Mexico,369.33,12,150.22,Distributor
2024-06-03,Steel Bearing 6205,Components,Germany,113.49,31,56.24,Distributor
2024-06-03,Hydraulic Cylinder HC-40,Hydraulics,South Korea,6892.27,22,3980.89,OEM
2024-06-03,Conveyor Belt Roller,Components,Mexico,385.31,14,175.77,Direct Industrial
2024-06-03,Industrial Motor 5HP,Motors,China,7860.18,15,5135.68,OEM
2024-06-03,Gearbox Assembly GB-12,Motors,Germany,23674.52,22,15503.39,Direct Industrial
2024-06-03,Gearbox Assembly GB-12,Motors,South Korea,46406.97,35,24984.22,OEM
2024-06-03,Steel Bearing 6205,Components,China,231.33,62,120.64,OEM
2024-06-03,Conveyor Belt Roller,Components,China,536.58,19,233.86,Direct Industrial
2024-06-03,Pneumatic Valve V-200,Hydraulics,Mexico,3587.32,25,1689.93,Direct Industrial
2024-06-04,Pneumatic Valve V-200,Hydraulics,China,7587.55,49,3236.77,OEM
2024-06-04,PLC Controller Unit,Automation,Germany,36857.99,39,18498.34,Distributor
2024-06-04,Conveyor Belt Roller,Components,Poland,600.16,24,301.16,Direct Industrial
2024-06-04,Safety Sensor Array,Automation,Germany,4169.15,22,2069.43,OEM
2024-06-04,PLC Controller Unit,Automation,Germany,16477.34,19,9248.45,Direct Industrial
2024-06-04,Gearbox Assembly GB-12,Motors,China,24583.56,18,12707.5,Direct Industrial
2024-06-04,Safety Sensor Array,Automation,USA,410.72,2,188.15,Distributor
2024-06-04,Pneumatic Valve V-200,Hydraulics,China,6128.4,42,2718.71,Direct Industrial
2024-06-05,Hydraulic Cylinder HC-40,Hydraulics,Mexico,3030.7,9,1598.59,OEM
2024-06-05,Safety Sensor Array,Automation,South Korea,2798.64,14,1349.36,Direct Industrial
2024-06-05,PLC Controller Unit,Automation,Germany,27111.67,33,16259.05,OEM
2024-06-05,Industrial Motor 5HP,Motors,USA,4304.69,8,2675.48,Direct Industrial
2024-06-05,Hydraulic Cylinder HC-40,Hydraulics,Germany,6554.25,19,3408.7,Distributor
2024-06-05,Industrial Motor 5HP,Motors,South Korea,14560.48,25,8843.95,OEM
2024-06-06,Gearbox Assembly GB-12,Motors,USA,23529.46,18,12957.38,OEM
2024-06-06,Industrial Motor 5HP,Motors,Mexico,27140.89,41,13471.02,Distributor
2024-06-06,Safety Sensor Array,Automation,South Korea,872.04,4,362.39,OEM
2024-06-06,Conveyor Belt Roller,Components,Mexico,813.86,34,425.4,Distributor
2024-06-06,Safety Sensor Array,Automation,China,4155.12,18,1674.62,Distributor
2024-06-06,Steel Bearing 6205,Components,Germany,54.09,15,27.67,Direct Industrial
2024-06-07,Hydraulic Cylinder HC-40,Hydraulics,Poland,9938.84,31,5677.72,Direct Industrial
2024-06-07,Pneumatic Valve V-200,Hydraulics,Germany,5196.32,34,2209.94,OEM
2024-06-07,Hydraulic Cylinder HC-40,Hydraulics,China,7904.76,23,4164.4,OEM
2024-06-07,Industrial Motor 5HP,Motors,Mexico,4365.68,7,2268.84,Direct Industrial
2024-06-07,Safety Sensor Array,Automation,USA,4140.43,19,1844.48,Distributor
2024-06-07,PLC Controller Unit,Automation,Poland,22679.65,24,10736.71,OEM
2024-06-07,Pneumatic Valve V-200,Hydraulics,Poland,1673.87,11,726.3,OEM
2024-06-08,Industrial Motor 5HP,Motors,Mexico,25646.13,39,13688.8,Distributor
2024-06-08,Gearbox Assembly GB-12,Motors,China,21990.93,20,14042.47,Distributor
2024-06-08,Pneumatic Valve V-200,Hydraulics,Poland,4885.09,36,2382.76,OEM
2024-06-08,Industrial Motor 5HP,Motors,South Korea,5973.46,10,3294.43,Direct Industrial
2024-06-08,Conveyor Belt Roller,Components,South Korea,1978.08,67,804.0,Distributor
2024-06-08,Safety Sensor Array,Automation,Mexico,3930.05,18,1669.08,Distributor
2024-06-09,Safety Sensor Array,Automation,USA,6217.22,28,2713.66,Distributor
2024-06-09,Safety Sensor Array,Automation,USA,10702.6,51,4735.36,OEM
2024-06-09,Safety Sensor Array,Automation,Mexico,2634.12,12,1195.83,Direct Industrial
2024-06-09,Hydraulic Cylinder HC-40,Hydraulics,Mexico,2119.73,7,1262.88,Direct Industrial
2024-06-09,Conveyor Belt Roller,Components,South Korea,209.21,8,100.06,Direct Industrial
2024-06-09,Conveyor Belt Roller,Components,USA,548.44,18,227.71,Direct Industrial
2024-06-09,Pneumatic Valve V-200,Hydraulics,USA,5946.25,46,3073.54,Distributor
2024-06-09,Hydraulic Cylinder HC-40,Hydraulics,Poland,4199.33,13,2317.44,Distributor
2024-06-09,Steel Bearing 6205,Components,Poland,22.65,6,11.6,Direct Industrial
2024-06-09,Pneumatic Valve V-200,Hydraulics,Germany,2735.81,21,1406.81,Direct Industrial
2024-06-10,PLC Controller Unit,Automation,Poland,25726.23,28,12876.69,Distributor
2024-06-10,Gearbox Assembly GB-12,Motors,Poland,45995.1,38,25309.44,Direct Industrial
2024-06-10,Steel Bearing 6205,Components,Mexico,151.19,41,78.67,Distributor
2024-06-10,Steel Bearing 6205,Components,South Korea,29.1,8,15.72,Distributor
2024-06-10,Industrial Motor 5HP,Motors,USA,16485.8,26,9163.71,Direct Industrial
2024-06-10,PLC Controller Unit,Automation,USA,7771.96,8,3599.85,OEM
2024-06-11,Gearbox Assembly GB-12,Motors,Mexico,14551.66,12,8259.25,Direct Industrial
2024-06-11,Industrial Motor 5HP,Motors,Mexico,6933.2,12,4124.92,Direct Industrial
2024-06-11,Gearbox Assembly GB-12,Motors,USA,8044.68,6,4125.12,Distributor
2024-06-11,Safety Sensor Array,Automation,Poland,7825.46,35,3464.04,Distributor
2024-06-11,Steel Bearing 6205,Components,Germany,39.06,9,17.45,OEM
2024-06-11,Conveyor Belt Roller,Components,USA,424.0,15,189.33,OEM
2024-06-11,Safety Sensor Array,Automation,China,3873.04,19,1812.52,Direct Industrial
2024-06-11,Steel Bearing 6205,Components,Poland,123.6,30,58.02,Direct Industrial
2024-06-12,PLC Controller Unit,Automation,South Korea,47411.02,50,24073.57,OEM
2024-06-12,Gearbox Assembly GB-12,Motors,Mexico,33367.15,25,17358.16,OEM
2024-06-12,Steel Bearing 6205,Components,Poland,13.45,3,5.63,Distributor
2024-06-12,Pneumatic Valve V-200,Hydraulics,USA,8510.6,55,3836.17,Distributor
2024-06-12,Hydraulic Cylinder HC-40,Hydraulics,South Korea,2501.48,8,1442.34,Direct Industrial
2024-06-13,Conveyor Belt Roller,Components,Germany,981.7,40,523.28,Distributor
2024-06-13,Hydraulic Cylinder HC-40,Hydraulics,South Korea,6336.74,19,3399.69,Direct Industrial
2024-06-13,Safety Sensor Array,Automation,China,3518.38,19,1874.8,Direct Industrial
2024-06-13,Gearbox Assembly GB-12,Motors,Germany,10691.68,9,6105.04,OEM
2024-06-13,Gearbox Assembly GB-12,Motors,Mexico,4553.23,4,2833.07,Distributor
2024-06-13,Conveyor Belt Roller,Components,USA,977.51,34,407.34,Direct Industrial
2024-06-13,Pneumatic Valve V-200,Hydraulics,Poland,4330.96,35,2482.82,OEM
2024-06-13,PLC Controller Unit,Automation,Poland,6773.24,7,3262.22,Direct Industrial
2024-06-13,Industrial Motor 5HP,Motors,Germany,6450.78,10,3531.77,OEM
2024-06-13,Conveyor Belt Roller,Components,Germany,1244.86,42,512.68,OEM
2024-06-13,Hydraulic Cylinder HC-40,Hydraulics,USA,27644.5,81,13592.15,Direct Industrial
2024-06-14,Steel Bearing 6205,Components,Poland,45.8,11,21.89,Direct Industrial
2024-06-14,PLC Controller Unit,Automation,Poland,28526.33,36,16206.37,Distributor
2024-06-14,Gearbox Assembly GB-12,Motors,China,37453.3,35,23651.18,Distributor
2024-06-14,Industrial Motor 5HP,Motors,USA,42563.56,66,23250.49,Distributor
2024-06-14,Steel Bearing 6205,Components,Poland,38.99,9,17.72,OEM
2024-06-14,Pneumatic Valve V-200,Hydraulics,Poland,2436.46,19,1281.24,Direct Industrial
2024-06-14,Safety Sensor Array,Automation,South Korea,1965.64,10,968.29,Distributor
2024-06-14,Conveyor Belt Roller,Components,Mexico,433.99,15,190.42,Distributor
2024-06-14,Safety Sensor Array,Automation,Mexico,5922.93,31,2801.22,Distributor
2024-06-14,Industrial Motor 5HP,Motors,South Korea,20233.76,34,11933.5,Direct Industrial
2024-06-14,Steel Bearing 6205,Components,USA,79.36,20,39.09,OEM
2024-06-14,Hydraulic Cylinder HC-40,Hydraulics,Germany,7467.64,23,4194.07,Direct Industrial
2024-06-14,PLC Controller Unit,Automation,Poland,17572.27,18,8130.7,Distributor
2024-06-14,Gearbox Assembly GB-12,Motors,South Korea,58860.04,55,38779.85,Direct Industrial
2024-06-15,Hydraulic Cylinder HC-40,Hydraulics,China,10494.37,34,5825.36,Distributor
2024-06-15,Gearbox Assembly GB-12,Motors,South Korea,18080.41,16,11093.15,Direct Industrial
2024-06-15,Gearbox Assembly GB-12,Motors,Mexico,13216.99,10,6670.74,OEM
2024-06-15,Safety Sensor Array,Automation,Germany,8450.38,40,3754.17,Distributor
2024-06-15,Gearbox Assembly GB-12,Motors,Poland,6729.06,5,3519.37,OEM
2024-06-15,Conveyor Belt Roller,Components,Mexico,759.78,31,393.61,Direct Industrial
2024-06-16,Pneumatic Valve V-200,Hydraulics,Mexico,2569.89,20,1388.92,Distributor
2024-06-16,Conveyor Belt Roller,Components,USA,500.64,20,247.19,Direct Industrial
2024-06-16,Industrial Motor 5HP,Motors,China,3853.96,6,2065.59,OEM
2024-06-16,Safety Sensor Array,Automation,China,5899.87,26,2592.38,OEM
2024-06-16,Pneumatic Valve V-200,Hydraulics,Mexico,6125.99,40,2634.37,OEM
2024-06-16,Pneumatic Valve V-200,Hydraulics,China,1898.99,13,908.33,Direct Industrial
2024-06-16,Conveyor Belt Roller,Components,USA,676.08,24,311.88,OEM
2024-06-16,Hydraulic Cylinder HC-40,Hydraulics,Mexico,6044.38,20,3552.66,Direct Industrial
2024-06-16,Safety Sensor Array,Automation,USA,6497.84,29,2635.17,Distributor
2024-06-16,Steel Bearing 6205,Components,Poland,55.8,14,25.31,Direct Industrial
2024-06-16,Gearbox Assembly GB-12,Motors,Mexico,54317.13,40,26324.26,Distributor
2024-06-16,Pneumatic Valve V-200,Hydraulics,China,1465.05,11,719.11,Direct Industrial
2024-06-16,Steel Bearing 6205,Components,Poland,53.22,12,23.45,Direct Industrial
2024-06-17,Gearbox Assembly GB-12,Motors,USA,78037.21,57,39969.73,Direct Industrial
2024-06-17,Safety Sensor Array,Automation,Mexico,8000.73,42,4029.04,Direct Industrial
2024-06-17,Gearbox Assembly GB-12,Motors,Germany,17629.88,14,9318.1,Distributor
2024-06-17,Industrial Motor 5HP,Motors,Mexico,5598.98,9,3126.69,OEM
2024-06-17,PLC Controller Unit,Automation,China,55422.7,71,34917.76,Distributor
2024-06-18,PLC Controller Unit,Automation,USA,21906.71,28,13064.23,OEM
2024-06-18,Pneumatic Valve V-200,Hydraulics,Poland,6256.75,40,2735.33,OEM
2024-06-18,PLC Controller Unit,Automation,USA,11099.24,12,5572.44,OEM
2024-06-18,Safety Sensor Array,Automation,USA,10611.21,57,5193.15,Direct Industrial
2024-06-19,Pneumatic Valve V-200,Hydraulics,Germany,4553.77,30,2079.36,Direct Industrial
2024-06-19,Conveyor Belt Roller,Components,Germany,580.65,22,267.86,Distributor
2024-06-19,Gearbox Assembly GB-12,Motors,South Korea,16772.91,15,10353.17,OEM
2024-06-19,Hydraulic Cylinder HC-40,Hydraulics,Mexico,19628.78,59,10755.82,OEM
2024-06-19,Steel Bearing 6205,Components,Poland,141.23,34,65.86,Distributor
2024-06-19,Pneumatic Valve V-200,Hydraulics,Mexico,1717.55,11,775.84,OEM
2024-06-20,Steel Bearing 6205,Components,Germany,114.73,26,49.29,Distributor
2024-06-20,Hydraulic Cylinder HC-40,Hydraulics,Mexico,10867.57,31,5691.9,Distributor
2024-06-20,Industrial Motor 5HP,Motors,South Korea,5913.99,11,3763.05,OEM
2024-06-20,Safety Sensor Array,Automation,USA,4103.71,18,1685.36,Direct Industrial
2024-06-20,Steel Bearing 6205,Components,Mexico,344.8,79,146.77,Distributor
2024-06-21,Conveyor Belt Roller,Components,Poland,398.13,15,188.75,Direct Industrial
2024-06-21,Gearbox Assembly GB-12,Motors,USA,34542.58,28,18723.03,OEM
2024-06-21,Industrial Motor 5HP,Motors,Mexico,12586.82,19,6390.42,Distributor
2024-06-22,Industrial Motor 5HP,Motors,Poland,7764.88,14,4596.87,Direct Industrial
2024-06-22,Safety Sensor Array,Automation,South Korea,7683.55,36,3265.64,Distributor
2024-06-22,Steel Bearing 6205,Components,USA,74.9,17,32.15,Direct Industrial
2024-06-23,PLC Controller Unit,Automation,USA,13459.34,17,8198.18,Distributor
2024-06-23,Conveyor Belt Roller,Components,Mexico,321.66,13,162.79,Direct Industrial
2024-06-23,Industrial Motor 5HP,Motors,South Korea,1341.05,2,666.2,Distributor
2024-06-23,Safety Sensor Array,Automation,Poland,2160.22,12,1158.48,Distributor
2024-06-24,Conveyor Belt Roller,Components,Mexico,683.53,27,353.62,Direct Industrial
2024-06-24,Industrial Motor 5HP,Motors,Mexico,6289.26,10,3417.22,OEM
2024-06-24,Conveyor Belt Roller,Components,South Korea,406.84,14,178.06,Distributor
2024-06-24,Pneumatic Valve V-200,Hydraulics,Germany,2800.15,21,1439.99,Distributor
2024-06-24,Safety Sensor Array,Automation,Germany,8254.37,37,3667.87,OEM
2024-06-24,Industrial Motor 5HP,Motors,USA,23611.97,45,15597.37,Direct Industrial
2024-06-24,Hydraulic Cylinder HC-40,Hydraulics,USA,1598.17,5,893.46,OEM
2024-06-24,Pneumatic Valve V-200,Hydraulics,China,5361.61,38,2459.33,Distributor
2024-06-25,Steel Bearing 6205,Components,China,40.0,10,19.29,Direct Industrial
2024-06-25,Steel Bearing 6205,Components,USA,116.52,28,53.62,OEM
2024-06-26,Gearbox Assembly GB-12,Motors,China,14039.27,11,7423.32,OEM
2024-06-26,Pneumatic Valve V-200,Hydraulics,Poland,4720.53,30,2054.31,Distributor
2024-06-26,Hydraulic Cylinder HC-40,Hydraulics,Poland,12122.69,35,6042.11,Distributor
2024-06-26,Steel Bearing 6205,Components,Germany,91.9,22,41.78,OEM
2024-06-26,Industrial Motor 5HP,Motors,South Korea,11009.21,17,6009.63,Distributor
2024-06-26,Safety Sensor Array,Automation,Germany,5118.29,23,2151.6,Direct Industrial
2024-06-26,Industrial Motor 5HP,Motors,China,16747.65,25,8725.12,Distributor
2024-06-26,Pneumatic Valve V-200,Hydraulics,USA,2199.11,16,1106.97,OEM
2024-06-27,Steel Bearing 6205,Components,USA,20.19,5,9.23,OEM
2024-06-27,Gearbox Assembly GB-12,Motors,Germany,26219.0,20,13924.58,Direct Industrial
2024-06-27,Hydraulic Cylinder HC-40,Hydraulics,Mexico,1268.62,4,714.27,OEM
2024-06-27,Steel Bearing 6205,Components,Mexico,139.3,37,72.25,Direct Industrial
2024-06-27,PLC Controller Unit,Automation,Mexico,18958.82,25,11782.46,Distributor
2024-06-27,Safety Sensor Array,Automation,USA,1728.95,8,779.88,Distributor
2024-06-27,Gearbox Assembly GB-12,Motors,Germany,36942.69,29,19351.47,Distributor
2024-06-28,Gearbox Assembly GB-12,Motors,Mexico,36311.67,27,18328.18,Direct Industrial
2024-06-28,Safety Sensor Array,Automation,Mexico,5194.96,23,2136.56,Distributor
2024-06-28,Pneumatic Valve V-200,Hydraulics,China,5383.65,38,2616.6,Distributor
2024-06-28,Hydraulic Cylinder HC-40,Hydraulics,USA,7599.62,24,4064.47,OEM
2024-06-28,Pneumatic Valve V-200,Hydraulics,China,3552.39,23,1573.92,Distributor
2024-06-28,Gearbox Assembly GB-12,Motors,Mexico,26405.45,21,14341.1,OEM
2024-06-28,PLC Controller Unit,Automation,Mexico,39696.72,42,19051.21,Distributor
2024-06-28,Hydraulic Cylinder HC-40,Hydraulics,Germany,5084.91,15,2500.92,Distributor
2024-06-28,Pneumatic Valve V-200,Hydraulics,China,796.76,6,403.08,OEM
2024-06-28,PLC Controller Unit,Automation,Germany,15829.69,20,9498.38,OEM
2024-06-29,Conveyor Belt Roller,Components,China,1124.34,45,581.97,Direct Industrial
2024-06-29,Hydraulic Cylinder HC-40,Hydraulics,Poland,17218.03,49,8669.51,OEM
2024-06-29,Conveyor Belt Roller,Components,China,1054.43,38,491.84,Direct Industrial
2024-06-29,Industrial Motor 5HP,Motors,Germany,12386.88,21,7064.76,OEM
2024-06-29,PLC Controller Unit,Automation,USA,5447.94,6,2851.94,Direct Industrial
2024-06-30,Industrial Motor 5HP,Motors,South Korea,1723.17,3,991.61,OEM
2024-06-30,Gearbox Assembly GB-12,Motors,China,43014.6,33,23485.12,Direct Industrial
2024-06-30,Industrial Motor 5HP,Motors,Mexico,8943.17,16,5221.51,Distributor
2024-06-30,Hydraulic Cylinder HC-40,Hydraulics,Mexico,5107.5,15,2685.83,OEM
2024-06-30,Gearbox Assembly GB-12,Motors,South Korea,3662.91,3,2153.65,OEM
2024-06-30,Pneumatic Valve V-200,Hydraulics,USA,3301.98,23,1495.87,Distributor
2024-06-30,Steel Bearing 6205,Components,South Korea,93.86,26,48.08,Distributor
2024-07-01,Pneumatic Valve V-200,Hydraulics,South Korea,1205.34,8,522.27,OEM
2024-07-01,Hydraulic Cylinder HC-40,Hydraulics,Germany,13407.21,44,8045.7,Direct Industrial
2024-07-01,Hydraulic Cylinder HC-40,Hydraulics,Poland,8997.4,32,5529.62,OEM
2024-07-01,PLC Controller Unit,Automation,Mexico,7464.56,9,4329.19,Direct Industrial
2024-07-01,Pneumatic Valve V-200,Hydraulics,Poland,7305.74,46,3196.98,OEM
2024-07-01,Gearbox Assembly GB-12,Motors,China,33254.79,25,17057.63,Direct Industrial
2024-07-01,Steel Bearing 6205,Components,Germany,54.75,15,29.04,Distributor
2024-07-01,Hydraulic Cylinder HC-40,Hydraulics,South Korea,3449.04,11,2010.86,OEM
2024-07-01,Industrial Motor 5HP,Motors,China,14532.33,24,8432.12,Direct Industrial
2024-07-01,Pneumatic Valve V-200,Hydraulics,South Korea,7329.58,55,3895.67,Distributor
2024-07-01,Gearbox Assembly GB-12,Motors,China,17265.26,14,9551.3,Distributor
2024-07-02,Steel Bearing 6205,Components,South Korea,8.18,2,3.64,Direct Industrial
2024-07-02,Steel Bearing 6205,Components,USA,127.7,29,52.81,Distributor
2024-07-02,Steel Bearing 6205,Components,South Korea,106.58,27,50.99,Distributor
2024-07-02,Hydraulic Cylinder HC-40,Hydraulics,USA,1014.04,3,516.92,Distributor
2024-07-02,Industrial Motor 5HP,Motors,Germany,4317.51,8,2669.42,OEM
2024-07-02,Industrial Motor 5HP,Motors,China,28124.51,45,15676.31,Direct Industrial
2024-07-02,Pneumatic Valve V-200,Hydraulics,Mexico,1329.83,10,666.7,OEM
2024-07-03,Hydraulic Cylinder HC-40,Hydraulics,USA,9546.76,28,4985.04,Distributor
2024-07-03,Conveyor Belt Roller,Components,Germany,414.46,15,181.49,Distributor
2024-07-03,Hydraulic Cylinder HC-40,Hydraulics,Germany,11651.6,35,5946.33,OEM
2024-07-03,Industrial Motor 5HP,Motors,China,3806.76,6,1947.42,OEM
2024-07-03,Conveyor Belt Roller,Components,Mexico,537.05,18,233.03,Distributor
2024-07-04,Gearbox Assembly GB-12,Motors,China,5160.82,4,2859.75,Distributor
2024-07-04,Conveyor Belt Roller,Components,USA,475.31,18,233.67,Direct Industrial
2024-07-04,Conveyor Belt Roller,Components,Germany,446.27,16,195.44,Distributor
2024-07-04,Steel Bearing 6205,Components,South Korea,32.94,9,17.91,OEM
2024-07-04,Conveyor Belt Roller,Components,China,329.67,13,164.65,Distributor
2024-07-04,Steel Bearing 6205,Components,Poland,53.44,14,25.74,Distributor
2024-07-04,Safety Sensor Array,Automation,China,4962.94,22,2184.17,OEM
2024-07-04,Pneumatic Valve V-200,Hydraulics,Mexico,5056.33,34,2309.43,OEM
2024-07-05,Gearbox Assembly GB-12,Motors,China,31155.14,27,18264.91,OEM
2024-07-05,Steel Bearing 6205,Components,Germany,22.25,5,9.22,Distributor
2024-07-05,Industrial Motor 5HP,Motors,USA,15061.06,28,9303.94,Distributor
2024-07-05,Pneumatic Valve V-200,Hydraulics,Mexico,2839.49,21,1474.08,Direct Industrial
2024-07-05,Steel Bearing 6205,Components,Germany,139.13,31,59.76,Distributor
2024-07-05,Steel Bearing 6205,Components,South Korea,82.15,20,36.89,OEM
2024-07-05,PLC Controller Unit,Automation,Germany,11505.28,15,6802.55,OEM
2024-07-05,Industrial Motor 5HP,Motors,Germany,9267.68,14,4546.96,Distributor
2024-07-05,Safety Sensor Array,Automation,China,2092.76,11,1070.17,OEM
2024-07-06,Gearbox Assembly GB-12,Motors,Poland,12414.71,10,6723.22,Direct Industrial
2024-07-06,Safety Sensor Array,Automation,China,7109.46,31,2856.57,OEM
2024-07-06,Conveyor Belt Roller,Components,China,680.32,24,300.8,OEM
2024-07-06,Safety Sensor Array,Automation,Poland,2977.98,13,1254.03,Distributor
2024-07-06,Pneumatic Valve V-200,Hydraulics,USA,2239.92,17,1199.1,Direct Industrial
2024-07-06,Steel Bearing 6205,Components,Poland,21.88,5,9.17,Direct Industrial
2024-07-06,Conveyor Belt Roller,Components,China,515.6,18,232.07,Direct Industrial
2024-07-07,Hydraulic Cylinder HC-40,Hydraulics,Mexico,11751.47,40,6897.17,OEM
2024-07-07,Hydraulic Cylinder HC-40,Hydraulics,Poland,5488.9,19,3264.49,Direct Industrial
2024-07-07,Safety Sensor Array,Automation,South Korea,6173.66,29,2839.22,OEM
2024-07-07,Industrial Motor 5HP,Motors,USA,4589.25,8,2672.28,OEM
2024-07-07,Pneumatic Valve V-200,Hydraulics,South Korea,2523.09,20,1315.12,Distributor
2024-07-07,Hydraulic Cylinder HC-40,Hydraulics,Poland,8825.79,26,4691.11,Distributor
2024-07-07,Conveyor Belt Roller,Components,USA,980.66,40,503.03,Distributor
2024-07-08,Industrial Motor 5HP,Motors,Mexico,21457.71,33,11325.16,Direct Industrial
2024-07-08,Gearbox Assembly GB-12,Motors,Poland,57544.99,50,36071.45,Distributor
2024-07-08,Pneumatic Valve V-200,Hydraulics,Mexico,4564.0,29,2020.13,Distributor
2024-07-08,Safety Sensor Array,Automation,Mexico,4385.15,19,1780.02,Distributor
2024-07-08,Pneumatic Valve V-200,Hydraulics,China,4781.19,37,2497.42,OEM
2024-07-08,PLC Controller Unit,Automation,Mexico,32381.66,36,17274.38,OEM
2024-07-08,Safety Sensor Array,Automation,Poland,5495.11,24,2386.91,Direct Industrial
2024-07-08,Pneumatic Valve V-200,Hydraulics,China,1060.6,7,463.88,Direct Industrial
2024-07-08,Industrial Motor 5HP,Motors,Mexico,12656.13,21,7120.47,OEM
2024-07-08,Safety Sensor Array,Automation,Poland,8224.02,45,4245.77,Direct Industrial
2024-07-08,Pneumatic Valve V-200,Hydraulics,Poland,3217.99,25,1773.3,OEM
2024-07-09,Conveyor Belt Roller,Components,China,874.12,33,425.72,Direct Industrial
2024-07-09,Pneumatic Valve V-200,Hydraulics,China,5236.75,34,2298.31,Direct Industrial
2024-07-09,Safety Sensor Array,Automation,USA,2686.12,13,1236.38,Distributor
2024-07-09,PLC Controller Unit,Automation,China,10136.76,11,5356.64,Direct Industrial
2024-07-09,Hydraulic Cylinder HC-40,Hydraulics,Poland,6169.76,20,3594.2,Distributor
2024-07-09,Industrial Motor 5HP,Motors,Poland,7495.43,13,4209.66,Direct Industrial
2024-07-09,Pneumatic Valve V-200,Hydraulics,Mexico,1306.94,10,664.14,Direct Industrial
2024-07-09,Hydraulic Cylinder HC-40,Hydraulics,South Korea,6769.85,24,4073.99,Direct Industrial
2024-07-10,Gearbox Assembly GB-12,Motors,Germany,13946.6,11,7435.75,Direct Industrial
2024-07-10,Gearbox Assembly GB-12,Motors,China,17084.71,15,10439.55,OEM
2024-07-10,Pneumatic Valve V-200,Hydraulics,Poland,2526.43,17,1137.3,OEM
2024-07-10,Steel Bearing 6205,Components,China,46.19,11,20.46,Direct Industrial
2024-07-10,PLC Controller Unit,Automation,Poland,12770.26,15,6702.26,Direct Industrial
2024-07-10,Gearbox Assembly GB-12,Motors,China,14498.18,13,9066.39,Direct Industrial
2024-07-10,PLC Controller Unit,Automation,USA,42930.32,45,20186.28,OEM
2024-07-10,Hydraulic Cylinder HC-40,Hydraulics,South Korea,5069.42,15,2754.8,OEM
2024-07-11,Pneumatic Valve V-200,Hydraulics,Poland,2670.61,19,1229.26,Distributor
2024-07-11,Industrial Motor 5HP,Motors,USA,24290.89,41,14130.61,OEM
2024-07-11,PLC Controller Unit,Automation,South Korea,23209.77,26,12005.58,Direct Industrial
2024-07-11,Pneumatic Valve V-200,Hydraulics,China,4359.1,28,1887.95,OEM
2024-07-11,Gearbox Assembly GB-12,Motors,South Korea,15267.88,13,8567.28,Distributor
2024-07-11,Gearbox Assembly GB-12,Motors,China,52149.87,38,25419.2,Distributor
2024-07-12,Pneumatic Valve V-200,Hydraulics,China,2416.08,17,1159.78,Direct Industrial
2024-07-12,Industrial Motor 5HP,Motors,Mexico,8958.37,14,4982.5,OEM
2024-07-12,Pneumatic Valve V-200,Hydraulics,Germany,3370.33,27,1833.15,Distributor
2024-07-12,Conveyor Belt Roller,Components,Poland,1349.96,54,703.45,Direct Industrial
2024-07-12,Pneumatic Valve V-200,Hydraulics,Poland,2821.49,19,1340.29,OEM
2024-07-12,Pneumatic Valve V-200,Hydraulics,Mexico,1497.66,12,847.95,Direct Industrial
2024-07-12,Industrial Motor 5HP,Motors,China,11227.59,21,6893.52,Distributor
2024-07-12,Conveyor Belt Roller,Components,Germany,535.08,18,234.01,Distributor
2024-07-12,Safety Sensor Array,Automation,South Korea,3207.66,15,1496.1,Distributor
2024-07-12,Steel Bearing 6205,Components,South Korea,68.96,15,27.38,OEM
2024-07-13,Pneumatic Valve V-200,Hydraulics,USA,4684.0,32,2135.65,Distributor
2024-07-13,Hydraulic Cylinder HC-40,Hydraulics,South Korea,8737.83,27,4503.71,OEM
2024-07-13,PLC Controller Unit,Automation,USA,15178.27,16,7833.82,Direct Industrial
2024-07-13,PLC Controller Unit,Automation,Germany,20676.67,24,10855.8,Direct Industrial
2024-07-13,PLC Controller Unit,Automation,South Korea,45961.97,47,21970.48,OEM
2024-07-13,Conveyor Belt Roller,Components,Poland,76.62,3,36.85,Direct Industrial
2024-07-13,Steel Bearing 6205,Components,Mexico,14.42,4,7.86,Distributor
2024-07-13,Safety Sensor Array,Automation,Poland,2587.55,13,1214.28,Direct Industrial
2024-07-13,Pneumatic Valve V-200,Hydraulics,China,2387.41,16,1096.3,Distributor
2024-07-14,Gearbox Assembly GB-12,Motors,Mexico,22680.32,19,13355.28,Distributor
2024-07-14,Steel Bearing 6205,Components,Germany,82.39,22,40.9,Direct Industrial
2024-07-14,Safety Sensor Array,Automation,Poland,2732.03,15,1487.72,OEM
2024-07-14,Steel Bearing 6205,Components,USA,158.5,42,80.44,Direct Industrial
2024-07-14,PLC Controller Unit,Automation,Germany,23570.25,26,12651.24,Direct Industrial
2024-07-14,PLC Controller Unit,Automation,USA,16957.58,18,8184.47,OEM
2024-07-15,Hydraulic Cylinder HC-40,Hydraulics,USA,11288.36,33,5507.28,Direct Industrial
2024-07-15,Safety Sensor Array,Automation,Mexico,9685.23,46,4380.53,Distributor
2024-07-15,Hydraulic Cylinder HC-40,Hydraulics,China,6974.77,22,4019.26,Distributor
2024-07-16,Pneumatic Valve V-200,Hydraulics,Mexico,3137.38,23,1557.13,Distributor
2024-07-16,Gearbox Assembly GB-12,Motors,China,57142.45,47,33052.52,Direct Industrial
2024-07-16,Safety Sensor Array,Automation,China,2725.83,12,1154.16,Distributor
2024-07-16,Gearbox Assembly GB-12,Motors,China,36250.51,31,20456.78,Distributor
2024-07-16,Pneumatic Valve V-200,Hydraulics,Mexico,5488.55,37,2421.91,OEM
2024-07-16,Industrial Motor 5HP,Motors,China,20308.7,32,10750.28,Distributor
2024-07-16,Steel Bearing 6205,Components,China,204.78,46,85.15,Direct Industrial
2024-07-16,Gearbox Assembly GB-12,Motors,USA,26601.51,25,16678.53,Direct Industrial
2024-07-16,PLC Controller Unit,Automation,Mexico,41605.61,46,21919.03,Distributor
2024-07-17,Safety Sensor Array,Automation,South Korea,3810.48,17,1584.34,OEM
2024-07-17,Safety Sensor Array,Automation,Germany,3324.07,18,1783.2,Direct Industrial
2024-07-17,Safety Sensor Array,Automation,USA,2213.25,11,1063.75,Direct Industrial
2024-07-17,Hydraulic Cylinder HC-40,Hydraulics,USA,3474.0,12,2007.42,Direct Industrial
2024-07-17,Industrial Motor 5HP,Motors,China,15296.62,27,8783.47,Direct Industrial
2024-07-17,Conveyor Belt Roller,Components,Germany,1457.72,48,595.12,Direct Industrial
2024-07-18,Pneumatic Valve V-200,Hydraulics,Mexico,3275.97,24,1648.18,Distributor
2024-07-18,Industrial Motor 5HP,Motors,China,35355.56,59,19657.94,Direct Industrial
2024-07-18,Gearbox Assembly GB-12,Motors,USA,13292.83,12,7878.71,OEM
2024-07-18,Steel Bearing 6205,Components,Poland,13.35,3,5.48,Direct Industrial
2024-07-18,Gearbox Assembly GB-12,Motors,Germany,22419.55,19,12999.07,Direct Industrial
2024-07-19,Pneumatic Valve V-200,Hydraulics,USA,1743.07,12,778.3,OEM
2024-07-19,Industrial Motor 5HP,Motors,USA,14350.01,27,8918.02,Distributor
2024-07-19,PLC Controller Unit,Automation,Mexico,46596.02,49,23746.76,OEM
2024-07-19,Safety Sensor Array,Automation,South Korea,2144.34,10,934.51,OEM
2024-07-19,PLC Controller Unit,Automation,South Korea,2521.4,3,1435.3,OEM
2024-07-19,PLC Controller Unit,Automation,USA,38118.29,40,18250.46,Distributor
2024-07-19,Steel Bearing 6205,Components,China,72.15,16,30.24,Distributor
2024-07-19,Industrial Motor 5HP,Motors,Poland,19129.97,30,9718.27,Distributor
2024-07-20,Pneumatic Valve V-200,Hydraulics,Poland,1991.89,16,1134.62,Direct Industrial
2024-07-20,Conveyor Belt Roller,Components,Germany,583.25,21,258.14,Distributor
2024-07-20,PLC Controller Unit,Automation,South Korea,27183.2,32,14323.97,Distributor
2024-07-20,Hydraulic Cylinder HC-40,Hydraulics,Germany,5484.08,19,3258.59,Direct Industrial
2024-07-20,Gearbox Assembly GB-12,Motors,South Korea,19912.0,15,10618.36,OEM
2024-07-20,PLC Controller Unit,Automation,South Korea,21793.1,27,12835.28,Direct Industrial
2024-07-21,Conveyor Belt Roller,Components,Poland,470.8,17,208.39,Direct Industrial
2024-07-21,Safety Sensor Array,Automation,USA,13655.52,65,5875.1,OEM
2024-07-21,Gearbox Assembly GB-12,Motors,South Korea,5911.43,5,3318.52,Distributor
2024-07-21,Gearbox Assembly GB-12,Motors,Poland,6663.1,6,4022.19,Distributor
2024-07-21,Safety Sensor Array,Automation,China,5092.38,23,2240.23,Distributor
2024-07-21,Hydraulic Cylinder HC-40,Hydraulics,Germany,15793.88,56,9804.04,OEM
2024-07-22,Pneumatic Valve V-200,Hydraulics,South Korea,3428.94,22,1549.92,Distributor
2024-07-22,Gearbox Assembly GB-12,Motors,USA,14331.73,12,8390.27,Distributor
2024-07-22,Gearbox Assembly GB-12,Motors,China,31888.83,27,18312.18,Direct Industrial
2024-07-22,Hydraulic Cylinder HC-40,Hydraulics,Poland,7278.61,22,3921.87,Direct Industrial
2024-07-22,Pneumatic Valve V-200,Hydraulics,Mexico,1537.54,12,807.16,OEM
2024-07-22,Steel Bearing 6205,Components,China,143.45,35,66.71,Direct Industrial
2024-07-22,PLC Controller Unit,Automation,Poland,8480.43,10,4576.14,Direct Industrial
2024-07-23,Pneumatic Valve V-200,Hydraulics,Mexico,2918.58,20,1304.1,Distributor
2024-07-23,Safety Sensor Array,Automation,USA,10572.63,46,4431.91,OEM
2024-07-23,Conveyor Belt Roller,Components,Mexico,260.98,9,106.88,Direct Industrial
2024-07-23,Steel Bearing 6205,Components,China,138.63,31,61.54,Distributor
2024-07-23,Conveyor Belt Roller,Components,Mexico,696.34,28,358.44,Distributor
2024-07-23,Industrial Motor 5HP,Motors,South Korea,3395.14,6,1939.23,Distributor
2024-07-23,Steel Bearing 6205,Components,South Korea,105.75,27,51.6,Direct Industrial
2024-07-23,Gearbox Assembly GB-12,Motors,South Korea,45623.59,34,22660.9,Direct Industrial
2024-07-23,Hydraulic Cylinder HC-40,Hydraulics,China,10068.65,37,6557.43,Direct Industrial
2024-07-23,Hydraulic Cylinder HC-40,Hydraulics,Mexico,7194.94,26,4431.41,Direct Industrial
2024-07-24,Industrial Motor 5HP,Motors,China,13515.22,24,7805.38,OEM
2024-07-24,Steel Bearing 6205,Components,Mexico,178.21,42,81.08,OEM
2024-07-24,Conveyor Belt Roller,Components,South Korea,997.34,37,439.66,Direct Industrial
2024-07-24,Conveyor Belt Roller,Components,Mexico,698.6,23,292.75,Direct Industrial
2024-07-24,Industrial Motor 5HP,Motors,Mexico,8795.63,16,5595.07,Distributor
2024-07-25,Steel Bearing 6205,Components,China,61.42,14,27.23,Distributor
2024-07-25,Industrial Motor 5HP,Motors,Germany,15320.33,28,9311.81,OEM
2024-07-25,Steel Bearing 6205,Components,Mexico,58.89,16,31.45,Distributor
2024-07-25,Hydraulic Cylinder HC-40,Hydraulics,China,9817.19,36,6303.2,Direct Industrial
2024-07-25,Safety Sensor Array,Automation,USA,1818.98,9,875.34,OEM
2024-07-25,Conveyor Belt Roller,Components,USA,474.71,16,190.97,OEM
2024-07-26,Safety Sensor Array,Automation,USA,10418.63,56,5169.92,Direct Industrial
2024-07-26,Pneumatic Valve V-200,Hydraulics,Poland,949.64,6,409.45,OEM
2024-07-26,Industrial Motor 5HP,Motors,Poland,12827.75,20,6827.91,Direct Industrial
2024-07-26,Conveyor Belt Roller,Components,South Korea,712.24,29,366.5,Direct Industrial
2024-07-27,Industrial Motor 5HP,Motors,Poland,11957.89,19,6165.25,Direct Industrial
2024-07-27,Gearbox Assembly GB-12,Motors,Mexico,36961.66,30,20392.24,Distributor
2024-07-27,PLC Controller Unit,Automation,Mexico,33703.93,37,17195.58,Distributor
2024-07-27,Safety Sensor Array,Automation,Germany,3892.92,18,1680.11,Distributor
2024-07-27,Pneumatic Valve V-200,Hydraulics,Poland,2318.62,18,1217.35,Distributor
2024-07-27,Hydraulic Cylinder HC-40,Hydraulics,South Korea,7667.61,24,4069.35,Distributor
2024-07-27,Industrial Motor 5HP,Motors,China,12407.71,19,6672.23,Distributor
2024-07-27,Conveyor Belt Roller,Components,China,302.98,10,123.93,Distributor
2024-07-28,Industrial Motor 5HP,Motors,Mexico,12610.78,19,6654.94,Direct Industrial
2024-07-28,Gearbox Assembly GB-12,Motors,USA,19199.72,14,9889.41,Distributor
2024-07-28,Conveyor Belt Roller,Components,USA,254.19,9,117.99,Direct Industrial
2024-07-28,Pneumatic Valve V-200,Hydraulics,China,7350.23,50,3378.9,Direct Industrial
2024-07-28,Conveyor Belt Roller,Components,USA,621.26,24,293.95,Direct Industrial
2024-07-28,Industrial Motor 5HP,Motors,USA,33482.13,54,18648.52,Direct Industrial
2024-07-29,Industrial Motor 5HP,Motors,Germany,12954.13,22,7612.81,Direct Industrial
2024-07-29,Conveyor Belt Roller,Components,South Korea,618.49,21,266.47,Direct Industrial
2024-07-29,Conveyor Belt Roller,Components,USA,1315.03,50,648.11,Distributor
2024-07-29,Hydraulic Cylinder HC-40,Hydraulics,Germany,5671.01,17,3011.98,OEM
2024-07-30,Industrial Motor 5HP,Motors,Germany,14987.43,28,9737.11,Direct Industrial
2024-07-30,PLC Controller Unit,Automation,South Korea,2639.93,3,1470.88,Direct Industrial
2024-07-30,Industrial Motor 5HP,Motors,China,9869.35,15,4901.67,Direct Industrial
2024-07-30,Hydraulic Cylinder HC-40,Hydraulics,China,12116.02,43,7161.73,Distributor
2024-07-30,Conveyor Belt Roller,Components,South Korea,788.64,32,397.31,Direct Industrial
2024-07-30,Gearbox Assembly GB-12,Motors,Mexico,27184.85,21,14524.79,Distributor
2024-07-30,Conveyor Belt Roller,Components,Germany,984.18,32,400.38,OEM
2024-07-30,Conveyor Belt Roller,Components,South Korea,384.92,14,175.65,Distributor
2024-07-30,Gearbox Assembly GB-12,Motors,USA,46170.19,37,25565.6,OEM
2024-07-30,Gearbox Assembly GB-12,Motors,Germany,16444.45,14,9531.23,Direct Industrial
2024-07-30,Conveyor Belt Roller,Components,China,379.52,13,166.77,Distributor
2024-07-30,Safety Sensor Array,Automation,South Korea,3813.43,20,1910.93,OEM
2024-07-30,Gearbox Assembly GB-12,Motors,South Korea,6766.24,5,3367.14,Distributor
2024-07-30,Industrial Motor 5HP,Motors,USA,2596.13,4,1391.16,Direct Industrial
2024-07-31,Hydraulic Cylinder HC-40,Hydraulics,Germany,5356.11,18,3198.13,OEM
2024-07-31,Hydraulic Cylinder HC-40,Hydraulics,Germany,7484.54,24,4188.52,Direct Industrial
2024-07-31,Hydraulic Cylinder HC-40,Hydraulics,South Korea,8691.9,25,4492.87,Direct Industrial
2024-07-31,Industrial Motor 5HP,Motors,Poland,11000.0,20,6534.96,OEM
2024-07-31,Steel Bearing 6205,Components,Mexico,51.63,13,23.5,OEM
2024-08-01,Industrial Motor 5HP,Motors,Mexico,21888.95,40,14223.09,Direct Industrial
2024-08-01,Industrial Motor 5HP,Motors,China,8594.72,15,5038.66,Distributor
2024-08-01,Hydraulic Cylinder HC-40,Hydraulics,China,5486.14,20,3500.89,Distributor
2024-08-01,Gearbox Assembly GB-12,Motors,South Korea,30608.61,23,15326.85,Distributor
2024-08-01,Hydraulic Cylinder HC-40,Hydraulics,South Korea,5927.81,21,3858.63,Direct Industrial
2024-08-01,Steel Bearing 6205,Components,Poland,142.42,37,67.72,Distributor
2024-08-02,Gearbox Assembly GB-12,Motors,Germany,38921.44,32,22237.06,Distributor
2024-08-02,Safety Sensor Array,Automation,South Korea,13289.34,58,5241.85,Direct Industrial
2024-08-02,Steel Bearing 6205,Components,China,84.35,22,43.12,OEM
2024-08-02,PLC Controller Unit,Automation,China,42504.14,53,23722.42,OEM
2024-08-02,Hydraulic Cylinder HC-40,Hydraulics,Mexico,7526.61,24,4249.06,OEM
2024-08-02,Conveyor Belt Roller,Components,USA,563.91,20,255.09,OEM
2024-08-03,Conveyor Belt Roller,Components,China,1233.83,41,530.93,Distributor
2024-08-03,Gearbox Assembly GB-12,Motors,Germany,20400.84,17,11605.79,Direct Industrial
2024-08-03,Safety Sensor Array,Automation,USA,2480.83,12,1194.8,Direct Industrial
2024-08-03,Steel Bearing 6205,Components,South Korea,136.21,30,54.5,OEM
2024-08-03,Conveyor Belt Roller,Components,South Korea,1044.9,43,535.37,Direct Industrial
2024-08-03,Industrial Motor 5HP,Motors,Mexico,8657.94,13,4259.23,OEM
2024-08-03,Steel Bearing 6205,Components,Germany,216.87,52,94.73,OEM
2024-08-04,Hydraulic Cylinder HC-40,Hydraulics,USA,23962.96,84,15397.1,OEM
2024-08-04,Pneumatic Valve V-200,Hydraulics,Mexico,3066.11,20,1375.43,Distributor
2024-08-04,Gearbox Assembly GB-12,Motors,South Korea,8887.08,8,5407.05,Direct Industrial
2024-08-04,Pneumatic Valve V-200,Hydraulics,Germany,3009.14,19,1287.95,Direct Industrial
2024-08-04,PLC Controller Unit,Automation,Poland,15999.69,17,8225.11,Distributor
2024-08-04,Safety Sensor Array,Automation,China,2267.74,11,1072.95,Direct Industrial
2024-08-05,Safety Sensor Array,Automation,Germany,7330.72,34,3090.63,OEM
2024-08-05,Pneumatic Valve V-200,Hydraulics,Mexico,1579.19,12,827.54,Distributor
2024-08-05,Steel Bearing 6205,Components,USA,89.99,22,41.89,Direct Industrial
2024-08-05,Industrial Motor 5HP,Motors,USA,16318.11,29,9765.57,Distributor
2024-08-05,Safety Sensor Array,Automation,Germany,5198.73,28,2593.49,OEM
2024-08-05,Industrial Motor 5HP,Motors,Poland,10686.15,19,6715.38,Distributor
2024-08-05,Gearbox Assembly GB-12,Motors,Germany,58364.79,48,33726.86,Direct Industrial
2024-08-05,Safety Sensor Array,Automation,USA,4402.06,23,2129.01,Direct Industrial
2024-08-05,Gearbox Assembly GB-12,Motors,China,3676.91,3,2050.1,Distributor
2024-08-05,Steel Bearing 6205,Components,Poland,86.04,22,41.8,OEM
2024-08-05,Pneumatic Valve V-200,Hydraulics,Poland,4332.85,33,2207.89,Distributor
2024-08-05,Steel Bearing 6205,Components,South Korea,157.45,44,81.61,Distributor
2024-08-05,Pneumatic Valve V-200,Hydraulics,Poland,3655.86,23,1578.91,OEM
2024-08-06,Industrial Motor 5HP,Motors,South Korea,34565.3,61,19839.68,Direct Industrial
2024-08-06,Hydraulic Cylinder HC-40,Hydraulics,Germany,8888.52,31,5585.28,Direct Industrial
2024-08-06,Conveyor Belt Roller,Components,USA,934.83,38,487.3,Direct Industrial
2024-08-06,Safety Sensor Array,Automation,China,7101.39,31,2871.27,Distributor
2024-08-06,Safety Sensor Array,Automation,China,8333.29,41,3923.62,Distributor
2024-08-07,Safety Sensor Array,Automation,South Korea,3596.38,16,1507.39,OEM
2024-08-07,PLC Controller Unit,Automation,Germany,12986.1,14,6652.79,Direct Industrial
2024-08-07,Steel Bearing 6205,Components,Germany,168.73,39,70.51,OEM
2024-08-07,Steel Bearing 6205,Components,Mexico,56.69,14,27.5,OEM
2024-08-07,Industrial Motor 5HP,Motors,China,2782.54,5,1723.02,Distributor
2024-08-08,Conveyor Belt Roller,Components,Poland,498.18,17,221.55,Direct Industrial
2024-08-08,Safety Sensor Array,Automation,Germany,8449.65,42,4119.49,Direct Industrial
2024-08-08,Safety Sensor Array,Automation,USA,8379.31,39,3520.32,OEM
2024-08-08,Industrial Motor 5HP,Motors,China,6517.99,12,4151.37,Distributor
2024-08-08,Steel Bearing 6205,Components,Mexico,30.98,7,13.33,Direct Industrial
2024-08-08,Hydraulic Cylinder HC-40,Hydraulics,USA,12621.4,37,6560.32,Distributor
2024-08-08,Safety Sensor Array,Automation,USA,8447.68,43,4253.63,Direct Industrial
2024-08-08,Steel Bearing 6205,Components,Mexico,102.55,27,49.34,OEM
2024-08-08,Pneumatic Valve V-200,Hydraulics,South Korea,3751.95,27,1869.63,Distributor
2024-08-09,Industrial Motor 5HP,Motors,Mexico,14249.44,26,9176.87,Direct Industrial
2024-08-09,Industrial Motor 5HP,Motors,Germany,22642.32,41,13907.28,Distributor
2024-08-09,Gearbox Assembly GB-12,Motors,Poland,8173.08,6,4266.1,OEM
2024-08-09,Steel Bearing 6205,Components,USA,122.5,27,49.39,Distributor
2024-08-09,Conveyor Belt Roller,Components,USA,479.4,18,214.28,Direct Industrial
2024-08-09,Steel Bearing 6205,Components,Poland,211.77,46,84.32,OEM
2024-08-10,Pneumatic Valve V-200,Hydraulics,USA,2583.0,19,1268.77,Distributor
2024-08-10,Hydraulic Cylinder HC-40,Hydraulics,Germany,7136.26,21,3543.46,Distributor
2024-08-11,Hydraulic Cylinder HC-40,Hydraulics,South Korea,1730.94,6,1079.65,OEM
2024-08-11,Steel Bearing 6205,Components,Mexico,32.44,9,17.4,Distributor
2024-08-11,Hydraulic Cylinder HC-40,Hydraulics,South Korea,4516.95,15,2725.53,Direct Industrial
2024-08-11,Hydraulic Cylinder HC-40,Hydraulics,Germany,14235.6,48,8393.99,Direct Industrial
2024-08-12,Gearbox Assembly GB-12,Motors,China,33943.31,25,16632.66,Direct Industrial
2024-08-12,Industrial Motor 5HP,Motors,Germany,9968.34,19,6351.46,OEM
2024-08-12,Gearbox Assembly GB-12,Motors,Poland,44852.02,40,26367.42,Distributor
2024-08-12,Gearbox Assembly GB-12,Motors,Mexico,42768.41,39,27957.64,Direct Industrial
2024-08-13,PLC Controller Unit,Automation,Germany,25641.93,30,13682.68,Distributor
2024-08-13,Safety Sensor Array,Automation,Poland,9595.94,43,4027.6,Direct Industrial
2024-08-13,Gearbox Assembly GB-12,Motors,South Korea,16011.84,13,9250.31,Distributor
2024-08-13,Conveyor Belt Roller,Components,USA,402.48,16,192.94,Distributor
2024-08-13,Industrial Motor 5HP,Motors,Poland,27795.1,42,14047.32,Direct Industrial
2024-08-13,Hydraulic Cylinder HC-40,Hydraulics,Mexico,11096.32,36,6572.7,OEM
2024-08-13,Pneumatic Valve V-200,Hydraulics,China,1316.09,9,628.25,Distributor
2024-08-13,Hydraulic Cylinder HC-40,Hydraulics,South Korea,4739.56,17,3119.15,Distributor
2024-08-14,Gearbox Assembly GB-12,Motors,Germany,24475.08,23,16042.96,Distributor
2024-08-14,Safety Sensor Array,Automation,Poland,6865.41,35,3311.56,Direct Industrial
2024-08-14,Conveyor Belt Roller,Components,South Korea,255.15,10,129.35,Direct Industrial
2024-08-14,Hydraulic Cylinder HC-40,Hydraulics,China,6747.7,22,3764.92,Distributor
2024-08-15,Gearbox Assembly GB-12,Motors,South Korea,29455.14,25,17760.47,Distributor
2024-08-15,Industrial Motor 5HP,Motors,Mexico,3536.23,6,1999.59,Distributor
2024-08-15,PLC Controller Unit,Automation,Poland,23638.75,25,12191.95,OEM
2024-08-15,Safety Sensor Array,Automation,Mexico,2468.94,12,1157.18,Distributor
2024-08-15,Conveyor Belt Roller,Components,Mexico,547.75,19,240.12,Direct Industrial
2024-08-15,Steel Bearing 6205,Components,South Korea,324.1,72,142.42,Distributor
2024-08-15,Gearbox Assembly GB-12,Motors,Poland,55947.24,43,30543.27,Distributor
2024-08-15,Conveyor Belt Roller,Components,China,331.88,12,156.51,OEM
2024-08-15,Conveyor Belt Roller,Components,South Korea,683.21,23,273.48,OEM
2024-08-16,Pneumatic Valve V-200,Hydraulics,China,2549.8,16,1112.36,OEM
2024-08-16,Pneumatic Valve V-200,Hydraulics,China,4251.2,27,1879.27,Direct Industrial
2024-08-16,Steel Bearing 6205,Components,Mexico,149.28,39,76.39,Distributor
2024-08-17,Conveyor Belt Roller,Components,South Korea,284.5,10,125.22,OEM
2024-08-17,Conveyor Belt Roller,Components,China,167.37,6,74.18,OEM
2024-08-17,Hydraulic Cylinder HC-40,Hydraulics,China,3512.68,11,1930.54,Distributor
2024-08-17,PLC Controller Unit,Automation,USA,21945.12,23,10429.3,OEM
2024-08-17,Safety Sensor Array,Automation,USA,3777.78,21,2051.6,OEM
2024-08-17,Industrial Motor 5HP,Motors,USA,16703.91,27,8856.03,Distributor
2024-08-18,Pneumatic Valve V-200,Hydraulics,Poland,1412.34,9,586.18,OEM
2024-08-18,Safety Sensor Array,Automation,Mexico,11495.35,61,5888.06,Distributor
2024-08-18,Conveyor Belt Roller,Components,South Korea,396.11,13,170.33,OEM
2024-08-18,PLC Controller Unit,Automation,South Korea,5708.96,7,3313.17,OEM
2024-08-18,Conveyor Belt Roller,Components,Germany,254.43,9,110.6,OEM
2024-08-18,Safety Sensor Array,Automation,South Korea,5310.81,27,2563.2,OEM
2024-08-19,Pneumatic Valve V-200,Hydraulics,Mexico,6417.71,49,3299.15,Direct Industrial
2024-08-19,Pneumatic Valve V-200,Hydraulics,China,1223.76,8,567.57,Direct Industrial
2024-08-19,Conveyor Belt Roller,Components,Germany,414.51,14,169.68,Distributor
2024-08-19,Safety Sensor Array,Automation,South Korea,2892.34,15,1382.08,Distributor
2024-08-19,Conveyor Belt Roller,Components,Poland,508.49,18,235.26,Distributor
2024-08-19,Steel Bearing 6205,Components,Poland,79.74,22,40.76,Distributor
2024-08-19,Industrial Motor 5HP,Motors,Mexico,19898.31,32,11353.95,Direct Industrial
2024-08-19,Industrial Motor 5HP,Motors,USA,14118.28,27,9467.2,OEM
2024-08-20,Industrial Motor 5HP,Motors,Germany,40549.25,65,22682.1,OEM
2024-08-20,Industrial Motor 5HP,Motors,USA,10318.61,18,6300.09,Distributor
2024-08-20,Gearbox Assembly GB-12,Motors,China,14773.55,13,9010.14,OEM
2024-08-20,PLC Controller Unit,Automation,South Korea,25411.3,26,12143.86,OEM
2024-08-20,Gearbox Assembly GB-12,Motors,Poland,68710.21,56,37558.1,Direct Industrial
2024-08-21,PLC Controller Unit,Automation,Germany,22298.36,28,12943.87,OEM
2024-08-21,Conveyor Belt Roller,Components,Germany,863.66,31,387.37,Distributor
2024-08-21,Hydraulic Cylinder HC-40,Hydraulics,USA,7023.69,24,4075.59,Direct Industrial
2024-08-21,Steel Bearing 6205,Components,USA,124.57,28,54.03,Direct Industrial
2024-08-21,Pneumatic Valve V-200,Hydraulics,Mexico,1844.36,12,847.93,OEM
2024-08-21,Conveyor Belt Roller,Components,China,604.25,24,296.26,Direct Industrial
2024-08-21,Safety Sensor Array,Automation,USA,3669.81,16,1531.0,Direct Industrial
2024-08-22,PLC Controller Unit,Automation,South Korea,14836.27,17,8181.83,Distributor
2024-08-22,Pneumatic Valve V-200,Hydraulics,China,1695.88,13,855.05,Distributor
2024-08-22,Gearbox Assembly GB-12,Motors,Germany,15730.31,12,8234.31,OEM
2024-08-22,Safety Sensor Array,Automation,Poland,3704.65,19,1874.16,Distributor
2024-08-22,Safety Sensor Array,Automation,Mexico,7018.84,34,3341.93,OEM
2024-08-22,Safety Sensor Array,Automation,USA,7081.0,33,3142.95,Distributor
2024-08-23,PLC Controller Unit,Automation,South Korea,13429.8,14,6710.15,OEM
2024-08-23,Pneumatic Valve V-200,Hydraulics,USA,2811.53,19,1279.22,Direct Industrial
2024-08-23,Steel Bearing 6205,Components,Poland,82.7,18,35.33,Distributor
2024-08-23,Safety Sensor Array,Automation,USA,3933.11,18,1717.37,Direct Industrial
2024-08-23,Conveyor Belt Roller,Components,Poland,1020.3,35,439.13,Distributor
2024-08-23,PLC Controller Unit,Automation,South Korea,9562.54,12,5364.84,Distributor
2024-08-23,Hydraulic Cylinder HC-40,Hydraulics,USA,3870.32,13,2354.73,Distributor
2024-08-24,Safety Sensor Array,Automation,South Korea,10486.25,52,4865.99,Direct Industrial
2024-08-24,Hydraulic Cylinder HC-40,Hydraulics,USA,10874.62,36,6218.86,Direct Industrial
2024-08-24,Gearbox Assembly GB-12,Motors,South Korea,50643.59,37,24337.83,OEM
2024-08-24,Industrial Motor 5HP,Motors,China,20453.99,35,11444.5,Distributor
2024-08-24,PLC Controller Unit,Automation,China,16503.21,17,8231.59,Direct Industrial
2024-08-25,Safety Sensor Array,Automation,Germany,6343.25,28,2713.3,Distributor
2024-08-25,Gearbox Assembly GB-12,Motors,South Korea,22480.1,21,14936.43,Direct Industrial
2024-08-25,Safety Sensor Array,Automation,South Korea,1834.47,8,750.86,Direct Industrial
2024-08-25,Safety Sensor Array,Automation,China,3637.86,19,1823.62,Distributor
2024-08-25,Industrial Motor 5HP,Motors,Mexico,12111.6,22,7261.09,Direct Industrial
2024-08-25,Pneumatic Valve V-200,Hydraulics,USA,2753.96,21,1448.74,OEM
2024-08-26,Safety Sensor Array,Automation,Poland,5424.64,26,2565.24,Direct Industrial
2024-08-26,Conveyor Belt Roller,Components,China,667.85,22,276.92,OEM
2024-08-26,Hydraulic Cylinder HC-40,Hydraulics,Mexico,7982.83,23,4010.09,Distributor
2024-08-26,PLC Controller Unit,Automation,Mexico,12195.69,16,7486.3,Distributor
2024-08-26,Pneumatic Valve V-200,Hydraulics,South Korea,1933.9,15,989.6,Distributor
2024-08-26,Pneumatic Valve V-200,Hydraulics,China,6222.57,42,2726.91,OEM
2024-08-26,Hydraulic Cylinder HC-40,Hydraulics,Poland,3919.8,12,2201.29,Distributor
2024-08-27,Safety Sensor Array,Automation,China,5650.49,25,2296.08,Direct Industrial
2024-08-27,Steel Bearing 6205,Components,Poland,57.48,14,26.99,Distributor
2024-08-27,Industrial Motor 5HP,Motors,Mexico,10630.41,20,6600.39,Direct Industrial
2024-08-27,Steel Bearing 6205,Components,China,81.35,18,35.48,Direct Industrial
2024-08-27,PLC Controller Unit,Automation,Germany,9695.33,10,4582.65,OEM
2024-08-27,Hydraulic Cylinder HC-40,Hydraulics,Mexico,5549.19,16,2923.16,Distributor
2024-08-28,Pneumatic Valve V-200,Hydraulics,Poland,2474.17,19,1284.65,Direct Industrial
2024-08-28,Pneumatic Valve V-200,Hydraulics,South Korea,3995.74,29,2052.94,Direct Industrial
2024-08-28,Industrial Motor 5HP,Motors,Poland,25821.09,45,14918.25,Direct Industrial
2024-08-28,PLC Controller Unit,Automation,South Korea,26536.44,30,13418.11,Direct Industrial
2024-08-28,PLC Controller Unit,Automation,Mexico,5818.56,6,2940.43,Distributor
2024-08-28,Steel Bearing 6205,Components,Mexico,139.23,34,67.64,Direct Industrial
2024-08-28,Hydraulic Cylinder HC-40,Hydraulics,Mexico,4853.86,16,2758.57,OEM
2024-08-29,PLC Controller Unit,Automation,South Korea,39023.48,49,22843.47,Distributor
2024-08-29,Industrial Motor 5HP,Motors,South Korea,15734.99,25,8763.34,Distributor
2024-08-29,Pneumatic Valve V-200,Hydraulics,Mexico,3274.13,22,1467.84,Direct Industrial
2024-08-29,Conveyor Belt Roller,Components,USA,877.36,32,381.61,Direct Industrial
2024-08-29,Hydraulic Cylinder HC-40,Hydraulics,USA,9192.05,28,4988.43,Distributor
2024-08-29,Gearbox Assembly GB-12,Motors,Poland,34107.01,29,19842.62,OEM
2024-08-29,Gearbox Assembly GB-12,Motors,Poland,44936.88,34,23777.83,Distributor
2024-08-30,Hydraulic Cylinder HC-40,Hydraulics,Poland,5498.38,18,3233.24,OEM
2024-08-30,Steel Bearing 6205,Components,China,98.44,22,40.99,OEM
2024-08-30,Hydraulic Cylinder HC-40,Hydraulics,Mexico,11018.75,40,7079.4,OEM
2024-08-30,Pneumatic Valve V-200,Hydraulics,Mexico,1188.77,8,556.74,Distributor
2024-08-30,Hydraulic Cylinder HC-40,Hydraulics,Poland,4302.55,15,2618.17,Direct Industrial
2024-08-31,PLC Controller Unit,Automation,China,17863.3,20,9389.24,OEM
2024-08-31,Industrial Motor 5HP,Motors,South Korea,11340.11,20,7108.4,Direct Industrial
2024-08-31,PLC Controller Unit,Automation,South Korea,37743.61,48,22751.83,OEM
2024-08-31,Steel Bearing 6205,Components,Mexico,134.55,36,69.13,Distributor
2024-08-31,Hydraulic Cylinder HC-40,Hydraulics,China,9755.02,30,5198.56,OEM
2024-08-31,Pneumatic Valve V-200,Hydraulics,Poland,3623.35,28,1870.0,Distributor
2024-08-31,Steel Bearing 6205,Components,Germany,107.31,26,48.44,OEM
2024-09-01,PLC Controller Unit,Automation,China,28720.2,31,14299.36,Distributor
2024-09-01,Industrial Motor 5HP,Motors,Poland,4532.23,8,2825.43,Distributor
2024-09-01,Hydraulic Cylinder HC-40,Hydraulics,China,7965.67,25,4467.89,OEM
2024-09-01,Industrial Motor 5HP,Motors,China,2615.66,4,1372.77,Direct Industrial
2024-09-01,Gearbox Assembly GB-12,Motors,South Korea,5322.65,5,3547.0,Distributor
2024-09-02,Conveyor Belt Roller,Components,Mexico,298.19,12,148.1,Direct Industrial
2024-09-02,PLC Controller Unit,Automation,South Korea,28061.82,35,16770.05,OEM
2024-09-02,PLC Controller Unit,Automation,China,9771.64,10,4921.89,OEM
2024-09-02,Pneumatic Valve V-200,Hydraulics,South Korea,4950.85,35,2267.75,OEM
2024-09-02,Industrial Motor 5HP,Motors,Mexico,16117.56,28,9889.02,OEM
2024-09-02,Hydraulic Cylinder HC-40,Hydraulics,USA,6973.44,22,3691.21,OEM
2024-09-02,Pneumatic Valve V-200,Hydraulics,Germany,4441.52,30,2076.87,Distributor
2024-09-03,Conveyor Belt Roller,Components,Mexico,458.64,16,194.08,Direct Industrial
2024-09-03,Industrial Motor 5HP,Motors,South Korea,11765.14,18,5915.41,OEM
2024-09-03,Gearbox Assembly GB-12,Motors,China,26760.65,23,15108.97,Direct Industrial
2024-09-03,Pneumatic Valve V-200,Hydraulics,China,948.99,6,418.88,OEM
2024-09-03,Gearbox Assembly GB-12,Motors,Germany,20933.94,17,11347.6,OEM
2024-09-04,Steel Bearing 6205,Components,Mexico,30.25,7,12.64,Distributor
2024-09-04,Safety Sensor Array,Automation,Poland,9917.4,55,5143.42,OEM
2024-09-04,PLC Controller Unit,Automation,Germany,11926.53,14,6726.78,Distributor
2024-09-04,Hydraulic Cylinder HC-40,Hydraulics,Germany,20707.5,63,11063.09,Direct Industrial
2024-09-04,Steel Bearing 6205,Components,Mexico,47.17,13,25.21,OEM
2024-09-04,Hydraulic Cylinder HC-40,Hydraulics,Mexico,4721.85,17,2996.13,OEM
2024-09-04,Safety Sensor Array,Automation,Mexico,1018.85,5,488.81,Direct Industrial
2024-09-04,Hydraulic Cylinder HC-40,Hydraulics,Germany,2022.64,6,1008.17,Distributor
2024-09-04,Hydraulic Cylinder HC-40,Hydraulics,Poland,12069.37,38,6775.7,OEM
2024-09-04,Pneumatic Valve V-200,Hydraulics,Germany,2329.62,15,1067.68,OEM
2024-09-04,Safety Sensor Array,Automation,USA,3738.76,19,1773.31,OEM
2024-09-04,Steel Bearing 6205,Components,Poland,153.68,34,62.33,Direct Industrial
2024-09-05,Pneumatic Valve V-200,Hydraulics,Poland,3332.27,23,1486.1,Distributor
2024-09-05,Gearbox Assembly GB-12,Motors,Germany,10730.17,8,5376.08,OEM
2024-09-05,PLC Controller Unit,Automation,Mexico,10503.23,12,5456.37,OEM
2024-09-05,Steel Bearing 6205,Components,Poland,185.14,49,89.29,Direct Industrial
2024-09-05,Pneumatic Valve V-200,Hydraulics,Poland,1908.97,15,1015.81,Direct Industrial
2024-09-05,Pneumatic Valve V-200,Hydraulics,Poland,5233.17,42,2974.54,OEM
2024-09-05,Safety Sensor Array,Automation,Mexico,3158.4,16,1486.52,Distributor
2024-09-06,Steel Bearing 6205,Components,Poland,93.18,25,48.57,Direct Industrial
2024-09-06,Steel Bearing 6205,Components,Mexico,50.58,12,23.01,Direct Industrial
2024-09-06,Safety Sensor Array,Automation,China,2705.16,12,1118.2,Distributor
2024-09-06,PLC Controller Unit,Automation,South Korea,42225.94,46,21394.14,Distributor
2024-09-06,Pneumatic Valve V-200,Hydraulics,Poland,2386.17,18,1226.05,Distributor
2024-09-06,Safety Sensor Array,Automation,USA,2383.1,13,1183.82,OEM
2024-09-06,Pneumatic Valve V-200,Hydraulics,Germany,1665.8,13,893.39,OEM
2024-09-06,Conveyor Belt Roller,Components,Mexico,486.13,20,257.05,Distributor
2024-09-06,Industrial Motor 5HP,Motors,China,12812.82,23,7488.08,Direct Industrial
2024-09-06,Industrial Motor 5HP,Motors,Mexico,11108.04,17,5699.48,Distributor
2024-09-07,Steel Bearing 6205,Components,Mexico,116.73,32,61.15,Distributor
2024-09-07,Conveyor Belt Roller,Components,Germany,1222.07,40,496.86,Distributor
2024-09-07,Hydraulic Cylinder HC-40,Hydraulics,Germany,7716.51,24,4236.33,Distributor
2024-09-08,Gearbox Assembly GB-12,Motors,South Korea,57816.37,46,31264.53,OEM
2024-09-08,PLC Controller Unit,Automation,Germany,18260.69,20,9105.58,Distributor
2024-09-08,Conveyor Belt Roller,Components,China,422.87,14,167.83,Distributor
2024-09-08,Conveyor Belt Roller,Components,USA,801.32,30,387.31,OEM
2024-09-08,Safety Sensor Array,Automation,South Korea,5172.65,27,2571.03,OEM
2024-09-08,Industrial Motor 5HP,Motors,Germany,20265.36,39,13281.93,Direct Industrial
2024-09-08,Gearbox Assembly GB-12,Motors,South Korea,52150.07,45,30578.27,Direct Industrial
2024-09-09,Hydraulic Cylinder HC-40,Hydraulics,Poland,11479.04,38,6448.84,OEM
2024-09-09,Hydraulic Cylinder HC-40,Hydraulics,Poland,2336.74,7,1167.11,Distributor
2024-09-09,PLC Controller Unit,Automation,South Korea,23713.43,25,11600.25,Distributor
2024-09-09,Hydraulic Cylinder HC-40,Hydraulics,Poland,1039.97,3,527.18,Direct Industrial
2024-09-09,Conveyor Belt Roller,Components,Poland,953.8,33,422.26,Distributor
2024-09-09,Conveyor Belt Roller,Components,South Korea,316.79,13,159.37,OEM
2024-09-09,Safety Sensor Array,Automation,China,6262.64,31,3003.38,Direct Industrial
2024-09-09,Pneumatic Valve V-200,Hydraulics,Germany,2110.14,15,1026.0,Direct Industrial
2024-09-09,PLC Controller Unit,Automation,China,15345.99,16,7793.67,Distributor
2024-09-09,Industrial Motor 5HP,Motors,Poland,21571.88,34,11393.09,OEM
2024-09-09,Pneumatic Valve V-200,Hydraulics,Poland,3406.63,25,1748.85,Distributor
2024-09-10,Pneumatic Valve V-200,Hydraulics,Germany,5471.76,40,2666.4,OEM
2024-09-10,PLC Controller Unit,Automation,South Korea,35567.97,40,19237.96,Distributor
2024-09-10,Steel Bearing 6205,Components,USA,56.37,15,29.78,Distributor
2024-09-10,Steel Bearing 6205,Components,USA,162.09,36,67.09,Distributor
2024-09-10,Steel Bearing 6205,Components,Poland,63.24,16,30.63,Distributor
2024-09-10,Steel Bearing 6205,Components,China,72.81,18,35.26,OEM
2024-09-10,PLC Controller Unit,Automation,Germany,22081.71,26,12492.73,Distributor
2024-09-11,Pneumatic Valve V-200,Hydraulics,China,4951.21,35,2275.77,Distributor
2024-09-11,Gearbox Assembly GB-12,Motors,Mexico,47831.65,36,24340.52,Distributor
2024-09-12,Safety Sensor Array,Automation,Poland,5755.69,32,2986.99,Distributor
2024-09-12,Steel Bearing 6205,Components,Mexico,56.27,14,27.3,Direct Industrial
2024-09-12,Pneumatic Valve V-200,Hydraulics,South Korea,2598.34,18,1219.08,Direct Industrial
2024-09-12,Steel Bearing 6205,Components,China,141.05,35,64.24,Distributor
2024-09-12,Gearbox Assembly GB-12,Motors,Mexico,19532.02,15,10108.4,Distributor
2024-09-12,Steel Bearing 6205,Components,USA,144.42,32,59.95,Distributor
2024-09-12,Pneumatic Valve V-200,Hydraulics,South Korea,2203.02,14,965.22,Distributor
2024-09-13,Steel Bearing 6205,Components,China,55.41,15,27.14,OEM
2024-09-13,Conveyor Belt Roller,Components,USA,1847.3,70,850.8,OEM
2024-09-13,Pneumatic Valve V-200,Hydraulics,Poland,2014.9,13,923.58,Direct Industrial
2024-09-13,Steel Bearing 6205,Components,Germany,69.18,19,34.57,OEM
2024-09-13,Conveyor Belt Roller,Components,USA,1391.69,52,657.95,Distributor
2024-09-13,PLC Controller Unit,Automation,Mexico,22559.01,25,12237.06,Distributor
2024-09-13,Safety Sensor Array,Automation,Germany,6644.52,30,2935.66,Direct Industrial
2024-09-13,Steel Bearing 6205,Components,Germany,60.77,17,32.41,Distributor
2024-09-14,PLC Controller Unit,Automation,Germany,15705.69,19,9046.4,Direct Industrial
2024-09-14,Industrial Motor 5HP,Motors,USA,12112.81,20,6696.8,OEM
2024-09-14,Pneumatic Valve V-200,Hydraulics,China,4347.83,34,2244.06,Distributor
2024-09-14,Industrial Motor 5HP,Motors,Germany,19312.71,29,9375.46,Distributor
2024-09-15,Safety Sensor Array,Automation,Poland,1615.43,8,754.64,Direct Industrial
2024-09-15,Industrial Motor 5HP,Motors,Mexico,9614.91,17,5657.58,Distributor
2024-09-15,Hydraulic Cylinder HC-40,Hydraulics,Poland,1154.41,4,674.15,OEM
2024-09-15,PLC Controller Unit,Automation,USA,15072.25,18,8334.76,Distributor
2024-09-15,Steel Bearing 6205,Components,Germany,154.05,36,68.77,Direct Industrial
2024-09-15,Hydraulic Cylinder HC-40,Hydraulics,Poland,5075.86,18,3194.7,Direct Industrial
2024-09-15,Conveyor Belt Roller,Components,Poland,615.63,23,278.78,Distributor
2024-09-15,Hydraulic Cylinder HC-40,Hydraulics,South Korea,12141.34,36,6316.37,OEM
2024-09-16,Pneumatic Valve V-200,Hydraulics,South Korea,1790.15,14,919.45,OEM
2024-09-16,Industrial Motor 5HP,Motors,South Korea,9884.12,18,5958.93,OEM
2024-09-16,Gearbox Assembly GB-12,Motors,Mexico,28638.05,23,15260.24,Distributor
2024-09-16,Conveyor Belt Roller,Components,Mexico,144.45,6,73.32,Direct Industrial
2024-09-17,Pneumatic Valve V-200,Hydraulics,USA,385.93,3,212.44,OEM
2024-09-17,Industrial Motor 5HP,Motors,Poland,7145.18,11,3884.54,Distributor
2024-09-17,Industrial Motor 5HP,Motors,South Korea,7960.89,13,4471.62,Distributor
2024-09-17,Steel Bearing 6205,Components,Mexico,36.61,8,15.6,Direct Industrial
2024-09-17,Conveyor Belt Roller,Components,China,243.39,8,97.8,Direct Industrial
2024-09-17,Gearbox Assembly GB-12,Motors,Mexico,56314.89,53,34906.37,OEM
2024-09-17,Safety Sensor Array,Automation,Poland,9511.53,46,4576.79,Direct Industrial
2024-09-17,PLC Controller Unit,Automation,Germany,8769.7,9,4423.59,Direct Industrial
2024-09-18,Industrial Motor 5HP,Motors,Poland,4295.39,8,2620.69,OEM
2024-09-18,Hydraulic Cylinder HC-40,Hydraulics,Mexico,20213.21,58,9648.97,Distributor
2024-09-18,Industrial Motor 5HP,Motors,South Korea,18664.9,32,10580.27,Direct Industrial
2024-09-19,Hydraulic Cylinder HC-40,Hydraulics,China,5407.62,16,2904.48,OEM
2024-09-19,Pneumatic Valve V-200,Hydraulics,Poland,6898.07,51,3603.32,Distributor
2024-09-19,Hydraulic Cylinder HC-40,Hydraulics,Poland,5951.61,20,3383.31,OEM
2024-09-20,Safety Sensor Array,Automation,China,5288.2,24,2226.95,Direct Industrial
2024-09-20,PLC Controller Unit,Automation,South Korea,17884.93,22,10832.46,Direct Industrial
2024-09-20,Hydraulic Cylinder HC-40,Hydraulics,Mexico,16166.16,46,8371.14,Distributor
2024-09-20,Gearbox Assembly GB-12,Motors,China,19267.78,17,11673.59,Distributor
2024-09-20,Steel Bearing 6205,Components,Mexico,25.5,6,11.36,OEM
2024-09-20,PLC Controller Unit,Automation,USA,5752.22,7,3440.31,Direct Industrial
2024-09-20,Steel Bearing 6205,Components,USA,96.38,26,49.93,Direct Industrial
2024-09-20,Hydraulic Cylinder HC-40,Hydraulics,China,8754.75,28,5131.65,Distributor
2024-09-21,Safety Sensor Array,Automation,USA,1529.55,8,758.88,Distributor
2024-09-21,Hydraulic Cylinder HC-40,Hydraulics,Mexico,8682.11,25,4425.39,Distributor
2024-09-21,Steel Bearing 6205,Components,South Korea,101.43,22,42.26,Distributor
2024-09-21,Gearbox Assembly GB-12,Motors,Poland,18858.36,17,11362.43,Distributor
2024-09-21,Pneumatic Valve V-200,Hydraulics,Mexico,4341.11,33,2334.29,Distributor
2024-09-21,Pneumatic Valve V-200,Hydraulics,South Korea,2509.66,20,1343.47,Distributor
2024-09-21,Steel Bearing 6205,Components,USA,155.78,42,78.22,Distributor
2024-09-21,Pneumatic Valve V-200,Hydraulics,USA,3211.07,22,1527.52,Distributor
2024-09-21,Gearbox Assembly GB-12,Motors,South Korea,16150.05,13,8843.39,Direct Industrial
2024-09-21,PLC Controller Unit,Automation,Poland,16797.86,20,9350.67,Distributor
2024-09-22,Pneumatic Valve V-200,Hydraulics,USA,1671.91,13,877.76,Distributor
2024-09-22,Conveyor Belt Roller,Components,Poland,584.0,24,291.61,Distributor
2024-09-22,Gearbox Assembly GB-12,Motors,USA,24523.35,23,15590.84,Direct Industrial
2024-09-22,Steel Bearing 6205,Components,South Korea,93.37,22,40.0,OEM
2024-09-23,Conveyor Belt Roller,Components,China,684.72,23,288.83,OEM
2024-09-23,Steel Bearing 6205,Components,Germany,273.09,62,118.9,Direct Industrial
2024-09-23,Industrial Motor 5HP,Motors,Poland,18572.35,29,10331.95,Direct Industrial
2024-09-23,Hydraulic Cylinder HC-40,Hydraulics,Germany,1975.99,7,1212.79,OEM
2024-09-23,PLC Controller Unit,Automation,Poland,9728.87,11,5201.02,Distributor
2024-09-23,PLC Controller Unit,Automation,Mexico,12588.83,14,6495.42,Direct Industrial
2024-09-23,Gearbox Assembly GB-12,Motors,USA,56406.61,44,30727.92,Distributor
2024-09-23,Pneumatic Valve V-200,Hydraulics,USA,5104.94,34,2335.92,OEM
2024-09-24,Safety Sensor Array,Automation,Poland,6691.42,31,2894.56,OEM
2024-09-24,PLC Controller Unit,Automation,Germany,21598.3,26,12241.99,Distributor
2024-09-24,Industrial Motor 5HP,Motors,South Korea,6328.52,11,3899.81,Distributor
2024-09-24,Hydraulic Cylinder HC-40,Hydraulics,Mexico,4288.92,14,2428.23,Distributor
2024-09-24,Gearbox Assembly GB-12,Motors,South Korea,35290.5,29,20000.41,OEM
2024-09-24,PLC Controller Unit,Automation,Mexico,7598.97,10,4757.15,Distributor
2024-09-24,PLC Controller Unit,Automation,Germany,11378.87,13,6176.63,Direct Industrial
2024-09-24,Safety Sensor Array,Automation,Poland,2959.1,14,1334.24,Direct Industrial
2024-09-24,Safety Sensor Array,Automation,Mexico,3866.78,19,1731.49,Direct Industrial
2024-09-25,PLC Controller Unit,Automation,Mexico,10289.02,11,5154.87,Direct Industrial
2024-09-25,Steel Bearing 6205,Components,Mexico,71.67,20,37.0,OEM
2024-09-25,Safety Sensor Array,Automation,Poland,7165.28,32,2914.63,OEM
2024-09-25,Steel Bearing 6205,Components,South Korea,22.5,6,11.39,Distributor
2024-09-25,Steel Bearing 6205,Components,Mexico,69.8,16,31.38,Distributor
2024-09-25,Pneumatic Valve V-200,Hydraulics,USA,1024.05,7,457.34,OEM
2024-09-25,Safety Sensor Array,Automation,China,3484.86,19,1738.2,OEM
2024-09-25,Safety Sensor Array,Automation,China,4014.95,19,1789.1,Direct Industrial
2024-09-25,Conveyor Belt Roller,Components,Poland,984.27,33,426.7,OEM
2024-09-25,Conveyor Belt Roller,Components,Poland,384.21,16,198.64,OEM
2024-09-25,Pneumatic Valve V-200,Hydraulics,China,2532.5,19,1330.97,Direct Industrial
2024-09-26,Gearbox Assembly GB-12,Motors,Germany,37684.5,33,22142.76,Distributor
2024-09-27,Industrial Motor 5HP,Motors,Germany,24029.66,37,13163.3,Distributor
2024-09-27,Gearbox Assembly GB-12,Motors,Poland,27992.8,24,16295.75,Distributor
2024-09-27,Hydraulic Cylinder HC-40,Hydraulics,China,10040.7,36,6196.8,OEM
2024-09-27,Safety Sensor Array,Automation,China,2414.72,13,1202.14,Direct Industrial
2024-09-27,Gearbox Assembly GB-12,Motors,USA,8640.06,7,4629.99,Distributor
2024-09-28,Industrial Motor 5HP,Motors,USA,1911.39,3,1024.28,Distributor
2024-09-28,Conveyor Belt Roller,Components,Mexico,218.95,8,99.47,Direct Industrial
2024-09-28,Conveyor Belt Roller,Components,USA,815.74,28,354.22,OEM
2024-09-28,Hydraulic Cylinder HC-40,Hydraulics,USA,4644.72,14,2453.46,OEM
2024-09-29,PLC Controller Unit,Automation,Germany,37804.14,44,21542.64,Direct Industrial
2024-09-29,Hydraulic Cylinder HC-40,Hydraulics,Mexico,9014.11,27,4942.29,Distributor
2024-09-29,PLC Controller Unit,Automation,South Korea,16870.36,21,9476.28,Distributor
2024-09-29,Gearbox Assembly GB-12,Motors,Poland,48271.45,44,30260.94,OEM
2024-09-29,PLC Controller Unit,Automation,Germany,25300.85,26,12809.4,OEM
2024-09-30,Pneumatic Valve V-200,Hydraulics,China,1493.0,11,773.71,Distributor
2024-09-30,Safety Sensor Array,Automation,Mexico,7170.51,38,3521.64,Direct Industrial
2024-09-30,Hydraulic Cylinder HC-40,Hydraulics,Poland,8506.82,26,4696.05,Direct Industrial
2024-09-30,Hydraulic Cylinder HC-40,Hydraulics,China,5126.45,15,2705.25,Distributor
2024-09-30,Hydraulic Cylinder HC-40,Hydraulics,USA,11473.25,36,6019.65,Distributor
2024-10-01,Industrial Motor 5HP,Motors,South Korea,11869.42,18,5828.14,Direct Industrial
2024-10-01,Pneumatic Valve V-200,Hydraulics,Poland,1620.06,13,922.58,OEM
2024-10-01,Pneumatic Valve V-200,Hydraulics,South Korea,535.05,4,261.48,Distributor
2024-10-01,Safety Sensor Array,Automation,China,7240.75,33,3120.98,Distributor
2024-10-01,PLC Controller Unit,Automation,USA,19965.92,21,10127.26,Distributor
2024-10-01,Pneumatic Valve V-200,Hydraulics,China,2360.88,16,1068.53,Direct Industrial
2024-10-01,Conveyor Belt Roller,Components,USA,118.62,4,50.22,Direct Industrial
2024-10-01,Pneumatic Valve V-200,Hydraulics,Germany,4491.09,32,2208.02,Direct Industrial
2024-10-01,Safety Sensor Array,Automation,Germany,3357.44,18,1644.86,Direct Industrial
2024-10-01,Safety Sensor Array,Automation,Mexico,9941.5,46,4317.02,OEM
2024-10-01,Safety Sensor Array,Automation,Germany,4501.2,23,2240.11,OEM
2024-10-01,Hydraulic Cylinder HC-40,Hydraulics,Mexico,8492.66,30,5388.91,OEM
2024-10-02,PLC Controller Unit,Automation,South Korea,14793.61,19,9031.24,Direct Industrial
2024-10-02,PLC Controller Unit,Automation,China,13531.81,16,7160.89,Distributor
2024-10-02,Safety Sensor Array,Automation,South Korea,2596.85,14,1319.42,Direct Industrial
2024-10-02,Steel Bearing 6205,Components,South Korea,142.01,36,66.77,OEM
2024-10-02,Safety Sensor Array,Automation,USA,927.52,5,473.58,Direct Industrial
2024-10-02,Hydraulic Cylinder HC-40,Hydraulics,Germany,10401.23,33,5533.53,OEM
2024-10-02,Safety Sensor Array,Automation,Germany,5656.57,30,2735.07,Direct Industrial
2024-10-02,Pneumatic Valve V-200,Hydraulics,South Korea,1465.6,10,686.27,Distributor
2024-10-03,Industrial Motor 5HP,Motors,Germany,7154.82,12,4223.51,Direct Industrial
2024-10-03,Industrial Motor 5HP,Motors,China,11629.2,18,6034.83,Distributor
2024-10-03,Hydraulic Cylinder HC-40,Hydraulics,South Korea,6978.18,24,4123.96,OEM
2024-10-03,PLC Controller Unit,Automation,USA,17251.12,21,10250.25,Distributor
2024-10-03,PLC Controller Unit,Automation,USA,13664.15,17,7729.05,OEM
2024-10-03,Gearbox Assembly GB-12,Motors,USA,26008.55,21,15112.94,OEM
2024-10-03,Pneumatic Valve V-200,Hydraulics,China,1477.77,10,669.88,Direct Industrial
2024-10-04,Pneumatic Valve V-200,Hydraulics,South Korea,4869.04,31,2080.92,OEM
2024-10-04,Safety Sensor Array,Automation,South Korea,1629.43,9,873.67,OEM
2024-10-04,Steel Bearing 6205,Components,Poland,91.85,22,41.48,OEM
2024-10-04,Hydraulic Cylinder HC-40,Hydraulics,Germany,14849.72,53,9006.1,Distributor
2024-10-04,Conveyor Belt Roller,Components,China,312.53,12,148.75,OEM
2024-10-05,Safety Sensor Array,Automation,China,9821.83,52,5050.57,Direct Industrial
2024-10-05,Conveyor Belt Roller,Components,Mexico,364.03,14,169.63,Direct Industrial
2024-10-05,PLC Controller Unit,Automation,USA,19049.13,22,9932.79,Distributor
2024-10-05,Gearbox Assembly GB-12,Motors,Germany,10483.3,8,5791.42,Direct Industrial
2024-10-05,Hydraulic Cylinder HC-40,Hydraulics,China,6609.55,21,3837.93,Distributor
2024-10-05,Safety Sensor Array,Automation,USA,4113.57,19,1804.88,Distributor
2024-10-05,Conveyor Belt Roller,Components,USA,838.84,31,387.97,OEM
2024-10-06,Hydraulic Cylinder HC-40,Hydraulics,Poland,3833.46,11,1899.13,Distributor
2024-10-06,Industrial Motor 5HP,Motors,Mexico,19317.34,36,11690.56,OEM
2024-10-06,Safety Sensor Array,Automation,Poland,1842.48,8,795.07,Distributor
2024-10-06,Conveyor Belt Roller,Components,Germany,691.34,23,298.36,Distributor
2024-10-06,Gearbox Assembly GB-12,Motors,Poland,69512.19,53,37899.36,OEM
2024-10-06,Hydraulic Cylinder HC-40,Hydraulics,Germany,5717.01,18,3270.55,OEM
2024-10-06,PLC Controller Unit,Automation,Mexico,17844.67,23,10378.99,OEM
2024-10-06,Gearbox Assembly GB-12,Motors,Mexico,13321.95,11,7684.51,Distributor
2024-10-06,Conveyor Belt Roller,Components,South Korea,827.16,28,362.37,Direct Industrial
2024-10-07,PLC Controller Unit,Automation,Germany,13913.4,15,7333.35,Direct Industrial
2024-10-07,PLC Controller Unit,Automation,South Korea,9635.41,10,4836.87,OEM
2024-10-07,Hydraulic Cylinder HC-40,Hydraulics,South Korea,6168.46,22,3977.55,OEM
2024-10-07,Hydraulic Cylinder HC-40,Hydraulics,Poland,5643.7,17,2898.69,Distributor
2024-10-07,Conveyor Belt Roller,Components,USA,651.04,27,322.02,Distributor
2024-10-07,Gearbox Assembly GB-12,Motors,Poland,50870.63,41,27784.91,OEM
2024-10-08,PLC Controller Unit,Automation,USA,7921.29,10,4658.61,OEM
2024-10-08,Safety Sensor Array,Automation,Germany,11670.94,51,4883.8,Distributor
2024-10-08,Gearbox Assembly GB-12,Motors,Mexico,52132.84,44,31831.43,OEM
2024-10-08,Hydraulic Cylinder HC-40,Hydraulics,Poland,6915.75,21,3529.99,Direct Industrial
2024-10-08,Safety Sensor Array,Automation,Poland,3293.76,15,1461.71,Distributor
2024-10-08,Steel Bearing 6205,Components,South Korea,62.31,17,31.81,OEM
2024-10-08,PLC Controller Unit,Automation,Poland,10986.31,12,5394.38,Direct Industrial
2024-10-08,Steel Bearing 6205,Components,Germany,55.71,13,25.46,Direct Industrial
2024-10-09,Conveyor Belt Roller,Components,Mexico,473.22,18,230.68,OEM
2024-10-09,Safety Sensor Array,Automation,USA,2651.04,14,1284.66,OEM
2024-10-09,Safety Sensor Array,Automation,Mexico,6727.74,30,2808.45,Distributor
2024-10-09,Hydraulic Cylinder HC-40,Hydraulics,Poland,6649.87,19,3255.51,Distributor
2024-10-09,Hydraulic Cylinder HC-40,Hydraulics,South Korea,4180.06,13,2165.59,Distributor
2024-10-09,Hydraulic Cylinder HC-40,Hydraulics,USA,7014.21,25,4465.49,Distributor
2024-10-09,Gearbox Assembly GB-12,Motors,USA,39667.24,33,22901.74,OEM
2024-10-10,Steel Bearing 6205,Components,China,36.9,8,15.05,Direct Industrial
2024-10-10,Hydraulic Cylinder HC-40,Hydraulics,China,8569.01,25,4467.41,OEM
2024-10-10,Pneumatic Valve V-200,Hydraulics,China,1747.13,13,875.1,Direct Industrial
2024-10-11,Gearbox Assembly GB-12,Motors,China,20161.66,17,11507.59,Direct Industrial
2024-10-11,PLC Controller Unit,Automation,USA,23403.25,29,13583.12,Direct Industrial
2024-10-11,Pneumatic Valve V-200,Hydraulics,China,6378.83,40,2840.2,Distributor
2024-10-11,Conveyor Belt Roller,Components,Germany,628.41,21,274.17,Direct Industrial
2024-10-12,Industrial Motor 5HP,Motors,Germany,594.24,1,335.31,OEM
2024-10-13,Safety Sensor Array,Automation,Germany,11294.4,57,5189.27,Direct Industrial
2024-10-13,Pneumatic Valve V-200,Hydraulics,USA,3293.6,21,1439.82,OEM
2024-10-13,Safety Sensor Array,Automation,Poland,5716.32,29,2718.38,Distributor
2024-10-14,Conveyor Belt Roller,Components,South Korea,535.33,19,242.26,Direct Industrial
2024-10-14,Steel Bearing 6205,Components,China,59.03,14,27.21,OEM
2024-10-14,Conveyor Belt Roller,Components,China,671.59,23,280.86,OEM
2024-10-14,Safety Sensor Array,Automation,Poland,877.17,4,389.07,OEM
2024-10-14,Hydraulic Cylinder HC-40,Hydraulics,China,10115.93,31,5676.24,Direct Industrial
2024-10-15,Steel Bearing 6205,Components,USA,116.62,26,51.01,Direct Industrial
2024-10-15,Conveyor Belt Roller,Components,Mexico,337.91,12,148.52,OEM
2024-10-15,Conveyor Belt Roller,Components,Poland,758.72,26,337.11,OEM
2024-10-15,Pneumatic Valve V-200,Hydraulics,China,3636.6,27,1910.47,OEM
2024-10-16,Gearbox Assembly GB-12,Motors,Poland,38286.96,32,22459.43,Distributor
2024-10-16,Gearbox Assembly GB-12,Motors,Poland,54113.77,49,33376.97,Distributor
2024-10-16,Gearbox Assembly GB-12,Motors,USA,23423.35,22,15006.2,Direct Industrial
2024-10-16,PLC Controller Unit,Automation,Germany,29284.69,33,14862.39,Distributor
2024-10-16,Gearbox Assembly GB-12,Motors,Germany,11802.41,9,6479.51,Distributor
2024-10-16,Pneumatic Valve V-200,Hydraulics,Mexico,7280.77,55,3678.54,OEM
2024-10-16,Hydraulic Cylinder HC-40,Hydraulics,China,3485.53,10,1782.42,Direct Industrial
2024-10-16,Pneumatic Valve V-200,Hydraulics,Poland,3454.42,22,1513.49,Direct Industrial
2024-10-16,Conveyor Belt Roller,Components,USA,1797.25,60,763.59,Distributor
2024-10-17,Conveyor Belt Roller,Components,Poland,798.37,30,383.02,OEM
2024-10-17,Conveyor Belt Roller,Components,Germany,533.0,18,220.28,OEM
2024-10-17,Safety Sensor Array,Automation,Mexico,2332.81,11,1032.56,Direct Industrial
2024-10-18,Safety Sensor Array,Automation,USA,2882.73,15,1382.08,Direct Industrial
2024-10-18,Industrial Motor 5HP,Motors,USA,12829.29,23,8153.41,Distributor
2024-10-18,Steel Bearing 6205,Components,China,167.72,38,72.04,Distributor
2024-10-18,Safety Sensor Array,Automation,Germany,13445.33,64,5968.61,Distributor
2024-10-18,Steel Bearing 6205,Components,Germany,39.31,11,21.1,Direct Industrial
2024-10-19,Steel Bearing 6205,Components,South Korea,168.59,46,85.71,Distributor
2024-10-19,Industrial Motor 5HP,Motors,Mexico,7777.12,14,4956.54,Distributor
2024-10-19,Conveyor Belt Roller,Components,Mexico,408.33,16,200.05,Distributor
2024-10-19,Industrial Motor 5HP,Motors,USA,21516.95,41,14047.86,Direct Industrial
2024-10-19,Industrial Motor 5HP,Motors,South Korea,10554.28,17,5892.16,OEM
2024-10-19,Industrial Motor 5HP,Motors,Mexico,37100.94,62,20621.56,OEM
2024-10-19,Hydraulic Cylinder HC-40,Hydraulics,South Korea,7689.06,26,4443.53,Direct Industrial
2024-10-19,Steel Bearing 6205,Components,Poland,32.32,9,17.24,Direct Industrial
2024-10-19,Pneumatic Valve V-200,Hydraulics,China,1917.12,14,932.78,OEM
2024-10-19,Gearbox Assembly GB-12,Motors,South Korea,19976.02,17,11875.78,Distributor
2024-10-20,Industrial Motor 5HP,Motors,China,9459.57,18,5908.84,OEM
2024-10-20,PLC Controller Unit,Automation,South Korea,29562.67,39,17974.68,Direct Industrial
2024-10-21,Hydraulic Cylinder HC-40,Hydraulics,USA,12270.38,39,7148.28,Distributor
2024-10-21,Conveyor Belt Roller,Components,USA,799.87,30,379.06,OEM
2024-10-21,Safety Sensor Array,Automation,South Korea,9423.59,51,4781.64,OEM
2024-10-21,Gearbox Assembly GB-12,Motors,Germany,4985.7,4,2860.2,OEM
2024-10-21,Safety Sensor Array,Automation,USA,3709.3,20,1933.13,Direct Industrial
2024-10-21,Pneumatic Valve V-200,Hydraulics,China,4889.05,36,2399.68,Distributor
2024-10-21,Steel Bearing 6205,Components,USA,70.21,18,33.5,OEM
2024-10-22,Hydraulic Cylinder HC-40,Hydraulics,South Korea,3474.47,12,2061.24,OEM
2024-10-22,Industrial Motor 5HP,Motors,USA,14873.06,28,9924.76,OEM
2024-10-22,Industrial Motor 5HP,Motors,South Korea,18123.06,28,9671.6,OEM
2024-10-22,Industrial Motor 5HP,Motors,USA,15701.41,24,8398.85,Direct Industrial
2024-10-23,Industrial Motor 5HP,Motors,Mexico,9525.15,17,5547.85,Direct Industrial
2024-10-23,Hydraulic Cylinder HC-40,Hydraulics,USA,3993.3,12,2075.3,Direct Industrial
2024-10-23,Conveyor Belt Roller,Components,South Korea,76.48,3,38.16,Direct Industrial
2024-10-24,Hydraulic Cylinder HC-40,Hydraulics,Poland,11747.4,34,6050.86,Distributor
2024-10-24,Safety Sensor Array,Automation,South Korea,3107.19,15,1401.45,Direct Industrial
2024-10-24,Gearbox Assembly GB-12,Motors,China,39864.06,32,22708.59,Direct Industrial
2024-10-24,Gearbox Assembly GB-12,Motors,USA,35476.33,29,20627.22,Distributor
2024-10-25,Pneumatic Valve V-200,Hydraulics,USA,4345.54,34,2394.95,Distributor
2024-10-25,Gearbox Assembly GB-12,Motors,Mexico,16961.53,13,8587.02,OEM
2024-10-25,Safety Sensor Array,Automation,Germany,3646.63,20,1927.45,OEM
2024-10-25,Hydraulic Cylinder HC-40,Hydraulics,South Korea,10073.25,31,5636.05,OEM
2024-10-25,Hydraulic Cylinder HC-40,Hydraulics,Germany,11262.81,32,5804.61,OEM
2024-10-26,Steel Bearing 6205,Components,South Korea,147.66,40,78.43,Distributor
2024-10-26,Industrial Motor 5HP,Motors,South Korea,13900.19,26,8460.84,Distributor
2024-10-26,Hydraulic Cylinder HC-40,Hydraulics,Mexico,6026.34,20,3430.45,Distributor
2024-10-26,Industrial Motor 5HP,Motors,Mexico,10432.32,16,5675.13,Distributor
2024-10-26,PLC Controller Unit,Automation,South Korea,25185.92,33,15811.99,OEM
2024-10-26,Safety Sensor Array,Automation,Mexico,2851.72,15,1426.84,OEM
2024-10-26,Industrial Motor 5HP,Motors,Germany,8185.95,15,4881.66,OEM
2024-10-26,Gearbox Assembly GB-12,Motors,Mexico,14141.44,13,9029.02,Distributor
2024-10-26,Steel Bearing 6205,Components,South Korea,95.62,26,47.76,OEM
2024-10-26,Safety Sensor Array,Automation,Poland,2364.86,12,1178.0,OEM
2024-10-26,Gearbox Assembly GB-12,Motors,Mexico,28449.13,22,15104.91,Direct Industrial
2024-10-26,Gearbox Assembly GB-12,Motors,Poland,11955.03,10,6606.55,OEM
2024-10-26,Hydraulic Cylinder HC-40,Hydraulics,China,9025.57,30,5354.02,Distributor
2024-10-26,Gearbox Assembly GB-12,Motors,USA,28435.82,26,18479.54,Distributor
2024-10-27,Pneumatic Valve V-200,Hydraulics,China,4996.03,34,2207.99,OEM
2024-10-27,Gearbox Assembly GB-12,Motors,Mexico,29363.16,23,16086.16,Distributor
2024-10-27,Pneumatic Valve V-200,Hydraulics,Mexico,2788.2,21,1407.04,Distributor
2024-10-27,Gearbox Assembly GB-12,Motors,China,5389.44,4,2665.1,Direct Industrial
2024-10-27,Industrial Motor 5HP,Motors,China,6666.43,10,3528.01,Distributor
2024-10-27,Conveyor Belt Roller,Components,Mexico,324.1,13,165.84,OEM
2024-10-27,Hydraulic Cylinder HC-40,Hydraulics,Mexico,9822.29,30,5215.22,Distributor
2024-10-28,Safety Sensor Array,Automation,Poland,4937.39,23,2113.68,OEM
2024-10-28,Hydraulic Cylinder HC-40,Hydraulics,USA,3299.13,10,1769.74,OEM
2024-10-28,Hydraulic Cylinder HC-40,Hydraulics,USA,1768.43,6,1039.74,Direct Industrial
2024-10-28,Gearbox Assembly GB-12,Motors,USA,21377.61,19,12487.73,OEM
2024-10-28,Safety Sensor Array,Automation,China,5726.76,32,3082.45,OEM
2024-10-29,PLC Controller Unit,Automation,USA,21608.32,23,11131.98,Distributor
2024-10-29,PLC Controller Unit,Automation,USA,23018.28,29,13330.22,Distributor
2024-10-29,Conveyor Belt Roller,Components,Mexico,541.07,20,241.84,Distributor
2024-10-29,Steel Bearing 6205,Components,USA,22.43,5,9.79,Direct Industrial
2024-10-29,Pneumatic Valve V-200,Hydraulics,China,4310.99,33,2268.61,Direct Industrial
2024-10-29,Industrial Motor 5HP,Motors,USA,23334.56,40,13180.08,OEM
2024-10-29,Pneumatic Valve V-200,Hydraulics,China,3099.85,25,1718.59,OEM
2024-10-30,Hydraulic Cylinder HC-40,Hydraulics,Germany,11070.61,40,6812.2,Distributor
2024-10-30,Industrial Motor 5HP,Motors,South Korea,21619.56,39,13351.52,Direct Industrial
2024-10-30,Pneumatic Valve V-200,Hydraulics,Poland,2835.0,19,1257.69,Distributor
2024-10-30,Gearbox Assembly GB-12,Motors,Germany,23252.39,18,12591.5,Direct Industrial
2024-10-30,Gearbox Assembly GB-12,Motors,USA,7900.45,6,4247.09,Direct Industrial
2024-10-30,Hydraulic Cylinder HC-40,Hydraulics,South Korea,2120.2,7,1222.92,Distributor
2024-10-30,PLC Controller Unit,Automation,Poland,21493.83,23,11118.97,Distributor
2024-10-30,Hydraulic Cylinder HC-40,Hydraulics,Poland,9047.65,33,6033.65,Distributor
2024-10-30,Conveyor Belt Roller,Components,China,721.8,28,337.75,Distributor
2024-10-30,Pneumatic Valve V-200,Hydraulics,USA,1092.7,7,498.49,Direct Industrial
2024-10-31,Conveyor Belt Roller,Components,China,525.9,20,243.56,Distributor
2024-10-31,Pneumatic Valve V-200,Hydraulics,South Korea,2605.89,20,1389.43,OEM
2024-10-31,PLC Controller Unit,Automation,USA,9948.72,12,5582.2,OEM
2024-10-31,Pneumatic Valve V-200,Hydraulics,Poland,2850.75,22,1524.66,Direct Industrial
2024-10-31,PLC Controller Unit,Automation,Germany,16951.97,22,10422.92,Direct Industrial
2024-10-31,Conveyor Belt Roller,Components,South Korea,630.72,22,284.55,OEM
2024-11-01,Safety Sensor Array,Automation,South Korea,6199.3,31,2946.29,OEM
2024-11-01,Safety Sensor Array,Automation,Poland,5946.88,27,2685.86,Direct Industrial
2024-11-01,Gearbox Assembly GB-12,Motors,South Korea,28319.93,24,16624.39,Distributor
2024-11-01,Gearbox Assembly GB-12,Motors,Poland,22145.59,20,13838.64,Distributor
2024-11-01,Gearbox Assembly GB-12,Motors,USA,24382.23,21,13991.49,Distributor
2024-11-01,Steel Bearing 6205,Components,Poland,65.33,15,29.81,Direct Industrial
2024-11-01,Industrial Motor 5HP,Motors,South Korea,16275.48,30,10592.96,OEM
2024-11-01,Conveyor Belt Roller,Components,Poland,57.39,2,24.63,Distributor
2024-11-01,Conveyor Belt Roller,Components,South Korea,514.86,19,232.62,Distributor
2024-11-02,PLC Controller Unit,Automation,Poland,29976.08,36,16503.73,Direct Industrial
2024-11-02,Safety Sensor Array,Automation,Poland,799.89,4,369.54,Direct Industrial
2024-11-02,Gearbox Assembly GB-12,Motors,Mexico,29478.61,24,16852.69,OEM
2024-11-02,Safety Sensor Array,Automation,Poland,885.79,4,376.81,Distributor
2024-11-02,Conveyor Belt Roller,Components,China,898.34,30,388.24,Distributor
2024-11-02,Safety Sensor Array,Automation,Poland,1530.35,8,727.56,Direct Industrial
2024-11-02,Pneumatic Valve V-200,Hydraulics,Poland,3250.69,22,1476.69,Direct Industrial
2024-11-02,Conveyor Belt Roller,Components,USA,721.53,25,320.79,OEM
2024-11-02,Hydraulic Cylinder HC-40,Hydraulics,China,8435.11,28,4662.19,Distributor
2024-11-02,Safety Sensor Array,Automation,South Korea,1262.95,6,543.94,OEM
2024-11-03,Conveyor Belt Roller,Components,Mexico,894.51,30,390.54,Distributor
2024-11-03,Pneumatic Valve V-200,Hydraulics,China,4222.86,31,2159.02,OEM
2024-11-03,Steel Bearing 6205,Components,Germany,146.0,36,71.69,Direct Industrial
2024-11-03,Safety Sensor Array,Automation,USA,8675.24,41,4004.5,OEM
2024-11-03,PLC Controller Unit,Automation,China,19763.26,26,12021.56,Distributor
2024-11-03,Hydraulic Cylinder HC-40,Hydraulics,Mexico,6735.22,22,3829.48,Direct Industrial
2024-11-03,Steel Bearing 6205,Components,China,152.32,40,76.82,Direct Industrial
2024-11-03,Safety Sensor Array,Automation,Mexico,4843.5,21,2084.21,Direct Industrial
2024-11-03,Industrial Motor 5HP,Motors,Germany,12109.36,21,7078.56,OEM
2024-11-03,Pneumatic Valve V-200,Hydraulics,Mexico,4137.63,33,2286.59,Direct Industrial
2024-11-03,PLC Controller Unit,Automation,Germany,12632.8,14,6597.71,Distributor
2024-11-04,Steel Bearing 6205,Components,USA,71.94,19,36.32,OEM
2024-11-04,Conveyor Belt Roller,Components,Germany,250.52,10,127.72,Direct Industrial
2024-11-04,Safety Sensor Array,Automation,China,14580.23,73,7138.01,Distributor
2024-11-04,Hydraulic Cylinder HC-40,Hydraulics,Mexico,860.0,3,512.74,OEM
2024-11-04,Industrial Motor 5HP,Motors,South Korea,14573.93,24,8384.86,Distributor
2024-11-05,Hydraulic Cylinder HC-40,Hydraulics,South Korea,11507.07,35,6092.15,Direct Industrial
2024-11-05,Industrial Motor 5HP,Motors,Mexico,16888.47,27,9626.45,OEM
2024-11-05,Steel Bearing 6205,Components,China,82.79,21,40.67,Direct Industrial
2024-11-05,Gearbox Assembly GB-12,Motors,USA,32186.14,29,19769.13,Distributor
2024-11-05,Gearbox Assembly GB-12,Motors,Mexico,9209.1,7,4797.56,Distributor
2024-11-06,Conveyor Belt Roller,Components,USA,1155.82,39,493.28,Distributor
2024-11-06,Pneumatic Valve V-200,Hydraulics,China,5278.68,42,2779.7,Distributor
2024-11-06,Safety Sensor Array,Automation,China,4404.38,23,2251.57,Distributor
2024-11-06,Pneumatic Valve V-200,Hydraulics,China,2910.73,21,1471.61,Distributor
2024-11-06,Gearbox Assembly GB-12,Motors,Mexico,71385.38,54,36712.83,OEM
2024-11-07,Pneumatic Valve V-200,Hydraulics,Mexico,4965.47,33,2274.36,Direct Industrial
2024-11-07,Pneumatic Valve V-200,Hydraulics,Germany,3428.92,22,1451.37,Direct Industrial
2024-11-07,Conveyor Belt Roller,Components,USA,1081.3,44,528.03,Direct Industrial
2024-11-07,Gearbox Assembly GB-12,Motors,Poland,6786.27,6,4150.43,Distributor
2024-11-08,Conveyor Belt Roller,Components,Germany,314.54,12,157.34,Distributor
2024-11-08,Gearbox Assembly GB-12,Motors,Germany,55702.46,45,31252.47,OEM
2024-11-09,Safety Sensor Array,Automation,USA,7796.04,41,3934.4,OEM
2024-11-09,Industrial Motor 5HP,Motors,Germany,15169.83,23,7614.18,Direct Industrial
2024-11-09,Pneumatic Valve V-200,Hydraulics,USA,6041.5,41,2714.2,Distributor
2024-11-09,Hydraulic Cylinder HC-40,Hydraulics,South Korea,2879.33,10,1719.4,Direct Industrial
2024-11-09,Steel Bearing 6205,Components,Germany,93.3,23,44.84,Distributor
2024-11-09,Pneumatic Valve V-200,Hydraulics,South Korea,811.78,6,388.43,Distributor
2024-11-09,PLC Controller Unit,Automation,USA,18332.21,19,8967.72,Direct Industrial
2024-11-09,Pneumatic Valve V-200,Hydraulics,China,789.52,5,351.54,Distributor
2024-11-10,Conveyor Belt Roller,Components,South Korea,358.41,12,146.39,Direct Industrial
2024-11-10,Gearbox Assembly GB-12,Motors,Germany,58109.09,46,31060.3,Direct Industrial
2024-11-10,Steel Bearing 6205,Components,South Korea,49.35,11,20.44,Direct Industrial
2024-11-10,Steel Bearing 6205,Components,Poland,62.58,14,26.67,OEM
2024-11-10,Safety Sensor Array,Automation,South Korea,2951.22,13,1296.29,OEM
2024-11-10,PLC Controller Unit,Automation,USA,4441.6,5,2289.27,Direct Industrial
2024-11-10,Steel Bearing 6205,Components,South Korea,123.13,27,49.45,OEM
2024-11-10,Steel Bearing 6205,Components,Germany,90.6,23,45.62,Distributor
2024-11-10,PLC Controller Unit,Automation,China,14523.53,17,8229.63,Direct Industrial
2024-11-10,Industrial Motor 5HP,Motors,Poland,17003.06,27,9339.06,Distributor
2024-11-10,Safety Sensor Array,Automation,South Korea,9260.33,41,3729.4,OEM
2024-11-11,Conveyor Belt Roller,Components,China,917.72,35,438.8,Direct Industrial
2024-11-11,Steel Bearing 6205,Components,USA,129.15,30,54.85,Direct Industrial
2024-11-11,Pneumatic Valve V-200,Hydraulics,South Korea,2565.39,20,1421.96,OEM
2024-11-11,Safety Sensor Array,Automation,Mexico,5454.02,30,2821.76,Distributor
2024-11-11,Gearbox Assembly GB-12,Motors,China,15831.31,13,8964.51,Direct Industrial
2024-11-11,Steel Bearing 6205,Components,Mexico,32.86,8,15.66,OEM
2024-11-11,PLC Controller Unit,Automation,Poland,20002.81,24,11550.06,OEM
2024-11-12,PLC Controller Unit,Automation,USA,4872.16,5,2320.86,Direct Industrial
2024-11-12,Safety Sensor Array,Automation,South Korea,4043.55,18,1668.83,OEM
2024-11-12,Industrial Motor 5HP,Motors,South Korea,11064.2,17,5812.1,Direct Industrial
2024-11-12,Industrial Motor 5HP,Motors,Mexico,21748.45,36,12109.53,OEM
2024-11-12,Gearbox Assembly GB-12,Motors,Poland,23446.25,22,15747.63,Direct Industrial
2024-11-12,Pneumatic Valve V-200,Hydraulics,Poland,710.69,5,348.43,Direct Industrial
2024-11-12,PLC Controller Unit,Automation,China,54199.93,60,29409.98,OEM
2024-11-12,Industrial Motor 5HP,Motors,China,5016.01,9,3124.76,Direct Industrial
2024-11-12,Gearbox Assembly GB-12,Motors,South Korea,32276.94,29,20853.16,OEM
2024-11-12,PLC Controller Unit,Automation,Germany,20112.1,22,10200.46,Direct Industrial
2024-11-13,Hydraulic Cylinder HC-40,Hydraulics,Poland,5247.35,17,2909.15,OEM
2024-11-13,Conveyor Belt Roller,Components,China,364.35,12,157.22,Direct Industrial
2024-11-13,Steel Bearing 6205,Components,China,24.33,6,10.95,Distributor
2024-11-13,Steel Bearing 6205,Components,China,107.58,29,56.79,Distributor
2024-11-13,Gearbox Assembly GB-12,Motors,USA,5484.08,4,2682.94,Distributor
2024-11-13,Gearbox Assembly GB-12,Motors,South Korea,13793.31,11,7898.65,Distributor
2024-11-13,Safety Sensor Array,Automation,Germany,2666.81,13,1243.91,Direct Industrial
2024-11-14,Conveyor Belt Roller,Components,Germany,206.27,7,85.41,Direct Industrial
2024-11-14,Pneumatic Valve V-200,Hydraulics,Poland,4762.43,35,2471.53,Distributor
2024-11-14,Steel Bearing 6205,Components,South Korea,72.4,18,34.26,Direct Industrial
2024-11-14,Hydraulic Cylinder HC-40,Hydraulics,China,3554.02,11,1997.21,Direct Industrial
2024-11-14,Steel Bearing 6205,Components,China,16.62,4,7.84,OEM
2024-11-14,Pneumatic Valve V-200,Hydraulics,Mexico,2911.69,20,1320.21,Distributor
2024-11-14,Conveyor Belt Roller,Components,USA,317.15,13,170.53,OEM
2024-11-15,PLC Controller Unit,Automation,USA,29155.89,32,14621.25,Direct Industrial
2024-11-15,PLC Controller Unit,Automation,Poland,21327.76,28,12855.59,OEM
2024-11-15,Steel Bearing 6205,Components,South Korea,77.2,19,37.52,Distributor
2024-11-15,Steel Bearing 6205,Components,Germany,128.62,30,58.38,Direct Industrial
2024-11-15,Conveyor Belt Roller,Components,Mexico,504.3,17,216.93,Direct Industrial
2024-11-16,Industrial Motor 5HP,Motors,China,27573.08,50,16412.45,Distributor
2024-11-16,Conveyor Belt Roller,Components,Germany,223.17,8,104.73,Direct Industrial
2024-11-16,Conveyor Belt Roller,Components,Poland,503.38,17,218.81,Distributor
2024-11-16,Industrial Motor 5HP,Motors,Mexico,10795.24,17,6068.51,OEM
2024-11-16,Conveyor Belt Roller,Components,Poland,712.65,27,348.08,Direct Industrial
2024-11-17,Gearbox Assembly GB-12,Motors,Poland,14394.59,11,7436.66,OEM
2024-11-17,PLC Controller Unit,Automation,Germany,20178.8,21,10032.96,Direct Industrial
2024-11-17,PLC Controller Unit,Automation,China,30361.93,32,15511.03,Direct Industrial
2024-11-17,Industrial Motor 5HP,Motors,Germany,17863.17,28,9359.36,Direct Industrial
2024-11-17,Hydraulic Cylinder HC-40,Hydraulics,USA,7571.28,24,4005.66,OEM
2024-11-17,Pneumatic Valve V-200,Hydraulics,China,4509.82,33,2256.6,OEM
2024-11-17,Industrial Motor 5HP,Motors,China,18189.71,28,9851.68,Distributor
2024-11-17,PLC Controller Unit,Automation,Mexico,3285.02,4,1871.73,Distributor
2024-11-18,Industrial Motor 5HP,Motors,USA,20512.78,32,11342.28,Distributor
2024-11-18,Conveyor Belt Roller,Components,Poland,261.53,9,114.97,Distributor
2024-11-18,Conveyor Belt Roller,Components,USA,1524.32,51,664.97,Direct Industrial
2024-11-18,Hydraulic Cylinder HC-40,Hydraulics,USA,4902.28,16,2810.65,Distributor
2024-11-18,PLC Controller Unit,Automation,Germany,10071.12,12,5612.15,OEM
2024-11-18,Steel Bearing 6205,Components,South Korea,125.8,31,57.26,OEM
2024-11-18,Steel Bearing 6205,Components,Poland,67.82,15,29.9,Distributor
2024-11-18,Pneumatic Valve V-200,Hydraulics,Poland,3039.42,21,1463.08,Distributor
2024-11-18,Steel Bearing 6205,Components,USA,79.28,20,39.62,Direct Industrial
2024-11-19,Pneumatic Valve V-200,Hydraulics,Poland,1309.07,10,706.19,Direct Industrial
2024-11-19,Safety Sensor Array,Automation,USA,1681.71,9,812.6,Distributor
2024-11-19,Safety Sensor Array,Automation,Poland,10563.41,53,4961.84,Distributor
2024-11-19,Safety Sensor Array,Automation,South Korea,2554.96,13,1189.77,Distributor
2024-11-19,PLC Controller Unit,Automation,Germany,23314.75,27,13024.35,OEM
2024-11-19,PLC Controller Unit,Automation,Germany,33888.43,36,16115.69,Distributor
2024-11-19,Industrial Motor 5HP,Motors,South Korea,9452.48,18,6128.13,OEM
2024-11-20,Hydraulic Cylinder HC-40,Hydraulics,Mexico,10712.76,35,6367.91,OEM
2024-11-20,Conveyor Belt Roller,Components,Mexico,648.77,23,275.64,OEM
2024-11-20,Steel Bearing 6205,Components,Mexico,84.73,23,45.3,Direct Industrial
2024-11-20,Pneumatic Valve V-200,Hydraulics,China,2378.61,15,1038.36,Direct Industrial
2024-11-20,Hydraulic Cylinder HC-40,Hydraulics,South Korea,4575.51,15,2649.24,Distributor
2024-11-21,Industrial Motor 5HP,Motors,Mexico,22717.61,35,11648.52,Distributor
2024-11-21,Pneumatic Valve V-200,Hydraulics,USA,1282.79,9,617.82,OEM
2024-11-21,Conveyor Belt Roller,Components,USA,655.81,24,291.42,Direct Industrial
2024-11-21,Safety Sensor Array,Automation,Germany,7337.29,35,3339.97,OEM
2024-11-21,Industrial Motor 5HP,Motors,Mexico,23077.51,39,12884.56,Distributor
2024-11-21,PLC Controller Unit,Automation,South Korea,8317.7,9,4413.88,OEM
2024-11-21,Industrial Motor 5HP,Motors,Germany,7437.29,14,4819.67,Distributor
2024-11-22,Hydraulic Cylinder HC-40,Hydraulics,South Korea,8531.55,28,4960.5,OEM
2024-11-22,Steel Bearing 6205,Components,USA,28.61,7,12.74,OEM
2024-11-22,Gearbox Assembly GB-12,Motors,USA,14988.3,11,7274.68,OEM
2024-11-22,Pneumatic Valve V-200,Hydraulics,Mexico,3634.28,24,1704.82,Direct Industrial
2024-11-22,Conveyor Belt Roller,Components,Mexico,699.15,23,280.67,OEM
2024-11-22,PLC Controller Unit,Automation,Mexico,20627.52,23,11040.48,OEM
2024-11-22,Gearbox Assembly GB-12,Motors,Poland,30459.9,25,16402.11,Direct Industrial
2024-11-22,Industrial Motor 5HP,Motors,South Korea,15804.58,30,10437.56,Direct Industrial
2024-11-23,Steel Bearing 6205,Components,Poland,170.06,37,69.28,Distributor
2024-11-23,Conveyor Belt Roller,Components,Mexico,802.8,28,332.65,OEM
2024-11-23,Conveyor Belt Roller,Components,South Korea,437.55,18,225.49,Distributor
2024-11-23,Industrial Motor 5HP,Motors,South Korea,33322.14,53,17624.83,Direct Industrial
2024-11-23,Steel Bearing 6205,Components,China,95.77,22,41.86,Distributor
2024-11-23,Steel Bearing 6205,Components,Mexico,118.62,30,58.42,OEM
2024-11-23,Industrial Motor 5HP,Motors,Mexico,25025.53,45,14633.4,Direct Industrial
2024-11-23,Industrial Motor 5HP,Motors,Mexico,18687.43,36,12641.47,OEM
2024-11-24,Hydraulic Cylinder HC-40,Hydraulics,South Korea,4079.14,13,2379.06,OEM
2024-11-24,Safety Sensor Array,Automation,China,1371.02,6,558.71,Distributor
2024-11-24,Safety Sensor Array,Automation,Germany,4989.01,22,2109.07,Direct Industrial
2024-11-24,Conveyor Belt Roller,Components,Germany,1000.18,35,435.67,Distributor
2024-11-24,Safety Sensor Array,Automation,Poland,3087.7,15,1414.14,Direct Industrial
2024-11-24,Industrial Motor 5HP,Motors,Mexico,6600.94,11,3827.05,Distributor
2024-11-24,Industrial Motor 5HP,Motors,Germany,12714.51,21,7449.46,Distributor
2024-11-24,Pneumatic Valve V-200,Hydraulics,South Korea,1187.16,9,583.11,Direct Industrial
2024-11-25,Safety Sensor Array,Automation,China,3895.71,18,1781.15,OEM
2024-11-25,Conveyor Belt Roller,Components,Poland,1256.55,42,543.71,OEM
2024-11-25,Hydraulic Cylinder HC-40,Hydraulics,Mexico,7636.06,23,3884.71,Distributor
2024-11-25,Steel Bearing 6205,Components,Germany,99.76,26,48.72,OEM
2024-11-25,Safety Sensor Array,Automation,South Korea,2505.75,11,1045.97,Distributor
2024-11-25,Pneumatic Valve V-200,Hydraulics,USA,1472.42,11,756.03,Direct Industrial
2024-11-26,Conveyor Belt Roller,Components,USA,525.32,22,287.91,Distributor
2024-11-26,Steel Bearing 6205,Components,Mexico,48.12,13,23.97,OEM
2024-11-26,Steel Bearing 6205,Components,Mexico,199.24,49,90.14,OEM
2024-11-26,Gearbox Assembly GB-12,Motors,Mexico,31259.35,29,19329.56,Distributor
2024-11-26,Conveyor Belt Roller,Components,USA,230.24,8,104.68,OEM
2024-11-26,Hydraulic Cylinder HC-40,Hydraulics,USA,5679.22,17,3037.21,Distributor
2024-11-26,Pneumatic Valve V-200,Hydraulics,Germany,1984.56,14,943.41,OEM
2024-11-26,Hydraulic Cylinder HC-40,Hydraulics,Poland,284.35,1,180.92,Direct Industrial
2024-11-26,Gearbox Assembly GB-12,Motors,Germany,8952.89,7,4803.21,Distributor
2024-11-27,Pneumatic Valve V-200,Hydraulics,USA,6560.98,45,3174.28,Direct Industrial
2024-11-27,Industrial Motor 5HP,Motors,USA,18316.0,30,10540.31,OEM
2024-11-27,Industrial Motor 5HP,Motors,Mexico,24105.55,39,13903.92,OEM
2024-11-27,Gearbox Assembly GB-12,Motors,China,17113.81,15,10251.21,Direct Industrial
2024-11-27,Gearbox Assembly GB-12,Motors,China,28636.0,21,15016.16,OEM
2024-11-27,Hydraulic Cylinder HC-40,Hydraulics,Mexico,8894.23,31,5494.61,Direct Industrial
2024-11-27,PLC Controller Unit,Automation,Mexico,24058.49,28,13639.83,Distributor
2024-11-27,Pneumatic Valve V-200,Hydraulics,South Korea,2930.99,21,1390.96,Direct Industrial
2024-11-27,Pneumatic Valve V-200,Hydraulics,Poland,3274.77,26,1801.87,OEM
2024-11-28,Hydraulic Cylinder HC-40,Hydraulics,USA,987.44,3,511.41,Direct Industrial
2024-11-28,Industrial Motor 5HP,Motors,Mexico,15000.28,23,8198.47,Distributor
2024-11-28,Gearbox Assembly GB-12,Motors,USA,12180.05,9,6126.9,Direct Industrial
2024-11-28,Steel Bearing 6205,Components,China,40.41,9,17.03,Direct Industrial
2024-11-28,Conveyor Belt Roller,Components,Mexico,471.65,18,228.75,Direct Industrial
2024-11-28,Conveyor Belt Roller,Components,Poland,150.65,5,62.91,Distributor
2024-11-28,PLC Controller Unit,Automation,Germany,12464.47,16,7183.06,Distributor
2024-11-28,Industrial Motor 5HP,Motors,South Korea,17300.87,26,8917.35,Direct Industrial
2024-11-28,Conveyor Belt Roller,Components,China,493.32,17,219.04,Direct Industrial
2024-11-29,Industrial Motor 5HP,Motors,USA,22443.89,41,13269.29,OEM
2024-11-29,Conveyor Belt Roller,Components,Mexico,303.64,10,124.43,Distributor
2024-11-29,Industrial Motor 5HP,Motors,USA,12515.71,21,7080.81,OEM
2024-11-29,Hydraulic Cylinder HC-40,Hydraulics,Poland,11289.94,35,6059.98,Direct Industrial
2024-11-29,Hydraulic Cylinder HC-40,Hydraulics,China,5409.1,18,3051.79,OEM
2024-11-29,Pneumatic Valve V-200,Hydraulics,USA,5361.29,34,2296.55,Direct Industrial
2024-11-29,Pneumatic Valve V-200,Hydraulics,Mexico,6181.97,44,3101.01,Direct Industrial
2024-11-30,PLC Controller Unit,Automation,China,20224.81,21,10046.7,Direct Industrial
2024-11-30,Pneumatic Valve V-200,Hydraulics,USA,1117.2,8,537.09,Direct Industrial
2024-11-30,Gearbox Assembly GB-12,Motors,Germany,20303.84,16,10491.77,Direct Industrial
2024-12-01,Safety Sensor Array,Automation,Germany,1114.91,5,474.09,Direct Industrial
2024-12-01,Steel Bearing 6205,Components,Mexico,69.0,17,31.71,OEM
2024-12-01,Pneumatic Valve V-200,Hydraulics,Poland,782.4,6,410.17,Direct Industrial
2024-12-01,Hydraulic Cylinder HC-40,Hydraulics,Mexico,12420.04,41,7006.5,OEM
2024-12-01,PLC Controller Unit,Automation,Germany,21811.44,23,11189.89,Distributor
2024-12-01,Steel Bearing 6205,Components,Poland,83.21,20,37.26,Distributor
2024-12-02,Hydraulic Cylinder HC-40,Hydraulics,China,5580.43,18,3251.8,Distributor
2024-12-02,Steel Bearing 6205,Components,China,57.88,13,24.08,Direct Industrial
2024-12-02,Pneumatic Valve V-200,Hydraulics,China,4894.51,31,2200.71,Direct Industrial
2024-12-02,Hydraulic Cylinder HC-40,Hydraulics,China,3588.64,13,2216.95,Direct Industrial
2024-12-02,Gearbox Assembly GB-12,Motors,South Korea,3627.26,3,2036.41,Direct Industrial
2024-12-02,Conveyor Belt Roller,Components,USA,806.23,29,353.64,Direct Industrial
2024-12-02,Safety Sensor Array,Automation,Germany,2812.96,13,1261.0,OEM
2024-12-03,Safety Sensor Array,Automation,Poland,3973.01,18,1729.79,Direct Industrial
2024-12-03,Conveyor Belt Roller,Components,China,74.18,3,36.18,Distributor
2024-12-03,Steel Bearing 6205,Components,Germany,316.03,69,128.36,Distributor
2024-12-03,Gearbox Assembly GB-12,Motors,South Korea,47099.23,44,31285.62,Direct Industrial
2024-12-03,Conveyor Belt Roller,Components,China,586.21,21,256.41,OEM
2024-12-04,PLC Controller Unit,Automation,South Korea,18323.44,19,8887.34,OEM
2024-12-04,Hydraulic Cylinder HC-40,Hydraulics,Germany,9677.45,29,4922.51,OEM
2024-12-04,Conveyor Belt Roller,Components,South Korea,1840.8,62,810.48,Distributor
2024-12-04,Industrial Motor 5HP,Motors,Mexico,10721.31,17,5511.84,Distributor
2024-12-04,Gearbox Assembly GB-12,Motors,Germany,27495.02,21,14135.79,Distributor
2024-12-04,Safety Sensor Array,Automation,Germany,4198.84,20,1989.99,Distributor
2024-12-04,Steel Bearing 6205,Components,China,23.1,6,11.2,Distributor
2024-12-04,Industrial Motor 5HP,Motors,Mexico,28556.47,47,15822.67,Direct Industrial
2024-12-04,PLC Controller Unit,Automation,Poland,15214.31,19,8635.69,OEM
2024-12-04,PLC Controller Unit,Automation,Mexico,14303.85,16,7872.46,OEM
2024-12-04,Pneumatic Valve V-200,Hydraulics,South Korea,2401.19,18,1185.43,OEM
2024-12-04,Gearbox Assembly GB-12,Motors,Germany,35768.12,27,18166.6,Distributor
2024-12-05,Gearbox Assembly GB-12,Motors,Germany,12053.88,9,6385.15,Direct Industrial
2024-12-05,Hydraulic Cylinder HC-40,Hydraulics,South Korea,2533.72,9,1637.82,Direct Industrial
2024-12-05,Industrial Motor 5HP,Motors,South Korea,6635.39,11,3756.68,OEM
2024-12-05,Safety Sensor Array,Automation,Germany,4962.66,25,2261.28,OEM
2024-12-05,Industrial Motor 5HP,Motors,Mexico,10164.26,19,6747.02,Direct Industrial
2024-12-05,Gearbox Assembly GB-12,Motors,Mexico,8692.77,7,4636.34,Distributor
2024-12-05,Steel Bearing 6205,Components,South Korea,118.47,27,51.91,Distributor
2024-12-05,Steel Bearing 6205,Components,Germany,229.28,62,121.61,OEM
2024-12-06,Conveyor Belt Roller,Components,China,221.57,8,98.2,OEM
2024-12-06,PLC Controller Unit,Automation,Mexico,34222.23,40,18889.23,Distributor
2024-12-06,Steel Bearing 6205,Components,USA,130.35,31,58.49,Distributor
2024-12-06,Hydraulic Cylinder HC-40,Hydraulics,China,7970.46,29,5247.67,Distributor
2024-12-06,Steel Bearing 6205,Components,Mexico,58.29,14,25.3,Distributor
2024-12-07,Safety Sensor Array,Automation,Mexico,4330.51,22,2158.05,Direct Industrial
2024-12-07,Industrial Motor 5HP,Motors,Mexico,12239.15,22,7689.84,OEM
2024-12-07,Conveyor Belt Roller,Components,Germany,153.27,5,61.17,OEM
2024-12-07,Pneumatic Valve V-200,Hydraulics,Mexico,3800.12,26,1801.59,Direct Industrial
2024-12-07,PLC Controller Unit,Automation,South Korea,14835.64,17,8354.65,Distributor
2024-12-07,Gearbox Assembly GB-12,Motors,Poland,20672.76,17,11902.39,OEM
2024-12-07,PLC Controller Unit,Automation,Poland,23929.35,28,13229.73,Distributor
2024-12-07,Pneumatic Valve V-200,Hydraulics,USA,1817.51,13,912.83,OEM
2024-12-07,PLC Controller Unit,Automation,China,7232.55,9,4388.75,OEM
2024-12-07,PLC Controller Unit,Automation,Germany,16856.93,18,8252.23,Distributor
2024-12-08,Safety Sensor Array,Automation,Poland,9691.95,42,4178.76,Distributor
2024-12-08,Conveyor Belt Roller,Components,USA,440.71,15,181.57,Distributor
2024-12-08,Conveyor Belt Roller,Components,Germany,449.29,18,230.8,Direct Industrial
2024-12-08,Steel Bearing 6205,Components,Germany,67.19,16,29.74,OEM
2024-12-08,Safety Sensor Array,Automation,China,12749.59,60,5980.76,Direct Industrial
2024-12-08,PLC Controller Unit,Automation,Germany,5111.73,6,2907.11,Distributor
2024-12-08,Gearbox Assembly GB-12,Motors,South Korea,28817.12,23,15354.31,Direct Industrial
2024-12-08,Conveyor Belt Roller,Components,Mexico,203.11,7,84.32,Distributor
2024-12-09,Industrial Motor 5HP,Motors,Germany,9984.29,16,5649.94,Direct Industrial
2024-12-09,PLC Controller Unit,Automation,Germany,21476.16,25,11660.3,Distributor
2024-12-09,Gearbox Assembly GB-12,Motors,Poland,9019.1,7,4652.23,OEM
2024-12-09,Industrial Motor 5HP,Motors,South Korea,6694.11,10,3230.73,Direct Industrial
2024-12-09,PLC Controller Unit,Automation,South Korea,4123.62,5,2297.86,Distributor
2024-12-09,Safety Sensor Array,Automation,Germany,4857.97,23,2126.51,Direct Industrial
2024-12-09,Safety Sensor Array,Automation,Mexico,3871.02,17,1548.64,OEM
2024-12-09,Steel Bearing 6205,Components,Germany,140.14,35,63.4,OEM
2024-12-09,Safety Sensor Array,Automation,Germany,1298.04,7,685.85,OEM
2024-12-10,Conveyor Belt Roller,Components,South Korea,1194.48,41,513.62,Distributor
2024-12-10,PLC Controller Unit,Automation,South Korea,14401.29,16,7619.59,OEM
2024-12-10,Pneumatic Valve V-200,Hydraulics,USA,6304.78,43,2881.32,OEM
2024-12-10,Hydraulic Cylinder HC-40,Hydraulics,USA,7719.53,27,4721.37,Distributor
2024-12-10,Conveyor Belt Roller,Components,South Korea,1107.14,36,439.62,Distributor
2024-12-10,Safety Sensor Array,Automation,China,5664.23,28,2574.75,OEM
2024-12-10,Safety Sensor Array,Automation,China,5457.59,29,2788.56,OEM
2024-12-11,Gearbox Assembly GB-12,Motors,Germany,10746.73,10,6960.33,Distributor
2024-12-11,Conveyor Belt Roller,Components,Poland,467.28,17,210.14,Distributor
2024-12-11,Safety Sensor Array,Automation,China,3079.43,16,1483.47,OEM
2024-12-11,Industrial Motor 5HP,Motors,China,8973.13,15,4882.96,OEM
2024-12-11,Conveyor Belt Roller,Components,Mexico,24.49,1,12.2,Distributor
2024-12-11,Industrial Motor 5HP,Motors,South Korea,11387.33,20,6872.37,OEM
2024-12-11,PLC Controller Unit,Automation,China,13850.46,15,7223.81,Distributor
2024-12-11,Gearbox Assembly GB-12,Motors,USA,39722.68,37,25441.6,OEM
2024-12-12,Conveyor Belt Roller,Components,USA,572.34,22,276.51,OEM
2024-12-12,Industrial Motor 5HP,Motors,Germany,3822.53,6,2014.9,OEM
2024-12-12,PLC Controller Unit,Automation,Poland,5996.76,7,3201.54,OEM
2024-12-12,Industrial Motor 5HP,Motors,South Korea,22916.74,36,12427.17,OEM
2024-12-12,Hydraulic Cylinder HC-40,Hydraulics,USA,6063.51,20,3543.55,Distributor
2024-12-13,Gearbox Assembly GB-12,Motors,Mexico,27436.32,23,15975.06,Direct Industrial
2024-12-13,PLC Controller Unit,Automation,USA,12335.85,15,7132.15,OEM
2024-12-13,Hydraulic Cylinder HC-40,Hydraulics,USA,4516.81,13,2311.47,OEM
2024-12-13,Gearbox Assembly GB-12,Motors,South Korea,17508.69,14,9765.08,Direct Industrial
2024-12-14,Steel Bearing 6205,Components,South Korea,71.08,16,30.5,Direct Industrial
2024-12-14,Steel Bearing 6205,Components,Germany,44.01,10,19.15,Direct Industrial
2024-12-14,Gearbox Assembly GB-12,Motors,USA,59046.48,43,30247.73,Distributor
2024-12-14,Industrial Motor 5HP,Motors,South Korea,9263.94,16,5501.73,OEM
2024-12-14,Gearbox Assembly GB-12,Motors,South Korea,18662.55,16,11491.64,OEM
2024-12-15,Industrial Motor 5HP,Motors,Germany,12474.95,21,7170.88,Direct Industrial
2024-12-15,Steel Bearing 6205,Components,South Korea,75.69,19,35.59,Distributor
2024-12-16,Gearbox Assembly GB-12,Motors,Germany,29347.75,27,18827.48,Distributor
2024-12-16,Conveyor Belt Roller,Components,Poland,1030.2,37,481.95,Distributor
2024-12-16,Hydraulic Cylinder HC-40,Hydraulics,Germany,10061.87,29,4859.14,OEM
2024-12-16,Safety Sensor Array,Automation,Germany,3325.24,17,1576.01,Direct Industrial
2024-12-16,Safety Sensor Array,Automation,Poland,3469.46,18,1695.6,OEM
2024-12-16,PLC Controller Unit,Automation,Germany,15115.6,19,8980.42,Direct Industrial
2024-12-16,Pneumatic Valve V-200,Hydraulics,USA,2338.06,17,1157.99,Distributor
2024-12-16,PLC Controller Unit,Automation,Poland,4511.2,5,2269.83,Distributor
2024-12-16,Pneumatic Valve V-200,Hydraulics,China,548.53,4,282.67,Distributor
2024-12-16,Safety Sensor Array,Automation,Germany,10190.31,45,4378.05,OEM
2024-12-17,Gearbox Assembly GB-12,Motors,Poland,16744.4,13,8618.51,Distributor
2024-12-17,Safety Sensor Array,Automation,Poland,2700.76,12,1111.24,Direct Industrial
2024-12-17,Hydraulic Cylinder HC-40,Hydraulics,Poland,9421.86,27,4657.35,OEM
2024-12-17,Hydraulic Cylinder HC-40,Hydraulics,Mexico,4347.82,14,2386.09,OEM
2024-12-17,Industrial Motor 5HP,Motors,Poland,8260.69,15,5063.43,OEM
2024-12-17,Hydraulic Cylinder HC-40,Hydraulics,Germany,9631.51,29,5248.84,OEM
2024-12-17,Safety Sensor Array,Automation,Germany,2031.99,10,937.4,Direct Industrial
2024-12-17,Industrial Motor 5HP,Motors,Mexico,16712.93,27,9208.49,Direct Industrial
2024-12-18,Steel Bearing 6205,Components,South Korea,27.92,7,13.7,OEM
2024-12-18,Conveyor Belt Roller,Components,South Korea,668.28,23,285.22,Distributor
2024-12-18,Gearbox Assembly GB-12,Motors,USA,66518.07,52,34860.04,OEM
2024-12-18,Safety Sensor Array,Automation,Mexico,5636.46,25,2285.62,OEM
2024-12-18,PLC Controller Unit,Automation,Poland,29909.14,31,14095.76,Direct Industrial
2024-12-18,Industrial Motor 5HP,Motors,Mexico,47113.45,84,29296.13,Distributor
2024-12-18,PLC Controller Unit,Automation,Germany,12042.21,15,6808.71,OEM
2024-12-19,PLC Controller Unit,Automation,China,32777.05,40,19640.18,Direct Industrial
2024-12-19,PLC Controller Unit,Automation,USA,24471.08,28,12775.2,Distributor
2024-12-19,Pneumatic Valve V-200,Hydraulics,South Korea,2134.59,15,1037.84,OEM
2024-12-19,Hydraulic Cylinder HC-40,Hydraulics,South Korea,5273.94,18,3072.67,Direct Industrial
2024-12-19,PLC Controller Unit,Automation,Poland,11495.33,13,6116.67,Distributor
2024-12-20,Industrial Motor 5HP,Motors,USA,12337.08,22,7697.41,Distributor
2024-12-20,Gearbox Assembly GB-12,Motors,China,39726.62,37,25127.15,Distributor
2024-12-20,Pneumatic Valve V-200,Hydraulics,Germany,2367.26,17,1154.22,OEM
2024-12-20,PLC Controller Unit,Automation,China,19396.87,23,10660.17,Distributor
2024-12-21,Pneumatic Valve V-200,Hydraulics,China,4021.68,26,1731.94,Direct Industrial
2024-12-21,Hydraulic Cylinder HC-40,Hydraulics,Mexico,3980.85,14,2490.9,OEM
2024-12-21,Pneumatic Valve V-200,Hydraulics,South Korea,3009.46,23,1520.69,Direct Industrial
2024-12-21,Conveyor Belt Roller,Components,Germany,546.38,20,237.68,OEM
2024-12-22,Safety Sensor Array,Automation,USA,5851.67,32,3008.28,Distributor
2024-12-22,Safety Sensor Array,Automation,Germany,5841.79,31,2940.79,OEM
2024-12-22,Industrial Motor 5HP,Motors,China,4473.22,8,2731.16,Direct Industrial
2024-12-22,Conveyor Belt Roller,Components,South Korea,1076.89,35,426.73,Distributor
2024-12-22,Hydraulic Cylinder HC-40,Hydraulics,Mexico,6553.19,24,4305.45,Direct Industrial
2024-12-22,Steel Bearing 6205,Components,South Korea,67.56,17,32.07,Direct Industrial
2024-12-22,Conveyor Belt Roller,Components,China,1272.53,49,618.14,Direct Industrial
2024-12-22,Industrial Motor 5HP,Motors,China,11064.14,20,6837.21,OEM
2024-12-22,Hydraulic Cylinder HC-40,Hydraulics,South Korea,3739.84,13,2382.4,Direct Industrial
2024-12-23,Industrial Motor 5HP,Motors,China,14610.91,25,8732.71,Direct Industrial
2024-12-23,Safety Sensor Array,Automation,USA,10518.37,49,4823.79,Distributor
2024-12-23,Steel Bearing 6205,Components,South Korea,68.79,16,31.71,OEM
2024-12-23,Pneumatic Valve V-200,Hydraulics,South Korea,1956.52,15,969.2,OEM
2024-12-23,Safety Sensor Array,Automation,Poland,5816.54,31,2840.37,Direct Industrial
2024-12-23,Industrial Motor 5HP,Motors,USA,11346.7,21,6885.69,OEM
2024-12-23,PLC Controller Unit,Automation,China,9242.02,11,5071.93,Distributor
2024-12-23,Pneumatic Valve V-200,Hydraulics,Germany,2534.81,19,1323.76,Direct Industrial
2024-12-23,Safety Sensor Array,Automation,South Korea,5329.9,26,2522.19,Distributor
2024-12-23,Industrial Motor 5HP,Motors,Poland,9237.09,15,5307.52,Distributor
2024-12-24,Conveyor Belt Roller,Components,China,1319.09,45,549.58,Direct Industrial
2024-12-24,PLC Controller Unit,Automation,South Korea,28240.87,32,14819.16,OEM
2024-12-24,PLC Controller Unit,Automation,Germany,16486.69,19,8749.72,OEM
2024-12-24,Pneumatic Valve V-200,Hydraulics,South Korea,3286.49,21,1480.75,OEM
2024-12-24,Industrial Motor 5HP,Motors,South Korea,9120.18,15,5079.89,Distributor
2024-12-25,Gearbox Assembly GB-12,Motors,USA,56983.62,45,31402.33,Distributor
2024-12-25,Industrial Motor 5HP,Motors,Mexico,14146.82,26,8862.85,Distributor
2024-12-25,Steel Bearing 6205,Components,USA,47.02,11,20.88,OEM
2024-12-25,Industrial Motor 5HP,Motors,South Korea,7895.62,15,5093.32,Direct Industrial
2024-12-25,PLC Controller Unit,Automation,South Korea,13494.55,16,7824.79,OEM
2024-12-25,Hydraulic Cylinder HC-40,Hydraulics,USA,20928.39,76,13688.2,OEM
2024-12-25,Hydraulic Cylinder HC-40,Hydraulics,Germany,7524.06,25,4538.56,OEM
2024-12-25,Hydraulic Cylinder HC-40,Hydraulics,Germany,4959.23,16,2697.14,Distributor
2024-12-25,Gearbox Assembly GB-12,Motors,Germany,26665.25,23,16547.95,OEM
2024-12-25,Industrial Motor 5HP,Motors,China,9764.35,18,6367.58,Direct Industrial
2024-12-25,Safety Sensor Array,Automation,Mexico,4597.33,24,2207.47,Direct Industrial
2024-12-26,Steel Bearing 6205,Components,Germany,142.67,35,65.04,OEM
2024-12-26,Gearbox Assembly GB-12,Motors,Poland,33043.76,25,16962.81,Direct Industrial
2024-12-26,Pneumatic Valve V-200,Hydraulics,South Korea,1083.48,7,465.92,Distributor
2024-12-26,Steel Bearing 6205,Components,USA,41.02,9,16.52,Distributor
2024-12-26,Gearbox Assembly GB-12,Motors,USA,27063.53,25,16444.05,Direct Industrial
2024-12-26,Industrial Motor 5HP,Motors,China,7678.62,14,4534.83,Distributor
2024-12-26,Safety Sensor Array,Automation,Mexico,2909.84,14,1322.76,Distributor
2024-12-26,Pneumatic Valve V-200,Hydraulics,South Korea,1050.81,8,549.1,Distributor
2024-12-27,Conveyor Belt Roller,Components,South Korea,1272.8,46,563.61,OEM
2024-12-27,Hydraulic Cylinder HC-40,Hydraulics,Poland,7413.81,26,4559.65,OEM
2024-12-27,Safety Sensor Array,Automation,Poland,2840.82,14,1330.38,Distributor
2024-12-27,Industrial Motor 5HP,Motors,Poland,5312.63,9,3066.8,Distributor
2024-12-27,Steel Bearing 6205,Components,China,114.24,25,49.04,OEM
2024-12-27,Steel Bearing 6205,Components,Poland,66.48,16,31.52,OEM
2024-12-27,Safety Sensor Array,Automation,USA,11488.72,61,5846.05,Distributor
2024-12-27,Steel Bearing 6205,Components,Poland,81.8,20,38.11,Direct Industrial
2024-12-27,Safety Sensor Array,Automation,Mexico,1608.73,8,748.39,OEM
2024-12-28,Steel Bearing 6205,Components,Mexico,93.76,21,41.74,Direct Industrial
2024-12-28,Steel Bearing 6205,Components,China,86.31,20,37.4,OEM
2024-12-28,Gearbox Assembly GB-12,Motors,Germany,46511.05,36,23795.57,Distributor
2024-12-28,Pneumatic Valve V-200,Hydraulics,China,2420.38,18,1197.2,Distributor
2024-12-28,Safety Sensor Array,Automation,Mexico,4201.83,21,1977.59,Distributor
2024-12-28,Conveyor Belt Roller,Components,Poland,238.56,10,130.52,Distributor
2024-12-28,PLC Controller Unit,Automation,China,27860.32,32,15600.63,Direct Industrial
2024-12-28,Pneumatic Valve V-200,Hydraulics,USA,2752.04,21,1493.11,Direct Industrial
2024-12-28,PLC Controller Unit,Automation,Germany,12513.61,14,6474.84,OEM
2024-12-29,Hydraulic Cylinder HC-40,Hydraulics,Poland,4123.55,12,2116.9,Direct Industrial
2024-12-29,Industrial Motor 5HP,Motors,Germany,8034.11,12,4246.29,Direct Industrial
2024-12-29,Steel Bearing 6205,Components,China,73.51,20,36.21,OEM
2024-12-29,Safety Sensor Array,Automation,South Korea,4673.0,26,2379.64,OEM
2024-12-29,Pneumatic Valve V-200,Hydraulics,Germany,3325.84,26,1775.47,Direct Industrial
2024-12-30,Pneumatic Valve V-200,Hydraulics,Poland,3598.83,29,1950.85,OEM
2024-12-30,Gearbox Assembly GB-12,Motors,USA,58150.27,48,32342.85,Direct Industrial
2024-12-30,Industrial Motor 5HP,Motors,Germany,2110.2,4,1316.51,OEM
2024-12-30,Pneumatic Valve V-200,Hydraulics,China,4732.96,34,2284.08,OEM
2024-12-30,Safety Sensor Array,Automation,Poland,10163.9,52,4902.3,OEM
2024-12-30,Safety Sensor Array,Automation,USA,7702.84,37,3534.83,Direct Industrial
2024-12-30,Industrial Motor 5HP,Motors,USA,8539.62,13,4322.61,Distributor
2024-12-30,Safety Sensor Array,Automation,Mexico,223.94,1,97.86,OEM
2024-12-30,Hydraulic Cylinder HC-40,Hydraulics,South Korea,11018.91,32,5469.2,Distributor
2024-12-31,Industrial Motor 5HP,Motors,USA,19089.56,30,10485.28,Distributor
2024-12-31,Conveyor Belt Roller,Components,China,468.55,18,216.5,Distributor
2024-12-31,Safety Sensor Array,Automation,Germany,8688.84,39,3646.25,OEM
