Date,Product,Category,Country,Revenue,Quantity,Cost,Customer_Segment
2023-01-01,Atorvastatin 20mg (30ct),Cardiovascular,USA,468.24,24,171.41,Retail Pharmacy
2023-01-01,Atorvastatin 20mg (30ct),Cardiovascular,India,353.3,18,134.42,Government Tender
2023-01-01,Loratadine 10mg (14ct),Allergy,USA,144.94,14,47.06,Government Tender
2023-01-01,Multivitamin Complex,Supplements,Germany,64.12,5,28.19,Hospital
2023-01-01,Multivitamin Complex,Supplements,India,31.69,2,10.97,Government Tender
2023-01-01,Multivitamin Complex,Supplements,UK,469.93,35,191.19,Government Tender
2023-01-01,Atorvastatin 20mg (30ct),Cardiovascular,Germany,459.73,27,188.3,Hospital
2023-01-01,Loratadine 10mg (14ct),Allergy,India,361.66,34,111.79,Retail Pharmacy
2023-01-01,Salbutamol Inhaler,Respiratory,Japan,737.51,36,337.39,Government Tender
2023-01-01,Omeprazole 20mg (28ct),Gastro,Germany,195.82,18,86.6,Government Tender
2023-01-01,Ibuprofen 400mg (30ct),Pain Relief,USA,81.33,14,28.97,Government Tender
2023-01-01,Atorvastatin 20mg (30ct),Cardiovascular,Germany,325.19,20,145.53,Retail Pharmacy
2023-01-02,Amoxicillin 500mg (20ct),Antibiotics,Japan,148.99,10,60.64,Retail Pharmacy
2023-01-02,Salbutamol Inhaler,Respiratory,Germany,557.2,23,216.03,Hospital
2023-01-02,Omeprazole 20mg (28ct),Gastro,Germany,305.65,24,117.77,Government Tender
2023-01-02,Amoxicillin 500mg (20ct),Antibiotics,India,407.53,33,196.91,Hospital
2023-01-02,Loratadine 10mg (14ct),Allergy,Germany,129.66,13,42.22,Government Tender
2023-01-03,Amoxicillin 500mg (20ct),Antibiotics,Japan,29.85,2,11.14,Government Tender
2023-01-03,Multivitamin Complex,Supplements,Brazil,196.64,12,68.61,Retail Pharmacy
2023-01-03,Salbutamol Inhaler,Respiratory,USA,897.78,39,360.51,Retail Pharmacy
2023-01-03,Atorvastatin 20mg (30ct),Cardiovascular,Brazil,985.42,50,364.95,Hospital
2023-01-03,Multivitamin Complex,Supplements,USA,107.76,8,44.68,Retail Pharmacy
2023-01-03,Insulin Glargine Pen,Diabetes Care,India,3664.4,54,1704.05,Hospital
2023-01-03,Multivitamin Complex,Supplements,Germany,178.76,14,78.41,Retail Pharmacy
2023-01-03,Ibuprofen 400mg (30ct),Pain Relief,USA,125.03,21,44.43,Government Tender
2023-01-03,Multivitamin Complex,Supplements,Japan,193.35,14,78.77,Government Tender
2023-01-03,Loratadine 10mg (14ct),Allergy,Brazil,117.07,12,40.42,Hospital
2023-01-03,Ibuprofen 400mg (30ct),Pain Relief,Germany,40.7,7,15.01,Retail Pharmacy
2023-01-04,Omeprazole 20mg (28ct),Gastro,Japan,696.65,63,303.57,Retail Pharmacy
2023-01-04,Salbutamol Inhaler,Respiratory,Germany,458.0,24,208.89,Government Tender
2023-01-04,Omeprazole 20mg (28ct),Gastro,USA,503.69,40,201.64,Retail Pharmacy
2023-01-04,Amoxicillin 500mg (20ct),Antibiotics,Germany,105.89,7,39.18,Government Tender
2023-01-04,Insulin Glargine Pen,Diabetes Care,Japan,1626.42,27,842.9,Retail Pharmacy
2023-01-04,Multivitamin Complex,Supplements,Brazil,454.29,29,155.45,Retail Pharmacy
2023-01-04,Multivitamin Complex,Supplements,USA,524.66,36,203.39,Retail Pharmacy
2023-01-04,Atorvastatin 20mg (30ct),Cardiovascular,Germany,163.33,8,59.77,Government Tender
2023-01-04,Omeprazole 20mg (28ct),Gastro,Brazil,126.6,10,47.34,Government Tender
2023-01-05,Loratadine 10mg (14ct),Allergy,Brazil,325.1,33,108.74,Retail Pharmacy
2023-01-05,Atorvastatin 20mg (30ct),Cardiovascular,UK,258.99,15,108.75,Hospital
2023-01-05,Atorvastatin 20mg (30ct),Cardiovascular,India,1131.13,64,472.13,Hospital
2023-01-05,Ibuprofen 400mg (30ct),Pain Relief,Germany,20.63,3,6.59,Government Tender
2023-01-05,Insulin Glargine Pen,Diabetes Care,India,1312.73,18,584.56,Government Tender
2023-01-05,Omeprazole 20mg (28ct),Gastro,USA,80.73,6,30.18,Government Tender
2023-01-05,Loratadine 10mg (14ct),Allergy,Japan,66.21,7,23.51,Hospital
2023-01-05,Omeprazole 20mg (28ct),Gastro,USA,191.65,18,86.97,Government Tender
2023-01-05,Atorvastatin 20mg (30ct),Cardiovascular,Japan,540.65,30,226.0,Government Tender
2023-01-05,Atorvastatin 20mg (30ct),Cardiovascular,USA,68.8,4,27.67,Government Tender
2023-01-05,Omeprazole 20mg (28ct),Gastro,Brazil,165.07,14,68.46,Hospital
2023-01-05,Insulin Glargine Pen,Diabetes Care,UK,1658.38,27,876.83,Hospital
2023-01-05,Ibuprofen 400mg (30ct),Pain Relief,USA,195.39,31,64.52,Government Tender
2023-01-06,Omeprazole 20mg (28ct),Gastro,Brazil,369.46,34,163.45,Retail Pharmacy
2023-01-06,Omeprazole 20mg (28ct),Gastro,Germany,270.65,21,100.87,Government Tender
2023-01-06,Salbutamol Inhaler,Respiratory,UK,117.59,5,46.52,Retail Pharmacy
2023-01-06,Ibuprofen 400mg (30ct),Pain Relief,India,105.14,17,35.17,Hospital
2023-01-06,Salbutamol Inhaler,Respiratory,Brazil,469.16,23,209.13,Government Tender
2023-01-06,Atorvastatin 20mg (30ct),Cardiovascular,Germany,596.65,32,240.94,Government Tender
2023-01-06,Amoxicillin 500mg (20ct),Antibiotics,India,121.83,10,55.31,Retail Pharmacy
2023-01-06,Multivitamin Complex,Supplements,India,187.48,12,65.44,Retail Pharmacy
2023-01-06,Loratadine 10mg (14ct),Allergy,India,129.07,13,42.56,Hospital
2023-01-06,Loratadine 10mg (14ct),Allergy,Japan,325.72,35,118.46,Government Tender
2023-01-07,Ibuprofen 400mg (30ct),Pain Relief,USA,58.34,10,21.37,Hospital
2023-01-07,Loratadine 10mg (14ct),Allergy,Japan,483.59,52,170.49,Government Tender
2023-01-07,Loratadine 10mg (14ct),Allergy,Germany,249.83,29,98.51,Hospital
2023-01-07,Omeprazole 20mg (28ct),Gastro,Brazil,79.49,6,30.65,Retail Pharmacy
2023-01-07,Amoxicillin 500mg (20ct),Antibiotics,Brazil,375.61,25,145.67,Government Tender
2023-01-07,Ibuprofen 400mg (30ct),Pain Relief,Germany,45.19,7,14.24,Government Tender
2023-01-07,Amoxicillin 500mg (20ct),Antibiotics,India,122.14,8,45.82,Hospital
2023-01-08,Ibuprofen 400mg (30ct),Pain Relief,Japan,247.43,36,75.97,Retail Pharmacy
2023-01-08,Salbutamol Inhaler,Respiratory,UK,324.12,14,133.55,Hospital
2023-01-08,Omeprazole 20mg (28ct),Gastro,India,123.46,11,52.13,Government Tender
2023-01-08,Loratadine 10mg (14ct),Allergy,USA,429.92,43,151.91,Retail Pharmacy
2023-01-08,Ibuprofen 400mg (30ct),Pain Relief,Japan,98.49,17,35.5,Hospital
2023-01-08,Insulin Glargine Pen,Diabetes Care,Brazil,3354.97,49,1561.94,Government Tender
2023-01-08,Atorvastatin 20mg (30ct),Cardiovascular,Germany,186.97,11,81.36,Retail Pharmacy
2023-01-09,Loratadine 10mg (14ct),Allergy,Germany,118.08,14,48.2,Government Tender
2023-01-09,Salbutamol Inhaler,Respiratory,Brazil,524.56,23,212.45,Government Tender
2023-01-09,Atorvastatin 20mg (30ct),Cardiovascular,Japan,989.23,57,393.84,Retail Pharmacy
2023-01-09,Salbutamol Inhaler,Respiratory,UK,577.4,30,277.38,Government Tender
2023-01-09,Amoxicillin 500mg (20ct),Antibiotics,Germany,188.85,13,77.52,Hospital
2023-01-09,Ibuprofen 400mg (30ct),Pain Relief,Brazil,163.95,27,57.26,Retail Pharmacy
2023-01-09,Multivitamin Complex,Supplements,India,142.57,9,51.63,Retail Pharmacy
2023-01-09,Salbutamol Inhaler,Respiratory,Brazil,926.15,44,415.99,Hospital
2023-01-09,Ibuprofen 400mg (30ct),Pain Relief,UK,262.65,42,87.46,Retail Pharmacy
2023-01-10,Loratadine 10mg (14ct),Allergy,Germany,329.46,32,111.74,Government Tender
2023-01-10,Loratadine 10mg (14ct),Allergy,Germany,276.9,33,112.06,Retail Pharmacy
2023-01-10,Ibuprofen 400mg (30ct),Pain Relief,Brazil,172.87,31,66.66,Hospital
2023-01-10,Salbutamol Inhaler,Respiratory,Brazil,338.29,16,152.71,Retail Pharmacy
2023-01-10,Salbutamol Inhaler,Respiratory,India,168.81,7,61.53,Retail Pharmacy
2023-01-10,Loratadine 10mg (14ct),Allergy,UK,124.91,13,45.0,Government Tender
2023-01-10,Omeprazole 20mg (28ct),Gastro,Brazil,189.48,16,75.18,Retail Pharmacy
2023-01-10,Salbutamol Inhaler,Respiratory,UK,426.98,18,166.43,Retail Pharmacy
2023-01-10,Multivitamin Complex,Supplements,USA,121.03,8,42.01,Retail Pharmacy
2023-01-11,Salbutamol Inhaler,Respiratory,Germany,808.34,34,304.47,Hospital
2023-01-11,Insulin Glargine Pen,Diabetes Care,Germany,1405.94,24,766.86,Government Tender
2023-01-11,Multivitamin Complex,Supplements,Brazil,495.31,32,179.1,Retail Pharmacy
2023-01-11,Ibuprofen 400mg (30ct),Pain Relief,Germany,149.35,22,47.17,Government Tender
2023-01-11,Amoxicillin 500mg (20ct),Antibiotics,USA,229.7,19,111.72,Retail Pharmacy
2023-01-11,Atorvastatin 20mg (30ct),Cardiovascular,UK,975.1,50,344.03,Government Tender
2023-01-12,Atorvastatin 20mg (30ct),Cardiovascular,USA,441.64,24,170.98,Government Tender
2023-01-12,Ibuprofen 400mg (30ct),Pain Relief,UK,155.68,22,45.07,Retail Pharmacy
2023-01-12,Omeprazole 20mg (28ct),Gastro,Brazil,792.73,58,276.21,Government Tender
2023-01-12,Loratadine 10mg (14ct),Allergy,USA,55.13,6,19.74,Hospital
2023-01-12,Ibuprofen 400mg (30ct),Pain Relief,UK,163.44,29,58.73,Hospital
2023-01-12,Loratadine 10mg (14ct),Allergy,Germany,172.57,19,64.93,Retail Pharmacy
2023-01-12,Omeprazole 20mg (28ct),Gastro,India,151.2,12,60.41,Hospital
2023-01-12,Ibuprofen 400mg (30ct),Pain Relief,Germany,172.07,25,50.33,Government Tender
2023-01-13,Ibuprofen 400mg (30ct),Pain Relief,UK,198.94,31,67.27,Retail Pharmacy
2023-01-13,Ibuprofen 400mg (30ct),Pain Relief,Japan,42.7,7,14.07,Retail Pharmacy
2023-01-13,Omeprazole 20mg (28ct),Gastro,UK,766.74,66,313.58,Hospital
2023-01-13,Ibuprofen 400mg (30ct),Pain Relief,Brazil,111.39,19,41.12,Retail Pharmacy
2023-01-13,Amoxicillin 500mg (20ct),Antibiotics,UK,93.61,7,39.89,Retail Pharmacy
2023-01-13,Multivitamin Complex,Supplements,Germany,554.63,34,185.26,Retail Pharmacy
2023-01-13,Atorvastatin 20mg (30ct),Cardiovascular,USA,274.61,16,114.09,Hospital
2023-01-13,Salbutamol Inhaler,Respiratory,Japan,161.19,7,64.31,Retail Pharmacy
2023-01-13,Atorvastatin 20mg (30ct),Cardiovascular,Brazil,235.89,12,88.87,Hospital
2023-01-13,Loratadine 10mg (14ct),Allergy,Brazil,41.67,4,13.69,Retail Pharmacy
2023-01-13,Omeprazole 20mg (28ct),Gastro,USA,211.63,18,90.1,Retail Pharmacy
2023-01-13,Omeprazole 20mg (28ct),Gastro,UK,348.47,28,133.83,Government Tender
2023-01-14,Omeprazole 20mg (28ct),Gastro,India,299.87,27,132.14,Retail Pharmacy
2023-01-14,Multivitamin Complex,Supplements,USA,502.25,32,179.89,Retail Pharmacy
2023-01-14,Amoxicillin 500mg (20ct),Antibiotics,India,255.06,19,113.1,Retail Pharmacy
2023-01-14,Insulin Glargine Pen,Diabetes Care,UK,2358.35,37,1123.89,Government Tender
2023-01-14,Multivitamin Complex,Supplements,Germany,447.45,30,156.89,Government Tender
2023-01-14,Loratadine 10mg (14ct),Allergy,Japan,129.25,13,44.25,Retail Pharmacy
2023-01-15,Ibuprofen 400mg (30ct),Pain Relief,USA,52.93,9,18.33,Retail Pharmacy
2023-01-15,Amoxicillin 500mg (20ct),Antibiotics,Brazil,38.57,3,16.57,Hospital
2023-01-15,Salbutamol Inhaler,Respiratory,Japan,730.44,30,264.69,Retail Pharmacy
2023-01-15,Omeprazole 20mg (28ct),Gastro,Brazil,253.03,21,102.41,Hospital
2023-01-15,Multivitamin Complex,Supplements,India,154.16,10,55.32,Hospital
2023-01-15,Insulin Glargine Pen,Diabetes Care,India,248.79,4,119.9,Retail Pharmacy
2023-01-15,Ibuprofen 400mg (30ct),Pain Relief,Japan,191.77,28,58.68,Hospital
2023-01-15,Omeprazole 20mg (28ct),Gastro,India,100.25,9,42.15,Government Tender
2023-01-15,Loratadine 10mg (14ct),Allergy,India,219.92,22,71.23,Hospital
2023-01-16,Amoxicillin 500mg (20ct),Antibiotics,Japan,458.07,33,196.78,Retail Pharmacy
2023-01-16,Ibuprofen 400mg (30ct),Pain Relief,India,130.36,19,40.14,Retail Pharmacy
2023-01-16,Omeprazole 20mg (28ct),Gastro,Japan,197.06,15,70.33,Retail Pharmacy
2023-01-16,Loratadine 10mg (14ct),Allergy,UK,197.12,20,66.73,Retail Pharmacy
2023-01-16,Insulin Glargine Pen,Diabetes Care,UK,1717.14,24,775.71,Retail Pharmacy
2023-01-16,Amoxicillin 500mg (20ct),Antibiotics,USA,670.24,43,259.08,Government Tender
2023-01-16,Salbutamol Inhaler,Respiratory,UK,1055.89,43,387.23,Retail Pharmacy
2023-01-16,Salbutamol Inhaler,Respiratory,Brazil,133.28,6,57.28,Retail Pharmacy
2023-01-16,Insulin Glargine Pen,Diabetes Care,UK,636.16,10,295.15,Retail Pharmacy
2023-01-16,Ibuprofen 400mg (30ct),Pain Relief,Germany,75.49,13,28.32,Government Tender
2023-01-16,Ibuprofen 400mg (30ct),Pain Relief,UK,56.44,8,17.58,Hospital
2023-01-16,Salbutamol Inhaler,Respiratory,USA,850.18,44,397.26,Government Tender
2023-01-16,Omeprazole 20mg (28ct),Gastro,Japan,132.73,10,46.66,Government Tender
2023-01-17,Ibuprofen 400mg (30ct),Pain Relief,Germany,244.1,39,84.13,Retail Pharmacy
2023-01-17,Atorvastatin 20mg (30ct),Cardiovascular,UK,721.89,36,256.85,Government Tender
2023-01-17,Atorvastatin 20mg (30ct),Cardiovascular,Brazil,344.19,18,129.35,Government Tender
2023-01-17,Loratadine 10mg (14ct),Allergy,UK,331.38,39,131.03,Government Tender
2023-01-17,Omeprazole 20mg (28ct),Gastro,Japan,237.3,21,104.21,Hospital
2023-01-17,Omeprazole 20mg (28ct),Gastro,India,184.89,17,79.89,Retail Pharmacy
2023-01-17,Atorvastatin 20mg (30ct),Cardiovascular,UK,440.55,27,196.3,Hospital
2023-01-17,Atorvastatin 20mg (30ct),Cardiovascular,India,335.92,20,147.47,Government Tender
2023-01-17,Atorvastatin 20mg (30ct),Cardiovascular,Germany,836.33,51,382.75,Retail Pharmacy
2023-01-17,Salbutamol Inhaler,Respiratory,USA,372.84,18,161.72,Government Tender
2023-01-18,Ibuprofen 400mg (30ct),Pain Relief,USA,313.72,47,95.09,Hospital
2023-01-18,Omeprazole 20mg (28ct),Gastro,UK,203.98,15,72.14,Hospital
2023-01-18,Loratadine 10mg (14ct),Allergy,UK,159.75,19,64.02,Government Tender
2023-01-18,Loratadine 10mg (14ct),Allergy,Germany,144.82,17,55.88,Retail Pharmacy
2023-01-18,Ibuprofen 400mg (30ct),Pain Relief,USA,103.83,17,35.0,Retail Pharmacy
2023-01-18,Multivitamin Complex,Supplements,Germany,564.56,38,202.64,Retail Pharmacy
2023-01-18,Omeprazole 20mg (28ct),Gastro,Brazil,457.15,37,179.12,Retail Pharmacy
2023-01-18,Insulin Glargine Pen,Diabetes Care,Japan,248.16,4,119.16,Retail Pharmacy
2023-01-18,Amoxicillin 500mg (20ct),Antibiotics,Germany,346.85,24,139.03,Hospital
2023-01-18,Ibuprofen 400mg (30ct),Pain Relief,Japan,101.13,16,34.98,Government Tender
2023-01-18,Multivitamin Complex,Supplements,India,166.83,13,72.28,Hospital
2023-01-18,Salbutamol Inhaler,Respiratory,UK,719.58,31,277.31,Retail Pharmacy
2023-01-18,Amoxicillin 500mg (20ct),Antibiotics,Japan,204.28,15,86.06,Government Tender
2023-01-19,Insulin Glargine Pen,Diabetes Care,UK,2025.13,29,861.31,Hospital
2023-01-19,Insulin Glargine Pen,Diabetes Care,USA,719.87,10,310.41,Government Tender
2023-01-19,Loratadine 10mg (14ct),Allergy,UK,411.83,39,128.76,Retail Pharmacy
2023-01-19,Multivitamin Complex,Supplements,UK,203.58,13,71.67,Hospital
2023-01-19,Salbutamol Inhaler,Respiratory,UK,366.43,18,157.64,Retail Pharmacy
2023-01-19,Atorvastatin 20mg (30ct),Cardiovascular,Japan,667.02,33,243.97,Hospital
2023-01-19,Insulin Glargine Pen,Diabetes Care,Brazil,1554.63,22,658.08,Government Tender
2023-01-19,Atorvastatin 20mg (30ct),Cardiovascular,Germany,546.14,32,227.01,Hospital
2023-01-19,Omeprazole 20mg (28ct),Gastro,UK,220.05,20,100.98,Government Tender
2023-01-19,Salbutamol Inhaler,Respiratory,Germany,623.18,32,284.0,Retail Pharmacy
2023-01-20,Salbutamol Inhaler,Respiratory,Japan,1736.04,78,689.71,Retail Pharmacy
2023-01-20,Amoxicillin 500mg (20ct),Antibiotics,Japan,280.1,22,132.67,Government Tender
2023-01-20,Atorvastatin 20mg (30ct),Cardiovascular,Japan,323.42,17,117.04,Hospital
2023-01-21,Insulin Glargine Pen,Diabetes Care,Brazil,290.81,5,156.28,Hospital
2023-01-21,Insulin Glargine Pen,Diabetes Care,Germany,2779.92,38,1228.81,Hospital
2023-01-21,Loratadine 10mg (14ct),Allergy,Brazil,151.68,15,49.62,Government Tender
2023-01-21,Ibuprofen 400mg (30ct),Pain Relief,India,246.41,36,73.03,Retail Pharmacy
2023-01-21,Omeprazole 20mg (28ct),Gastro,UK,141.31,13,61.22,Government Tender
2023-01-21,Amoxicillin 500mg (20ct),Antibiotics,Japan,395.1,30,176.73,Retail Pharmacy
2023-01-22,Atorvastatin 20mg (30ct),Cardiovascular,UK,407.86,22,155.66,Government Tender
2023-01-22,Omeprazole 20mg (28ct),Gastro,India,631.87,54,254.33,Government Tender
2023-01-22,Insulin Glargine Pen,Diabetes Care,USA,1196.47,19,608.73,Hospital
2023-01-22,Loratadine 10mg (14ct),Allergy,Brazil,129.51,13,45.64,Retail Pharmacy
2023-01-22,Ibuprofen 400mg (30ct),Pain Relief,USA,249.76,38,82.67,Government Tender
2023-01-22,Loratadine 10mg (14ct),Allergy,India,454.95,50,174.87,Hospital
2023-01-22,Atorvastatin 20mg (30ct),Cardiovascular,Germany,99.41,5,35.65,Hospital
2023-01-22,Atorvastatin 20mg (30ct),Cardiovascular,Germany,251.77,14,100.05,Retail Pharmacy
2023-01-22,Salbutamol Inhaler,Respiratory,Germany,260.33,12,111.03,Hospital
2023-01-22,Insulin Glargine Pen,Diabetes Care,Germany,1366.01,20,595.31,Retail Pharmacy
2023-01-23,Ibuprofen 400mg (30ct),Pain Relief,Brazil,42.1,6,12.49,Government Tender
2023-01-23,Loratadine 10mg (14ct),Allergy,Germany,146.37,16,51.78,Government Tender
2023-01-23,Amoxicillin 500mg (20ct),Antibiotics,UK,214.61,17,101.66,Government Tender
2023-01-23,Amoxicillin 500mg (20ct),Antibiotics,USA,129.61,9,53.13,Government Tender
2023-01-23,Amoxicillin 500mg (20ct),Antibiotics,Brazil,250.79,18,109.55,Government Tender
2023-01-23,Atorvastatin 20mg (30ct),Cardiovascular,India,290.39,17,120.55,Retail Pharmacy
2023-01-23,Salbutamol Inhaler,Respiratory,India,959.7,40,369.59,Hospital
2023-01-23,Amoxicillin 500mg (20ct),Antibiotics,India,328.04,23,137.59,Government Tender
2023-01-24,Salbutamol Inhaler,Respiratory,Japan,1022.83,44,383.86,Retail Pharmacy
2023-01-24,Salbutamol Inhaler,Respiratory,India,709.69,37,346.68,Retail Pharmacy
2023-01-24,Ibuprofen 400mg (30ct),Pain Relief,USA,245.68,35,72.01,Hospital
2023-01-24,Multivitamin Complex,Supplements,Japan,69.76,5,28.73,Hospital
2023-01-24,Multivitamin Complex,Supplements,Brazil,404.49,25,142.78,Government Tender
2023-01-24,Atorvastatin 20mg (30ct),Cardiovascular,UK,271.47,15,104.04,Retail Pharmacy
2023-01-24,Amoxicillin 500mg (20ct),Antibiotics,Germany,70.58,5,30.21,Hospital
2023-01-24,Multivitamin Complex,Supplements,USA,452.34,28,153.43,Government Tender
2023-01-25,Atorvastatin 20mg (30ct),Cardiovascular,Brazil,117.38,7,52.58,Government Tender
2023-01-25,Amoxicillin 500mg (20ct),Antibiotics,Japan,144.63,10,58.85,Government Tender
2023-01-25,Salbutamol Inhaler,Respiratory,USA,787.14,36,314.15,Government Tender
2023-01-25,Multivitamin Complex,Supplements,Japan,562.76,36,197.85,Government Tender
2023-01-25,Multivitamin Complex,Supplements,Brazil,606.0,37,206.07,Hospital
2023-01-25,Insulin Glargine Pen,Diabetes Care,Brazil,993.47,14,439.48,Hospital
2023-01-25,Loratadine 10mg (14ct),Allergy,India,194.41,20,67.4,Retail Pharmacy
2023-01-25,Ibuprofen 400mg (30ct),Pain Relief,Japan,80.53,13,28.01,Retail Pharmacy
2023-01-25,Multivitamin Complex,Supplements,Germany,524.01,35,198.85,Government Tender
2023-01-25,Insulin Glargine Pen,Diabetes Care,Brazil,1101.06,18,564.48,Government Tender
2023-01-25,Amoxicillin 500mg (20ct),Antibiotics,Brazil,698.55,50,304.04,Government Tender
2023-01-25,Multivitamin Complex,Supplements,UK,519.4,32,175.54,Hospital
2023-01-26,Amoxicillin 500mg (20ct),Antibiotics,Japan,351.68,24,143.81,Government Tender
2023-01-26,Loratadine 10mg (14ct),Allergy,UK,204.43,22,71.29,Hospital
2023-01-26,Atorvastatin 20mg (30ct),Cardiovascular,India,96.72,5,36.73,Government Tender
2023-01-26,Multivitamin Complex,Supplements,India,403.84,28,158.74,Hospital
2023-01-26,Atorvastatin 20mg (30ct),Cardiovascular,Germany,770.82,45,334.72,Government Tender
2023-01-26,Loratadine 10mg (14ct),Allergy,UK,192.53,18,63.65,Hospital
2023-01-26,Amoxicillin 500mg (20ct),Antibiotics,UK,412.35,31,175.19,Government Tender
2023-01-26,Salbutamol Inhaler,Respiratory,UK,293.09,12,107.64,Hospital
2023-01-26,Loratadine 10mg (14ct),Allergy,Germany,220.95,25,82.06,Hospital
2023-01-26,Salbutamol Inhaler,Respiratory,UK,669.89,29,269.57,Hospital
2023-01-26,Atorvastatin 20mg (30ct),Cardiovascular,USA,531.31,27,189.01,Government Tender
2023-01-26,Salbutamol Inhaler,Respiratory,Germany,171.75,9,81.99,Government Tender
2023-01-26,Amoxicillin 500mg (20ct),Antibiotics,Japan,584.81,38,220.15,Government Tender
2023-01-26,Insulin Glargine Pen,Diabetes Care,UK,1800.61,25,784.3,Retail Pharmacy
2023-01-27,Ibuprofen 400mg (30ct),Pain Relief,Japan,214.99,33,68.5,Hospital
2023-01-27,Ibuprofen 400mg (30ct),Pain Relief,Germany,66.75,12,24.38,Retail Pharmacy
2023-01-27,Insulin Glargine Pen,Diabetes Care,USA,1016.48,15,476.28,Hospital
2023-01-27,Loratadine 10mg (14ct),Allergy,Japan,146.21,14,48.91,Retail Pharmacy
2023-01-27,Atorvastatin 20mg (30ct),Cardiovascular,UK,811.86,46,333.35,Retail Pharmacy
2023-01-27,Ibuprofen 400mg (30ct),Pain Relief,Germany,71.18,11,22.28,Government Tender
2023-01-27,Multivitamin Complex,Supplements,Brazil,611.11,41,225.19,Hospital
2023-01-27,Omeprazole 20mg (28ct),Gastro,India,54.36,5,25.56,Retail Pharmacy
2023-01-27,Omeprazole 20mg (28ct),Gastro,Japan,167.52,13,62.13,Retail Pharmacy
2023-01-27,Omeprazole 20mg (28ct),Gastro,India,258.26,19,93.11,Retail Pharmacy
2023-01-27,Loratadine 10mg (14ct),Allergy,USA,234.9,24,82.61,Government Tender
2023-01-28,Ibuprofen 400mg (30ct),Pain Relief,Germany,53.11,8,17.27,Government Tender
2023-01-28,Atorvastatin 20mg (30ct),Cardiovascular,India,185.27,10,74.44,Hospital
2023-01-28,Ibuprofen 400mg (30ct),Pain Relief,USA,144.32,21,44.26,Retail Pharmacy
2023-01-28,Atorvastatin 20mg (30ct),Cardiovascular,Germany,259.06,16,115.35,Hospital
2023-01-28,Insulin Glargine Pen,Diabetes Care,USA,404.0,6,187.74,Retail Pharmacy
2023-01-28,Amoxicillin 500mg (20ct),Antibiotics,Germany,275.54,21,116.0,Retail Pharmacy
2023-01-28,Multivitamin Complex,Supplements,Germany,434.61,31,162.1,Hospital
2023-01-28,Insulin Glargine Pen,Diabetes Care,UK,832.36,12,376.58,Government Tender
2023-01-28,Salbutamol Inhaler,Respiratory,USA,567.32,24,228.5,Hospital
2023-01-29,Loratadine 10mg (14ct),Allergy,Japan,241.26,24,85.53,Hospital
2023-01-29,Loratadine 10mg (14ct),Allergy,Brazil,328.48,36,124.63,Hospital
2023-01-29,Ibuprofen 400mg (30ct),Pain Relief,Brazil,188.64,34,73.23,Hospital
2023-01-29,Amoxicillin 500mg (20ct),Antibiotics,Brazil,159.69,13,77.71,Government Tender
2023-01-29,Amoxicillin 500mg (20ct),Antibiotics,Germany,261.73,19,113.53,Government Tender
2023-01-29,Multivitamin Complex,Supplements,USA,131.03,10,54.56,Hospital
2023-01-29,Loratadine 10mg (14ct),Allergy,Japan,313.72,35,121.89,Government Tender
2023-01-29,Omeprazole 20mg (28ct),Gastro,India,235.36,19,94.32,Government Tender
2023-01-29,Loratadine 10mg (14ct),Allergy,USA,204.18,19,66.44,Government Tender
2023-01-30,Amoxicillin 500mg (20ct),Antibiotics,Germany,294.54,19,115.41,Government Tender
2023-01-30,Insulin Glargine Pen,Diabetes Care,USA,967.05,14,447.99,Hospital
2023-01-30,Multivitamin Complex,Supplements,Japan,258.05,19,101.8,Hospital
2023-01-30,Insulin Glargine Pen,Diabetes Care,Germany,3642.94,51,1655.76,Hospital
2023-01-30,Ibuprofen 400mg (30ct),Pain Relief,Germany,197.31,28,55.98,Government Tender
2023-01-30,Amoxicillin 500mg (20ct),Antibiotics,USA,205.85,16,95.18,Retail Pharmacy
2023-01-30,Multivitamin Complex,Supplements,India,237.55,15,85.68,Hospital
2023-01-30,Atorvastatin 20mg (30ct),Cardiovascular,Japan,163.42,8,56.2,Government Tender
2023-01-30,Salbutamol Inhaler,Respiratory,UK,1030.52,46,416.64,Hospital
2023-01-31,Omeprazole 20mg (28ct),Gastro,Germany,266.29,23,116.2,Hospital
2023-01-31,Multivitamin Complex,Supplements,Germany,96.41,7,36.83,Government Tender
2023-01-31,Atorvastatin 20mg (30ct),Cardiovascular,Brazil,188.38,10,68.59,Retail Pharmacy
2023-01-31,Multivitamin Complex,Supplements,Germany,388.99,28,151.33,Government Tender
2023-01-31,Amoxicillin 500mg (20ct),Antibiotics,India,74.09,6,36.03,Hospital
2023-01-31,Insulin Glargine Pen,Diabetes Care,Brazil,2439.77,37,1147.04,Retail Pharmacy
2023-01-31,Loratadine 10mg (14ct),Allergy,Japan,163.33,16,52.58,Government Tender
2023-01-31,Insulin Glargine Pen,Diabetes Care,India,1190.91,16,520.02,Hospital
2023-01-31,Salbutamol Inhaler,Respiratory,Brazil,676.89,32,289.92,Government Tender
2023-01-31,Insulin Glargine Pen,Diabetes Care,Japan,556.21,9,291.54,Hospital
2023-01-31,Omeprazole 20mg (28ct),Gastro,Japan,279.13,25,117.59,Government Tender
2023-01-31,Atorvastatin 20mg (30ct),Cardiovascular,Brazil,590.83,29,208.35,Government Tender
2023-02-01,Insulin Glargine Pen,Diabetes Care,USA,778.48,13,393.24,Government Tender
2023-02-01,Omeprazole 20mg (28ct),Gastro,Brazil,276.5,22,104.46,Retail Pharmacy
2023-02-01,Loratadine 10mg (14ct),Allergy,Brazil,335.03,39,126.41,Retail Pharmacy
2023-02-01,Atorvastatin 20mg (30ct),Cardiovascular,Japan,149.38,9,63.25,Hospital
2023-02-01,Insulin Glargine Pen,Diabetes Care,USA,885.85,13,398.52,Government Tender
2023-02-01,Atorvastatin 20mg (30ct),Cardiovascular,India,973.05,59,437.28,Government Tender
2023-02-02,Salbutamol Inhaler,Respiratory,Germany,987.75,41,360.39,Retail Pharmacy
2023-02-02,Ibuprofen 400mg (30ct),Pain Relief,USA,75.6,12,25.99,Retail Pharmacy
2023-02-02,Ibuprofen 400mg (30ct),Pain Relief,India,254.46,41,86.87,Hospital
2023-02-02,Loratadine 10mg (14ct),Allergy,UK,387.24,45,150.47,Government Tender
2023-02-02,Insulin Glargine Pen,Diabetes Care,UK,1349.91,22,659.81,Government Tender
2023-02-02,Amoxicillin 500mg (20ct),Antibiotics,India,222.19,15,85.79,Government Tender
2023-02-02,Loratadine 10mg (14ct),Allergy,Japan,55.32,6,20.02,Government Tender
2023-02-02,Atorvastatin 20mg (30ct),Cardiovascular,Germany,800.86,47,340.73,Government Tender
2023-02-02,Insulin Glargine Pen,Diabetes Care,Brazil,1264.02,17,549.38,Retail Pharmacy
2023-02-02,Omeprazole 20mg (28ct),Gastro,USA,274.55,23,108.63,Retail Pharmacy
2023-02-02,Ibuprofen 400mg (30ct),Pain Relief,Brazil,161.63,27,58.87,Hospital
2023-02-02,Atorvastatin 20mg (30ct),Cardiovascular,India,279.36,14,96.61,Government Tender
2023-02-02,Insulin Glargine Pen,Diabetes Care,Japan,483.46,8,255.97,Retail Pharmacy
2023-02-03,Amoxicillin 500mg (20ct),Antibiotics,India,306.29,24,132.82,Retail Pharmacy
2023-02-03,Multivitamin Complex,Supplements,Brazil,210.62,14,79.56,Retail Pharmacy
2023-02-03,Atorvastatin 20mg (30ct),Cardiovascular,UK,175.0,10,71.24,Hospital
2023-02-03,Salbutamol Inhaler,Respiratory,Japan,705.81,35,320.26,Government Tender
2023-02-03,Atorvastatin 20mg (30ct),Cardiovascular,Brazil,148.73,9,67.3,Hospital
2023-02-03,Salbutamol Inhaler,Respiratory,Germany,192.42,9,78.99,Government Tender
2023-02-03,Amoxicillin 500mg (20ct),Antibiotics,UK,206.41,15,86.07,Government Tender
2023-02-04,Ibuprofen 400mg (30ct),Pain Relief,UK,581.85,82,164.37,Government Tender
2023-02-04,Salbutamol Inhaler,Respiratory,Germany,617.07,27,247.48,Retail Pharmacy
2023-02-04,Amoxicillin 500mg (20ct),Antibiotics,Japan,735.27,49,284.01,Hospital
2023-02-04,Omeprazole 20mg (28ct),Gastro,Brazil,60.03,5,25.17,Retail Pharmacy
2023-02-04,Salbutamol Inhaler,Respiratory,UK,455.26,19,169.35,Government Tender
2023-02-04,Atorvastatin 20mg (30ct),Cardiovascular,UK,277.51,15,106.12,Hospital
2023-02-04,Atorvastatin 20mg (30ct),Cardiovascular,Brazil,242.27,13,96.97,Retail Pharmacy
2023-02-04,Multivitamin Complex,Supplements,Japan,305.34,21,112.88,Retail Pharmacy
2023-02-04,Amoxicillin 500mg (20ct),Antibiotics,UK,237.43,16,89.84,Government Tender
2023-02-05,Salbutamol Inhaler,Respiratory,UK,409.33,19,173.64,Government Tender
2023-02-05,Salbutamol Inhaler,Respiratory,UK,130.58,6,56.09,Hospital
2023-02-05,Multivitamin Complex,Supplements,Japan,276.75,18,99.5,Hospital
2023-02-05,Insulin Glargine Pen,Diabetes Care,UK,1500.25,22,649.38,Hospital
2023-02-05,Atorvastatin 20mg (30ct),Cardiovascular,Japan,739.79,41,294.45,Retail Pharmacy
2023-02-06,Loratadine 10mg (14ct),Allergy,UK,384.37,39,131.29,Hospital
2023-02-06,Salbutamol Inhaler,Respiratory,Germany,168.3,8,74.58,Retail Pharmacy
2023-02-06,Ibuprofen 400mg (30ct),Pain Relief,Brazil,149.52,22,45.31,Retail Pharmacy
2023-02-06,Salbutamol Inhaler,Respiratory,Brazil,327.5,15,141.97,Government Tender
2023-02-06,Loratadine 10mg (14ct),Allergy,Japan,149.52,15,49.66,Hospital
2023-02-06,Salbutamol Inhaler,Respiratory,USA,684.88,32,289.32,Hospital
2023-02-06,Salbutamol Inhaler,Respiratory,Japan,1405.38,66,626.06,Government Tender
2023-02-06,Omeprazole 20mg (28ct),Gastro,Germany,54.13,4,19.91,Government Tender
2023-02-06,Amoxicillin 500mg (20ct),Antibiotics,India,139.99,11,62.34,Retail Pharmacy
2023-02-07,Multivitamin Complex,Supplements,India,395.77,30,162.01,Retail Pharmacy
2023-02-07,Loratadine 10mg (14ct),Allergy,UK,179.27,18,60.36,Retail Pharmacy
2023-02-07,Atorvastatin 20mg (30ct),Cardiovascular,Germany,197.98,12,82.61,Retail Pharmacy
2023-02-07,Ibuprofen 400mg (30ct),Pain Relief,India,103.56,16,34.62,Retail Pharmacy
2023-02-07,Loratadine 10mg (14ct),Allergy,UK,301.79,29,98.77,Government Tender
2023-02-07,Ibuprofen 400mg (30ct),Pain Relief,UK,161.49,24,50.75,Retail Pharmacy
2023-02-07,Ibuprofen 400mg (30ct),Pain Relief,UK,154.1,25,55.04,Retail Pharmacy
2023-02-07,Amoxicillin 500mg (20ct),Antibiotics,Germany,438.35,29,168.05,Government Tender
2023-02-07,Insulin Glargine Pen,Diabetes Care,UK,2683.61,46,1395.07,Retail Pharmacy
2023-02-07,Ibuprofen 400mg (30ct),Pain Relief,Brazil,233.84,41,89.23,Hospital
2023-02-08,Omeprazole 20mg (28ct),Gastro,Brazil,196.0,18,85.57,Hospital
2023-02-08,Amoxicillin 500mg (20ct),Antibiotics,Brazil,388.33,27,155.84,Retail Pharmacy
2023-02-08,Atorvastatin 20mg (30ct),Cardiovascular,USA,310.25,15,107.95,Government Tender
2023-02-08,Salbutamol Inhaler,Respiratory,UK,538.63,26,226.66,Retail Pharmacy
2023-02-08,Multivitamin Complex,Supplements,Germany,459.08,32,170.49,Hospital
2023-02-08,Amoxicillin 500mg (20ct),Antibiotics,Japan,545.95,45,268.07,Government Tender
2023-02-08,Omeprazole 20mg (28ct),Gastro,Germany,167.45,13,61.78,Government Tender
2023-02-08,Atorvastatin 20mg (30ct),Cardiovascular,Brazil,574.64,31,231.28,Hospital
2023-02-08,Amoxicillin 500mg (20ct),Antibiotics,Germany,193.16,14,84.6,Hospital
2023-02-08,Loratadine 10mg (14ct),Allergy,Japan,204.77,20,65.3,Government Tender
2023-02-08,Ibuprofen 400mg (30ct),Pain Relief,USA,113.89,20,40.38,Hospital
2023-02-09,Salbutamol Inhaler,Respiratory,USA,380.49,18,170.86,Government Tender
2023-02-09,Loratadine 10mg (14ct),Allergy,UK,377.46,36,121.25,Government Tender
2023-02-09,Ibuprofen 400mg (30ct),Pain Relief,Germany,139.28,21,45.87,Hospital
2023-02-09,Ibuprofen 400mg (30ct),Pain Relief,Japan,65.74,10,20.8,Retail Pharmacy
2023-02-10,Atorvastatin 20mg (30ct),Cardiovascular,USA,274.68,15,106.99,Retail Pharmacy
2023-02-10,Insulin Glargine Pen,Diabetes Care,India,820.96,13,397.53,Hospital
2023-02-10,Multivitamin Complex,Supplements,India,651.59,40,223.53,Hospital
2023-02-10,Amoxicillin 500mg (20ct),Antibiotics,USA,147.06,10,56.75,Retail Pharmacy
2023-02-10,Omeprazole 20mg (28ct),Gastro,Germany,189.08,16,76.82,Government Tender
2023-02-10,Salbutamol Inhaler,Respiratory,UK,460.63,23,203.76,Hospital
2023-02-10,Multivitamin Complex,Supplements,Germany,550.07,34,182.15,Government Tender
2023-02-10,Multivitamin Complex,Supplements,USA,374.77,27,150.19,Government Tender
2023-02-10,Ibuprofen 400mg (30ct),Pain Relief,Japan,148.78,22,44.11,Retail Pharmacy
2023-02-10,Ibuprofen 400mg (30ct),Pain Relief,Germany,133.57,22,44.47,Government Tender
2023-02-11,Multivitamin Complex,Supplements,India,389.56,29,153.47,Government Tender
2023-02-11,Loratadine 10mg (14ct),Allergy,India,513.78,58,201.26,Government Tender
2023-02-11,Omeprazole 20mg (28ct),Gastro,UK,368.06,27,128.07,Government Tender
2023-02-11,Ibuprofen 400mg (30ct),Pain Relief,UK,84.55,12,25.71,Government Tender
2023-02-11,Insulin Glargine Pen,Diabetes Care,UK,2964.33,43,1287.59,Government Tender
2023-02-11,Atorvastatin 20mg (30ct),Cardiovascular,USA,276.12,16,110.33,Government Tender
2023-02-12,Ibuprofen 400mg (30ct),Pain Relief,UK,199.61,35,75.42,Retail Pharmacy
2023-02-12,Atorvastatin 20mg (30ct),Cardiovascular,USA,559.94,28,210.21,Government Tender
2023-02-12,Loratadine 10mg (14ct),Allergy,Brazil,364.03,37,129.49,Hospital
2023-02-12,Omeprazole 20mg (28ct),Gastro,Germany,276.37,21,105.72,Retail Pharmacy
2023-02-12,Loratadine 10mg (14ct),Allergy,Germany,171.89,16,53.55,Retail Pharmacy
2023-02-12,Multivitamin Complex,Supplements,USA,706.78,43,240.57,Government Tender
2023-02-12,Insulin Glargine Pen,Diabetes Care,Brazil,1837.37,25,777.0,Hospital
2023-02-12,Atorvastatin 20mg (30ct),Cardiovascular,Germany,388.96,21,154.12,Hospital
2023-02-12,Multivitamin Complex,Supplements,USA,282.45,18,101.93,Hospital
2023-02-12,Loratadine 10mg (14ct),Allergy,UK,262.59,30,106.46,Government Tender
2023-02-13,Salbutamol Inhaler,Respiratory,India,507.39,26,248.25,Retail Pharmacy
2023-02-13,Amoxicillin 500mg (20ct),Antibiotics,Japan,457.69,35,209.45,Retail Pharmacy
2023-02-13,Salbutamol Inhaler,Respiratory,Japan,757.76,33,309.15,Retail Pharmacy
2023-02-13,Insulin Glargine Pen,Diabetes Care,Germany,2790.53,47,1412.44,Retail Pharmacy
2023-02-13,Omeprazole 20mg (28ct),Gastro,Germany,141.6,12,59.04,Government Tender
2023-02-13,Amoxicillin 500mg (20ct),Antibiotics,Japan,155.78,12,67.72,Hospital
2023-02-13,Ibuprofen 400mg (30ct),Pain Relief,Japan,145.93,24,48.08,Retail Pharmacy
2023-02-14,Multivitamin Complex,Supplements,India,249.01,17,90.95,Government Tender
2023-02-14,Multivitamin Complex,Supplements,Brazil,369.54,24,138.0,Retail Pharmacy
2023-02-14,Ibuprofen 400mg (30ct),Pain Relief,India,233.66,33,71.09,Government Tender
2023-02-14,Atorvastatin 20mg (30ct),Cardiovascular,Germany,605.52,36,248.85,Retail Pharmacy
2023-02-14,Loratadine 10mg (14ct),Allergy,Brazil,202.8,22,77.83,Retail Pharmacy
2023-02-14,Ibuprofen 400mg (30ct),Pain Relief,Brazil,214.57,31,65.24,Retail Pharmacy
2023-02-14,Multivitamin Complex,Supplements,Japan,786.27,48,267.74,Government Tender
2023-02-14,Salbutamol Inhaler,Respiratory,USA,318.05,15,140.19,Retail Pharmacy
2023-02-14,Atorvastatin 20mg (30ct),Cardiovascular,Brazil,16.22,1,7.52,Hospital
2023-02-15,Insulin Glargine Pen,Diabetes Care,India,1957.87,27,871.81,Government Tender
2023-02-15,Ibuprofen 400mg (30ct),Pain Relief,Brazil,119.15,21,42.51,Retail Pharmacy
2023-02-15,Insulin Glargine Pen,Diabetes Care,UK,4124.98,60,1874.29,Government Tender
2023-02-15,Salbutamol Inhaler,Respiratory,UK,660.95,33,302.92,Hospital
2023-02-15,Insulin Glargine Pen,Diabetes Care,UK,709.2,10,294.62,Government Tender
2023-02-15,Omeprazole 20mg (28ct),Gastro,Japan,177.22,14,71.99,Government Tender
2023-02-15,Salbutamol Inhaler,Respiratory,India,371.55,16,148.95,Government Tender
2023-02-15,Loratadine 10mg (14ct),Allergy,UK,159.79,16,52.63,Retail Pharmacy
2023-02-15,Amoxicillin 500mg (20ct),Antibiotics,Japan,247.44,18,104.83,Retail Pharmacy
2023-02-15,Amoxicillin 500mg (20ct),Antibiotics,UK,436.41,32,179.65,Retail Pharmacy
2023-02-15,Omeprazole 20mg (28ct),Gastro,Japan,76.53,6,30.39,Retail Pharmacy
2023-02-15,Amoxicillin 500mg (20ct),Antibiotics,UK,253.15,18,108.38,Hospital
2023-02-15,Salbutamol Inhaler,Respiratory,Germany,406.28,17,160.91,Retail Pharmacy
2023-02-16,Multivitamin Complex,Supplements,Japan,128.86,9,51.44,Hospital
2023-02-16,Loratadine 10mg (14ct),Allergy,USA,293.34,28,98.4,Retail Pharmacy
2023-02-16,Atorvastatin 20mg (30ct),Cardiovascular,UK,508.25,30,209.94,Hospital
2023-02-16,Salbutamol Inhaler,Respiratory,Germany,492.21,25,220.04,Government Tender
2023-02-16,Loratadine 10mg (14ct),Allergy,UK,359.31,35,115.13,Retail Pharmacy
2023-02-16,Atorvastatin 20mg (30ct),Cardiovascular,Brazil,751.69,45,308.57,Retail Pharmacy
2023-02-16,Amoxicillin 500mg (20ct),Antibiotics,Germany,265.38,19,113.98,Hospital
2023-02-16,Multivitamin Complex,Supplements,Japan,374.18,27,143.41,Retail Pharmacy
2023-02-16,Ibuprofen 400mg (30ct),Pain Relief,USA,263.85,44,96.66,Government Tender
2023-02-16,Loratadine 10mg (14ct),Allergy,India,577.34,56,199.26,Retail Pharmacy
2023-02-16,Ibuprofen 400mg (30ct),Pain Relief,USA,160.46,24,51.76,Government Tender
2023-02-16,Atorvastatin 20mg (30ct),Cardiovascular,Brazil,411.95,20,148.16,Retail Pharmacy
2023-02-16,Multivitamin Complex,Supplements,USA,153.01,10,52.9,Government Tender
2023-02-17,Omeprazole 20mg (28ct),Gastro,Germany,150.05,13,61.46,Government Tender
2023-02-17,Salbutamol Inhaler,Respiratory,Brazil,523.12,26,228.18,Retail Pharmacy
2023-02-17,Ibuprofen 400mg (30ct),Pain Relief,India,141.18,24,50.94,Government Tender
2023-02-17,Atorvastatin 20mg (30ct),Cardiovascular,USA,579.47,32,229.04,Retail Pharmacy
2023-02-17,Salbutamol Inhaler,Respiratory,Japan,403.36,19,173.46,Government Tender
2023-02-17,Amoxicillin 500mg (20ct),Antibiotics,Germany,356.49,26,143.29,Retail Pharmacy
2023-02-17,Atorvastatin 20mg (30ct),Cardiovascular,India,212.64,12,89.64,Hospital
2023-02-17,Ibuprofen 400mg (30ct),Pain Relief,Brazil,743.6,122,248.04,Government Tender
2023-02-17,Amoxicillin 500mg (20ct),Antibiotics,Germany,111.39,9,50.54,Hospital
2023-02-18,Omeprazole 20mg (28ct),Gastro,UK,365.14,27,126.9,Retail Pharmacy
2023-02-18,Multivitamin Complex,Supplements,Germany,287.43,22,118.8,Retail Pharmacy
2023-02-18,Amoxicillin 500mg (20ct),Antibiotics,USA,220.73,18,103.34,Government Tender
2023-02-18,Loratadine 10mg (14ct),Allergy,Germany,417.98,41,145.54,Hospital
2023-02-18,Amoxicillin 500mg (20ct),Antibiotics,Brazil,402.17,26,157.75,Government Tender
2023-02-18,Multivitamin Complex,Supplements,Germany,99.83,7,38.94,Government Tender
2023-02-18,Ibuprofen 400mg (30ct),Pain Relief,UK,39.96,7,14.03,Hospital
2023-02-19,Insulin Glargine Pen,Diabetes Care,Japan,1725.96,26,772.6,Hospital
2023-02-19,Amoxicillin 500mg (20ct),Antibiotics,UK,311.35,21,127.1,Hospital
2023-02-19,Atorvastatin 20mg (30ct),Cardiovascular,Japan,235.8,13,89.31,Hospital
2023-02-19,Amoxicillin 500mg (20ct),Antibiotics,UK,453.6,32,181.54,Hospital
2023-02-19,Loratadine 10mg (14ct),Allergy,USA,85.97,10,33.38,Hospital
2023-02-19,Salbutamol Inhaler,Respiratory,USA,647.48,34,307.89,Hospital
2023-02-19,Atorvastatin 20mg (30ct),Cardiovascular,UK,318.44,16,118.23,Government Tender
2023-02-20,Ibuprofen 400mg (30ct),Pain Relief,Germany,65.13,10,19.98,Hospital
2023-02-20,Atorvastatin 20mg (30ct),Cardiovascular,Brazil,515.16,25,182.3,Hospital
2023-02-20,Insulin Glargine Pen,Diabetes Care,USA,681.58,10,296.28,Government Tender
2023-02-20,Omeprazole 20mg (28ct),Gastro,Brazil,197.61,17,79.96,Government Tender
2023-02-20,Amoxicillin 500mg (20ct),Antibiotics,UK,393.43,30,181.55,Government Tender
2023-02-20,Insulin Glargine Pen,Diabetes Care,Germany,295.05,5,160.59,Government Tender
2023-02-20,Loratadine 10mg (14ct),Allergy,Brazil,235.61,22,72.31,Hospital
2023-02-20,Atorvastatin 20mg (30ct),Cardiovascular,USA,509.25,29,207.98,Hospital
2023-02-20,Amoxicillin 500mg (20ct),Antibiotics,Germany,173.71,12,71.63,Retail Pharmacy
2023-02-21,Multivitamin Complex,Supplements,USA,217.7,15,86.09,Government Tender
2023-02-21,Loratadine 10mg (14ct),Allergy,India,318.79,30,102.68,Retail Pharmacy
2023-02-21,Salbutamol Inhaler,Respiratory,USA,396.62,19,169.53,Hospital
2023-02-21,Multivitamin Complex,Supplements,USA,127.65,8,45.98,Retail Pharmacy
2023-02-21,Atorvastatin 20mg (30ct),Cardiovascular,Japan,453.2,26,188.17,Retail Pharmacy
2023-02-21,Insulin Glargine Pen,Diabetes Care,USA,1111.95,16,487.76,Retail Pharmacy
2023-02-21,Insulin Glargine Pen,Diabetes Care,Germany,299.72,5,151.22,Government Tender
2023-02-22,Salbutamol Inhaler,Respiratory,Germany,391.24,17,161.44,Retail Pharmacy
2023-02-22,Atorvastatin 20mg (30ct),Cardiovascular,India,258.34,15,107.86,Retail Pharmacy
2023-02-22,Salbutamol Inhaler,Respiratory,India,619.17,27,248.9,Government Tender
2023-02-22,Ibuprofen 400mg (30ct),Pain Relief,Germany,47.94,8,15.98,Retail Pharmacy
2023-02-22,Amoxicillin 500mg (20ct),Antibiotics,Germany,77.87,5,28.87,Hospital
2023-02-22,Omeprazole 20mg (28ct),Gastro,Japan,39.23,3,15.39,Retail Pharmacy
2023-02-22,Atorvastatin 20mg (30ct),Cardiovascular,Germany,260.47,16,109.58,Government Tender
2023-02-22,Multivitamin Complex,Supplements,Brazil,302.72,22,121.29,Government Tender
2023-02-23,Ibuprofen 400mg (30ct),Pain Relief,Japan,215.22,32,64.95,Government Tender
2023-02-23,Omeprazole 20mg (28ct),Gastro,Japan,223.87,17,86.03,Government Tender
2023-02-23,Loratadine 10mg (14ct),Allergy,Germany,80.66,8,26.04,Government Tender
2023-02-23,Salbutamol Inhaler,Respiratory,Japan,575.58,25,223.62,Retail Pharmacy
2023-02-23,Atorvastatin 20mg (30ct),Cardiovascular,Japan,180.85,10,72.41,Hospital
2023-02-23,Salbutamol Inhaler,Respiratory,Germany,312.57,13,120.71,Hospital
2023-02-24,Ibuprofen 400mg (30ct),Pain Relief,UK,245.56,38,83.69,Government Tender
2023-02-24,Amoxicillin 500mg (20ct),Antibiotics,Brazil,642.38,43,255.17,Retail Pharmacy
2023-02-24,Omeprazole 20mg (28ct),Gastro,UK,327.97,25,118.86,Government Tender
2023-02-24,Atorvastatin 20mg (30ct),Cardiovascular,Germany,715.54,38,269.75,Retail Pharmacy
2023-02-24,Atorvastatin 20mg (30ct),Cardiovascular,UK,352.24,19,131.9,Retail Pharmacy
2023-02-24,Multivitamin Complex,Supplements,Brazil,126.32,8,43.97,Retail Pharmacy
2023-02-24,Salbutamol Inhaler,Respiratory,UK,720.69,31,275.19,Government Tender
2023-02-24,Multivitamin Complex,Supplements,USA,355.39,22,116.18,Retail Pharmacy
2023-02-24,Amoxicillin 500mg (20ct),Antibiotics,UK,617.69,46,260.55,Government Tender
2023-02-24,Amoxicillin 500mg (20ct),Antibiotics,USA,661.78,46,253.57,Hospital
2023-02-24,Atorvastatin 20mg (30ct),Cardiovascular,Brazil,579.58,33,236.42,Retail Pharmacy
2023-02-25,Salbutamol Inhaler,Respiratory,UK,235.74,11,104.68,Retail Pharmacy
2023-02-25,Amoxicillin 500mg (20ct),Antibiotics,Japan,350.56,29,172.96,Hospital
2023-02-25,Multivitamin Complex,Supplements,USA,462.31,29,155.47,Government Tender
2023-02-25,Omeprazole 20mg (28ct),Gastro,Germany,76.41,7,35.48,Retail Pharmacy
2023-02-25,Omeprazole 20mg (28ct),Gastro,Germany,260.29,20,99.48,Hospital
2023-02-25,Loratadine 10mg (14ct),Allergy,Japan,387.08,37,128.76,Hospital
2023-02-25,Ibuprofen 400mg (30ct),Pain Relief,Germany,80.56,14,30.3,Retail Pharmacy
2023-02-25,Insulin Glargine Pen,Diabetes Care,USA,776.44,12,358.8,Government Tender
2023-02-25,Multivitamin Complex,Supplements,Brazil,524.88,39,210.64,Hospital
2023-02-26,Multivitamin Complex,Supplements,Brazil,323.15,25,133.0,Government Tender
2023-02-26,Atorvastatin 20mg (30ct),Cardiovascular,India,89.91,5,35.04,Government Tender
2023-02-26,Multivitamin Complex,Supplements,India,692.4,50,267.6,Hospital
2023-02-26,Amoxicillin 500mg (20ct),Antibiotics,USA,536.06,36,212.18,Retail Pharmacy
2023-02-26,Omeprazole 20mg (28ct),Gastro,India,137.45,10,51.45,Retail Pharmacy
2023-02-26,Ibuprofen 400mg (30ct),Pain Relief,India,7.05,1,2.13,Hospital
2023-02-26,Amoxicillin 500mg (20ct),Antibiotics,Japan,75.71,6,35.15,Hospital
2023-02-26,Multivitamin Complex,Supplements,India,561.31,43,232.75,Retail Pharmacy
2023-02-27,Salbutamol Inhaler,Respiratory,Japan,279.18,13,123.62,Retail Pharmacy
2023-02-27,Amoxicillin 500mg (20ct),Antibiotics,India,226.69,18,104.48,Retail Pharmacy
2023-02-27,Amoxicillin 500mg (20ct),Antibiotics,USA,476.02,31,177.9,Hospital
2023-02-27,Ibuprofen 400mg (30ct),Pain Relief,India,235.68,33,66.4,Retail Pharmacy
2023-02-27,Insulin Glargine Pen,Diabetes Care,India,2184.2,35,1089.72,Retail Pharmacy
2023-02-27,Omeprazole 20mg (28ct),Gastro,Japan,160.66,14,70.43,Retail Pharmacy
2023-02-27,Omeprazole 20mg (28ct),Gastro,Japan,189.82,14,71.1,Hospital
2023-02-27,Atorvastatin 20mg (30ct),Cardiovascular,India,257.27,14,97.05,Hospital
2023-02-27,Omeprazole 20mg (28ct),Gastro,UK,37.65,3,14.13,Retail Pharmacy
2023-02-27,Salbutamol Inhaler,Respiratory,Brazil,560.63,26,239.7,Retail Pharmacy
2023-02-27,Amoxicillin 500mg (20ct),Antibiotics,USA,65.09,5,29.27,Government Tender
2023-02-28,Omeprazole 20mg (28ct),Gastro,Germany,214.23,17,86.52,Retail Pharmacy
2023-02-28,Insulin Glargine Pen,Diabetes Care,India,369.04,5,147.8,Hospital
2023-02-28,Ibuprofen 400mg (30ct),Pain Relief,Brazil,219.04,37,77.75,Hospital
2023-02-28,Insulin Glargine Pen,Diabetes Care,Brazil,1291.78,18,556.16,Retail Pharmacy
2023-02-28,Omeprazole 20mg (28ct),Gastro,Japan,140.43,13,64.35,Hospital
2023-02-28,Insulin Glargine Pen,Diabetes Care,USA,1875.3,26,774.29,Government Tender
2023-02-28,Atorvastatin 20mg (30ct),Cardiovascular,USA,715.95,38,261.66,Government Tender
2023-02-28,Amoxicillin 500mg (20ct),Antibiotics,Germany,221.83,16,93.47,Retail Pharmacy
2023-02-28,Loratadine 10mg (14ct),Allergy,UK,224.24,26,90.44,Government Tender
2023-02-28,Salbutamol Inhaler,Respiratory,Brazil,835.03,34,307.16,Government Tender
2023-02-28,Salbutamol Inhaler,Respiratory,Brazil,249.53,13,112.86,Hospital
2023-02-28,Ibuprofen 400mg (30ct),Pain Relief,Germany,128.39,18,39.66,Retail Pharmacy
2023-02-28,Loratadine 10mg (14ct),Allergy,India,57.68,6,20.38,Government Tender
2023-02-28,Amoxicillin 500mg (20ct),Antibiotics,UK,164.53,12,72.63,Hospital
2023-03-01,Amoxicillin 500mg (20ct),Antibiotics,Japan,688.05,54,324.16,Government Tender
2023-03-01,Multivitamin Complex,Supplements,Japan,98.41,7,36.7,Hospital
2023-03-01,Salbutamol Inhaler,Respiratory,UK,478.8,23,210.78,Government Tender
2023-03-01,Omeprazole 20mg (28ct),Gastro,Japan,149.21,11,56.08,Hospital
2023-03-01,Amoxicillin 500mg (20ct),Antibiotics,India,279.73,22,130.43,Government Tender
2023-03-02,Salbutamol Inhaler,Respiratory,Japan,364.63,17,156.77,Retail Pharmacy
2023-03-02,Loratadine 10mg (14ct),Allergy,Japan,274.76,27,88.96,Retail Pharmacy
2023-03-02,Atorvastatin 20mg (30ct),Cardiovascular,USA,331.93,17,120.64,Hospital
2023-03-02,Atorvastatin 20mg (30ct),Cardiovascular,USA,661.11,32,219.73,Retail Pharmacy
2023-03-02,Multivitamin Complex,Supplements,India,113.87,8,43.25,Hospital
2023-03-02,Omeprazole 20mg (28ct),Gastro,UK,231.86,20,99.89,Retail Pharmacy
2023-03-02,Omeprazole 20mg (28ct),Gastro,Germany,126.42,10,51.12,Hospital
2023-03-02,Atorvastatin 20mg (30ct),Cardiovascular,UK,326.44,18,134.35,Retail Pharmacy
2023-03-02,Omeprazole 20mg (28ct),Gastro,India,185.97,17,86.48,Government Tender
2023-03-02,Omeprazole 20mg (28ct),Gastro,Japan,399.31,31,159.19,Retail Pharmacy
2023-03-02,Amoxicillin 500mg (20ct),Antibiotics,India,45.3,3,18.17,Hospital
2023-03-03,Insulin Glargine Pen,Diabetes Care,India,2684.24,42,1298.14,Hospital
2023-03-03,Multivitamin Complex,Supplements,Japan,206.83,14,79.55,Hospital
2023-03-03,Atorvastatin 20mg (30ct),Cardiovascular,Germany,474.57,25,176.03,Retail Pharmacy
2023-03-03,Omeprazole 20mg (28ct),Gastro,India,363.59,31,155.47,Hospital
2023-03-04,Multivitamin Complex,Supplements,Brazil,465.97,34,186.01,Hospital
2023-03-04,Atorvastatin 20mg (30ct),Cardiovascular,USA,625.78,33,247.2,Government Tender
2023-03-04,Insulin Glargine Pen,Diabetes Care,Brazil,1089.13,15,455.98,Hospital
2023-03-04,Insulin Glargine Pen,Diabetes Care,Germany,1145.01,16,479.64,Hospital
2023-03-04,Omeprazole 20mg (28ct),Gastro,Brazil,588.14,45,227.45,Hospital
2023-03-04,Salbutamol Inhaler,Respiratory,Germany,284.06,12,104.31,Retail Pharmacy
2023-03-04,Salbutamol Inhaler,Respiratory,Brazil,265.35,13,122.7,Government Tender
2023-03-04,Omeprazole 20mg (28ct),Gastro,India,346.37,30,147.75,Government Tender
2023-03-04,Omeprazole 20mg (28ct),Gastro,India,328.02,27,134.21,Government Tender
2023-03-04,Salbutamol Inhaler,Respiratory,Brazil,1001.58,42,364.73,Retail Pharmacy
2023-03-04,Atorvastatin 20mg (30ct),Cardiovascular,Brazil,702.89,43,320.28,Government Tender
2023-03-04,Ibuprofen 400mg (30ct),Pain Relief,India,70.12,10,20.79,Hospital
2023-03-04,Salbutamol Inhaler,Respiratory,Japan,156.11,7,65.79,Government Tender
2023-03-05,Atorvastatin 20mg (30ct),Cardiovascular,USA,266.0,14,104.03,Government Tender
2023-03-05,Salbutamol Inhaler,Respiratory,USA,473.56,21,188.56,Government Tender
2023-03-05,Insulin Glargine Pen,Diabetes Care,India,936.94,15,459.04,Retail Pharmacy
2023-03-05,Insulin Glargine Pen,Diabetes Care,Germany,1216.8,21,682.67,Government Tender
2023-03-05,Multivitamin Complex,Supplements,Brazil,411.41,28,160.99,Government Tender
2023-03-05,Loratadine 10mg (14ct),Allergy,USA,243.52,24,84.87,Government Tender
2023-03-05,Omeprazole 20mg (28ct),Gastro,Brazil,260.93,20,101.57,Government Tender
2023-03-05,Ibuprofen 400mg (30ct),Pain Relief,UK,361.62,64,137.59,Government Tender
2023-03-05,Loratadine 10mg (14ct),Allergy,Japan,77.81,9,30.99,Retail Pharmacy
2023-03-05,Salbutamol Inhaler,Respiratory,Japan,498.78,22,192.55,Hospital
2023-03-05,Atorvastatin 20mg (30ct),Cardiovascular,Brazil,274.42,16,117.95,Government Tender
2023-03-05,Atorvastatin 20mg (30ct),Cardiovascular,Brazil,1682.99,90,658.23,Government Tender
2023-03-05,Amoxicillin 500mg (20ct),Antibiotics,USA,167.23,12,67.85,Government Tender
2023-03-05,Omeprazole 20mg (28ct),Gastro,Germany,307.5,24,112.05,Retail Pharmacy
2023-03-06,Ibuprofen 400mg (30ct),Pain Relief,Germany,138.36,20,41.45,Hospital
2023-03-06,Omeprazole 20mg (28ct),Gastro,USA,142.9,12,59.41,Government Tender
2023-03-06,Amoxicillin 500mg (20ct),Antibiotics,USA,385.77,27,156.79,Retail Pharmacy
2023-03-06,Salbutamol Inhaler,Respiratory,USA,479.4,20,179.5,Hospital
2023-03-06,Loratadine 10mg (14ct),Allergy,Japan,174.59,20,70.04,Government Tender
2023-03-06,Salbutamol Inhaler,Respiratory,Germany,553.94,29,259.07,Hospital
2023-03-06,Loratadine 10mg (14ct),Allergy,India,240.85,24,81.68,Hospital
2023-03-06,Omeprazole 20mg (28ct),Gastro,India,123.63,11,56.25,Government Tender
2023-03-06,Amoxicillin 500mg (20ct),Antibiotics,Brazil,866.77,71,414.54,Government Tender
2023-03-06,Omeprazole 20mg (28ct),Gastro,Germany,258.03,24,119.98,Retail Pharmacy
2023-03-07,Amoxicillin 500mg (20ct),Antibiotics,Brazil,186.72,14,85.07,Retail Pharmacy
2023-03-07,Salbutamol Inhaler,Respiratory,Brazil,232.86,11,97.49,Hospital
2023-03-07,Loratadine 10mg (14ct),Allergy,Japan,274.89,32,105.93,Hospital
2023-03-07,Omeprazole 20mg (28ct),Gastro,UK,305.04,23,110.34,Retail Pharmacy
2023-03-07,Multivitamin Complex,Supplements,India,324.64,22,126.75,Hospital
2023-03-07,Ibuprofen 400mg (30ct),Pain Relief,India,105.85,16,34.07,Hospital
2023-03-08,Insulin Glargine Pen,Diabetes Care,India,2195.14,30,943.92,Hospital
2023-03-08,Omeprazole 20mg (28ct),Gastro,Brazil,435.63,32,164.56,Government Tender
2023-03-08,Atorvastatin 20mg (30ct),Cardiovascular,India,440.61,23,161.06,Hospital
2023-03-08,Multivitamin Complex,Supplements,Japan,539.37,36,206.31,Hospital
2023-03-08,Omeprazole 20mg (28ct),Gastro,Brazil,193.13,15,73.34,Retail Pharmacy
2023-03-08,Insulin Glargine Pen,Diabetes Care,USA,2237.55,31,957.0,Hospital
2023-03-08,Omeprazole 20mg (28ct),Gastro,Brazil,237.32,20,102.36,Hospital
2023-03-08,Amoxicillin 500mg (20ct),Antibiotics,Germany,367.63,28,168.46,Retail Pharmacy
2023-03-08,Amoxicillin 500mg (20ct),Antibiotics,USA,299.71,22,127.88,Hospital
2023-03-09,Ibuprofen 400mg (30ct),Pain Relief,India,118.45,19,39.36,Retail Pharmacy
2023-03-09,Salbutamol Inhaler,Respiratory,UK,263.64,12,114.41,Hospital
2023-03-09,Atorvastatin 20mg (30ct),Cardiovascular,India,701.35,35,263.93,Retail Pharmacy
2023-03-09,Loratadine 10mg (14ct),Allergy,Japan,152.5,16,53.83,Hospital
2023-03-09,Insulin Glargine Pen,Diabetes Care,Brazil,872.94,12,383.14,Government Tender
2023-03-09,Omeprazole 20mg (28ct),Gastro,UK,213.28,19,97.01,Hospital
2023-03-09,Amoxicillin 500mg (20ct),Antibiotics,Brazil,65.96,5,28.82,Government Tender
2023-03-09,Salbutamol Inhaler,Respiratory,Japan,597.73,26,232.0,Hospital
2023-03-10,Loratadine 10mg (14ct),Allergy,USA,382.73,36,120.55,Hospital
2023-03-10,Amoxicillin 500mg (20ct),Antibiotics,India,249.15,20,115.87,Retail Pharmacy
2023-03-10,Insulin Glargine Pen,Diabetes Care,Brazil,1798.25,26,779.72,Hospital
2023-03-10,Amoxicillin 500mg (20ct),Antibiotics,Brazil,606.84,39,224.06,Retail Pharmacy
2023-03-10,Omeprazole 20mg (28ct),Gastro,Japan,434.44,35,168.04,Hospital
2023-03-10,Atorvastatin 20mg (30ct),Cardiovascular,UK,458.58,27,199.67,Government Tender
2023-03-11,Insulin Glargine Pen,Diabetes Care,Germany,1105.14,19,613.35,Government Tender
2023-03-11,Salbutamol Inhaler,Respiratory,Japan,163.98,7,62.19,Hospital
2023-03-11,Omeprazole 20mg (28ct),Gastro,UK,231.2,19,89.34,Retail Pharmacy
2023-03-11,Loratadine 10mg (14ct),Allergy,India,518.59,55,180.81,Retail Pharmacy
2023-03-11,Insulin Glargine Pen,Diabetes Care,Germany,2519.12,37,1135.32,Hospital
2023-03-11,Multivitamin Complex,Supplements,India,97.16,6,33.51,Retail Pharmacy
2023-03-11,Omeprazole 20mg (28ct),Gastro,India,526.16,43,212.89,Government Tender
2023-03-11,Omeprazole 20mg (28ct),Gastro,UK,81.06,7,33.63,Government Tender
2023-03-12,Ibuprofen 400mg (30ct),Pain Relief,Germany,56.64,10,20.68,Hospital
2023-03-12,Multivitamin Complex,Supplements,UK,554.52,38,217.92,Hospital
2023-03-12,Loratadine 10mg (14ct),Allergy,USA,158.49,16,52.46,Retail Pharmacy
2023-03-12,Ibuprofen 400mg (30ct),Pain Relief,USA,284.1,42,85.44,Hospital
2023-03-12,Salbutamol Inhaler,Respiratory,Brazil,643.65,31,268.88,Hospital
2023-03-12,Omeprazole 20mg (28ct),Gastro,Japan,226.67,18,86.91,Government Tender
2023-03-12,Multivitamin Complex,Supplements,USA,569.85,39,206.6,Government Tender
2023-03-12,Amoxicillin 500mg (20ct),Antibiotics,Japan,716.32,49,289.7,Government Tender
2023-03-12,Salbutamol Inhaler,Respiratory,Brazil,502.81,26,225.08,Government Tender
2023-03-12,Ibuprofen 400mg (30ct),Pain Relief,UK,145.05,22,46.93,Hospital
2023-03-12,Salbutamol Inhaler,Respiratory,UK,400.08,17,161.48,Retail Pharmacy
2023-03-12,Multivitamin Complex,Supplements,Germany,191.07,12,64.28,Retail Pharmacy
2023-03-12,Multivitamin Complex,Supplements,Brazil,756.85,47,247.53,Government Tender
2023-03-12,Insulin Glargine Pen,Diabetes Care,UK,1105.56,18,566.38,Government Tender
2023-03-12,Amoxicillin 500mg (20ct),Antibiotics,Brazil,419.17,27,164.12,Retail Pharmacy
2023-03-12,Salbutamol Inhaler,Respiratory,Japan,623.55,29,271.68,Retail Pharmacy
2023-03-12,Multivitamin Complex,Supplements,Germany,325.07,21,119.26,Government Tender
2023-03-12,Multivitamin Complex,Supplements,Japan,536.03,39,213.2,Government Tender
2023-03-12,Amoxicillin 500mg (20ct),Antibiotics,Germany,557.08,41,241.91,Retail Pharmacy
2023-03-12,Ibuprofen 400mg (30ct),Pain Relief,Germany,113.84,19,40.31,Retail Pharmacy
2023-03-12,Multivitamin Complex,Supplements,Brazil,517.61,35,198.05,Government Tender
2023-03-12,Omeprazole 20mg (28ct),Gastro,India,155.54,14,67.93,Retail Pharmacy
2023-03-13,Insulin Glargine Pen,Diabetes Care,India,847.54,13,408.87,Government Tender
2023-03-13,Amoxicillin 500mg (20ct),Antibiotics,USA,412.34,32,191.83,Retail Pharmacy
2023-03-13,Insulin Glargine Pen,Diabetes Care,Germany,468.64,7,223.12,Retail Pharmacy
2023-03-13,Loratadine 10mg (14ct),Allergy,UK,300.81,35,116.05,Government Tender
2023-03-13,Omeprazole 20mg (28ct),Gastro,Japan,215.41,17,83.93,Government Tender
2023-03-13,Atorvastatin 20mg (30ct),Cardiovascular,Brazil,490.06,30,223.56,Retail Pharmacy
2023-03-13,Omeprazole 20mg (28ct),Gastro,Japan,392.37,35,166.2,Government Tender
2023-03-13,Salbutamol Inhaler,Respiratory,UK,475.18,21,193.17,Retail Pharmacy
2023-03-14,Amoxicillin 500mg (20ct),Antibiotics,Brazil,278.87,18,106.9,Government Tender
2023-03-14,Loratadine 10mg (14ct),Allergy,India,115.55,13,42.5,Retail Pharmacy
2023-03-14,Atorvastatin 20mg (30ct),Cardiovascular,USA,390.66,21,149.53,Hospital
2023-03-14,Insulin Glargine Pen,Diabetes Care,Germany,1609.25,24,725.07,Government Tender
2023-03-14,Salbutamol Inhaler,Respiratory,India,564.39,25,223.84,Government Tender
2023-03-14,Atorvastatin 20mg (30ct),Cardiovascular,India,327.78,16,119.49,Retail Pharmacy
2023-03-14,Atorvastatin 20mg (30ct),Cardiovascular,USA,57.3,3,22.49,Government Tender
2023-03-14,Salbutamol Inhaler,Respiratory,Brazil,201.11,9,82.11,Retail Pharmacy
2023-03-14,Salbutamol Inhaler,Respiratory,Brazil,804.25,33,292.28,Retail Pharmacy
2023-03-14,Amoxicillin 500mg (20ct),Antibiotics,India,487.39,35,207.61,Government Tender
2023-03-15,Salbutamol Inhaler,Respiratory,UK,195.77,8,75.58,Government Tender
2023-03-15,Ibuprofen 400mg (30ct),Pain Relief,UK,136.19,21,44.06,Government Tender
2023-03-15,Amoxicillin 500mg (20ct),Antibiotics,UK,86.66,6,33.16,Hospital
2023-03-15,Salbutamol Inhaler,Respiratory,Brazil,933.8,38,347.14,Hospital
2023-03-15,Omeprazole 20mg (28ct),Gastro,UK,686.51,63,301.67,Retail Pharmacy
2023-03-15,Ibuprofen 400mg (30ct),Pain Relief,Germany,271.65,38,76.44,Retail Pharmacy
2023-03-15,Insulin Glargine Pen,Diabetes Care,Brazil,609.0,10,324.17,Retail Pharmacy
2023-03-15,Insulin Glargine Pen,Diabetes Care,Japan,1271.41,18,546.31,Retail Pharmacy
2023-03-15,Multivitamin Complex,Supplements,Germany,385.55,27,150.07,Government Tender
2023-03-16,Atorvastatin 20mg (30ct),Cardiovascular,UK,201.33,11,75.35,Retail Pharmacy
2023-03-16,Insulin Glargine Pen,Diabetes Care,Germany,1956.72,28,891.83,Government Tender
2023-03-16,Ibuprofen 400mg (30ct),Pain Relief,Japan,144.22,21,45.28,Government Tender
2023-03-16,Ibuprofen 400mg (30ct),Pain Relief,Japan,211.32,35,75.05,Government Tender
2023-03-16,Multivitamin Complex,Supplements,Germany,822.34,60,340.5,Retail Pharmacy
2023-03-16,Ibuprofen 400mg (30ct),Pain Relief,Germany,56.45,8,17.05,Government Tender
2023-03-16,Insulin Glargine Pen,Diabetes Care,Brazil,216.26,3,96.68,Retail Pharmacy
2023-03-16,Amoxicillin 500mg (20ct),Antibiotics,Japan,413.2,29,172.02,Hospital
2023-03-16,Multivitamin Complex,Supplements,Germany,518.84,33,177.67,Retail Pharmacy
2023-03-16,Atorvastatin 20mg (30ct),Cardiovascular,UK,632.82,33,238.85,Hospital
2023-03-16,Loratadine 10mg (14ct),Allergy,UK,279.55,28,99.63,Retail Pharmacy
2023-03-17,Omeprazole 20mg (28ct),Gastro,UK,282.53,24,121.67,Government Tender
2023-03-17,Loratadine 10mg (14ct),Allergy,Brazil,412.62,40,142.72,Hospital
2023-03-17,Loratadine 10mg (14ct),Allergy,Brazil,509.78,57,198.6,Government Tender
2023-03-17,Ibuprofen 400mg (30ct),Pain Relief,USA,150.85,26,53.19,Retail Pharmacy
2023-03-17,Atorvastatin 20mg (30ct),Cardiovascular,Brazil,334.71,19,130.58,Retail Pharmacy
2023-03-17,Omeprazole 20mg (28ct),Gastro,Germany,32.08,3,14.73,Government Tender
2023-03-17,Ibuprofen 400mg (30ct),Pain Relief,India,367.07,66,138.77,Government Tender
2023-03-17,Amoxicillin 500mg (20ct),Antibiotics,Japan,43.12,3,17.03,Hospital
2023-03-17,Insulin Glargine Pen,Diabetes Care,UK,2744.09,45,1385.36,Government Tender
2023-03-17,Insulin Glargine Pen,Diabetes Care,UK,1871.87,29,893.15,Retail Pharmacy
2023-03-17,Loratadine 10mg (14ct),Allergy,USA,50.28,5,17.57,Government Tender
2023-03-17,Multivitamin Complex,Supplements,Germany,212.59,16,91.94,Government Tender
2023-03-17,Atorvastatin 20mg (30ct),Cardiovascular,Japan,1142.53,60,412.85,Hospital
2023-03-17,Atorvastatin 20mg (30ct),Cardiovascular,Japan,521.5,27,192.24,Hospital
2023-03-17,Multivitamin Complex,Supplements,Japan,555.04,36,192.67,Hospital
2023-03-17,Ibuprofen 400mg (30ct),Pain Relief,Brazil,85.87,15,30.15,Hospital
2023-03-17,Insulin Glargine Pen,Diabetes Care,Germany,607.36,10,313.03,Hospital
2023-03-18,Salbutamol Inhaler,Respiratory,India,637.64,30,263.69,Retail Pharmacy
2023-03-18,Amoxicillin 500mg (20ct),Antibiotics,Japan,185.12,14,83.1,Retail Pharmacy
2023-03-18,Amoxicillin 500mg (20ct),Antibiotics,Brazil,341.12,24,137.8,Retail Pharmacy
2023-03-18,Loratadine 10mg (14ct),Allergy,India,449.69,50,175.02,Retail Pharmacy
2023-03-18,Atorvastatin 20mg (30ct),Cardiovascular,Germany,844.01,43,310.18,Hospital
2023-03-19,Salbutamol Inhaler,Respiratory,India,622.11,27,236.05,Government Tender
2023-03-19,Multivitamin Complex,Supplements,Germany,737.38,50,272.03,Retail Pharmacy
2023-03-19,Multivitamin Complex,Supplements,India,210.4,13,70.73,Government Tender
2023-03-19,Insulin Glargine Pen,Diabetes Care,Brazil,763.4,13,383.27,Government Tender
2023-03-19,Omeprazole 20mg (28ct),Gastro,Germany,215.34,16,81.67,Government Tender
2023-03-19,Omeprazole 20mg (28ct),Gastro,Japan,146.64,11,54.68,Hospital
2023-03-19,Insulin Glargine Pen,Diabetes Care,Germany,987.76,14,440.45,Government Tender
2023-03-19,Loratadine 10mg (14ct),Allergy,Germany,203.57,19,63.04,Retail Pharmacy
2023-03-20,Ibuprofen 400mg (30ct),Pain Relief,Germany,38.73,7,14.34,Retail Pharmacy
2023-03-20,Omeprazole 20mg (28ct),Gastro,UK,710.23,61,285.47,Government Tender
2023-03-20,Amoxicillin 500mg (20ct),Antibiotics,UK,237.89,17,99.93,Retail Pharmacy
2023-03-20,Ibuprofen 400mg (30ct),Pain Relief,India,88.92,15,32.31,Retail Pharmacy
2023-03-20,Salbutamol Inhaler,Respiratory,Brazil,409.86,21,198.94,Government Tender
2023-03-20,Atorvastatin 20mg (30ct),Cardiovascular,India,84.83,5,36.83,Government Tender
2023-03-20,Atorvastatin 20mg (30ct),Cardiovascular,Japan,455.13,23,172.1,Retail Pharmacy
2023-03-20,Salbutamol Inhaler,Respiratory,Germany,344.32,14,123.63,Hospital
2023-03-20,Omeprazole 20mg (28ct),Gastro,USA,61.03,5,23.74,Retail Pharmacy
2023-03-21,Amoxicillin 500mg (20ct),Antibiotics,Brazil,214.58,14,77.35,Retail Pharmacy
2023-03-21,Atorvastatin 20mg (30ct),Cardiovascular,UK,321.48,18,135.29,Hospital
2023-03-21,Loratadine 10mg (14ct),Allergy,UK,70.9,8,27.78,Government Tender
2023-03-21,Loratadine 10mg (14ct),Allergy,India,188.96,20,67.43,Retail Pharmacy
2023-03-21,Salbutamol Inhaler,Respiratory,Brazil,199.63,9,83.0,Retail Pharmacy
2023-03-21,Multivitamin Complex,Supplements,UK,892.16,60,327.27,Retail Pharmacy
2023-03-21,Loratadine 10mg (14ct),Allergy,Brazil,396.4,40,142.41,Retail Pharmacy
2023-03-21,Multivitamin Complex,Supplements,Japan,474.08,36,194.01,Hospital
2023-03-21,Ibuprofen 400mg (30ct),Pain Relief,USA,123.91,18,38.89,Retail Pharmacy
2023-03-22,Multivitamin Complex,Supplements,Brazil,827.17,61,338.27,Hospital
2023-03-22,Loratadine 10mg (14ct),Allergy,UK,202.69,21,72.09,Retail Pharmacy
2023-03-22,Loratadine 10mg (14ct),Allergy,UK,333.69,31,101.16,Hospital
2023-03-22,Salbutamol Inhaler,Respiratory,Brazil,525.82,26,244.13,Retail Pharmacy
2023-03-22,Loratadine 10mg (14ct),Allergy,USA,130.96,15,49.21,Hospital
2023-03-22,Atorvastatin 20mg (30ct),Cardiovascular,India,74.4,4,29.73,Government Tender
2023-03-22,Loratadine 10mg (14ct),Allergy,USA,10.5,1,3.33,Government Tender
2023-03-22,Insulin Glargine Pen,Diabetes Care,Germany,1830.59,30,969.81,Retail Pharmacy
2023-03-22,Loratadine 10mg (14ct),Allergy,UK,353.56,38,130.09,Hospital
2023-03-22,Amoxicillin 500mg (20ct),Antibiotics,UK,62.33,4,24.19,Retail Pharmacy
2023-03-22,Salbutamol Inhaler,Respiratory,Japan,735.8,37,323.05,Retail Pharmacy
2023-03-23,Ibuprofen 400mg (30ct),Pain Relief,India,169.9,26,54.98,Hospital
2023-03-23,Multivitamin Complex,Supplements,Germany,107.77,7,38.91,Hospital
2023-03-23,Omeprazole 20mg (28ct),Gastro,USA,230.56,21,105.86,Retail Pharmacy
2023-03-23,Ibuprofen 400mg (30ct),Pain Relief,India,211.99,36,76.85,Retail Pharmacy
2023-03-23,Omeprazole 20mg (28ct),Gastro,Japan,497.93,41,210.57,Retail Pharmacy
2023-03-23,Atorvastatin 20mg (30ct),Cardiovascular,Japan,454.26,23,167.72,Retail Pharmacy
2023-03-23,Multivitamin Complex,Supplements,Brazil,150.11,10,53.96,Retail Pharmacy
2023-03-23,Multivitamin Complex,Supplements,UK,72.36,5,26.14,Retail Pharmacy
2023-03-24,Loratadine 10mg (14ct),Allergy,UK,300.42,34,109.97,Retail Pharmacy
2023-03-24,Loratadine 10mg (14ct),Allergy,UK,80.94,8,27.74,Retail Pharmacy
2023-03-24,Insulin Glargine Pen,Diabetes Care,Brazil,2224.82,35,1049.4,Hospital
2023-03-24,Salbutamol Inhaler,Respiratory,Brazil,681.44,29,269.72,Government Tender
2023-03-24,Insulin Glargine Pen,Diabetes Care,India,659.91,10,313.79,Hospital
2023-03-24,Multivitamin Complex,Supplements,Japan,527.56,32,182.58,Retail Pharmacy
2023-03-24,Loratadine 10mg (14ct),Allergy,Brazil,304.21,29,96.05,Retail Pharmacy
2023-03-24,Amoxicillin 500mg (20ct),Antibiotics,UK,545.4,40,235.32,Government Tender
2023-03-24,Salbutamol Inhaler,Respiratory,USA,908.94,44,411.64,Hospital
2023-03-24,Omeprazole 20mg (28ct),Gastro,Germany,83.18,7,33.66,Retail Pharmacy
2023-03-24,Amoxicillin 500mg (20ct),Antibiotics,Germany,205.85,17,94.3,Hospital
2023-03-24,Insulin Glargine Pen,Diabetes Care,USA,1967.77,30,945.05,Hospital
2023-03-24,Insulin Glargine Pen,Diabetes Care,India,1276.33,19,582.73,Government Tender
2023-03-25,Insulin Glargine Pen,Diabetes Care,Japan,1289.52,18,547.48,Hospital
2023-03-25,Multivitamin Complex,Supplements,Japan,316.6,21,114.6,Hospital
2023-03-25,Atorvastatin 20mg (30ct),Cardiovascular,Brazil,819.28,48,350.3,Retail Pharmacy
2023-03-25,Amoxicillin 500mg (20ct),Antibiotics,India,344.58,27,150.09,Government Tender
2023-03-25,Loratadine 10mg (14ct),Allergy,Germany,96.62,10,34.14,Government Tender
2023-03-25,Insulin Glargine Pen,Diabetes Care,India,3262.7,51,1656.5,Retail Pharmacy
2023-03-25,Ibuprofen 400mg (30ct),Pain Relief,UK,61.06,10,20.14,Retail Pharmacy
2023-03-26,Atorvastatin 20mg (30ct),Cardiovascular,Germany,355.6,19,140.64,Retail Pharmacy
2023-03-26,Ibuprofen 400mg (30ct),Pain Relief,UK,87.8,13,27.4,Hospital
2023-03-26,Ibuprofen 400mg (30ct),Pain Relief,USA,37.2,6,12.75,Hospital
2023-03-26,Amoxicillin 500mg (20ct),Antibiotics,Brazil,295.84,21,117.76,Government Tender
2023-03-26,Amoxicillin 500mg (20ct),Antibiotics,Brazil,161.46,13,73.4,Government Tender
2023-03-26,Salbutamol Inhaler,Respiratory,Japan,371.32,16,147.98,Retail Pharmacy
2023-03-27,Omeprazole 20mg (28ct),Gastro,Brazil,249.79,21,105.42,Government Tender
2023-03-27,Omeprazole 20mg (28ct),Gastro,UK,502.89,44,210.77,Retail Pharmacy
2023-03-27,Multivitamin Complex,Supplements,USA,478.63,32,181.55,Hospital
2023-03-27,Atorvastatin 20mg (30ct),Cardiovascular,Brazil,486.23,25,175.75,Government Tender
2023-03-27,Ibuprofen 400mg (30ct),Pain Relief,Brazil,33.64,5,10.07,Government Tender
2023-03-27,Salbutamol Inhaler,Respiratory,Japan,254.94,12,112.87,Retail Pharmacy
2023-03-27,Insulin Glargine Pen,Diabetes Care,USA,1671.97,25,786.74,Hospital
2023-03-27,Atorvastatin 20mg (30ct),Cardiovascular,India,972.84,51,361.99,Government Tender
2023-03-27,Loratadine 10mg (14ct),Allergy,Japan,74.7,7,24.78,Retail Pharmacy
2023-03-27,Loratadine 10mg (14ct),Allergy,UK,323.55,32,104.22,Retail Pharmacy
2023-03-27,Omeprazole 20mg (28ct),Gastro,Germany,241.21,21,101.96,Government Tender
2023-03-28,Salbutamol Inhaler,Respiratory,USA,371.24,17,153.09,Hospital
2023-03-28,Atorvastatin 20mg (30ct),Cardiovascular,UK,341.54,18,133.13,Hospital
2023-03-28,Amoxicillin 500mg (20ct),Antibiotics,Japan,514.62,37,222.39,Retail Pharmacy
2023-03-28,Ibuprofen 400mg (30ct),Pain Relief,India,87.48,13,28.37,Hospital
2023-03-28,Insulin Glargine Pen,Diabetes Care,Germany,692.77,11,351.02,Government Tender
2023-03-28,Amoxicillin 500mg (20ct),Antibiotics,Brazil,561.53,42,249.01,Retail Pharmacy
2023-03-28,Loratadine 10mg (14ct),Allergy,USA,539.91,63,223.21,Government Tender
2023-03-29,Salbutamol Inhaler,Respiratory,Brazil,435.6,19,164.42,Hospital
2023-03-29,Multivitamin Complex,Supplements,Germany,564.95,38,198.65,Government Tender
2023-03-29,Insulin Glargine Pen,Diabetes Care,India,867.75,14,413.13,Hospital
2023-03-29,Ibuprofen 400mg (30ct),Pain Relief,Japan,41.32,6,13.01,Government Tender
2023-03-29,Amoxicillin 500mg (20ct),Antibiotics,Germany,202.37,14,78.59,Hospital
2023-03-29,Multivitamin Complex,Supplements,Germany,365.3,23,120.32,Hospital
2023-03-30,Salbutamol Inhaler,Respiratory,Japan,47.83,2,18.28,Hospital
2023-03-30,Omeprazole 20mg (28ct),Gastro,UK,299.85,27,134.14,Retail Pharmacy
2023-03-30,Loratadine 10mg (14ct),Allergy,Japan,212.89,21,68.5,Hospital
2023-03-30,Loratadine 10mg (14ct),Allergy,USA,193.77,18,64.03,Hospital
2023-03-30,Omeprazole 20mg (28ct),Gastro,UK,27.1,2,9.48,Retail Pharmacy
2023-03-30,Ibuprofen 400mg (30ct),Pain Relief,Germany,200.57,29,59.75,Hospital
2023-03-30,Salbutamol Inhaler,Respiratory,Germany,1030.88,43,387.67,Retail Pharmacy
2023-03-30,Amoxicillin 500mg (20ct),Antibiotics,Japan,46.3,3,17.87,Government Tender
2023-03-31,Amoxicillin 500mg (20ct),Antibiotics,Germany,125.15,10,59.11,Government Tender
2023-03-31,Multivitamin Complex,Supplements,Germany,282.05,20,113.46,Retail Pharmacy
2023-03-31,Ibuprofen 400mg (30ct),Pain Relief,Brazil,159.78,24,51.93,Government Tender
2023-03-31,Atorvastatin 20mg (30ct),Cardiovascular,Brazil,341.13,21,150.67,Hospital
2023-03-31,Ibuprofen 400mg (30ct),Pain Relief,Germany,313.14,53,114.46,Government Tender
2023-03-31,Ibuprofen 400mg (30ct),Pain Relief,Germany,146.74,21,44.27,Government Tender
2023-03-31,Ibuprofen 400mg (30ct),Pain Relief,Japan,34.75,6,12.01,Hospital
2023-03-31,Amoxicillin 500mg (20ct),Antibiotics,Germany,168.42,13,73.05,Hospital
2023-03-31,Atorvastatin 20mg (30ct),Cardiovascular,Japan,390.52,20,145.56,Retail Pharmacy
2023-03-31,Insulin Glargine Pen,Diabetes Care,India,2161.79,29,887.39,Government Tender
2023-04-01,Loratadine 10mg (14ct),Allergy,UK,378.49,42,140.52,Government Tender
2023-04-01,Insulin Glargine Pen,Diabetes Care,Japan,1160.75,16,506.08,Government Tender
2023-04-01,Atorvastatin 20mg (30ct),Cardiovascular,Japan,412.53,23,160.74,Government Tender
2023-04-01,Multivitamin Complex,Supplements,UK,38.37,3,16.37,Retail Pharmacy
2023-04-01,Amoxicillin 500mg (20ct),Antibiotics,Brazil,498.48,41,241.86,Hospital
2023-04-01,Multivitamin Complex,Supplements,UK,432.34,28,147.98,Hospital
2023-04-01,Salbutamol Inhaler,Respiratory,Germany,877.42,46,417.3,Hospital
2023-04-01,Omeprazole 20mg (28ct),Gastro,Japan,176.0,16,77.29,Government Tender
2023-04-02,Salbutamol Inhaler,Respiratory,India,1051.67,47,409.23,Government Tender
2023-04-02,Salbutamol Inhaler,Respiratory,Germany,340.65,15,133.52,Hospital
2023-04-02,Atorvastatin 20mg (30ct),Cardiovascular,Japan,210.26,11,76.39,Government Tender
2023-04-02,Loratadine 10mg (14ct),Allergy,India,329.64,36,124.27,Government Tender
2023-04-02,Ibuprofen 400mg (30ct),Pain Relief,Japan,279.85,44,94.99,Hospital
2023-04-02,Salbutamol Inhaler,Respiratory,India,282.71,12,109.66,Hospital
2023-04-02,Salbutamol Inhaler,Respiratory,India,65.34,3,28.24,Government Tender
2023-04-02,Multivitamin Complex,Supplements,UK,115.13,9,50.65,Hospital
2023-04-02,Salbutamol Inhaler,Respiratory,Brazil,2066.55,85,781.39,Retail Pharmacy
2023-04-02,Atorvastatin 20mg (30ct),Cardiovascular,Japan,827.6,48,360.46,Hospital
2023-04-03,Insulin Glargine Pen,Diabetes Care,Japan,2243.61,30,946.73,Retail Pharmacy
2023-04-03,Multivitamin Complex,Supplements,India,15.22,1,5.64,Government Tender
2023-04-03,Atorvastatin 20mg (30ct),Cardiovascular,Brazil,287.63,14,103.04,Government Tender
2023-04-03,Loratadine 10mg (14ct),Allergy,Japan,148.14,16,55.19,Hospital
2023-04-03,Atorvastatin 20mg (30ct),Cardiovascular,India,338.96,18,132.92,Hospital
2023-04-03,Ibuprofen 400mg (30ct),Pain Relief,Japan,101.06,17,34.59,Government Tender
2023-04-03,Atorvastatin 20mg (30ct),Cardiovascular,Japan,232.37,13,97.63,Hospital
2023-04-03,Amoxicillin 500mg (20ct),Antibiotics,Germany,1890.02,136,758.46,Government Tender
2023-04-03,Insulin Glargine Pen,Diabetes Care,Germany,1186.65,20,626.41,Hospital
2023-04-03,Multivitamin Complex,Supplements,Japan,303.0,23,121.03,Government Tender
2023-04-03,Amoxicillin 500mg (20ct),Antibiotics,India,357.2,28,160.51,Government Tender
2023-04-03,Atorvastatin 20mg (30ct),Cardiovascular,USA,312.53,19,131.07,Retail Pharmacy
2023-04-03,Insulin Glargine Pen,Diabetes Care,UK,1508.39,23,715.99,Government Tender
2023-04-03,Ibuprofen 400mg (30ct),Pain Relief,USA,137.79,20,42.21,Government Tender
2023-04-03,Amoxicillin 500mg (20ct),Antibiotics,Germany,286.64,19,115.58,Retail Pharmacy
2023-04-03,Amoxicillin 500mg (20ct),Antibiotics,USA,199.65,14,84.45,Retail Pharmacy
2023-04-03,Atorvastatin 20mg (30ct),Cardiovascular,Brazil,730.4,39,276.4,Retail Pharmacy
2023-04-04,Ibuprofen 400mg (30ct),Pain Relief,India,86.84,14,29.14,Hospital
2023-04-04,Amoxicillin 500mg (20ct),Antibiotics,UK,46.56,3,17.03,Hospital
2023-04-04,Insulin Glargine Pen,Diabetes Care,Brazil,667.45,10,302.4,Hospital
2023-04-04,Amoxicillin 500mg (20ct),Antibiotics,Japan,79.95,6,36.43,Government Tender
2023-04-04,Omeprazole 20mg (28ct),Gastro,Germany,297.54,22,109.19,Retail Pharmacy
2023-04-04,Insulin Glargine Pen,Diabetes Care,Germany,3662.14,49,1499.48,Retail Pharmacy
2023-04-04,Multivitamin Complex,Supplements,Germany,256.1,16,87.1,Government Tender
2023-04-05,Insulin Glargine Pen,Diabetes Care,USA,1404.36,21,656.04,Government Tender
2023-04-05,Insulin Glargine Pen,Diabetes Care,Brazil,1113.91,15,462.15,Hospital
2023-04-05,Multivitamin Complex,Supplements,India,202.09,13,70.94,Hospital
2023-04-05,Atorvastatin 20mg (30ct),Cardiovascular,Japan,730.61,40,287.09,Government Tender
2023-04-05,Atorvastatin 20mg (30ct),Cardiovascular,UK,312.77,16,115.85,Hospital
2023-04-05,Omeprazole 20mg (28ct),Gastro,Germany,624.06,55,265.42,Government Tender
2023-04-05,Insulin Glargine Pen,Diabetes Care,UK,1958.7,28,904.31,Hospital
2023-04-06,Salbutamol Inhaler,Respiratory,Japan,477.11,25,221.54,Government Tender
2023-04-06,Atorvastatin 20mg (30ct),Cardiovascular,UK,207.81,11,78.06,Government Tender
2023-04-06,Insulin Glargine Pen,Diabetes Care,Germany,3330.47,45,1445.12,Hospital
2023-04-06,Insulin Glargine Pen,Diabetes Care,USA,1315.91,19,586.97,Hospital
2023-04-06,Amoxicillin 500mg (20ct),Antibiotics,Brazil,185.74,15,90.88,Government Tender
2023-04-06,Salbutamol Inhaler,Respiratory,India,583.26,29,254.74,Hospital
2023-04-06,Atorvastatin 20mg (30ct),Cardiovascular,UK,488.61,25,185.82,Government Tender
2023-04-07,Amoxicillin 500mg (20ct),Antibiotics,Germany,261.83,18,106.14,Hospital
2023-04-07,Ibuprofen 400mg (30ct),Pain Relief,Brazil,120.83,21,42.39,Retail Pharmacy
2023-04-07,Salbutamol Inhaler,Respiratory,Germany,339.56,14,125.2,Hospital
2023-04-07,Multivitamin Complex,Supplements,Brazil,605.06,37,198.91,Retail Pharmacy
2023-04-07,Amoxicillin 500mg (20ct),Antibiotics,Germany,330.4,22,124.08,Retail Pharmacy
2023-04-07,Ibuprofen 400mg (30ct),Pain Relief,India,119.29,18,36.98,Hospital
2023-04-07,Salbutamol Inhaler,Respiratory,Brazil,859.91,35,305.11,Government Tender
2023-04-08,Salbutamol Inhaler,Respiratory,India,461.29,19,169.24,Hospital
2023-04-08,Atorvastatin 20mg (30ct),Cardiovascular,Germany,731.99,40,293.65,Hospital
2023-04-08,Ibuprofen 400mg (30ct),Pain Relief,Germany,182.61,29,58.25,Retail Pharmacy
2023-04-08,Ibuprofen 400mg (30ct),Pain Relief,Germany,130.48,20,41.38,Hospital
2023-04-08,Insulin Glargine Pen,Diabetes Care,Brazil,208.58,3,89.3,Hospital
2023-04-08,Multivitamin Complex,Supplements,Germany,256.29,19,100.4,Government Tender
2023-04-08,Amoxicillin 500mg (20ct),Antibiotics,Germany,149.07,10,56.17,Hospital
2023-04-08,Ibuprofen 400mg (30ct),Pain Relief,Japan,108.13,16,33.87,Government Tender
2023-04-08,Multivitamin Complex,Supplements,USA,458.78,28,153.74,Government Tender
2023-04-08,Amoxicillin 500mg (20ct),Antibiotics,Germany,104.32,8,44.13,Government Tender
2023-04-08,Insulin Glargine Pen,Diabetes Care,USA,701.43,12,374.36,Hospital
2023-04-09,Loratadine 10mg (14ct),Allergy,India,119.7,12,42.81,Hospital
2023-04-09,Multivitamin Complex,Supplements,India,126.3,8,43.84,Hospital
2023-04-09,Omeprazole 20mg (28ct),Gastro,Brazil,139.56,11,53.92,Hospital
2023-04-09,Amoxicillin 500mg (20ct),Antibiotics,Germany,386.68,25,143.35,Retail Pharmacy
2023-04-09,Omeprazole 20mg (28ct),Gastro,Germany,365.68,31,150.36,Government Tender
2023-04-09,Atorvastatin 20mg (30ct),Cardiovascular,Japan,188.84,11,80.04,Hospital
2023-04-09,Multivitamin Complex,Supplements,Germany,413.68,30,167.18,Retail Pharmacy
2023-04-09,Insulin Glargine Pen,Diabetes Care,UK,1411.19,19,601.39,Hospital
2023-04-10,Multivitamin Complex,Supplements,India,267.3,17,95.68,Government Tender
2023-04-10,Ibuprofen 400mg (30ct),Pain Relief,Brazil,240.65,37,74.34,Hospital
2023-04-10,Omeprazole 20mg (28ct),Gastro,Germany,310.09,25,122.72,Government Tender
2023-04-10,Atorvastatin 20mg (30ct),Cardiovascular,Germany,789.29,42,315.87,Retail Pharmacy
2023-04-10,Ibuprofen 400mg (30ct),Pain Relief,Germany,140.19,21,44.69,Hospital
2023-04-10,Atorvastatin 20mg (30ct),Cardiovascular,USA,840.42,45,314.95,Government Tender
2023-04-10,Atorvastatin 20mg (30ct),Cardiovascular,India,483.36,25,181.33,Government Tender
2023-04-11,Insulin Glargine Pen,Diabetes Care,USA,1585.66,24,775.77,Hospital
2023-04-11,Loratadine 10mg (14ct),Allergy,Japan,38.55,4,13.32,Government Tender
2023-04-11,Insulin Glargine Pen,Diabetes Care,USA,2650.18,39,1187.63,Hospital
2023-04-11,Amoxicillin 500mg (20ct),Antibiotics,Brazil,377.46,26,155.34,Retail Pharmacy
2023-04-11,Insulin Glargine Pen,Diabetes Care,India,337.06,5,156.52,Hospital
2023-04-11,Multivitamin Complex,Supplements,India,355.14,24,130.07,Retail Pharmacy
2023-04-11,Insulin Glargine Pen,Diabetes Care,India,866.74,12,384.7,Government Tender
2023-04-11,Multivitamin Complex,Supplements,India,344.29,21,119.11,Retail Pharmacy
2023-04-11,Omeprazole 20mg (28ct),Gastro,USA,382.12,28,142.46,Retail Pharmacy
2023-04-11,Salbutamol Inhaler,Respiratory,Japan,857.43,36,316.42,Retail Pharmacy
2023-04-12,Multivitamin Complex,Supplements,Japan,390.52,29,154.84,Government Tender
2023-04-12,Multivitamin Complex,Supplements,India,444.82,29,154.81,Hospital
2023-04-12,Multivitamin Complex,Supplements,Brazil,397.82,26,136.47,Retail Pharmacy
2023-04-12,Ibuprofen 400mg (30ct),Pain Relief,Japan,182.49,27,59.25,Hospital
2023-04-12,Multivitamin Complex,Supplements,Japan,281.05,22,117.76,Retail Pharmacy
2023-04-12,Insulin Glargine Pen,Diabetes Care,India,1707.62,28,868.37,Government Tender
2023-04-12,Ibuprofen 400mg (30ct),Pain Relief,India,88.5,15,31.92,Government Tender
2023-04-13,Insulin Glargine Pen,Diabetes Care,USA,3167.66,43,1369.82,Retail Pharmacy
2023-04-13,Atorvastatin 20mg (30ct),Cardiovascular,Japan,607.38,32,231.4,Government Tender
2023-04-13,Loratadine 10mg (14ct),Allergy,India,341.59,34,114.29,Government Tender
2023-04-13,Multivitamin Complex,Supplements,USA,358.24,25,131.98,Hospital
2023-04-13,Amoxicillin 500mg (20ct),Antibiotics,India,250.52,18,108.65,Retail Pharmacy
2023-04-13,Omeprazole 20mg (28ct),Gastro,India,344.36,26,132.31,Retail Pharmacy
2023-04-13,Multivitamin Complex,Supplements,Germany,135.5,9,47.8,Government Tender
2023-04-13,Amoxicillin 500mg (20ct),Antibiotics,Brazil,1119.98,75,446.9,Hospital
2023-04-13,Salbutamol Inhaler,Respiratory,India,611.91,30,269.19,Hospital
2023-04-13,Omeprazole 20mg (28ct),Gastro,Japan,449.47,35,173.71,Retail Pharmacy
2023-04-13,Atorvastatin 20mg (30ct),Cardiovascular,Japan,361.0,19,130.74,Government Tender
2023-04-14,Ibuprofen 400mg (30ct),Pain Relief,Germany,334.19,56,119.14,Retail Pharmacy
2023-04-14,Atorvastatin 20mg (30ct),Cardiovascular,Japan,340.9,21,155.05,Retail Pharmacy
2023-04-14,Multivitamin Complex,Supplements,Brazil,387.45,27,143.48,Government Tender
2023-04-14,Atorvastatin 20mg (30ct),Cardiovascular,Brazil,299.32,18,125.05,Retail Pharmacy
2023-04-14,Amoxicillin 500mg (20ct),Antibiotics,Brazil,481.44,38,211.17,Retail Pharmacy
2023-04-14,Omeprazole 20mg (28ct),Gastro,USA,198.82,15,73.79,Retail Pharmacy
2023-04-15,Atorvastatin 20mg (30ct),Cardiovascular,Germany,405.24,24,170.24,Retail Pharmacy
2023-04-15,Omeprazole 20mg (28ct),Gastro,India,472.31,40,187.87,Government Tender
2023-04-15,Amoxicillin 500mg (20ct),Antibiotics,USA,579.46,41,236.02,Government Tender
2023-04-15,Ibuprofen 400mg (30ct),Pain Relief,Germany,47.85,7,14.97,Retail Pharmacy
2023-04-15,Ibuprofen 400mg (30ct),Pain Relief,Germany,320.66,48,97.58,Retail Pharmacy
2023-04-15,Omeprazole 20mg (28ct),Gastro,Germany,353.48,32,151.25,Hospital
2023-04-15,Salbutamol Inhaler,Respiratory,UK,514.53,25,219.96,Retail Pharmacy
2023-04-16,Ibuprofen 400mg (30ct),Pain Relief,India,48.68,7,14.64,Retail Pharmacy
2023-04-16,Omeprazole 20mg (28ct),Gastro,USA,382.83,29,138.71,Government Tender
2023-04-16,Loratadine 10mg (14ct),Allergy,USA,178.37,19,67.47,Retail Pharmacy
2023-04-16,Ibuprofen 400mg (30ct),Pain Relief,USA,98.05,15,30.36,Retail Pharmacy
2023-04-17,Amoxicillin 500mg (20ct),Antibiotics,UK,415.74,27,164.34,Retail Pharmacy
2023-04-17,Multivitamin Complex,Supplements,India,572.88,35,200.05,Retail Pharmacy
2023-04-17,Insulin Glargine Pen,Diabetes Care,Germany,5045.23,72,2222.6,Hospital
2023-04-17,Amoxicillin 500mg (20ct),Antibiotics,Brazil,194.81,13,75.96,Retail Pharmacy
2023-04-17,Atorvastatin 20mg (30ct),Cardiovascular,India,674.46,39,290.64,Hospital
2023-04-17,Multivitamin Complex,Supplements,Brazil,161.5,12,68.38,Government Tender
2023-04-17,Atorvastatin 20mg (30ct),Cardiovascular,Germany,168.41,10,70.68,Government Tender
2023-04-17,Multivitamin Complex,Supplements,USA,145.66,10,52.94,Hospital
2023-04-17,Ibuprofen 400mg (30ct),Pain Relief,India,250.65,39,79.5,Hospital
2023-04-17,Ibuprofen 400mg (30ct),Pain Relief,Germany,214.55,36,77.19,Retail Pharmacy
2023-04-17,Salbutamol Inhaler,Respiratory,UK,146.2,6,55.46,Hospital
2023-04-17,Amoxicillin 500mg (20ct),Antibiotics,Germany,212.32,16,94.8,Retail Pharmacy
2023-04-17,Salbutamol Inhaler,Respiratory,USA,304.11,13,119.44,Retail Pharmacy
2023-04-18,Multivitamin Complex,Supplements,Japan,422.6,33,181.44,Hospital
2023-04-18,Multivitamin Complex,Supplements,Japan,190.3,13,71.0,Retail Pharmacy
2023-04-18,Amoxicillin 500mg (20ct),Antibiotics,UK,494.68,33,185.32,Government Tender
2023-04-18,Salbutamol Inhaler,Respiratory,Japan,67.71,3,26.2,Retail Pharmacy
2023-04-18,Loratadine 10mg (14ct),Allergy,India,119.05,14,49.8,Hospital
2023-04-18,Loratadine 10mg (14ct),Allergy,Brazil,215.5,20,66.37,Hospital
2023-04-18,Salbutamol Inhaler,Respiratory,Germany,1091.74,56,522.62,Retail Pharmacy
2023-04-18,Multivitamin Complex,Supplements,Japan,215.0,16,87.53,Government Tender
2023-04-18,Salbutamol Inhaler,Respiratory,UK,1029.16,47,426.42,Retail Pharmacy
2023-04-18,Omeprazole 20mg (28ct),Gastro,Japan,67.59,5,23.31,Hospital
2023-04-18,Ibuprofen 400mg (30ct),Pain Relief,Japan,273.68,41,87.21,Government Tender
2023-04-18,Salbutamol Inhaler,Respiratory,Japan,865.4,37,326.83,Hospital
2023-04-18,Ibuprofen 400mg (30ct),Pain Relief,India,139.0,21,44.87,Hospital
2023-04-18,Amoxicillin 500mg (20ct),Antibiotics,Japan,292.07,20,116.63,Government Tender
2023-04-18,Amoxicillin 500mg (20ct),Antibiotics,Germany,216.46,16,96.42,Retail Pharmacy
2023-04-19,Insulin Glargine Pen,Diabetes Care,UK,3140.71,47,1522.81,Government Tender
2023-04-19,Salbutamol Inhaler,Respiratory,UK,1011.54,42,371.36,Hospital
2023-04-19,Omeprazole 20mg (28ct),Gastro,Germany,506.98,45,224.87,Hospital
2023-04-19,Insulin Glargine Pen,Diabetes Care,UK,810.08,12,385.84,Hospital
2023-04-19,Loratadine 10mg (14ct),Allergy,Japan,157.45,18,60.46,Hospital
2023-04-19,Multivitamin Complex,Supplements,India,121.16,9,48.8,Government Tender
2023-04-20,Loratadine 10mg (14ct),Allergy,USA,182.53,21,70.13,Hospital
2023-04-20,Insulin Glargine Pen,Diabetes Care,USA,1116.87,15,465.98,Retail Pharmacy
2023-04-20,Multivitamin Complex,Supplements,Brazil,275.18,17,96.68,Hospital
2023-04-20,Multivitamin Complex,Supplements,Germany,664.03,46,256.24,Government Tender
2023-04-20,Atorvastatin 20mg (30ct),Cardiovascular,USA,357.64,20,141.83,Government Tender
2023-04-20,Atorvastatin 20mg (30ct),Cardiovascular,Brazil,527.52,26,189.38,Retail Pharmacy
2023-04-20,Atorvastatin 20mg (30ct),Cardiovascular,USA,179.66,10,74.68,Hospital
2023-04-20,Atorvastatin 20mg (30ct),Cardiovascular,USA,308.49,19,137.69,Retail Pharmacy
2023-04-20,Omeprazole 20mg (28ct),Gastro,UK,205.96,17,84.21,Retail Pharmacy
2023-04-20,Multivitamin Complex,Supplements,India,228.81,16,86.15,Retail Pharmacy
2023-04-20,Omeprazole 20mg (28ct),Gastro,UK,469.61,35,179.82,Retail Pharmacy
2023-04-20,Atorvastatin 20mg (30ct),Cardiovascular,Brazil,338.36,18,131.57,Government Tender
2023-04-20,Insulin Glargine Pen,Diabetes Care,UK,1660.27,26,797.67,Hospital
2023-04-20,Insulin Glargine Pen,Diabetes Care,USA,1790.29,25,746.02,Retail Pharmacy
2023-04-21,Ibuprofen 400mg (30ct),Pain Relief,India,269.42,40,86.93,Retail Pharmacy
2023-04-21,Salbutamol Inhaler,Respiratory,USA,585.49,25,220.11,Retail Pharmacy
2023-04-21,Atorvastatin 20mg (30ct),Cardiovascular,USA,936.46,50,364.08,Hospital
2023-04-21,Atorvastatin 20mg (30ct),Cardiovascular,Germany,517.38,28,204.49,Hospital
2023-04-21,Salbutamol Inhaler,Respiratory,Germany,243.28,12,104.13,Retail Pharmacy
2023-04-21,Amoxicillin 500mg (20ct),Antibiotics,Japan,205.23,17,93.99,Hospital
2023-04-21,Insulin Glargine Pen,Diabetes Care,Brazil,785.11,13,383.48,Hospital
2023-04-21,Amoxicillin 500mg (20ct),Antibiotics,UK,92.72,6,35.26,Hospital
2023-04-22,Amoxicillin 500mg (20ct),Antibiotics,Japan,1027.14,67,376.89,Retail Pharmacy
2023-04-22,Multivitamin Complex,Supplements,Japan,455.51,30,156.99,Government Tender
2023-04-22,Loratadine 10mg (14ct),Allergy,Brazil,110.45,11,37.91,Government Tender
2023-04-22,Omeprazole 20mg (28ct),Gastro,Japan,358.51,28,140.0,Hospital
2023-04-22,Insulin Glargine Pen,Diabetes Care,Germany,252.32,4,128.75,Government Tender
2023-04-22,Ibuprofen 400mg (30ct),Pain Relief,UK,130.23,19,40.58,Hospital
2023-04-22,Amoxicillin 500mg (20ct),Antibiotics,UK,546.89,38,221.79,Hospital
2023-04-22,Insulin Glargine Pen,Diabetes Care,UK,1147.7,18,550.48,Retail Pharmacy
2023-04-22,Insulin Glargine Pen,Diabetes Care,Brazil,306.42,5,153.78,Retail Pharmacy
2023-04-22,Ibuprofen 400mg (30ct),Pain Relief,Japan,98.04,15,30.93,Hospital
2023-04-23,Insulin Glargine Pen,Diabetes Care,USA,1517.4,26,824.27,Hospital
2023-04-23,Ibuprofen 400mg (30ct),Pain Relief,USA,66.87,10,19.97,Retail Pharmacy
2023-04-23,Multivitamin Complex,Supplements,Japan,115.03,7,36.73,Hospital
2023-04-23,Ibuprofen 400mg (30ct),Pain Relief,USA,620.78,87,174.44,Retail Pharmacy
2023-04-23,Insulin Glargine Pen,Diabetes Care,Germany,1456.72,25,802.73,Government Tender
2023-04-23,Atorvastatin 20mg (30ct),Cardiovascular,Japan,226.52,11,82.69,Government Tender
2023-04-23,Omeprazole 20mg (28ct),Gastro,Germany,380.6,34,167.26,Government Tender
2023-04-23,Atorvastatin 20mg (30ct),Cardiovascular,Germany,443.28,23,157.53,Government Tender
2023-04-24,Atorvastatin 20mg (30ct),Cardiovascular,UK,227.79,11,80.76,Government Tender
2023-04-24,Salbutamol Inhaler,Respiratory,Germany,818.68,35,326.82,Government Tender
2023-04-24,Amoxicillin 500mg (20ct),Antibiotics,USA,311.86,25,144.34,Hospital
2023-04-24,Ibuprofen 400mg (30ct),Pain Relief,UK,88.43,13,26.69,Government Tender
2023-04-24,Amoxicillin 500mg (20ct),Antibiotics,Brazil,180.7,13,78.44,Hospital
2023-04-24,Ibuprofen 400mg (30ct),Pain Relief,USA,119.47,21,43.36,Hospital
2023-04-24,Loratadine 10mg (14ct),Allergy,Brazil,361.75,38,123.77,Hospital
2023-04-24,Multivitamin Complex,Supplements,Brazil,357.92,23,130.24,Government Tender
2023-04-24,Ibuprofen 400mg (30ct),Pain Relief,Japan,97.45,17,34.16,Government Tender
2023-04-24,Atorvastatin 20mg (30ct),Cardiovascular,Japan,542.68,27,189.2,Retail Pharmacy
2023-04-24,Loratadine 10mg (14ct),Allergy,UK,203.73,22,78.16,Hospital
2023-04-24,Omeprazole 20mg (28ct),Gastro,UK,123.04,11,52.2,Hospital
2023-04-24,Ibuprofen 400mg (30ct),Pain Relief,UK,168.69,29,61.03,Retail Pharmacy
2023-04-24,Multivitamin Complex,Supplements,USA,118.87,9,49.75,Government Tender
2023-04-25,Atorvastatin 20mg (30ct),Cardiovascular,Germany,773.78,40,277.79,Hospital
2023-04-25,Loratadine 10mg (14ct),Allergy,Brazil,559.0,59,203.42,Government Tender
2023-04-25,Salbutamol Inhaler,Respiratory,Germany,666.15,32,278.33,Government Tender
2023-04-25,Multivitamin Complex,Supplements,Germany,385.78,26,147.3,Government Tender
2023-04-25,Ibuprofen 400mg (30ct),Pain Relief,India,119.65,18,37.13,Government Tender
2023-04-25,Omeprazole 20mg (28ct),Gastro,Japan,167.44,14,65.59,Retail Pharmacy
2023-04-25,Insulin Glargine Pen,Diabetes Care,Brazil,782.85,13,422.59,Government Tender
2023-04-25,Multivitamin Complex,Supplements,Germany,115.06,7,40.14,Retail Pharmacy
2023-04-25,Omeprazole 20mg (28ct),Gastro,India,99.52,8,38.72,Hospital
2023-04-25,Ibuprofen 400mg (30ct),Pain Relief,UK,107.72,18,36.85,Hospital
2023-04-25,Salbutamol Inhaler,Respiratory,Brazil,726.87,34,301.67,Government Tender
2023-04-26,Insulin Glargine Pen,Diabetes Care,Brazil,2026.34,35,1047.72,Government Tender
2023-04-26,Amoxicillin 500mg (20ct),Antibiotics,USA,179.44,12,66.14,Government Tender
2023-04-26,Multivitamin Complex,Supplements,UK,214.06,15,79.81,Retail Pharmacy
2023-04-26,Salbutamol Inhaler,Respiratory,UK,1427.25,67,613.68,Government Tender
2023-04-26,Loratadine 10mg (14ct),Allergy,USA,45.11,5,17.75,Government Tender
2023-04-26,Loratadine 10mg (14ct),Allergy,UK,81.29,9,29.71,Hospital
2023-04-26,Atorvastatin 20mg (30ct),Cardiovascular,Germany,325.22,19,135.53,Hospital
2023-04-26,Ibuprofen 400mg (30ct),Pain Relief,Japan,62.94,9,19.01,Government Tender
2023-04-26,Ibuprofen 400mg (30ct),Pain Relief,Germany,234.55,38,81.68,Retail Pharmacy
2023-04-27,Omeprazole 20mg (28ct),Gastro,UK,460.11,36,179.41,Government Tender
2023-04-27,Salbutamol Inhaler,Respiratory,Japan,588.75,26,241.65,Retail Pharmacy
2023-04-27,Multivitamin Complex,Supplements,UK,303.18,21,111.15,Retail Pharmacy
2023-04-27,Omeprazole 20mg (28ct),Gastro,USA,314.82,25,118.8,Retail Pharmacy
2023-04-27,Omeprazole 20mg (28ct),Gastro,USA,475.06,35,168.12,Retail Pharmacy
2023-04-27,Ibuprofen 400mg (30ct),Pain Relief,Germany,56.79,10,21.71,Government Tender
2023-04-27,Ibuprofen 400mg (30ct),Pain Relief,USA,137.89,24,52.45,Government Tender
2023-04-27,Loratadine 10mg (14ct),Allergy,Brazil,107.05,12,41.07,Retail Pharmacy
2023-04-27,Amoxicillin 500mg (20ct),Antibiotics,India,153.93,10,58.43,Hospital
2023-04-27,Atorvastatin 20mg (30ct),Cardiovascular,India,610.82,32,241.82,Government Tender
2023-04-27,Insulin Glargine Pen,Diabetes Care,Brazil,2473.19,41,1267.26,Hospital
2023-04-28,Loratadine 10mg (14ct),Allergy,USA,166.88,16,51.77,Retail Pharmacy
2023-04-28,Multivitamin Complex,Supplements,Germany,137.47,10,53.79,Retail Pharmacy
2023-04-28,Multivitamin Complex,Supplements,Brazil,1051.75,66,350.31,Hospital
2023-04-28,Omeprazole 20mg (28ct),Gastro,USA,388.0,33,156.44,Hospital
2023-04-28,Omeprazole 20mg (28ct),Gastro,India,106.38,9,46.04,Retail Pharmacy
2023-04-28,Insulin Glargine Pen,Diabetes Care,Germany,1432.95,20,603.05,Government Tender
2023-04-28,Insulin Glargine Pen,Diabetes Care,USA,2812.87,41,1216.72,Hospital
2023-04-28,Omeprazole 20mg (28ct),Gastro,Japan,198.76,17,86.28,Hospital
2023-04-28,Multivitamin Complex,Supplements,Brazil,226.06,15,84.91,Retail Pharmacy
2023-04-28,Salbutamol Inhaler,Respiratory,Germany,399.6,18,162.15,Retail Pharmacy
2023-04-28,Amoxicillin 500mg (20ct),Antibiotics,UK,288.32,19,105.93,Government Tender
2023-04-28,Multivitamin Complex,Supplements,Germany,114.23,8,45.92,Hospital
2023-04-28,Salbutamol Inhaler,Respiratory,Brazil,611.79,28,252.5,Hospital
2023-04-29,Insulin Glargine Pen,Diabetes Care,Germany,867.36,14,453.76,Hospital
2023-04-29,Ibuprofen 400mg (30ct),Pain Relief,UK,140.43,20,42.42,Government Tender
2023-04-29,Omeprazole 20mg (28ct),Gastro,USA,388.88,29,149.02,Government Tender
2023-04-29,Loratadine 10mg (14ct),Allergy,Japan,108.93,13,44.13,Government Tender
2023-04-29,Multivitamin Complex,Supplements,UK,413.99,31,170.61,Retail Pharmacy
2023-04-29,Omeprazole 20mg (28ct),Gastro,India,393.76,36,170.85,Government Tender
2023-04-29,Omeprazole 20mg (28ct),Gastro,Japan,218.0,16,80.27,Retail Pharmacy
2023-04-29,Multivitamin Complex,Supplements,UK,386.47,24,127.21,Retail Pharmacy
2023-04-29,Omeprazole 20mg (28ct),Gastro,Japan,332.44,29,142.47,Retail Pharmacy
2023-04-29,Multivitamin Complex,Supplements,Germany,180.97,14,78.02,Retail Pharmacy
2023-04-29,Loratadine 10mg (14ct),Allergy,Japan,128.25,12,39.59,Hospital
2023-04-29,Insulin Glargine Pen,Diabetes Care,UK,2344.86,34,1068.11,Retail Pharmacy
2023-04-29,Ibuprofen 400mg (30ct),Pain Relief,Brazil,174.45,29,59.51,Government Tender
2023-04-29,Atorvastatin 20mg (30ct),Cardiovascular,USA,420.89,21,154.58,Retail Pharmacy
2023-04-30,Atorvastatin 20mg (30ct),Cardiovascular,Germany,98.74,5,36.39,Hospital
2023-04-30,Salbutamol Inhaler,Respiratory,USA,159.91,7,60.55,Retail Pharmacy
2023-04-30,Ibuprofen 400mg (30ct),Pain Relief,India,144.0,23,47.57,Government Tender
2023-04-30,Omeprazole 20mg (28ct),Gastro,Germany,266.45,20,99.76,Retail Pharmacy
2023-04-30,Loratadine 10mg (14ct),Allergy,India,232.84,25,83.0,Government Tender
2023-04-30,Salbutamol Inhaler,Respiratory,Japan,293.33,12,114.49,Government Tender
2023-04-30,Salbutamol Inhaler,Respiratory,Japan,147.98,7,63.29,Retail Pharmacy
2023-04-30,Omeprazole 20mg (28ct),Gastro,Brazil,577.44,52,259.14,Government Tender
2023-04-30,Loratadine 10mg (14ct),Allergy,UK,437.02,48,158.78,Hospital
2023-04-30,Atorvastatin 20mg (30ct),Cardiovascular,Germany,233.11,14,105.61,Hospital
2023-04-30,Multivitamin Complex,Supplements,Germany,749.34,54,294.84,Retail Pharmacy
2023-04-30,Multivitamin Complex,Supplements,Brazil,681.93,44,242.38,Government Tender
2023-04-30,Atorvastatin 20mg (30ct),Cardiovascular,UK,976.72,60,413.2,Hospital
2023-05-01,Amoxicillin 500mg (20ct),Antibiotics,USA,236.57,18,105.56,Hospital
2023-05-01,Atorvastatin 20mg (30ct),Cardiovascular,Japan,348.99,19,135.76,Government Tender
2023-05-01,Amoxicillin 500mg (20ct),Antibiotics,Germany,63.58,5,28.03,Government Tender
2023-05-01,Ibuprofen 400mg (30ct),Pain Relief,UK,379.88,58,121.98,Government Tender
2023-05-01,Insulin Glargine Pen,Diabetes Care,USA,925.98,14,440.75,Retail Pharmacy
2023-05-01,Insulin Glargine Pen,Diabetes Care,USA,643.66,11,332.98,Retail Pharmacy
2023-05-01,Loratadine 10mg (14ct),Allergy,Brazil,120.04,13,44.65,Government Tender
2023-05-01,Atorvastatin 20mg (30ct),Cardiovascular,UK,461.77,23,169.13,Hospital
2023-05-01,Insulin Glargine Pen,Diabetes Care,Brazil,2424.28,37,1178.48,Government Tender
2023-05-01,Loratadine 10mg (14ct),Allergy,Brazil,257.73,27,88.93,Retail Pharmacy
2023-05-01,Salbutamol Inhaler,Respiratory,Germany,364.09,17,159.59,Retail Pharmacy
2023-05-01,Insulin Glargine Pen,Diabetes Care,India,822.41,11,340.88,Hospital
2023-05-02,Insulin Glargine Pen,Diabetes Care,India,807.63,12,386.67,Hospital
2023-05-02,Loratadine 10mg (14ct),Allergy,India,93.47,9,32.04,Hospital
2023-05-02,Salbutamol Inhaler,Respiratory,USA,361.3,17,150.86,Hospital
2023-05-02,Amoxicillin 500mg (20ct),Antibiotics,USA,239.83,16,95.74,Hospital
2023-05-02,Salbutamol Inhaler,Respiratory,Brazil,386.92,17,159.09,Government Tender
2023-05-02,Ibuprofen 400mg (30ct),Pain Relief,Japan,43.88,7,15.06,Hospital
2023-05-02,Omeprazole 20mg (28ct),Gastro,USA,561.3,50,251.22,Hospital
2023-05-02,Insulin Glargine Pen,Diabetes Care,USA,1549.08,21,621.99,Hospital
2023-05-02,Insulin Glargine Pen,Diabetes Care,Brazil,1296.6,19,583.56,Government Tender
2023-05-02,Salbutamol Inhaler,Respiratory,India,642.89,29,264.7,Retail Pharmacy
2023-05-02,Insulin Glargine Pen,Diabetes Care,UK,239.35,4,127.38,Retail Pharmacy
2023-05-02,Multivitamin Complex,Supplements,Japan,608.75,39,205.87,Hospital
2023-05-02,Loratadine 10mg (14ct),Allergy,USA,136.26,16,52.2,Retail Pharmacy
2023-05-02,Omeprazole 20mg (28ct),Gastro,UK,1190.48,88,429.29,Hospital
2023-05-02,Atorvastatin 20mg (30ct),Cardiovascular,UK,155.89,8,59.93,Government Tender
2023-05-03,Loratadine 10mg (14ct),Allergy,USA,200.72,21,68.03,Government Tender
2023-05-03,Loratadine 10mg (14ct),Allergy,Brazil,249.93,30,106.81,Hospital
2023-05-03,Insulin Glargine Pen,Diabetes Care,USA,810.59,11,327.15,Hospital
2023-05-03,Amoxicillin 500mg (20ct),Antibiotics,Germany,53.23,4,23.5,Retail Pharmacy
2023-05-03,Amoxicillin 500mg (20ct),Antibiotics,UK,170.62,14,82.81,Retail Pharmacy
2023-05-03,Salbutamol Inhaler,Respiratory,Japan,658.82,29,256.87,Government Tender
2023-05-03,Salbutamol Inhaler,Respiratory,UK,559.73,26,245.39,Retail Pharmacy
2023-05-03,Omeprazole 20mg (28ct),Gastro,India,951.29,73,350.44,Hospital
2023-05-03,Amoxicillin 500mg (20ct),Antibiotics,India,526.99,42,252.73,Government Tender
2023-05-04,Loratadine 10mg (14ct),Allergy,Germany,247.89,24,78.6,Retail Pharmacy
2023-05-04,Multivitamin Complex,Supplements,Germany,339.61,25,132.45,Retail Pharmacy
2023-05-04,Salbutamol Inhaler,Respiratory,Japan,644.9,31,275.6,Government Tender
2023-05-04,Loratadine 10mg (14ct),Allergy,Brazil,176.46,21,73.41,Hospital
2023-05-04,Insulin Glargine Pen,Diabetes Care,Brazil,354.59,6,189.63,Hospital
2023-05-04,Ibuprofen 400mg (30ct),Pain Relief,Japan,234.99,39,81.8,Government Tender
2023-05-05,Multivitamin Complex,Supplements,Brazil,608.13,45,240.73,Hospital
2023-05-05,Insulin Glargine Pen,Diabetes Care,Germany,1329.68,19,565.66,Hospital
2023-05-05,Omeprazole 20mg (28ct),Gastro,Japan,371.01,33,165.03,Retail Pharmacy
2023-05-05,Loratadine 10mg (14ct),Allergy,USA,74.53,7,23.04,Retail Pharmacy
2023-05-05,Omeprazole 20mg (28ct),Gastro,Germany,168.72,15,69.89,Hospital
2023-05-05,Loratadine 10mg (14ct),Allergy,USA,230.39,25,86.24,Retail Pharmacy
2023-05-05,Salbutamol Inhaler,Respiratory,USA,368.74,15,138.25,Hospital
2023-05-05,Atorvastatin 20mg (30ct),Cardiovascular,Brazil,222.66,13,98.17,Retail Pharmacy
2023-05-05,Amoxicillin 500mg (20ct),Antibiotics,USA,506.33,37,206.47,Retail Pharmacy
2023-05-05,Atorvastatin 20mg (30ct),Cardiovascular,Germany,277.97,14,105.25,Retail Pharmacy
2023-05-05,Omeprazole 20mg (28ct),Gastro,USA,282.23,25,117.23,Retail Pharmacy
2023-05-06,Loratadine 10mg (14ct),Allergy,India,411.43,43,141.66,Hospital
2023-05-06,Amoxicillin 500mg (20ct),Antibiotics,India,150.52,12,71.78,Government Tender
2023-05-06,Loratadine 10mg (14ct),Allergy,Japan,151.56,15,49.33,Retail Pharmacy
2023-05-06,Salbutamol Inhaler,Respiratory,USA,785.14,32,299.1,Government Tender
2023-05-06,Ibuprofen 400mg (30ct),Pain Relief,Japan,414.02,73,152.51,Hospital
2023-05-06,Ibuprofen 400mg (30ct),Pain Relief,Brazil,167.76,25,50.97,Retail Pharmacy
2023-05-06,Ibuprofen 400mg (30ct),Pain Relief,India,54.53,9,18.54,Government Tender
2023-05-06,Salbutamol Inhaler,Respiratory,Brazil,314.98,16,138.55,Retail Pharmacy
2023-05-07,Multivitamin Complex,Supplements,India,307.35,22,117.81,Hospital
2023-05-07,Amoxicillin 500mg (20ct),Antibiotics,UK,390.19,27,153.99,Government Tender
2023-05-07,Multivitamin Complex,Supplements,Germany,309.96,21,117.88,Hospital
2023-05-07,Ibuprofen 400mg (30ct),Pain Relief,Brazil,163.89,23,46.61,Retail Pharmacy
2023-05-07,Omeprazole 20mg (28ct),Gastro,UK,151.33,13,63.23,Retail Pharmacy
2023-05-08,Salbutamol Inhaler,Respiratory,Japan,161.31,8,71.43,Government Tender
2023-05-08,Ibuprofen 400mg (30ct),Pain Relief,Japan,303.91,47,103.27,Retail Pharmacy
2023-05-08,Multivitamin Complex,Supplements,Brazil,313.15,24,135.97,Hospital
2023-05-08,Multivitamin Complex,Supplements,Germany,198.73,15,79.25,Government Tender
2023-05-08,Salbutamol Inhaler,Respiratory,USA,460.41,21,190.69,Retail Pharmacy
2023-05-08,Ibuprofen 400mg (30ct),Pain Relief,UK,157.58,23,46.89,Government Tender
2023-05-09,Atorvastatin 20mg (30ct),Cardiovascular,USA,491.36,28,211.11,Government Tender
2023-05-09,Omeprazole 20mg (28ct),Gastro,India,298.63,22,112.19,Hospital
2023-05-09,Atorvastatin 20mg (30ct),Cardiovascular,India,97.91,6,44.26,Hospital
2023-05-09,Insulin Glargine Pen,Diabetes Care,Germany,4679.13,68,2004.51,Hospital
2023-05-10,Loratadine 10mg (14ct),Allergy,USA,291.56,32,112.13,Retail Pharmacy
2023-05-10,Atorvastatin 20mg (30ct),Cardiovascular,UK,605.24,36,259.93,Hospital
2023-05-10,Salbutamol Inhaler,Respiratory,Japan,748.01,39,360.7,Retail Pharmacy
2023-05-10,Amoxicillin 500mg (20ct),Antibiotics,UK,245.47,16,92.27,Hospital
2023-05-10,Atorvastatin 20mg (30ct),Cardiovascular,Japan,525.0,32,239.76,Hospital
2023-05-10,Atorvastatin 20mg (30ct),Cardiovascular,Brazil,956.34,47,353.75,Hospital
2023-05-10,Salbutamol Inhaler,Respiratory,Japan,426.16,22,203.93,Government Tender
2023-05-10,Loratadine 10mg (14ct),Allergy,Germany,67.12,8,27.36,Government Tender
2023-05-10,Insulin Glargine Pen,Diabetes Care,Japan,4471.5,65,1986.63,Retail Pharmacy
2023-05-10,Ibuprofen 400mg (30ct),Pain Relief,India,79.35,14,30.12,Hospital
2023-05-11,Amoxicillin 500mg (20ct),Antibiotics,Brazil,368.26,29,164.78,Government Tender
2023-05-11,Ibuprofen 400mg (30ct),Pain Relief,Brazil,56.54,8,16.1,Retail Pharmacy
2023-05-11,Loratadine 10mg (14ct),Allergy,USA,176.34,19,64.64,Hospital
2023-05-11,Ibuprofen 400mg (30ct),Pain Relief,Germany,35.65,5,10.16,Retail Pharmacy
2023-05-12,Ibuprofen 400mg (30ct),Pain Relief,Germany,111.69,19,39.37,Hospital
2023-05-12,Insulin Glargine Pen,Diabetes Care,Brazil,494.19,7,225.64,Retail Pharmacy
2023-05-12,Atorvastatin 20mg (30ct),Cardiovascular,Brazil,529.05,27,189.45,Government Tender
2023-05-12,Multivitamin Complex,Supplements,Germany,475.01,35,189.43,Hospital
2023-05-12,Amoxicillin 500mg (20ct),Antibiotics,India,42.34,3,18.22,Government Tender
2023-05-12,Ibuprofen 400mg (30ct),Pain Relief,Japan,113.25,20,43.09,Government Tender
2023-05-12,Salbutamol Inhaler,Respiratory,UK,301.18,13,120.97,Hospital
2023-05-12,Amoxicillin 500mg (20ct),Antibiotics,UK,211.91,14,84.53,Government Tender
2023-05-12,Loratadine 10mg (14ct),Allergy,USA,405.41,44,145.04,Retail Pharmacy
2023-05-12,Ibuprofen 400mg (30ct),Pain Relief,Germany,121.27,20,42.51,Retail Pharmacy
2023-05-12,Insulin Glargine Pen,Diabetes Care,India,872.94,15,482.04,Retail Pharmacy
2023-05-13,Loratadine 10mg (14ct),Allergy,Japan,237.57,25,86.82,Retail Pharmacy
2023-05-13,Loratadine 10mg (14ct),Allergy,Germany,401.03,38,133.14,Government Tender
2023-05-13,Salbutamol Inhaler,Respiratory,Germany,357.61,18,159.92,Retail Pharmacy
2023-05-13,Insulin Glargine Pen,Diabetes Care,Japan,2381.1,38,1218.27,Hospital
2023-05-13,Insulin Glargine Pen,Diabetes Care,Brazil,1446.41,22,654.05,Government Tender
2023-05-13,Omeprazole 20mg (28ct),Gastro,UK,227.02,19,92.62,Government Tender
2023-05-13,Ibuprofen 400mg (30ct),Pain Relief,Brazil,323.88,50,109.97,Hospital
2023-05-13,Salbutamol Inhaler,Respiratory,USA,954.49,43,387.57,Retail Pharmacy
2023-05-13,Omeprazole 20mg (28ct),Gastro,UK,144.83,12,60.38,Retail Pharmacy
2023-05-13,Insulin Glargine Pen,Diabetes Care,Brazil,1415.82,22,709.85,Retail Pharmacy
2023-05-13,Amoxicillin 500mg (20ct),Antibiotics,Japan,224.76,15,84.51,Hospital
2023-05-13,Loratadine 10mg (14ct),Allergy,Brazil,195.84,20,69.96,Hospital
2023-05-13,Loratadine 10mg (14ct),Allergy,USA,157.08,16,57.09,Government Tender
2023-05-14,Omeprazole 20mg (28ct),Gastro,Brazil,582.26,52,262.0,Hospital
2023-05-14,Omeprazole 20mg (28ct),Gastro,Japan,145.55,12,59.02,Government Tender
2023-05-14,Omeprazole 20mg (28ct),Gastro,UK,509.23,39,193.28,Government Tender
2023-05-14,Amoxicillin 500mg (20ct),Antibiotics,USA,426.95,34,196.85,Hospital
2023-05-14,Amoxicillin 500mg (20ct),Antibiotics,USA,114.91,9,50.7,Retail Pharmacy
2023-05-14,Omeprazole 20mg (28ct),Gastro,Germany,86.06,8,38.56,Government Tender
2023-05-15,Salbutamol Inhaler,Respiratory,Japan,740.76,37,347.89,Government Tender
2023-05-15,Insulin Glargine Pen,Diabetes Care,USA,1373.14,19,571.17,Retail Pharmacy
2023-05-15,Amoxicillin 500mg (20ct),Antibiotics,Germany,188.94,15,88.89,Hospital
2023-05-15,Multivitamin Complex,Supplements,Germany,520.42,36,202.46,Hospital
2023-05-15,Salbutamol Inhaler,Respiratory,Brazil,199.26,10,92.47,Government Tender
2023-05-15,Multivitamin Complex,Supplements,USA,95.81,6,32.9,Government Tender
2023-05-15,Salbutamol Inhaler,Respiratory,Germany,187.69,9,84.59,Retail Pharmacy
2023-05-15,Omeprazole 20mg (28ct),Gastro,USA,219.39,17,85.24,Government Tender
2023-05-16,Ibuprofen 400mg (30ct),Pain Relief,India,274.2,43,93.69,Retail Pharmacy
2023-05-16,Insulin Glargine Pen,Diabetes Care,India,1374.71,22,651.17,Hospital
2023-05-16,Amoxicillin 500mg (20ct),Antibiotics,India,435.9,33,186.26,Government Tender
2023-05-17,Atorvastatin 20mg (30ct),Cardiovascular,Japan,259.4,16,120.5,Retail Pharmacy
2023-05-17,Multivitamin Complex,Supplements,UK,136.59,9,48.12,Hospital
2023-05-17,Omeprazole 20mg (28ct),Gastro,UK,217.69,20,102.8,Hospital
2023-05-17,Atorvastatin 20mg (30ct),Cardiovascular,Japan,535.13,29,206.87,Hospital
2023-05-17,Omeprazole 20mg (28ct),Gastro,USA,364.23,33,159.83,Government Tender
2023-05-17,Loratadine 10mg (14ct),Allergy,India,177.7,18,63.33,Hospital
2023-05-17,Omeprazole 20mg (28ct),Gastro,UK,194.01,16,80.45,Hospital
2023-05-17,Atorvastatin 20mg (30ct),Cardiovascular,UK,135.91,7,48.97,Government Tender
2023-05-17,Loratadine 10mg (14ct),Allergy,Japan,350.0,38,135.46,Government Tender
2023-05-17,Amoxicillin 500mg (20ct),Antibiotics,USA,718.55,47,285.37,Government Tender
2023-05-17,Loratadine 10mg (14ct),Allergy,Brazil,237.28,23,77.07,Hospital
2023-05-17,Omeprazole 20mg (28ct),Gastro,Brazil,97.17,9,43.2,Hospital
2023-05-17,Amoxicillin 500mg (20ct),Antibiotics,USA,339.57,26,149.0,Hospital
2023-05-17,Omeprazole 20mg (28ct),Gastro,Brazil,363.09,29,141.0,Government Tender
2023-05-18,Multivitamin Complex,Supplements,Brazil,670.73,49,262.38,Hospital
2023-05-18,Amoxicillin 500mg (20ct),Antibiotics,USA,155.65,10,59.08,Hospital
2023-05-18,Atorvastatin 20mg (30ct),Cardiovascular,Brazil,639.08,34,250.07,Retail Pharmacy
2023-05-18,Amoxicillin 500mg (20ct),Antibiotics,UK,61.92,4,23.25,Retail Pharmacy
2023-05-18,Ibuprofen 400mg (30ct),Pain Relief,USA,84.2,12,25.72,Government Tender
2023-05-18,Amoxicillin 500mg (20ct),Antibiotics,Japan,286.77,22,133.78,Government Tender
2023-05-18,Salbutamol Inhaler,Respiratory,USA,364.16,16,144.55,Government Tender
2023-05-18,Multivitamin Complex,Supplements,Brazil,196.36,14,74.78,Hospital
2023-05-18,Amoxicillin 500mg (20ct),Antibiotics,Brazil,232.71,16,97.05,Hospital
2023-05-18,Ibuprofen 400mg (30ct),Pain Relief,UK,73.93,13,27.42,Hospital
2023-05-18,Amoxicillin 500mg (20ct),Antibiotics,Japan,313.56,25,146.1,Retail Pharmacy
2023-05-18,Loratadine 10mg (14ct),Allergy,India,94.88,9,29.38,Government Tender
2023-05-18,Omeprazole 20mg (28ct),Gastro,USA,303.92,28,137.54,Retail Pharmacy
2023-05-18,Ibuprofen 400mg (30ct),Pain Relief,UK,308.38,44,95.27,Retail Pharmacy
2023-05-19,Salbutamol Inhaler,Respiratory,Japan,801.97,34,309.64,Retail Pharmacy
2023-05-19,Insulin Glargine Pen,Diabetes Care,India,1391.07,23,711.06,Retail Pharmacy
2023-05-19,Omeprazole 20mg (28ct),Gastro,USA,519.33,38,191.16,Retail Pharmacy
2023-05-19,Salbutamol Inhaler,Respiratory,India,268.29,14,125.32,Government Tender
2023-05-19,Insulin Glargine Pen,Diabetes Care,Brazil,2079.95,33,1014.76,Government Tender
2023-05-19,Ibuprofen 400mg (30ct),Pain Relief,India,299.52,44,96.56,Retail Pharmacy
2023-05-19,Insulin Glargine Pen,Diabetes Care,USA,61.43,1,31.48,Retail Pharmacy
2023-05-19,Amoxicillin 500mg (20ct),Antibiotics,Japan,67.13,5,28.02,Retail Pharmacy
2023-05-19,Loratadine 10mg (14ct),Allergy,Japan,361.74,36,127.44,Government Tender
2023-05-19,Multivitamin Complex,Supplements,USA,227.14,15,78.83,Retail Pharmacy
2023-05-19,Multivitamin Complex,Supplements,India,367.69,23,132.6,Retail Pharmacy
2023-05-19,Atorvastatin 20mg (30ct),Cardiovascular,India,276.57,14,104.19,Retail Pharmacy
2023-05-19,Insulin Glargine Pen,Diabetes Care,Brazil,628.4,9,285.22,Government Tender
2023-05-20,Ibuprofen 400mg (30ct),Pain Relief,Brazil,63.64,11,24.07,Retail Pharmacy
2023-05-20,Omeprazole 20mg (28ct),Gastro,Japan,232.05,21,102.62,Government Tender
2023-05-20,Insulin Glargine Pen,Diabetes Care,Germany,238.56,4,122.22,Retail Pharmacy
2023-05-20,Loratadine 10mg (14ct),Allergy,Germany,153.17,18,63.45,Retail Pharmacy
2023-05-20,Loratadine 10mg (14ct),Allergy,Germany,247.81,23,76.65,Retail Pharmacy
2023-05-21,Omeprazole 20mg (28ct),Gastro,USA,204.07,16,79.64,Hospital
2023-05-21,Omeprazole 20mg (28ct),Gastro,Japan,102.08,8,40.63,Government Tender
2023-05-21,Atorvastatin 20mg (30ct),Cardiovascular,Germany,440.95,27,191.44,Retail Pharmacy
2023-05-21,Loratadine 10mg (14ct),Allergy,UK,130.6,13,42.94,Retail Pharmacy
2023-05-21,Atorvastatin 20mg (30ct),Cardiovascular,Brazil,267.36,15,110.51,Government Tender
2023-05-21,Insulin Glargine Pen,Diabetes Care,Japan,1926.43,29,881.22,Government Tender
2023-05-21,Salbutamol Inhaler,Respiratory,USA,288.06,15,141.93,Government Tender
2023-05-21,Insulin Glargine Pen,Diabetes Care,Germany,978.08,14,425.85,Retail Pharmacy
2023-05-21,Multivitamin Complex,Supplements,Brazil,444.26,31,162.48,Government Tender
2023-05-21,Loratadine 10mg (14ct),Allergy,India,95.49,10,34.99,Hospital
2023-05-21,Omeprazole 20mg (28ct),Gastro,UK,140.32,13,65.09,Retail Pharmacy
2023-05-21,Salbutamol Inhaler,Respiratory,USA,560.25,29,274.25,Hospital
2023-05-21,Salbutamol Inhaler,Respiratory,India,394.56,20,175.64,Government Tender
2023-05-21,Insulin Glargine Pen,Diabetes Care,India,705.12,10,302.51,Hospital
2023-05-21,Omeprazole 20mg (28ct),Gastro,USA,243.04,21,107.92,Government Tender
2023-05-21,Omeprazole 20mg (28ct),Gastro,USA,155.52,12,59.08,Hospital
2023-05-22,Insulin Glargine Pen,Diabetes Care,India,1970.4,27,798.77,Retail Pharmacy
2023-05-22,Multivitamin Complex,Supplements,Germany,643.53,42,223.27,Government Tender
2023-05-22,Ibuprofen 400mg (30ct),Pain Relief,USA,346.07,61,129.39,Hospital
2023-05-22,Amoxicillin 500mg (20ct),Antibiotics,Japan,368.13,25,138.36,Retail Pharmacy
2023-05-22,Multivitamin Complex,Supplements,Japan,645.39,47,255.54,Retail Pharmacy
2023-05-22,Amoxicillin 500mg (20ct),Antibiotics,Germany,163.24,13,75.02,Hospital
2023-05-22,Insulin Glargine Pen,Diabetes Care,UK,1253.03,21,649.86,Retail Pharmacy
2023-05-22,Loratadine 10mg (14ct),Allergy,India,162.69,17,59.55,Government Tender
2023-05-22,Insulin Glargine Pen,Diabetes Care,UK,987.73,15,446.64,Hospital
2023-05-22,Amoxicillin 500mg (20ct),Antibiotics,Brazil,592.27,43,238.53,Retail Pharmacy
2023-05-22,Ibuprofen 400mg (30ct),Pain Relief,USA,215.46,36,72.86,Government Tender
2023-05-23,Omeprazole 20mg (28ct),Gastro,India,417.92,39,189.18,Government Tender
2023-05-23,Salbutamol Inhaler,Respiratory,USA,364.57,17,150.67,Hospital
2023-05-23,Insulin Glargine Pen,Diabetes Care,India,2401.57,34,1047.77,Retail Pharmacy
2023-05-23,Loratadine 10mg (14ct),Allergy,USA,66.5,7,24.29,Retail Pharmacy
2023-05-23,Salbutamol Inhaler,Respiratory,India,315.52,15,142.3,Retail Pharmacy
2023-05-23,Loratadine 10mg (14ct),Allergy,Brazil,575.39,61,210.2,Retail Pharmacy
2023-05-23,Ibuprofen 400mg (30ct),Pain Relief,India,147.85,24,50.96,Government Tender
2023-05-23,Ibuprofen 400mg (30ct),Pain Relief,USA,195.95,29,62.2,Retail Pharmacy
2023-05-24,Multivitamin Complex,Supplements,UK,713.93,44,252.16,Retail Pharmacy
2023-05-24,Insulin Glargine Pen,Diabetes Care,India,263.88,4,126.06,Government Tender
2023-05-24,Salbutamol Inhaler,Respiratory,India,119.71,5,45.75,Government Tender
2023-05-24,Insulin Glargine Pen,Diabetes Care,USA,2041.18,32,1032.46,Hospital
2023-05-24,Amoxicillin 500mg (20ct),Antibiotics,Brazil,249.64,19,108.79,Retail Pharmacy
2023-05-24,Ibuprofen 400mg (30ct),Pain Relief,USA,50.13,9,19.46,Government Tender
2023-05-24,Amoxicillin 500mg (20ct),Antibiotics,UK,131.77,9,50.43,Government Tender
2023-05-24,Ibuprofen 400mg (30ct),Pain Relief,Japan,176.18,26,53.81,Hospital
2023-05-24,Loratadine 10mg (14ct),Allergy,Japan,157.37,16,53.75,Government Tender
2023-05-24,Multivitamin Complex,Supplements,UK,224.02,15,79.18,Retail Pharmacy
2023-05-24,Salbutamol Inhaler,Respiratory,India,245.47,12,110.61,Retail Pharmacy
2023-05-24,Insulin Glargine Pen,Diabetes Care,Germany,2032.4,31,968.35,Government Tender
2023-05-24,Loratadine 10mg (14ct),Allergy,Germany,103.53,12,39.01,Retail Pharmacy
2023-05-24,Insulin Glargine Pen,Diabetes Care,Brazil,555.91,8,255.47,Government Tender
2023-05-24,Salbutamol Inhaler,Respiratory,Japan,498.99,22,209.16,Retail Pharmacy
2023-05-24,Amoxicillin 500mg (20ct),Antibiotics,India,226.86,15,90.49,Hospital
2023-05-24,Amoxicillin 500mg (20ct),Antibiotics,Japan,137.67,10,56.69,Retail Pharmacy
2023-05-24,Atorvastatin 20mg (30ct),Cardiovascular,India,328.39,20,148.95,Retail Pharmacy
2023-05-25,Atorvastatin 20mg (30ct),Cardiovascular,India,39.62,2,15.08,Government Tender
2023-05-25,Omeprazole 20mg (28ct),Gastro,USA,606.14,49,228.55,Hospital
2023-05-25,Insulin Glargine Pen,Diabetes Care,Japan,988.83,14,420.11,Government Tender
2023-05-25,Salbutamol Inhaler,Respiratory,Japan,125.49,6,56.85,Retail Pharmacy
2023-05-26,Omeprazole 20mg (28ct),Gastro,Japan,221.96,17,83.35,Retail Pharmacy
2023-05-26,Amoxicillin 500mg (20ct),Antibiotics,Brazil,135.7,10,55.73,Hospital
2023-05-26,Omeprazole 20mg (28ct),Gastro,Brazil,154.12,12,60.03,Retail Pharmacy
2023-05-26,Insulin Glargine Pen,Diabetes Care,India,1287.78,18,555.93,Hospital
2023-05-26,Omeprazole 20mg (28ct),Gastro,Germany,301.2,27,135.14,Hospital
2023-05-26,Insulin Glargine Pen,Diabetes Care,UK,1108.58,15,444.68,Hospital
2023-05-26,Amoxicillin 500mg (20ct),Antibiotics,India,691.37,48,285.28,Hospital
2023-05-26,Atorvastatin 20mg (30ct),Cardiovascular,Japan,751.94,39,280.73,Hospital
2023-05-27,Multivitamin Complex,Supplements,India,113.51,7,37.83,Retail Pharmacy
2023-05-27,Atorvastatin 20mg (30ct),Cardiovascular,Brazil,431.23,21,144.3,Government Tender
2023-05-27,Insulin Glargine Pen,Diabetes Care,Germany,1714.72,24,735.31,Retail Pharmacy
2023-05-27,Salbutamol Inhaler,Respiratory,Japan,342.66,16,141.31,Retail Pharmacy
2023-05-27,Ibuprofen 400mg (30ct),Pain Relief,USA,86.01,13,27.04,Hospital
2023-05-27,Atorvastatin 20mg (30ct),Cardiovascular,Germany,939.67,46,319.45,Government Tender
2023-05-27,Ibuprofen 400mg (30ct),Pain Relief,Japan,80.96,12,24.07,Government Tender
2023-05-27,Amoxicillin 500mg (20ct),Antibiotics,USA,26.21,2,11.05,Government Tender
2023-05-27,Atorvastatin 20mg (30ct),Cardiovascular,USA,219.19,11,81.3,Hospital
2023-05-28,Salbutamol Inhaler,Respiratory,India,538.22,23,214.17,Government Tender
2023-05-28,Multivitamin Complex,Supplements,Germany,196.04,12,66.57,Government Tender
2023-05-28,Loratadine 10mg (14ct),Allergy,UK,470.09,47,164.52,Government Tender
2023-05-28,Ibuprofen 400mg (30ct),Pain Relief,USA,163.51,27,56.25,Hospital
2023-05-28,Amoxicillin 500mg (20ct),Antibiotics,India,348.9,25,145.9,Government Tender
2023-05-28,Atorvastatin 20mg (30ct),Cardiovascular,India,229.24,14,100.42,Hospital
2023-05-28,Omeprazole 20mg (28ct),Gastro,Japan,243.81,19,94.62,Government Tender
2023-05-28,Omeprazole 20mg (28ct),Gastro,Japan,391.61,32,153.06,Retail Pharmacy
2023-05-28,Ibuprofen 400mg (30ct),Pain Relief,UK,72.43,12,24.22,Government Tender
2023-05-28,Atorvastatin 20mg (30ct),Cardiovascular,UK,541.88,30,213.62,Retail Pharmacy
2023-05-28,Atorvastatin 20mg (30ct),Cardiovascular,USA,345.64,19,134.04,Retail Pharmacy
2023-05-29,Salbutamol Inhaler,Respiratory,Japan,630.1,32,280.44,Government Tender
2023-05-29,Loratadine 10mg (14ct),Allergy,UK,296.5,34,117.09,Government Tender
2023-05-29,Ibuprofen 400mg (30ct),Pain Relief,Germany,99.78,17,37.43,Hospital
2023-05-29,Loratadine 10mg (14ct),Allergy,Germany,902.17,94,315.54,Retail Pharmacy
2023-05-29,Atorvastatin 20mg (30ct),Cardiovascular,UK,404.86,24,170.35,Government Tender
2023-05-29,Atorvastatin 20mg (30ct),Cardiovascular,Brazil,141.1,8,55.79,Hospital
2023-05-29,Atorvastatin 20mg (30ct),Cardiovascular,Japan,602.75,37,265.94,Hospital
2023-05-29,Amoxicillin 500mg (20ct),Antibiotics,India,295.63,19,113.12,Retail Pharmacy
2023-05-30,Ibuprofen 400mg (30ct),Pain Relief,Brazil,51.79,9,19.3,Government Tender
2023-05-30,Insulin Glargine Pen,Diabetes Care,Japan,1186.19,19,566.06,Government Tender
2023-05-30,Salbutamol Inhaler,Respiratory,Japan,289.67,12,106.33,Retail Pharmacy
2023-05-30,Atorvastatin 20mg (30ct),Cardiovascular,Japan,249.19,14,97.31,Hospital
2023-05-30,Salbutamol Inhaler,Respiratory,Brazil,451.71,22,190.87,Retail Pharmacy
2023-05-30,Atorvastatin 20mg (30ct),Cardiovascular,India,404.42,25,183.05,Retail Pharmacy
2023-05-30,Ibuprofen 400mg (30ct),Pain Relief,UK,141.85,20,43.86,Government Tender
2023-05-30,Omeprazole 20mg (28ct),Gastro,Germany,533.75,43,201.88,Retail Pharmacy
2023-05-30,Atorvastatin 20mg (30ct),Cardiovascular,USA,247.21,13,91.39,Hospital
2023-05-30,Insulin Glargine Pen,Diabetes Care,USA,2783.2,44,1387.14,Government Tender
2023-05-30,Amoxicillin 500mg (20ct),Antibiotics,USA,339.02,27,160.54,Hospital
2023-05-30,Atorvastatin 20mg (30ct),Cardiovascular,Japan,603.95,30,205.88,Hospital
2023-05-30,Ibuprofen 400mg (30ct),Pain Relief,Japan,138.39,25,54.48,Retail Pharmacy
2023-05-30,Salbutamol Inhaler,Respiratory,USA,1002.26,42,395.41,Retail Pharmacy
2023-05-30,Omeprazole 20mg (28ct),Gastro,Japan,148.84,11,55.41,Hospital
2023-05-31,Multivitamin Complex,Supplements,UK,422.91,33,178.26,Retail Pharmacy
2023-05-31,Atorvastatin 20mg (30ct),Cardiovascular,USA,589.02,31,230.86,Government Tender
2023-05-31,Amoxicillin 500mg (20ct),Antibiotics,UK,159.28,11,62.22,Hospital
2023-05-31,Amoxicillin 500mg (20ct),Antibiotics,Brazil,340.17,24,144.59,Hospital
2023-05-31,Omeprazole 20mg (28ct),Gastro,India,385.95,35,170.86,Retail Pharmacy
2023-05-31,Insulin Glargine Pen,Diabetes Care,Germany,1977.35,30,947.48,Hospital
2023-05-31,Salbutamol Inhaler,Respiratory,USA,534.65,25,234.21,Government Tender
2023-05-31,Ibuprofen 400mg (30ct),Pain Relief,Japan,112.63,16,33.68,Government Tender
2023-05-31,Multivitamin Complex,Supplements,USA,116.48,9,48.84,Retail Pharmacy
2023-06-01,Atorvastatin 20mg (30ct),Cardiovascular,Germany,288.59,14,98.84,Retail Pharmacy
2023-06-01,Atorvastatin 20mg (30ct),Cardiovascular,Japan,735.67,39,274.04,Government Tender
2023-06-01,Salbutamol Inhaler,Respiratory,UK,623.65,31,292.07,Retail Pharmacy
2023-06-01,Ibuprofen 400mg (30ct),Pain Relief,India,94.94,14,30.31,Retail Pharmacy
2023-06-01,Loratadine 10mg (14ct),Allergy,Germany,114.76,12,39.32,Retail Pharmacy
2023-06-01,Salbutamol Inhaler,Respiratory,Germany,299.17,14,122.06,Government Tender
2023-06-01,Atorvastatin 20mg (30ct),Cardiovascular,Japan,759.62,39,269.3,Retail Pharmacy
2023-06-01,Loratadine 10mg (14ct),Allergy,India,100.38,11,38.97,Hospital
2023-06-01,Insulin Glargine Pen,Diabetes Care,Germany,2395.85,36,1146.69,Government Tender
2023-06-02,Omeprazole 20mg (28ct),Gastro,Germany,395.49,31,145.6,Retail Pharmacy
2023-06-02,Salbutamol Inhaler,Respiratory,India,759.77,37,339.56,Government Tender
2023-06-02,Loratadine 10mg (14ct),Allergy,USA,170.08,19,61.53,Retail Pharmacy
2023-06-02,Salbutamol Inhaler,Respiratory,Japan,531.27,24,213.35,Retail Pharmacy
2023-06-02,Loratadine 10mg (14ct),Allergy,Japan,222.06,22,73.96,Hospital
2023-06-02,Insulin Glargine Pen,Diabetes Care,UK,1002.92,17,504.09,Hospital
2023-06-02,Amoxicillin 500mg (20ct),Antibiotics,USA,325.58,23,129.99,Hospital
2023-06-03,Multivitamin Complex,Supplements,USA,354.55,25,131.21,Retail Pharmacy
2023-06-03,Multivitamin Complex,Supplements,Germany,427.94,32,175.11,Retail Pharmacy
2023-06-03,Multivitamin Complex,Supplements,UK,584.02,42,242.15,Retail Pharmacy
2023-06-03,Salbutamol Inhaler,Respiratory,India,839.54,39,346.27,Hospital
2023-06-03,Loratadine 10mg (14ct),Allergy,Brazil,257.33,30,99.23,Hospital
2023-06-03,Omeprazole 20mg (28ct),Gastro,Germany,631.16,46,231.07,Hospital
2023-06-03,Ibuprofen 400mg (30ct),Pain Relief,USA,122.75,18,39.07,Retail Pharmacy
2023-06-03,Amoxicillin 500mg (20ct),Antibiotics,USA,514.31,37,223.47,Government Tender
2023-06-03,Multivitamin Complex,Supplements,Brazil,95.03,7,38.3,Government Tender
2023-06-03,Loratadine 10mg (14ct),Allergy,India,266.5,29,94.39,Retail Pharmacy
2023-06-04,Salbutamol Inhaler,Respiratory,Brazil,217.26,10,91.97,Retail Pharmacy
2023-06-04,Ibuprofen 400mg (30ct),Pain Relief,Brazil,190.58,29,61.73,Hospital
2023-06-04,Atorvastatin 20mg (30ct),Cardiovascular,India,360.5,21,150.69,Retail Pharmacy
2023-06-04,Multivitamin Complex,Supplements,Japan,574.82,35,183.55,Hospital
2023-06-04,Multivitamin Complex,Supplements,Japan,255.48,17,92.8,Retail Pharmacy
2023-06-04,Multivitamin Complex,Supplements,Germany,842.7,54,282.48,Government Tender
2023-06-04,Amoxicillin 500mg (20ct),Antibiotics,Japan,379.28,31,179.65,Government Tender
2023-06-04,Ibuprofen 400mg (30ct),Pain Relief,Germany,185.12,32,69.16,Hospital
2023-06-05,Insulin Glargine Pen,Diabetes Care,USA,1360.9,19,589.9,Government Tender
2023-06-05,Multivitamin Complex,Supplements,Germany,413.1,26,136.87,Retail Pharmacy
2023-06-05,Amoxicillin 500mg (20ct),Antibiotics,UK,382.77,29,170.43,Retail Pharmacy
2023-06-05,Loratadine 10mg (14ct),Allergy,USA,191.35,22,73.62,Hospital
2023-06-05,Atorvastatin 20mg (30ct),Cardiovascular,Japan,376.58,21,154.08,Government Tender
2023-06-05,Amoxicillin 500mg (20ct),Antibiotics,USA,307.26,21,123.61,Retail Pharmacy
2023-06-06,Atorvastatin 20mg (30ct),Cardiovascular,India,83.12,5,36.61,Hospital
2023-06-06,Ibuprofen 400mg (30ct),Pain Relief,Brazil,45.36,8,16.01,Retail Pharmacy
2023-06-06,Ibuprofen 400mg (30ct),Pain Relief,UK,28.29,5,10.68,Hospital
2023-06-06,Atorvastatin 20mg (30ct),Cardiovascular,India,417.84,23,159.3,Retail Pharmacy
2023-06-06,Amoxicillin 500mg (20ct),Antibiotics,UK,343.2,23,134.77,Government Tender
2023-06-06,Amoxicillin 500mg (20ct),Antibiotics,Japan,167.44,11,63.33,Hospital
2023-06-06,Insulin Glargine Pen,Diabetes Care,USA,1050.62,17,506.08,Government Tender
2023-06-06,Atorvastatin 20mg (30ct),Cardiovascular,UK,695.97,39,275.8,Government Tender
2023-06-06,Multivitamin Complex,Supplements,Japan,469.84,35,196.31,Hospital
2023-06-06,Loratadine 10mg (14ct),Allergy,India,146.8,16,53.25,Government Tender
2023-06-06,Salbutamol Inhaler,Respiratory,UK,213.85,9,83.97,Retail Pharmacy
2023-06-07,Multivitamin Complex,Supplements,Germany,536.36,33,177.51,Government Tender
2023-06-07,Omeprazole 20mg (28ct),Gastro,Brazil,314.11,25,122.41,Retail Pharmacy
2023-06-07,Salbutamol Inhaler,Respiratory,Japan,368.62,15,142.99,Government Tender
2023-06-07,Omeprazole 20mg (28ct),Gastro,India,300.05,26,129.23,Retail Pharmacy
2023-06-07,Omeprazole 20mg (28ct),Gastro,Brazil,129.22,12,58.26,Hospital
2023-06-07,Ibuprofen 400mg (30ct),Pain Relief,Germany,155.5,24,49.7,Retail Pharmacy
2023-06-07,Loratadine 10mg (14ct),Allergy,USA,285.94,29,100.05,Hospital
2023-06-07,Multivitamin Complex,Supplements,Brazil,265.13,17,94.36,Retail Pharmacy
2023-06-08,Salbutamol Inhaler,Respiratory,Germany,1040.04,47,425.56,Hospital
2023-06-08,Salbutamol Inhaler,Respiratory,Brazil,287.93,14,124.0,Hospital
2023-06-08,Ibuprofen 400mg (30ct),Pain Relief,Japan,90.44,16,33.55,Retail Pharmacy
2023-06-08,Multivitamin Complex,Supplements,India,303.04,19,106.36,Hospital
2023-06-08,Multivitamin Complex,Supplements,India,204.94,16,90.37,Government Tender
2023-06-08,Atorvastatin 20mg (30ct),Cardiovascular,Brazil,18.22,1,7.4,Hospital
2023-06-08,Atorvastatin 20mg (30ct),Cardiovascular,UK,172.77,10,69.54,Hospital
2023-06-09,Multivitamin Complex,Supplements,Germany,251.44,17,96.17,Government Tender
2023-06-09,Omeprazole 20mg (28ct),Gastro,USA,109.47,9,42.0,Retail Pharmacy
2023-06-09,Insulin Glargine Pen,Diabetes Care,Germany,287.11,4,124.11,Retail Pharmacy
2023-06-09,Loratadine 10mg (14ct),Allergy,Brazil,149.46,15,51.86,Hospital
2023-06-09,Salbutamol Inhaler,Respiratory,Japan,464.75,20,187.61,Government Tender
2023-06-09,Ibuprofen 400mg (30ct),Pain Relief,India,483.24,70,140.19,Retail Pharmacy
2023-06-09,Omeprazole 20mg (28ct),Gastro,Japan,602.36,45,230.6,Retail Pharmacy
2023-06-09,Salbutamol Inhaler,Respiratory,UK,286.94,15,140.96,Hospital
2023-06-09,Insulin Glargine Pen,Diabetes Care,India,2392.03,35,1043.41,Hospital
2023-06-09,Ibuprofen 400mg (30ct),Pain Relief,USA,78.55,12,24.97,Retail Pharmacy
2023-06-10,Multivitamin Complex,Supplements,Germany,183.0,12,65.19,Hospital
2023-06-10,Loratadine 10mg (14ct),Allergy,UK,149.93,17,56.17,Retail Pharmacy
2023-06-10,Omeprazole 20mg (28ct),Gastro,UK,398.95,31,147.43,Hospital
2023-06-10,Loratadine 10mg (14ct),Allergy,India,208.56,20,66.47,Government Tender
2023-06-10,Ibuprofen 400mg (30ct),Pain Relief,USA,127.93,23,45.91,Retail Pharmacy
2023-06-10,Loratadine 10mg (14ct),Allergy,Brazil,293.29,34,113.09,Government Tender
2023-06-10,Multivitamin Complex,Supplements,India,1515.56,104,550.48,Retail Pharmacy
2023-06-10,Omeprazole 20mg (28ct),Gastro,USA,336.21,29,147.59,Retail Pharmacy
2023-06-10,Amoxicillin 500mg (20ct),Antibiotics,India,195.1,15,87.94,Government Tender
2023-06-10,Salbutamol Inhaler,Respiratory,Brazil,334.25,14,129.63,Retail Pharmacy
2023-06-10,Salbutamol Inhaler,Respiratory,UK,432.3,20,173.38,Retail Pharmacy
2023-06-11,Loratadine 10mg (14ct),Allergy,India,203.55,23,81.02,Retail Pharmacy
2023-06-11,Salbutamol Inhaler,Respiratory,USA,589.71,24,220.14,Retail Pharmacy
2023-06-11,Omeprazole 20mg (28ct),Gastro,Brazil,424.76,36,174.22,Retail Pharmacy
2023-06-11,Omeprazole 20mg (28ct),Gastro,India,144.0,12,56.73,Hospital
2023-06-11,Omeprazole 20mg (28ct),Gastro,USA,977.26,83,390.58,Retail Pharmacy
2023-06-11,Salbutamol Inhaler,Respiratory,UK,597.85,26,238.61,Retail Pharmacy
2023-06-11,Omeprazole 20mg (28ct),Gastro,USA,339.59,26,125.55,Retail Pharmacy
2023-06-11,Atorvastatin 20mg (30ct),Cardiovascular,India,373.14,20,140.4,Retail Pharmacy
2023-06-11,Ibuprofen 400mg (30ct),Pain Relief,Brazil,167.39,27,58.23,Hospital
2023-06-11,Insulin Glargine Pen,Diabetes Care,India,2870.6,41,1245.34,Government Tender
2023-06-12,Amoxicillin 500mg (20ct),Antibiotics,USA,421.43,32,190.76,Hospital
2023-06-12,Omeprazole 20mg (28ct),Gastro,UK,77.75,7,33.79,Government Tender
2023-06-12,Omeprazole 20mg (28ct),Gastro,UK,155.82,14,67.31,Retail Pharmacy
2023-06-12,Ibuprofen 400mg (30ct),Pain Relief,Brazil,110.2,19,40.84,Retail Pharmacy
2023-06-12,Atorvastatin 20mg (30ct),Cardiovascular,USA,401.06,24,167.92,Retail Pharmacy
2023-06-12,Amoxicillin 500mg (20ct),Antibiotics,Japan,278.98,19,115.59,Retail Pharmacy
2023-06-12,Loratadine 10mg (14ct),Allergy,Japan,214.3,21,73.56,Hospital
2023-06-12,Atorvastatin 20mg (30ct),Cardiovascular,USA,471.86,29,211.04,Government Tender
2023-06-13,Multivitamin Complex,Supplements,Japan,319.61,20,107.39,Retail Pharmacy
2023-06-13,Multivitamin Complex,Supplements,USA,288.11,20,114.72,Hospital
2023-06-13,Amoxicillin 500mg (20ct),Antibiotics,Japan,186.31,14,82.89,Hospital
2023-06-13,Omeprazole 20mg (28ct),Gastro,Brazil,364.33,30,147.24,Government Tender
2023-06-13,Atorvastatin 20mg (30ct),Cardiovascular,Japan,231.26,13,93.17,Hospital
2023-06-13,Insulin Glargine Pen,Diabetes Care,Germany,983.82,14,414.98,Government Tender
2023-06-13,Amoxicillin 500mg (20ct),Antibiotics,Japan,174.53,13,74.99,Retail Pharmacy
2023-06-13,Salbutamol Inhaler,Respiratory,USA,341.56,14,124.69,Government Tender
2023-06-13,Insulin Glargine Pen,Diabetes Care,Japan,1441.17,21,623.05,Government Tender
2023-06-13,Insulin Glargine Pen,Diabetes Care,UK,708.22,12,360.74,Hospital
2023-06-14,Atorvastatin 20mg (30ct),Cardiovascular,Japan,577.57,28,199.35,Government Tender
2023-06-14,Amoxicillin 500mg (20ct),Antibiotics,Germany,607.38,50,301.93,Retail Pharmacy
2023-06-14,Amoxicillin 500mg (20ct),Antibiotics,India,151.61,11,64.19,Government Tender
2023-06-14,Multivitamin Complex,Supplements,USA,652.16,48,264.31,Retail Pharmacy
2023-06-14,Ibuprofen 400mg (30ct),Pain Relief,Japan,106.13,16,34.09,Government Tender
2023-06-14,Multivitamin Complex,Supplements,Japan,330.34,22,115.81,Retail Pharmacy
2023-06-14,Amoxicillin 500mg (20ct),Antibiotics,Japan,328.87,23,128.39,Retail Pharmacy
2023-06-14,Insulin Glargine Pen,Diabetes Care,UK,1132.93,16,475.7,Government Tender
2023-06-15,Ibuprofen 400mg (30ct),Pain Relief,Germany,12.81,2,4.04,Government Tender
2023-06-15,Ibuprofen 400mg (30ct),Pain Relief,India,129.55,20,43.17,Retail Pharmacy
2023-06-15,Salbutamol Inhaler,Respiratory,USA,327.11,14,132.68,Retail Pharmacy
2023-06-15,Ibuprofen 400mg (30ct),Pain Relief,UK,304.06,44,92.4,Retail Pharmacy
2023-06-15,Salbutamol Inhaler,Respiratory,USA,347.59,18,159.79,Hospital
2023-06-15,Multivitamin Complex,Supplements,UK,327.65,25,143.29,Hospital
2023-06-15,Atorvastatin 20mg (30ct),Cardiovascular,Japan,426.06,21,153.05,Retail Pharmacy
2023-06-15,Ibuprofen 400mg (30ct),Pain Relief,Japan,89.39,13,27.67,Retail Pharmacy
2023-06-15,Loratadine 10mg (14ct),Allergy,India,105.34,11,38.18,Hospital
2023-06-15,Multivitamin Complex,Supplements,India,48.44,3,16.61,Government Tender
2023-06-15,Loratadine 10mg (14ct),Allergy,UK,108.8,13,44.8,Hospital
2023-06-16,Multivitamin Complex,Supplements,Germany,615.13,41,220.12,Hospital
2023-06-16,Amoxicillin 500mg (20ct),Antibiotics,India,180.12,14,84.66,Hospital
2023-06-16,Atorvastatin 20mg (30ct),Cardiovascular,India,216.07,12,88.17,Retail Pharmacy
2023-06-16,Loratadine 10mg (14ct),Allergy,Japan,418.57,42,141.83,Government Tender
2023-06-16,Ibuprofen 400mg (30ct),Pain Relief,UK,49.55,8,16.2,Hospital
2023-06-16,Omeprazole 20mg (28ct),Gastro,UK,242.13,19,93.3,Retail Pharmacy
2023-06-17,Amoxicillin 500mg (20ct),Antibiotics,UK,656.41,43,246.69,Retail Pharmacy
2023-06-17,Loratadine 10mg (14ct),Allergy,Germany,182.49,18,61.26,Hospital
2023-06-17,Loratadine 10mg (14ct),Allergy,Brazil,204.22,20,66.18,Hospital
2023-06-17,Ibuprofen 400mg (30ct),Pain Relief,Germany,118.6,19,41.2,Retail Pharmacy
2023-06-17,Salbutamol Inhaler,Respiratory,USA,342.76,16,149.8,Retail Pharmacy
2023-06-17,Omeprazole 20mg (28ct),Gastro,Germany,108.32,8,37.95,Retail Pharmacy
2023-06-17,Insulin Glargine Pen,Diabetes Care,India,355.57,6,179.42,Hospital
2023-06-17,Atorvastatin 20mg (30ct),Cardiovascular,India,202.62,11,80.69,Retail Pharmacy
2023-06-17,Omeprazole 20mg (28ct),Gastro,India,352.18,32,157.14,Retail Pharmacy
2023-06-18,Ibuprofen 400mg (30ct),Pain Relief,Germany,178.79,31,66.58,Retail Pharmacy
2023-06-18,Ibuprofen 400mg (30ct),Pain Relief,Japan,89.04,13,28.65,Hospital
2023-06-18,Loratadine 10mg (14ct),Allergy,USA,53.39,6,21.09,Government Tender
2023-06-18,Multivitamin Complex,Supplements,India,512.26,40,221.03,Hospital
2023-06-18,Omeprazole 20mg (28ct),Gastro,Japan,118.98,9,44.17,Hospital
2023-06-18,Atorvastatin 20mg (30ct),Cardiovascular,UK,358.72,19,142.41,Government Tender
2023-06-18,Atorvastatin 20mg (30ct),Cardiovascular,Brazil,498.94,24,165.06,Retail Pharmacy
2023-06-18,Multivitamin Complex,Supplements,USA,692.23,53,293.99,Retail Pharmacy
2023-06-19,Insulin Glargine Pen,Diabetes Care,UK,560.39,8,252.15,Government Tender
2023-06-19,Insulin Glargine Pen,Diabetes Care,USA,1108.93,19,598.23,Government Tender
2023-06-19,Amoxicillin 500mg (20ct),Antibiotics,India,66.49,5,30.04,Government Tender
2023-06-19,Loratadine 10mg (14ct),Allergy,Brazil,100.96,12,42.52,Government Tender
2023-06-19,Atorvastatin 20mg (30ct),Cardiovascular,Brazil,101.97,6,42.61,Hospital
2023-06-19,Salbutamol Inhaler,Respiratory,Japan,318.12,14,129.73,Retail Pharmacy
2023-06-20,Loratadine 10mg (14ct),Allergy,Brazil,289.0,28,93.2,Hospital
2023-06-20,Salbutamol Inhaler,Respiratory,Germany,416.68,20,177.83,Government Tender
2023-06-20,Amoxicillin 500mg (20ct),Antibiotics,Japan,271.02,18,105.04,Hospital
2023-06-20,Omeprazole 20mg (28ct),Gastro,UK,570.58,45,227.2,Hospital
2023-06-20,Ibuprofen 400mg (30ct),Pain Relief,UK,255.47,37,74.31,Hospital
2023-06-20,Multivitamin Complex,Supplements,Japan,275.93,18,102.64,Hospital
2023-06-20,Multivitamin Complex,Supplements,Japan,162.88,11,58.82,Hospital
2023-06-20,Ibuprofen 400mg (30ct),Pain Relief,UK,238.57,40,87.7,Retail Pharmacy
2023-06-20,Loratadine 10mg (14ct),Allergy,India,140.57,16,53.61,Government Tender
2023-06-20,Insulin Glargine Pen,Diabetes Care,Brazil,1637.98,26,769.45,Government Tender
2023-06-21,Multivitamin Complex,Supplements,India,190.98,13,68.43,Retail Pharmacy
2023-06-21,Atorvastatin 20mg (30ct),Cardiovascular,USA,290.96,16,110.07,Retail Pharmacy
2023-06-21,Ibuprofen 400mg (30ct),Pain Relief,UK,184.14,28,57.39,Hospital
2023-06-21,Omeprazole 20mg (28ct),Gastro,Germany,406.9,30,143.59,Retail Pharmacy
2023-06-21,Amoxicillin 500mg (20ct),Antibiotics,UK,418.93,30,170.15,Retail Pharmacy
2023-06-21,Multivitamin Complex,Supplements,UK,258.83,17,97.72,Retail Pharmacy
2023-06-21,Atorvastatin 20mg (30ct),Cardiovascular,UK,547.74,28,211.14,Government Tender
2023-06-21,Multivitamin Complex,Supplements,UK,946.52,61,326.87,Retail Pharmacy
2023-06-21,Omeprazole 20mg (28ct),Gastro,Brazil,190.38,14,69.95,Hospital
2023-06-21,Amoxicillin 500mg (20ct),Antibiotics,India,186.62,15,86.25,Government Tender
2023-06-21,Multivitamin Complex,Supplements,UK,217.95,14,79.18,Retail Pharmacy
2023-06-22,Salbutamol Inhaler,Respiratory,USA,937.25,46,422.44,Retail Pharmacy
2023-06-22,Insulin Glargine Pen,Diabetes Care,UK,2706.95,42,1271.97,Retail Pharmacy
2023-06-22,Salbutamol Inhaler,Respiratory,UK,885.29,42,401.26,Hospital
2023-06-22,Atorvastatin 20mg (30ct),Cardiovascular,UK,69.89,4,27.46,Hospital
2023-06-22,Omeprazole 20mg (28ct),Gastro,USA,216.92,17,81.44,Government Tender
2023-06-22,Multivitamin Complex,Supplements,Brazil,92.73,7,39.21,Retail Pharmacy
2023-06-22,Multivitamin Complex,Supplements,UK,266.27,19,103.69,Retail Pharmacy
2023-06-22,Ibuprofen 400mg (30ct),Pain Relief,Brazil,69.79,10,20.12,Hospital
2023-06-23,Ibuprofen 400mg (30ct),Pain Relief,Japan,206.03,35,70.95,Government Tender
2023-06-23,Ibuprofen 400mg (30ct),Pain Relief,USA,150.57,24,49.01,Government Tender
2023-06-23,Amoxicillin 500mg (20ct),Antibiotics,Germany,738.85,49,296.68,Retail Pharmacy
2023-06-23,Amoxicillin 500mg (20ct),Antibiotics,India,251.44,18,106.87,Retail Pharmacy
2023-06-23,Loratadine 10mg (14ct),Allergy,Brazil,158.86,19,66.2,Government Tender
2023-06-23,Loratadine 10mg (14ct),Allergy,Brazil,244.38,24,80.23,Government Tender
2023-06-23,Omeprazole 20mg (28ct),Gastro,Brazil,266.19,24,119.42,Hospital
2023-06-23,Atorvastatin 20mg (30ct),Cardiovascular,Germany,480.63,26,196.08,Retail Pharmacy
2023-06-23,Multivitamin Complex,Supplements,Japan,94.21,6,31.85,Retail Pharmacy
2023-06-23,Multivitamin Complex,Supplements,UK,426.39,28,149.22,Hospital
2023-06-24,Amoxicillin 500mg (20ct),Antibiotics,UK,82.31,6,35.62,Government Tender
2023-06-24,Salbutamol Inhaler,Respiratory,USA,283.6,12,109.79,Government Tender
2023-06-24,Omeprazole 20mg (28ct),Gastro,India,289.77,25,117.09,Retail Pharmacy
2023-06-24,Salbutamol Inhaler,Respiratory,Japan,367.44,15,131.96,Government Tender
2023-06-24,Insulin Glargine Pen,Diabetes Care,UK,798.82,13,391.18,Hospital
2023-06-24,Atorvastatin 20mg (30ct),Cardiovascular,India,225.28,11,75.4,Government Tender
2023-06-24,Multivitamin Complex,Supplements,UK,274.91,20,114.96,Hospital
2023-06-24,Omeprazole 20mg (28ct),Gastro,India,323.65,28,142.19,Retail Pharmacy
2023-06-25,Atorvastatin 20mg (30ct),Cardiovascular,UK,652.92,36,257.19,Government Tender
2023-06-25,Omeprazole 20mg (28ct),Gastro,Germany,174.03,15,73.27,Hospital
2023-06-25,Salbutamol Inhaler,Respiratory,Japan,118.74,5,47.18,Government Tender
2023-06-25,Ibuprofen 400mg (30ct),Pain Relief,India,141.24,23,48.73,Hospital
2023-06-25,Ibuprofen 400mg (30ct),Pain Relief,India,21.28,3,6.01,Retail Pharmacy
2023-06-25,Omeprazole 20mg (28ct),Gastro,Germany,178.56,14,65.59,Government Tender
2023-06-25,Amoxicillin 500mg (20ct),Antibiotics,India,401.7,26,152.4,Retail Pharmacy
2023-06-25,Loratadine 10mg (14ct),Allergy,Brazil,177.66,21,71.69,Retail Pharmacy
2023-06-25,Omeprazole 20mg (28ct),Gastro,USA,200.49,15,70.6,Hospital
2023-06-25,Salbutamol Inhaler,Respiratory,Brazil,447.76,21,199.6,Hospital
2023-06-26,Omeprazole 20mg (28ct),Gastro,India,173.17,13,64.8,Hospital
2023-06-26,Multivitamin Complex,Supplements,UK,271.94,21,115.25,Government Tender
2023-06-26,Insulin Glargine Pen,Diabetes Care,Japan,1776.69,27,846.97,Hospital
2023-06-26,Multivitamin Complex,Supplements,India,291.83,20,113.58,Hospital
2023-06-26,Insulin Glargine Pen,Diabetes Care,Japan,123.01,2,64.59,Hospital
2023-06-26,Multivitamin Complex,Supplements,Japan,141.42,11,58.27,Government Tender
2023-06-26,Amoxicillin 500mg (20ct),Antibiotics,India,305.71,21,127.86,Hospital
2023-06-26,Amoxicillin 500mg (20ct),Antibiotics,India,294.6,19,107.63,Retail Pharmacy
2023-06-26,Insulin Glargine Pen,Diabetes Care,India,1255.85,19,598.6,Hospital
2023-06-26,Amoxicillin 500mg (20ct),Antibiotics,Brazil,600.38,47,285.87,Retail Pharmacy
2023-06-26,Insulin Glargine Pen,Diabetes Care,UK,646.85,9,277.5,Hospital
2023-06-26,Atorvastatin 20mg (30ct),Cardiovascular,USA,1266.56,67,484.62,Hospital
2023-06-27,Ibuprofen 400mg (30ct),Pain Relief,Japan,163.75,25,54.41,Retail Pharmacy
2023-06-27,Atorvastatin 20mg (30ct),Cardiovascular,Germany,625.09,33,230.98,Retail Pharmacy
2023-06-27,Loratadine 10mg (14ct),Allergy,UK,17.27,2,6.79,Hospital
2023-06-27,Amoxicillin 500mg (20ct),Antibiotics,Germany,106.57,7,41.62,Retail Pharmacy
2023-06-27,Loratadine 10mg (14ct),Allergy,Brazil,286.42,27,87.54,Government Tender
2023-06-27,Multivitamin Complex,Supplements,Germany,100.79,7,39.35,Government Tender
2023-06-27,Loratadine 10mg (14ct),Allergy,UK,137.11,14,49.85,Retail Pharmacy
2023-06-28,Amoxicillin 500mg (20ct),Antibiotics,USA,374.0,26,154.56,Hospital
2023-06-28,Multivitamin Complex,Supplements,Brazil,419.01,29,152.15,Hospital
2023-06-28,Insulin Glargine Pen,Diabetes Care,Germany,1133.46,17,539.3,Retail Pharmacy
2023-06-28,Multivitamin Complex,Supplements,India,451.41,35,192.89,Hospital
2023-06-28,Insulin Glargine Pen,Diabetes Care,UK,904.96,15,463.75,Government Tender
2023-06-28,Atorvastatin 20mg (30ct),Cardiovascular,India,189.35,11,82.8,Retail Pharmacy
2023-06-28,Ibuprofen 400mg (30ct),Pain Relief,UK,147.75,22,43.93,Retail Pharmacy
2023-06-28,Amoxicillin 500mg (20ct),Antibiotics,USA,282.92,20,110.57,Retail Pharmacy
2023-06-28,Salbutamol Inhaler,Respiratory,Germany,377.91,19,175.71,Hospital
2023-06-28,Multivitamin Complex,Supplements,Japan,155.2,12,65.03,Retail Pharmacy
2023-06-29,Omeprazole 20mg (28ct),Gastro,Japan,275.72,22,111.25,Government Tender
2023-06-29,Salbutamol Inhaler,Respiratory,Brazil,182.46,8,75.05,Hospital
2023-06-29,Atorvastatin 20mg (30ct),Cardiovascular,India,118.33,7,51.12,Hospital
2023-06-29,Amoxicillin 500mg (20ct),Antibiotics,UK,38.86,3,17.54,Government Tender
2023-06-29,Multivitamin Complex,Supplements,Germany,523.88,41,219.22,Retail Pharmacy
2023-06-29,Ibuprofen 400mg (30ct),Pain Relief,Brazil,231.33,35,76.23,Retail Pharmacy
2023-06-29,Omeprazole 20mg (28ct),Gastro,Japan,358.56,30,149.88,Government Tender
2023-06-29,Multivitamin Complex,Supplements,India,193.61,14,73.55,Government Tender
2023-06-29,Atorvastatin 20mg (30ct),Cardiovascular,Brazil,741.54,38,263.53,Retail Pharmacy
2023-06-29,Salbutamol Inhaler,Respiratory,Japan,557.04,26,241.83,Retail Pharmacy
2023-06-29,Loratadine 10mg (14ct),Allergy,Germany,90.37,10,34.18,Retail Pharmacy
2023-06-30,Multivitamin Complex,Supplements,USA,185.15,12,64.2,Retail Pharmacy
2023-06-30,Insulin Glargine Pen,Diabetes Care,UK,3326.81,54,1720.77,Retail Pharmacy
2023-06-30,Amoxicillin 500mg (20ct),Antibiotics,Brazil,101.12,7,39.74,Government Tender
2023-06-30,Multivitamin Complex,Supplements,USA,230.72,15,81.79,Hospital
2023-06-30,Loratadine 10mg (14ct),Allergy,UK,134.39,16,54.08,Hospital
2023-06-30,Ibuprofen 400mg (30ct),Pain Relief,India,236.4,41,89.03,Government Tender
2023-06-30,Ibuprofen 400mg (30ct),Pain Relief,UK,52.09,9,18.07,Government Tender
2023-06-30,Insulin Glargine Pen,Diabetes Care,UK,1734.22,27,872.62,Government Tender
2023-07-01,Loratadine 10mg (14ct),Allergy,UK,211.15,21,72.93,Retail Pharmacy
2023-07-01,Amoxicillin 500mg (20ct),Antibiotics,India,613.96,49,292.93,Hospital
2023-07-01,Insulin Glargine Pen,Diabetes Care,USA,2218.2,34,1006.34,Government Tender
2023-07-01,Multivitamin Complex,Supplements,India,370.56,27,141.4,Retail Pharmacy
2023-07-01,Ibuprofen 400mg (30ct),Pain Relief,India,163.16,26,51.88,Government Tender
2023-07-02,Atorvastatin 20mg (30ct),Cardiovascular,UK,728.01,37,278.17,Hospital
2023-07-02,Amoxicillin 500mg (20ct),Antibiotics,USA,120.69,9,52.88,Retail Pharmacy
2023-07-02,Omeprazole 20mg (28ct),Gastro,India,162.24,13,66.14,Government Tender
2023-07-02,Amoxicillin 500mg (20ct),Antibiotics,USA,456.76,32,193.57,Hospital
2023-07-02,Atorvastatin 20mg (30ct),Cardiovascular,Germany,607.96,35,248.52,Government Tender
2023-07-02,Ibuprofen 400mg (30ct),Pain Relief,UK,153.67,23,50.38,Hospital
2023-07-02,Omeprazole 20mg (28ct),Gastro,UK,240.24,21,102.5,Retail Pharmacy
2023-07-02,Amoxicillin 500mg (20ct),Antibiotics,UK,376.7,25,140.94,Retail Pharmacy
2023-07-02,Omeprazole 20mg (28ct),Gastro,Japan,167.14,14,68.82,Government Tender
2023-07-02,Omeprazole 20mg (28ct),Gastro,UK,512.47,45,215.13,Government Tender
2023-07-02,Salbutamol Inhaler,Respiratory,Japan,559.84,28,255.54,Hospital
2023-07-02,Loratadine 10mg (14ct),Allergy,Brazil,143.76,17,58.33,Hospital
2023-07-03,Loratadine 10mg (14ct),Allergy,Japan,51.92,6,20.93,Government Tender
2023-07-03,Omeprazole 20mg (28ct),Gastro,USA,214.59,16,82.01,Hospital
2023-07-03,Loratadine 10mg (14ct),Allergy,Brazil,450.2,42,146.72,Government Tender
2023-07-03,Insulin Glargine Pen,Diabetes Care,Japan,1907.82,26,790.62,Retail Pharmacy
2023-07-03,Multivitamin Complex,Supplements,UK,418.4,26,146.25,Hospital
2023-07-03,Ibuprofen 400mg (30ct),Pain Relief,Japan,206.88,31,66.25,Retail Pharmacy
2023-07-03,Loratadine 10mg (14ct),Allergy,Japan,159.03,15,49.44,Hospital
2023-07-03,Salbutamol Inhaler,Respiratory,India,567.67,27,252.54,Government Tender
2023-07-03,Loratadine 10mg (14ct),Allergy,India,174.31,18,62.18,Retail Pharmacy
2023-07-03,Ibuprofen 400mg (30ct),Pain Relief,Germany,88.93,13,27.67,Government Tender
2023-07-03,Loratadine 10mg (14ct),Allergy,UK,359.6,37,129.02,Retail Pharmacy
2023-07-04,Ibuprofen 400mg (30ct),Pain Relief,Japan,124.87,20,42.36,Retail Pharmacy
2023-07-04,Salbutamol Inhaler,Respiratory,Brazil,1057.99,49,434.7,Government Tender
2023-07-04,Atorvastatin 20mg (30ct),Cardiovascular,Brazil,717.33,43,319.36,Government Tender
2023-07-04,Omeprazole 20mg (28ct),Gastro,Germany,85.43,8,39.28,Hospital
2023-07-04,Salbutamol Inhaler,Respiratory,Germany,229.19,10,87.08,Hospital
2023-07-04,Atorvastatin 20mg (30ct),Cardiovascular,Germany,464.82,27,185.81,Hospital
2023-07-04,Loratadine 10mg (14ct),Allergy,Japan,264.99,25,83.88,Hospital
2023-07-04,Amoxicillin 500mg (20ct),Antibiotics,Germany,280.98,21,125.31,Government Tender
2023-07-05,Ibuprofen 400mg (30ct),Pain Relief,UK,140.9,22,45.14,Hospital
2023-07-05,Salbutamol Inhaler,Respiratory,UK,838.61,37,338.94,Retail Pharmacy
2023-07-05,Amoxicillin 500mg (20ct),Antibiotics,UK,625.98,51,304.42,Retail Pharmacy
2023-07-05,Insulin Glargine Pen,Diabetes Care,UK,1970.48,34,1025.61,Retail Pharmacy
2023-07-05,Loratadine 10mg (14ct),Allergy,Germany,512.18,57,203.34,Retail Pharmacy
2023-07-05,Multivitamin Complex,Supplements,Brazil,239.27,17,97.91,Retail Pharmacy
2023-07-05,Ibuprofen 400mg (30ct),Pain Relief,Brazil,43.91,7,15.24,Government Tender
2023-07-05,Loratadine 10mg (14ct),Allergy,UK,232.54,22,72.75,Government Tender
2023-07-05,Salbutamol Inhaler,Respiratory,India,894.11,39,359.6,Hospital
2023-07-05,Omeprazole 20mg (28ct),Gastro,Germany,184.58,16,78.75,Government Tender
2023-07-06,Ibuprofen 400mg (30ct),Pain Relief,Germany,111.13,18,38.52,Government Tender
2023-07-06,Salbutamol Inhaler,Respiratory,India,784.56,35,313.74,Government Tender
2023-07-06,Atorvastatin 20mg (30ct),Cardiovascular,India,698.76,42,313.68,Retail Pharmacy
2023-07-06,Loratadine 10mg (14ct),Allergy,Japan,156.78,15,48.97,Hospital
2023-07-06,Salbutamol Inhaler,Respiratory,UK,355.62,15,141.77,Government Tender
2023-07-06,Omeprazole 20mg (28ct),Gastro,Germany,200.72,18,87.01,Retail Pharmacy
2023-07-06,Amoxicillin 500mg (20ct),Antibiotics,India,123.23,8,47.78,Retail Pharmacy
2023-07-06,Atorvastatin 20mg (30ct),Cardiovascular,Brazil,144.11,7,52.36,Hospital
2023-07-06,Amoxicillin 500mg (20ct),Antibiotics,India,554.77,40,223.8,Hospital
2023-07-06,Amoxicillin 500mg (20ct),Antibiotics,Germany,163.41,13,72.19,Retail Pharmacy
2023-07-07,Insulin Glargine Pen,Diabetes Care,UK,1908.08,29,911.07,Retail Pharmacy
2023-07-07,Salbutamol Inhaler,Respiratory,UK,647.33,31,288.88,Retail Pharmacy
2023-07-07,Atorvastatin 20mg (30ct),Cardiovascular,Japan,325.6,20,144.57,Retail Pharmacy
2023-07-07,Multivitamin Complex,Supplements,India,489.59,32,180.61,Hospital
2023-07-07,Loratadine 10mg (14ct),Allergy,India,185.6,22,74.48,Hospital
2023-07-07,Loratadine 10mg (14ct),Allergy,Japan,207.79,20,65.26,Hospital
2023-07-07,Loratadine 10mg (14ct),Allergy,UK,118.24,12,42.31,Hospital
2023-07-07,Amoxicillin 500mg (20ct),Antibiotics,USA,346.51,23,134.83,Government Tender
2023-07-07,Atorvastatin 20mg (30ct),Cardiovascular,India,450.45,23,167.67,Retail Pharmacy
2023-07-07,Ibuprofen 400mg (30ct),Pain Relief,Japan,241.73,35,75.87,Government Tender
2023-07-07,Salbutamol Inhaler,Respiratory,USA,621.82,29,256.2,Government Tender
2023-07-08,Multivitamin Complex,Supplements,Japan,42.48,3,15.79,Retail Pharmacy
2023-07-08,Atorvastatin 20mg (30ct),Cardiovascular,USA,375.08,22,151.59,Hospital
2023-07-08,Salbutamol Inhaler,Respiratory,USA,489.68,21,196.32,Government Tender
2023-07-08,Salbutamol Inhaler,Respiratory,Germany,674.13,33,297.29,Government Tender
2023-07-08,Loratadine 10mg (14ct),Allergy,Japan,269.1,25,86.32,Hospital
2023-07-08,Loratadine 10mg (14ct),Allergy,Germany,192.16,20,70.2,Retail Pharmacy
2023-07-08,Atorvastatin 20mg (30ct),Cardiovascular,India,97.68,6,42.43,Hospital
2023-07-09,Loratadine 10mg (14ct),Allergy,Germany,72.71,7,23.19,Hospital
2023-07-09,Ibuprofen 400mg (30ct),Pain Relief,Germany,94.73,16,32.38,Hospital
2023-07-09,Atorvastatin 20mg (30ct),Cardiovascular,USA,158.74,8,56.66,Government Tender
2023-07-09,Loratadine 10mg (14ct),Allergy,USA,294.54,32,109.64,Retail Pharmacy
2023-07-09,Multivitamin Complex,Supplements,USA,115.75,9,50.11,Retail Pharmacy
2023-07-09,Loratadine 10mg (14ct),Allergy,Germany,422.08,47,164.57,Hospital
2023-07-09,Omeprazole 20mg (28ct),Gastro,Brazil,433.56,34,159.93,Retail Pharmacy
2023-07-09,Omeprazole 20mg (28ct),Gastro,UK,142.58,11,53.43,Government Tender
2023-07-09,Multivitamin Complex,Supplements,India,361.08,27,154.86,Hospital
2023-07-09,Loratadine 10mg (14ct),Allergy,India,257.92,24,83.65,Hospital
2023-07-10,Insulin Glargine Pen,Diabetes Care,Brazil,390.03,6,183.4,Government Tender
2023-07-10,Amoxicillin 500mg (20ct),Antibiotics,Germany,578.01,38,217.3,Government Tender
2023-07-10,Multivitamin Complex,Supplements,USA,340.88,26,147.35,Retail Pharmacy
2023-07-10,Atorvastatin 20mg (30ct),Cardiovascular,USA,436.05,24,171.71,Retail Pharmacy
2023-07-10,Atorvastatin 20mg (30ct),Cardiovascular,Brazil,1129.88,56,411.53,Retail Pharmacy
2023-07-10,Amoxicillin 500mg (20ct),Antibiotics,UK,537.04,35,212.57,Hospital
2023-07-10,Salbutamol Inhaler,Respiratory,Brazil,522.29,26,241.03,Hospital
2023-07-10,Omeprazole 20mg (28ct),Gastro,Germany,213.77,20,93.14,Government Tender
2023-07-10,Salbutamol Inhaler,Respiratory,USA,717.95,30,281.67,Government Tender
2023-07-11,Atorvastatin 20mg (30ct),Cardiovascular,Japan,709.2,41,308.89,Hospital
2023-07-11,Multivitamin Complex,Supplements,Brazil,314.33,22,124.83,Government Tender
2023-07-11,Atorvastatin 20mg (30ct),Cardiovascular,Brazil,363.51,18,128.21,Retail Pharmacy
2023-07-11,Multivitamin Complex,Supplements,Brazil,125.8,9,51.48,Government Tender
2023-07-11,Salbutamol Inhaler,Respiratory,USA,896.26,47,416.1,Hospital
2023-07-11,Multivitamin Complex,Supplements,Japan,132.07,10,57.51,Retail Pharmacy
2023-07-11,Salbutamol Inhaler,Respiratory,Germany,131.2,6,53.18,Hospital
2023-07-11,Amoxicillin 500mg (20ct),Antibiotics,Germany,379.42,25,147.82,Government Tender
2023-07-12,Loratadine 10mg (14ct),Allergy,India,117.37,11,37.68,Government Tender
2023-07-12,Insulin Glargine Pen,Diabetes Care,USA,2228.4,33,974.6,Government Tender
2023-07-12,Loratadine 10mg (14ct),Allergy,USA,247.15,26,85.24,Retail Pharmacy
2023-07-12,Omeprazole 20mg (28ct),Gastro,Japan,216.5,16,80.24,Retail Pharmacy
2023-07-12,Amoxicillin 500mg (20ct),Antibiotics,UK,386.54,25,149.84,Retail Pharmacy
2023-07-12,Atorvastatin 20mg (30ct),Cardiovascular,Japan,345.66,21,156.47,Retail Pharmacy
2023-07-12,Amoxicillin 500mg (20ct),Antibiotics,India,1069.11,82,497.7,Government Tender
2023-07-12,Insulin Glargine Pen,Diabetes Care,Brazil,1200.05,18,540.14,Hospital
2023-07-12,Loratadine 10mg (14ct),Allergy,Germany,272.14,26,92.18,Government Tender
2023-07-12,Ibuprofen 400mg (30ct),Pain Relief,Germany,25.76,4,8.3,Retail Pharmacy
2023-07-12,Omeprazole 20mg (28ct),Gastro,UK,295.32,22,103.54,Retail Pharmacy
2023-07-12,Omeprazole 20mg (28ct),Gastro,Brazil,401.21,34,173.76,Government Tender
2023-07-12,Multivitamin Complex,Supplements,Japan,216.91,15,79.47,Hospital
2023-07-12,Omeprazole 20mg (28ct),Gastro,India,322.02,24,113.07,Retail Pharmacy
2023-07-12,Salbutamol Inhaler,Respiratory,Brazil,464.64,23,207.56,Retail Pharmacy
2023-07-13,Loratadine 10mg (14ct),Allergy,Japan,228.65,24,80.52,Government Tender
2023-07-13,Salbutamol Inhaler,Respiratory,Japan,190.88,9,80.48,Government Tender
2023-07-13,Amoxicillin 500mg (20ct),Antibiotics,Japan,467.84,30,181.8,Government Tender
2023-07-13,Insulin Glargine Pen,Diabetes Care,India,1164.76,18,576.67,Retail Pharmacy
2023-07-13,Atorvastatin 20mg (30ct),Cardiovascular,Japan,789.68,46,334.27,Hospital
2023-07-13,Ibuprofen 400mg (30ct),Pain Relief,Japan,104.47,17,35.49,Retail Pharmacy
2023-07-13,Amoxicillin 500mg (20ct),Antibiotics,UK,164.35,12,67.91,Government Tender
2023-07-13,Salbutamol Inhaler,Respiratory,Brazil,890.86,46,435.78,Government Tender
2023-07-13,Ibuprofen 400mg (30ct),Pain Relief,UK,283.31,40,85.38,Retail Pharmacy
2023-07-13,Ibuprofen 400mg (30ct),Pain Relief,USA,312.38,50,103.35,Government Tender
2023-07-13,Ibuprofen 400mg (30ct),Pain Relief,USA,205.67,32,68.96,Hospital
2023-07-13,Amoxicillin 500mg (20ct),Antibiotics,Brazil,437.98,31,181.87,Hospital
2023-07-13,Ibuprofen 400mg (30ct),Pain Relief,Japan,293.85,47,99.93,Retail Pharmacy
2023-07-13,Amoxicillin 500mg (20ct),Antibiotics,Germany,198.7,14,77.29,Hospital
2023-07-13,Multivitamin Complex,Supplements,UK,215.96,16,91.44,Government Tender
2023-07-13,Multivitamin Complex,Supplements,Brazil,160.58,12,66.63,Government Tender
2023-07-13,Multivitamin Complex,Supplements,India,439.38,28,154.41,Hospital
2023-07-13,Loratadine 10mg (14ct),Allergy,UK,70.81,8,27.56,Hospital
2023-07-14,Loratadine 10mg (14ct),Allergy,India,203.0,22,74.77,Retail Pharmacy
2023-07-14,Salbutamol Inhaler,Respiratory,Japan,142.39,7,60.81,Hospital
2023-07-14,Multivitamin Complex,Supplements,Brazil,62.84,4,22.81,Government Tender
2023-07-14,Omeprazole 20mg (28ct),Gastro,India,52.09,4,18.82,Retail Pharmacy
2023-07-14,Amoxicillin 500mg (20ct),Antibiotics,India,115.02,9,52.33,Government Tender
2023-07-14,Loratadine 10mg (14ct),Allergy,UK,131.41,14,45.26,Retail Pharmacy
2023-07-14,Omeprazole 20mg (28ct),Gastro,Brazil,40.69,3,14.3,Government Tender
2023-07-14,Omeprazole 20mg (28ct),Gastro,Brazil,516.57,44,205.02,Retail Pharmacy
2023-07-14,Amoxicillin 500mg (20ct),Antibiotics,Brazil,519.39,40,242.28,Hospital
2023-07-14,Omeprazole 20mg (28ct),Gastro,Brazil,149.99,14,71.03,Retail Pharmacy
2023-07-14,Multivitamin Complex,Supplements,Japan,534.66,34,180.43,Government Tender
2023-07-15,Loratadine 10mg (14ct),Allergy,India,128.7,14,46.72,Hospital
2023-07-15,Loratadine 10mg (14ct),Allergy,USA,203.95,20,68.7,Hospital
2023-07-15,Multivitamin Complex,Supplements,Brazil,363.57,27,153.54,Government Tender
2023-07-15,Loratadine 10mg (14ct),Allergy,Japan,230.71,24,77.88,Hospital
2023-07-15,Loratadine 10mg (14ct),Allergy,Germany,68.47,7,24.0,Government Tender
2023-07-15,Atorvastatin 20mg (30ct),Cardiovascular,Japan,322.74,20,136.82,Retail Pharmacy
2023-07-15,Insulin Glargine Pen,Diabetes Care,India,661.56,9,277.79,Retail Pharmacy
2023-07-15,Omeprazole 20mg (28ct),Gastro,Brazil,171.19,15,73.32,Hospital
2023-07-15,Insulin Glargine Pen,Diabetes Care,India,2759.2,37,1145.77,Hospital
2023-07-15,Atorvastatin 20mg (30ct),Cardiovascular,Germany,493.73,29,201.6,Government Tender
2023-07-15,Omeprazole 20mg (28ct),Gastro,Germany,232.71,17,84.12,Retail Pharmacy
2023-07-15,Insulin Glargine Pen,Diabetes Care,USA,1592.53,24,716.4,Retail Pharmacy
2023-07-15,Atorvastatin 20mg (30ct),Cardiovascular,India,243.39,12,84.74,Hospital
2023-07-15,Ibuprofen 400mg (30ct),Pain Relief,Brazil,113.62,16,34.87,Hospital
2023-07-16,Omeprazole 20mg (28ct),Gastro,Japan,379.41,29,141.0,Government Tender
2023-07-16,Salbutamol Inhaler,Respiratory,India,1602.56,78,678.15,Hospital
2023-07-16,Amoxicillin 500mg (20ct),Antibiotics,India,704.62,53,317.93,Retail Pharmacy
2023-07-16,Loratadine 10mg (14ct),Allergy,UK,137.23,13,44.5,Retail Pharmacy
2023-07-16,Amoxicillin 500mg (20ct),Antibiotics,India,75.86,6,33.07,Government Tender
2023-07-16,Ibuprofen 400mg (30ct),Pain Relief,Germany,60.87,9,19.49,Government Tender
2023-07-16,Amoxicillin 500mg (20ct),Antibiotics,USA,115.1,9,54.53,Retail Pharmacy
2023-07-16,Loratadine 10mg (14ct),Allergy,Japan,240.42,25,82.63,Retail Pharmacy
2023-07-17,Amoxicillin 500mg (20ct),Antibiotics,Brazil,201.73,14,82.5,Government Tender
2023-07-17,Multivitamin Complex,Supplements,Japan,93.01,6,34.21,Hospital
2023-07-17,Omeprazole 20mg (28ct),Gastro,UK,160.48,15,75.44,Government Tender
2023-07-17,Loratadine 10mg (14ct),Allergy,Brazil,278.82,31,104.56,Hospital
2023-07-17,Amoxicillin 500mg (20ct),Antibiotics,Germany,585.96,44,255.47,Retail Pharmacy
2023-07-17,Multivitamin Complex,Supplements,Germany,740.77,46,246.69,Retail Pharmacy
2023-07-17,Omeprazole 20mg (28ct),Gastro,UK,440.33,41,200.44,Retail Pharmacy
2023-07-17,Atorvastatin 20mg (30ct),Cardiovascular,UK,349.74,17,118.05,Government Tender
2023-07-17,Insulin Glargine Pen,Diabetes Care,USA,1959.67,28,850.67,Hospital
2023-07-17,Salbutamol Inhaler,Respiratory,Germany,374.98,17,157.83,Hospital
2023-07-17,Multivitamin Complex,Supplements,USA,338.9,21,113.83,Retail Pharmacy
2023-07-18,Loratadine 10mg (14ct),Allergy,Japan,42.42,5,16.15,Government Tender
2023-07-18,Ibuprofen 400mg (30ct),Pain Relief,USA,74.07,13,27.09,Government Tender
2023-07-18,Omeprazole 20mg (28ct),Gastro,UK,561.34,41,196.66,Hospital
2023-07-18,Insulin Glargine Pen,Diabetes Care,Brazil,2070.7,34,1058.95,Government Tender
2023-07-18,Amoxicillin 500mg (20ct),Antibiotics,Japan,241.75,19,104.93,Hospital
2023-07-18,Multivitamin Complex,Supplements,UK,107.01,7,38.71,Government Tender
2023-07-18,Loratadine 10mg (14ct),Allergy,India,398.81,41,140.05,Government Tender
2023-07-18,Insulin Glargine Pen,Diabetes Care,UK,1113.08,16,476.7,Hospital
2023-07-18,Amoxicillin 500mg (20ct),Antibiotics,USA,221.83,15,90.35,Retail Pharmacy
2023-07-18,Amoxicillin 500mg (20ct),Antibiotics,USA,41.92,3,16.76,Retail Pharmacy
2023-07-19,Omeprazole 20mg (28ct),Gastro,Japan,214.33,16,78.78,Retail Pharmacy
2023-07-19,Insulin Glargine Pen,Diabetes Care,India,726.74,12,355.52,Retail Pharmacy
2023-07-19,Amoxicillin 500mg (20ct),Antibiotics,Germany,396.0,26,147.21,Retail Pharmacy
2023-07-19,Atorvastatin 20mg (30ct),Cardiovascular,Japan,185.32,9,67.18,Hospital
2023-07-19,Atorvastatin 20mg (30ct),Cardiovascular,India,169.23,10,75.48,Hospital
2023-07-19,Multivitamin Complex,Supplements,Brazil,364.78,28,154.46,Retail Pharmacy
2023-07-19,Salbutamol Inhaler,Respiratory,USA,252.4,13,118.4,Retail Pharmacy
2023-07-19,Loratadine 10mg (14ct),Allergy,India,320.75,33,115.15,Government Tender
2023-07-20,Ibuprofen 400mg (30ct),Pain Relief,UK,77.46,13,27.75,Government Tender
2023-07-20,Omeprazole 20mg (28ct),Gastro,UK,538.66,43,201.93,Retail Pharmacy
2023-07-20,Multivitamin Complex,Supplements,India,201.26,15,86.4,Government Tender
2023-07-20,Atorvastatin 20mg (30ct),Cardiovascular,UK,609.93,34,248.77,Hospital
2023-07-20,Amoxicillin 500mg (20ct),Antibiotics,Japan,184.32,13,76.25,Retail Pharmacy
2023-07-20,Insulin Glargine Pen,Diabetes Care,UK,600.88,10,305.41,Government Tender
2023-07-20,Atorvastatin 20mg (30ct),Cardiovascular,India,344.58,19,143.31,Hospital
2023-07-20,Multivitamin Complex,Supplements,USA,316.65,23,122.16,Retail Pharmacy
2023-07-20,Insulin Glargine Pen,Diabetes Care,India,1105.27,18,569.58,Retail Pharmacy
2023-07-20,Multivitamin Complex,Supplements,Japan,179.07,13,68.43,Hospital
2023-07-20,Salbutamol Inhaler,Respiratory,Brazil,1402.25,72,633.85,Retail Pharmacy
2023-07-20,Omeprazole 20mg (28ct),Gastro,Germany,721.46,56,267.2,Government Tender
2023-07-21,Loratadine 10mg (14ct),Allergy,India,59.11,7,24.05,Retail Pharmacy
2023-07-21,Ibuprofen 400mg (30ct),Pain Relief,Japan,182.11,30,61.3,Retail Pharmacy
2023-07-21,Amoxicillin 500mg (20ct),Antibiotics,Germany,275.33,21,127.85,Retail Pharmacy
2023-07-21,Multivitamin Complex,Supplements,Japan,235.08,15,83.97,Retail Pharmacy
2023-07-21,Insulin Glargine Pen,Diabetes Care,Brazil,725.52,10,318.09,Retail Pharmacy
2023-07-21,Amoxicillin 500mg (20ct),Antibiotics,India,190.18,13,79.15,Retail Pharmacy
2023-07-21,Amoxicillin 500mg (20ct),Antibiotics,UK,182.07,12,66.26,Retail Pharmacy
2023-07-21,Multivitamin Complex,Supplements,Brazil,219.69,17,89.46,Retail Pharmacy
2023-07-21,Salbutamol Inhaler,Respiratory,Brazil,232.71,11,102.44,Government Tender
2023-07-21,Insulin Glargine Pen,Diabetes Care,USA,307.02,5,152.7,Hospital
2023-07-21,Loratadine 10mg (14ct),Allergy,UK,234.98,25,85.36,Hospital
2023-07-22,Insulin Glargine Pen,Diabetes Care,USA,3916.02,53,1682.86,Hospital
2023-07-22,Multivitamin Complex,Supplements,Brazil,422.38,27,141.85,Hospital
2023-07-22,Salbutamol Inhaler,Respiratory,Brazil,641.49,32,290.0,Retail Pharmacy
2023-07-22,Salbutamol Inhaler,Respiratory,Germany,453.51,20,176.38,Government Tender
2023-07-22,Ibuprofen 400mg (30ct),Pain Relief,Germany,84.73,12,24.94,Government Tender
2023-07-22,Salbutamol Inhaler,Respiratory,UK,645.14,31,278.16,Hospital
2023-07-22,Loratadine 10mg (14ct),Allergy,Japan,209.08,21,69.25,Government Tender
2023-07-22,Atorvastatin 20mg (30ct),Cardiovascular,India,144.77,8,57.44,Retail Pharmacy
2023-07-22,Loratadine 10mg (14ct),Allergy,UK,239.03,28,95.26,Retail Pharmacy
2023-07-22,Omeprazole 20mg (28ct),Gastro,UK,459.71,39,199.15,Retail Pharmacy
2023-07-22,Salbutamol Inhaler,Respiratory,Japan,787.17,37,351.5,Retail Pharmacy
2023-07-23,Multivitamin Complex,Supplements,Germany,499.76,38,215.78,Retail Pharmacy
2023-07-23,Multivitamin Complex,Supplements,India,215.55,14,76.19,Hospital
2023-07-23,Omeprazole 20mg (28ct),Gastro,UK,304.56,24,122.18,Hospital
2023-07-23,Ibuprofen 400mg (30ct),Pain Relief,Japan,132.52,19,39.89,Retail Pharmacy
2023-07-23,Insulin Glargine Pen,Diabetes Care,Germany,707.44,11,349.2,Hospital
2023-07-23,Omeprazole 20mg (28ct),Gastro,Germany,440.58,35,177.05,Hospital
2023-07-23,Atorvastatin 20mg (30ct),Cardiovascular,Japan,162.28,8,57.98,Retail Pharmacy
2023-07-23,Amoxicillin 500mg (20ct),Antibiotics,Japan,483.93,35,212.76,Government Tender
2023-07-24,Amoxicillin 500mg (20ct),Antibiotics,USA,173.36,14,83.24,Government Tender
2023-07-24,Multivitamin Complex,Supplements,USA,63.99,5,27.42,Government Tender
2023-07-24,Omeprazole 20mg (28ct),Gastro,Germany,375.13,34,171.57,Hospital
2023-07-24,Ibuprofen 400mg (30ct),Pain Relief,India,72.11,12,24.26,Hospital
2023-07-24,Amoxicillin 500mg (20ct),Antibiotics,India,267.21,19,113.58,Retail Pharmacy
2023-07-24,Insulin Glargine Pen,Diabetes Care,UK,1267.4,19,604.93,Government Tender
2023-07-24,Multivitamin Complex,Supplements,Germany,386.68,30,157.05,Hospital
2023-07-24,Omeprazole 20mg (28ct),Gastro,UK,275.47,22,112.01,Retail Pharmacy
2023-07-24,Loratadine 10mg (14ct),Allergy,USA,156.61,18,61.52,Government Tender
2023-07-24,Omeprazole 20mg (28ct),Gastro,India,145.11,12,60.68,Hospital
2023-07-24,Omeprazole 20mg (28ct),Gastro,UK,287.49,21,106.05,Hospital
2023-07-24,Omeprazole 20mg (28ct),Gastro,UK,99.95,9,44.38,Retail Pharmacy
2023-07-24,Loratadine 10mg (14ct),Allergy,Germany,430.37,47,152.82,Retail Pharmacy
2023-07-24,Ibuprofen 400mg (30ct),Pain Relief,Brazil,221.7,36,73.97,Government Tender
2023-07-25,Ibuprofen 400mg (30ct),Pain Relief,USA,255.76,45,94.52,Government Tender
2023-07-25,Omeprazole 20mg (28ct),Gastro,Japan,280.87,25,121.84,Retail Pharmacy
2023-07-25,Atorvastatin 20mg (30ct),Cardiovascular,UK,185.83,9,66.78,Retail Pharmacy
2023-07-25,Atorvastatin 20mg (30ct),Cardiovascular,India,326.14,19,134.09,Retail Pharmacy
2023-07-25,Multivitamin Complex,Supplements,Brazil,531.03,37,205.87,Government Tender
2023-07-25,Ibuprofen 400mg (30ct),Pain Relief,USA,189.57,27,55.0,Retail Pharmacy
2023-07-25,Insulin Glargine Pen,Diabetes Care,UK,2369.82,35,1073.11,Hospital
2023-07-25,Ibuprofen 400mg (30ct),Pain Relief,Japan,76.69,11,22.51,Government Tender
2023-07-25,Amoxicillin 500mg (20ct),Antibiotics,Germany,379.09,27,151.97,Government Tender
2023-07-25,Multivitamin Complex,Supplements,USA,232.68,18,94.6,Government Tender
2023-07-26,Omeprazole 20mg (28ct),Gastro,Germany,829.36,63,308.65,Government Tender
2023-07-26,Amoxicillin 500mg (20ct),Antibiotics,Japan,936.83,65,359.18,Hospital
2023-07-26,Omeprazole 20mg (28ct),Gastro,Germany,359.76,27,128.53,Government Tender
2023-07-26,Loratadine 10mg (14ct),Allergy,India,230.73,23,75.73,Hospital
2023-07-26,Amoxicillin 500mg (20ct),Antibiotics,Japan,490.68,38,213.05,Hospital
2023-07-26,Ibuprofen 400mg (30ct),Pain Relief,UK,132.93,19,39.72,Government Tender
2023-07-26,Multivitamin Complex,Supplements,Germany,361.57,28,154.81,Government Tender
2023-07-26,Omeprazole 20mg (28ct),Gastro,Brazil,439.4,37,183.88,Government Tender
2023-07-26,Ibuprofen 400mg (30ct),Pain Relief,Germany,140.39,20,42.91,Retail Pharmacy
2023-07-26,Salbutamol Inhaler,Respiratory,Japan,172.12,8,73.36,Hospital
2023-07-26,Atorvastatin 20mg (30ct),Cardiovascular,USA,643.85,33,235.56,Government Tender
2023-07-26,Insulin Glargine Pen,Diabetes Care,India,2383.48,32,963.55,Retail Pharmacy
2023-07-26,Atorvastatin 20mg (30ct),Cardiovascular,USA,406.39,22,160.2,Retail Pharmacy
2023-07-26,Salbutamol Inhaler,Respiratory,USA,358.14,15,135.48,Government Tender
2023-07-26,Omeprazole 20mg (28ct),Gastro,Brazil,295.87,24,119.9,Hospital
2023-07-26,Salbutamol Inhaler,Respiratory,Japan,686.28,35,328.81,Hospital
2023-07-27,Omeprazole 20mg (28ct),Gastro,Brazil,369.54,31,154.71,Government Tender
2023-07-27,Multivitamin Complex,Supplements,Japan,284.5,19,104.71,Hospital
2023-07-27,Insulin Glargine Pen,Diabetes Care,India,671.4,9,274.91,Hospital
2023-07-27,Ibuprofen 400mg (30ct),Pain Relief,Germany,317.61,50,102.93,Hospital
2023-07-27,Omeprazole 20mg (28ct),Gastro,Brazil,242.94,20,94.74,Government Tender
2023-07-27,Loratadine 10mg (14ct),Allergy,India,78.23,9,30.24,Government Tender
2023-07-27,Loratadine 10mg (14ct),Allergy,UK,157.27,16,54.41,Government Tender
2023-07-27,Multivitamin Complex,Supplements,UK,307.65,23,128.59,Retail Pharmacy
2023-07-27,Atorvastatin 20mg (30ct),Cardiovascular,UK,998.21,52,371.72,Retail Pharmacy
2023-07-27,Omeprazole 20mg (28ct),Gastro,Brazil,515.87,38,195.07,Government Tender
2023-07-27,Salbutamol Inhaler,Respiratory,Brazil,306.26,13,117.82,Retail Pharmacy
2023-07-27,Atorvastatin 20mg (30ct),Cardiovascular,Brazil,2104.29,116,853.98,Government Tender
2023-07-27,Loratadine 10mg (14ct),Allergy,Brazil,167.41,17,57.49,Hospital
2023-07-27,Ibuprofen 400mg (30ct),Pain Relief,Germany,12.95,2,4.29,Hospital
2023-07-28,Multivitamin Complex,Supplements,Brazil,846.43,54,303.2,Government Tender
2023-07-28,Ibuprofen 400mg (30ct),Pain Relief,Germany,311.34,49,104.12,Retail Pharmacy
2023-07-28,Insulin Glargine Pen,Diabetes Care,UK,362.57,6,187.45,Government Tender
2023-07-28,Insulin Glargine Pen,Diabetes Care,USA,2791.25,42,1242.46,Government Tender
2023-07-28,Insulin Glargine Pen,Diabetes Care,Japan,937.51,14,442.47,Retail Pharmacy
2023-07-29,Multivitamin Complex,Supplements,India,531.26,34,179.05,Government Tender
2023-07-29,Multivitamin Complex,Supplements,India,428.82,29,154.33,Government Tender
2023-07-29,Omeprazole 20mg (28ct),Gastro,Brazil,328.54,30,145.68,Government Tender
2023-07-29,Amoxicillin 500mg (20ct),Antibiotics,India,203.89,14,80.51,Retail Pharmacy
2023-07-29,Ibuprofen 400mg (30ct),Pain Relief,Germany,95.81,14,29.59,Hospital
2023-07-29,Atorvastatin 20mg (30ct),Cardiovascular,USA,257.42,13,93.2,Hospital
2023-07-29,Ibuprofen 400mg (30ct),Pain Relief,Germany,186.79,33,68.69,Government Tender
2023-07-29,Atorvastatin 20mg (30ct),Cardiovascular,Germany,221.14,13,97.6,Government Tender
2023-07-29,Salbutamol Inhaler,Respiratory,Brazil,319.54,16,141.71,Hospital
2023-07-29,Omeprazole 20mg (28ct),Gastro,Germany,186.92,15,69.88,Hospital
2023-07-29,Amoxicillin 500mg (20ct),Antibiotics,Brazil,221.94,18,103.56,Retail Pharmacy
2023-07-29,Atorvastatin 20mg (30ct),Cardiovascular,India,197.92,12,87.45,Retail Pharmacy
2023-07-29,Ibuprofen 400mg (30ct),Pain Relief,UK,163.46,26,56.02,Retail Pharmacy
2023-07-29,Insulin Glargine Pen,Diabetes Care,Germany,1941.26,28,849.0,Government Tender
2023-07-29,Insulin Glargine Pen,Diabetes Care,India,368.15,5,153.5,Hospital
2023-07-29,Atorvastatin 20mg (30ct),Cardiovascular,Japan,731.0,38,267.76,Retail Pharmacy
2023-07-29,Omeprazole 20mg (28ct),Gastro,Japan,206.72,18,86.08,Hospital
2023-07-29,Amoxicillin 500mg (20ct),Antibiotics,Japan,258.38,20,117.89,Government Tender
2023-07-29,Salbutamol Inhaler,Respiratory,Germany,323.24,15,142.03,Hospital
2023-07-29,Loratadine 10mg (14ct),Allergy,USA,209.34,21,72.72,Hospital
2023-07-29,Atorvastatin 20mg (30ct),Cardiovascular,UK,275.2,17,116.33,Retail Pharmacy
2023-07-30,Omeprazole 20mg (28ct),Gastro,Brazil,271.88,24,117.22,Hospital
2023-07-30,Omeprazole 20mg (28ct),Gastro,USA,375.93,29,147.35,Government Tender
2023-07-30,Loratadine 10mg (14ct),Allergy,India,353.39,36,120.19,Hospital
2023-07-30,Multivitamin Complex,Supplements,India,345.61,22,126.57,Retail Pharmacy
2023-07-30,Atorvastatin 20mg (30ct),Cardiovascular,USA,347.05,19,135.88,Government Tender
2023-07-30,Amoxicillin 500mg (20ct),Antibiotics,USA,250.13,19,105.57,Government Tender
2023-07-30,Atorvastatin 20mg (30ct),Cardiovascular,Brazil,422.77,22,157.2,Hospital
2023-07-30,Loratadine 10mg (14ct),Allergy,India,93.69,11,37.35,Retail Pharmacy
2023-07-31,Loratadine 10mg (14ct),Allergy,Germany,112.85,12,38.77,Government Tender
2023-07-31,Atorvastatin 20mg (30ct),Cardiovascular,USA,530.11,30,218.18,Government Tender
2023-07-31,Salbutamol Inhaler,Respiratory,Germany,357.12,15,141.46,Hospital
2023-07-31,Loratadine 10mg (14ct),Allergy,USA,324.4,32,108.96,Retail Pharmacy
2023-07-31,Omeprazole 20mg (28ct),Gastro,UK,26.72,2,9.57,Hospital
2023-07-31,Loratadine 10mg (14ct),Allergy,Brazil,9.94,1,3.54,Government Tender
2023-07-31,Atorvastatin 20mg (30ct),Cardiovascular,Japan,311.27,19,140.69,Government Tender
2023-07-31,Omeprazole 20mg (28ct),Gastro,UK,149.94,12,58.15,Government Tender
2023-07-31,Salbutamol Inhaler,Respiratory,India,246.91,12,113.5,Government Tender
2023-07-31,Atorvastatin 20mg (30ct),Cardiovascular,Japan,455.56,28,207.29,Hospital
2023-08-01,Insulin Glargine Pen,Diabetes Care,USA,3152.9,43,1381.02,Hospital
2023-08-01,Loratadine 10mg (14ct),Allergy,Germany,320.83,32,108.49,Hospital
2023-08-01,Multivitamin Complex,Supplements,Germany,413.87,29,164.47,Retail Pharmacy
2023-08-01,Loratadine 10mg (14ct),Allergy,India,463.91,55,195.44,Retail Pharmacy
2023-08-01,Loratadine 10mg (14ct),Allergy,India,410.75,46,152.83,Hospital
2023-08-01,Amoxicillin 500mg (20ct),Antibiotics,Brazil,683.94,48,274.95,Government Tender
2023-08-02,Omeprazole 20mg (28ct),Gastro,Germany,434.49,32,153.02,Retail Pharmacy
2023-08-02,Atorvastatin 20mg (30ct),Cardiovascular,USA,300.6,18,126.8,Hospital
2023-08-02,Insulin Glargine Pen,Diabetes Care,Brazil,2940.95,43,1379.6,Retail Pharmacy
2023-08-02,Atorvastatin 20mg (30ct),Cardiovascular,India,368.74,21,154.96,Retail Pharmacy
2023-08-02,Atorvastatin 20mg (30ct),Cardiovascular,USA,269.93,14,104.78,Government Tender
2023-08-02,Multivitamin Complex,Supplements,UK,184.35,13,70.87,Government Tender
2023-08-02,Atorvastatin 20mg (30ct),Cardiovascular,USA,654.29,38,266.76,Retail Pharmacy
2023-08-02,Multivitamin Complex,Supplements,Germany,165.79,11,59.49,Government Tender
2023-08-02,Salbutamol Inhaler,Respiratory,USA,304.82,14,127.96,Retail Pharmacy
2023-08-02,Insulin Glargine Pen,Diabetes Care,Japan,861.76,12,377.87,Retail Pharmacy
2023-08-02,Ibuprofen 400mg (30ct),Pain Relief,Germany,221.45,38,82.18,Retail Pharmacy
2023-08-02,Multivitamin Complex,Supplements,Japan,73.35,5,26.18,Retail Pharmacy
2023-08-03,Amoxicillin 500mg (20ct),Antibiotics,Brazil,292.0,21,125.48,Hospital
2023-08-03,Loratadine 10mg (14ct),Allergy,UK,199.36,22,77.48,Government Tender
2023-08-03,Salbutamol Inhaler,Respiratory,India,753.3,38,359.95,Hospital
2023-08-03,Salbutamol Inhaler,Respiratory,Germany,730.04,32,296.16,Retail Pharmacy
2023-08-03,Ibuprofen 400mg (30ct),Pain Relief,USA,261.89,42,83.9,Hospital
2023-08-03,Amoxicillin 500mg (20ct),Antibiotics,UK,295.67,23,134.99,Hospital
2023-08-03,Ibuprofen 400mg (30ct),Pain Relief,UK,136.99,23,46.63,Retail Pharmacy
2023-08-03,Ibuprofen 400mg (30ct),Pain Relief,Germany,103.78,18,36.48,Hospital
2023-08-03,Multivitamin Complex,Supplements,UK,112.54,7,37.83,Retail Pharmacy
2023-08-03,Atorvastatin 20mg (30ct),Cardiovascular,India,368.83,21,147.28,Retail Pharmacy
2023-08-03,Multivitamin Complex,Supplements,Germany,368.57,27,143.57,Retail Pharmacy
2023-08-04,Amoxicillin 500mg (20ct),Antibiotics,Germany,914.65,68,376.87,Hospital
2023-08-04,Multivitamin Complex,Supplements,Brazil,131.77,9,50.97,Government Tender
2023-08-04,Atorvastatin 20mg (30ct),Cardiovascular,USA,515.25,28,204.75,Government Tender
2023-08-04,Atorvastatin 20mg (30ct),Cardiovascular,Germany,168.8,10,73.84,Government Tender
2023-08-04,Omeprazole 20mg (28ct),Gastro,India,24.54,2,9.89,Hospital
2023-08-04,Ibuprofen 400mg (30ct),Pain Relief,Brazil,34.98,5,10.19,Hospital
2023-08-04,Ibuprofen 400mg (30ct),Pain Relief,Brazil,90.38,13,27.75,Hospital
2023-08-04,Amoxicillin 500mg (20ct),Antibiotics,India,242.22,17,98.81,Hospital
2023-08-04,Omeprazole 20mg (28ct),Gastro,UK,260.16,19,95.79,Government Tender
2023-08-04,Loratadine 10mg (14ct),Allergy,UK,64.73,7,22.97,Government Tender
2023-08-04,Multivitamin Complex,Supplements,Brazil,467.62,34,184.95,Retail Pharmacy
2023-08-04,Insulin Glargine Pen,Diabetes Care,Germany,1025.15,15,486.32,Government Tender
2023-08-04,Salbutamol Inhaler,Respiratory,Brazil,1723.14,86,765.15,Retail Pharmacy
2023-08-05,Ibuprofen 400mg (30ct),Pain Relief,Brazil,144.61,23,49.56,Retail Pharmacy
2023-08-05,Insulin Glargine Pen,Diabetes Care,India,1072.06,18,582.3,Government Tender
2023-08-05,Omeprazole 20mg (28ct),Gastro,Japan,550.44,51,249.8,Hospital
2023-08-05,Atorvastatin 20mg (30ct),Cardiovascular,Japan,539.21,29,211.84,Government Tender
2023-08-05,Loratadine 10mg (14ct),Allergy,Brazil,174.49,17,60.49,Government Tender
2023-08-05,Loratadine 10mg (14ct),Allergy,USA,407.77,45,153.74,Hospital
2023-08-06,Insulin Glargine Pen,Diabetes Care,India,674.88,11,335.43,Retail Pharmacy
2023-08-06,Loratadine 10mg (14ct),Allergy,Japan,86.93,10,34.44,Hospital
2023-08-06,Omeprazole 20mg (28ct),Gastro,Japan,162.89,13,60.76,Retail Pharmacy
2023-08-06,Omeprazole 20mg (28ct),Gastro,India,444.59,34,165.0,Government Tender
2023-08-06,Loratadine 10mg (14ct),Allergy,Japan,128.23,12,41.88,Hospital
2023-08-06,Salbutamol Inhaler,Respiratory,UK,670.32,35,327.75,Government Tender
2023-08-06,Salbutamol Inhaler,Respiratory,Brazil,115.8,5,44.85,Government Tender
2023-08-06,Loratadine 10mg (14ct),Allergy,Brazil,124.65,12,42.55,Hospital
2023-08-06,Amoxicillin 500mg (20ct),Antibiotics,Japan,181.94,14,82.34,Hospital
2023-08-06,Atorvastatin 20mg (30ct),Cardiovascular,Germany,253.17,14,104.01,Hospital
2023-08-06,Insulin Glargine Pen,Diabetes Care,India,2422.27,41,1286.8,Hospital
2023-08-06,Salbutamol Inhaler,Respiratory,Germany,370.02,16,146.85,Government Tender
2023-08-06,Insulin Glargine Pen,Diabetes Care,Japan,2945.99,47,1421.6,Government Tender
2023-08-07,Ibuprofen 400mg (30ct),Pain Relief,USA,39.82,7,14.04,Retail Pharmacy
2023-08-07,Multivitamin Complex,Supplements,Brazil,227.43,16,89.39,Retail Pharmacy
2023-08-07,Multivitamin Complex,Supplements,India,1367.46,83,446.33,Retail Pharmacy
2023-08-07,Amoxicillin 500mg (20ct),Antibiotics,UK,152.96,10,56.06,Retail Pharmacy
2023-08-07,Atorvastatin 20mg (30ct),Cardiovascular,India,891.56,48,354.57,Government Tender
2023-08-07,Multivitamin Complex,Supplements,USA,696.49,52,281.4,Government Tender
2023-08-07,Insulin Glargine Pen,Diabetes Care,USA,972.61,16,500.33,Retail Pharmacy
2023-08-07,Salbutamol Inhaler,Respiratory,Brazil,187.59,9,79.14,Hospital
2023-08-07,Omeprazole 20mg (28ct),Gastro,Germany,396.96,31,149.09,Retail Pharmacy
2023-08-07,Insulin Glargine Pen,Diabetes Care,USA,2293.26,36,1164.42,Retail Pharmacy
2023-08-07,Omeprazole 20mg (28ct),Gastro,Japan,670.61,55,262.63,Government Tender
2023-08-07,Insulin Glargine Pen,Diabetes Care,UK,1811.67,31,981.77,Government Tender
2023-08-07,Omeprazole 20mg (28ct),Gastro,Japan,179.53,16,82.26,Government Tender
2023-08-07,Omeprazole 20mg (28ct),Gastro,Germany,301.5,28,139.38,Hospital
2023-08-08,Salbutamol Inhaler,Respiratory,Brazil,667.95,32,277.5,Retail Pharmacy
2023-08-08,Omeprazole 20mg (28ct),Gastro,Germany,188.15,14,71.79,Hospital
2023-08-08,Amoxicillin 500mg (20ct),Antibiotics,Japan,399.19,26,145.9,Hospital
2023-08-08,Atorvastatin 20mg (30ct),Cardiovascular,USA,376.63,21,145.07,Hospital
2023-08-08,Atorvastatin 20mg (30ct),Cardiovascular,UK,405.57,22,153.82,Government Tender
2023-08-08,Amoxicillin 500mg (20ct),Antibiotics,USA,232.89,15,83.58,Retail Pharmacy
2023-08-08,Salbutamol Inhaler,Respiratory,UK,273.62,12,112.83,Hospital
2023-08-08,Omeprazole 20mg (28ct),Gastro,UK,494.74,36,173.71,Government Tender
2023-08-08,Loratadine 10mg (14ct),Allergy,Brazil,174.72,20,70.1,Hospital
2023-08-08,Loratadine 10mg (14ct),Allergy,India,183.13,20,66.36,Retail Pharmacy
2023-08-08,Multivitamin Complex,Supplements,India,89.12,6,33.62,Government Tender
2023-08-08,Ibuprofen 400mg (30ct),Pain Relief,Japan,183.4,27,57.2,Government Tender
2023-08-09,Omeprazole 20mg (28ct),Gastro,Japan,173.95,15,76.15,Hospital
2023-08-09,Atorvastatin 20mg (30ct),Cardiovascular,UK,498.89,24,174.34,Retail Pharmacy
2023-08-09,Loratadine 10mg (14ct),Allergy,Brazil,242.68,24,78.47,Retail Pharmacy
2023-08-09,Omeprazole 20mg (28ct),Gastro,Japan,197.28,18,91.18,Retail Pharmacy
2023-08-09,Multivitamin Complex,Supplements,USA,283.93,21,110.0,Hospital
2023-08-09,Insulin Glargine Pen,Diabetes Care,Japan,1340.02,19,600.74,Hospital
2023-08-10,Insulin Glargine Pen,Diabetes Care,India,572.82,9,283.08,Hospital
2023-08-10,Loratadine 10mg (14ct),Allergy,USA,148.93,15,49.43,Retail Pharmacy
2023-08-10,Salbutamol Inhaler,Respiratory,Japan,469.32,22,196.04,Retail Pharmacy
2023-08-10,Loratadine 10mg (14ct),Allergy,Japan,30.64,3,10.04,Hospital
2023-08-10,Multivitamin Complex,Supplements,Japan,93.06,7,38.16,Government Tender
2023-08-10,Multivitamin Complex,Supplements,UK,398.98,28,153.01,Hospital
2023-08-10,Atorvastatin 20mg (30ct),Cardiovascular,India,353.15,20,138.75,Government Tender
2023-08-10,Multivitamin Complex,Supplements,Germany,952.17,58,324.98,Hospital
2023-08-10,Loratadine 10mg (14ct),Allergy,USA,119.8,12,39.13,Retail Pharmacy
2023-08-11,Loratadine 10mg (14ct),Allergy,Japan,162.44,17,60.36,Retail Pharmacy
2023-08-11,Atorvastatin 20mg (30ct),Cardiovascular,Japan,170.23,10,74.32,Government Tender
2023-08-11,Omeprazole 20mg (28ct),Gastro,Japan,231.19,19,94.6,Retail Pharmacy
2023-08-11,Multivitamin Complex,Supplements,Japan,719.69,44,246.9,Retail Pharmacy
2023-08-11,Insulin Glargine Pen,Diabetes Care,India,2938.06,45,1388.8,Government Tender
2023-08-11,Insulin Glargine Pen,Diabetes Care,India,1532.79,25,737.13,Retail Pharmacy
2023-08-11,Ibuprofen 400mg (30ct),Pain Relief,India,139.36,20,40.32,Government Tender
2023-08-11,Salbutamol Inhaler,Respiratory,Japan,325.84,15,131.86,Retail Pharmacy
2023-08-11,Amoxicillin 500mg (20ct),Antibiotics,Germany,277.37,18,101.54,Government Tender
2023-08-12,Insulin Glargine Pen,Diabetes Care,Brazil,932.68,16,509.16,Hospital
2023-08-12,Atorvastatin 20mg (30ct),Cardiovascular,Brazil,316.47,17,119.29,Retail Pharmacy
2023-08-12,Salbutamol Inhaler,Respiratory,USA,243.71,10,90.09,Hospital
2023-08-12,Amoxicillin 500mg (20ct),Antibiotics,USA,135.99,11,64.56,Retail Pharmacy
2023-08-12,Loratadine 10mg (14ct),Allergy,Germany,433.39,41,145.74,Government Tender
2023-08-12,Insulin Glargine Pen,Diabetes Care,India,758.15,11,357.65,Hospital
2023-08-12,Atorvastatin 20mg (30ct),Cardiovascular,Brazil,211.67,11,80.4,Retail Pharmacy
2023-08-12,Atorvastatin 20mg (30ct),Cardiovascular,USA,826.0,43,315.05,Hospital
2023-08-12,Multivitamin Complex,Supplements,India,289.47,18,100.24,Hospital
2023-08-12,Ibuprofen 400mg (30ct),Pain Relief,UK,143.72,25,50.06,Retail Pharmacy
2023-08-12,Loratadine 10mg (14ct),Allergy,USA,201.26,19,63.27,Government Tender
2023-08-12,Salbutamol Inhaler,Respiratory,Brazil,513.35,22,202.45,Retail Pharmacy
2023-08-12,Atorvastatin 20mg (30ct),Cardiovascular,Germany,394.76,20,138.35,Hospital
2023-08-13,Omeprazole 20mg (28ct),Gastro,UK,463.65,37,185.01,Retail Pharmacy
2023-08-13,Multivitamin Complex,Supplements,USA,449.29,29,167.16,Hospital
2023-08-13,Loratadine 10mg (14ct),Allergy,Japan,196.62,23,77.26,Hospital
2023-08-13,Atorvastatin 20mg (30ct),Cardiovascular,UK,539.81,27,192.23,Government Tender
2023-08-13,Salbutamol Inhaler,Respiratory,India,876.77,41,374.0,Hospital
2023-08-13,Atorvastatin 20mg (30ct),Cardiovascular,UK,472.96,27,188.58,Government Tender
2023-08-13,Atorvastatin 20mg (30ct),Cardiovascular,USA,806.96,41,309.84,Hospital
2023-08-13,Atorvastatin 20mg (30ct),Cardiovascular,Japan,921.94,45,309.29,Hospital
2023-08-13,Ibuprofen 400mg (30ct),Pain Relief,Japan,117.95,18,38.52,Hospital
2023-08-13,Salbutamol Inhaler,Respiratory,Brazil,975.37,50,447.11,Retail Pharmacy
2023-08-14,Amoxicillin 500mg (20ct),Antibiotics,UK,475.56,37,212.48,Government Tender
2023-08-14,Amoxicillin 500mg (20ct),Antibiotics,Brazil,215.37,15,83.14,Hospital
2023-08-14,Omeprazole 20mg (28ct),Gastro,USA,322.74,25,117.22,Government Tender
2023-08-14,Insulin Glargine Pen,Diabetes Care,Brazil,2405.91,41,1250.37,Government Tender
2023-08-14,Amoxicillin 500mg (20ct),Antibiotics,Germany,431.64,28,164.87,Hospital
2023-08-14,Amoxicillin 500mg (20ct),Antibiotics,USA,251.85,20,114.71,Hospital
2023-08-14,Amoxicillin 500mg (20ct),Antibiotics,India,275.58,20,119.12,Hospital
2023-08-14,Ibuprofen 400mg (30ct),Pain Relief,India,154.71,25,52.83,Retail Pharmacy
2023-08-14,Omeprazole 20mg (28ct),Gastro,Germany,254.13,20,99.13,Hospital
2023-08-14,Omeprazole 20mg (28ct),Gastro,UK,462.28,39,186.24,Hospital
2023-08-14,Loratadine 10mg (14ct),Allergy,USA,117.06,12,42.74,Hospital
2023-08-14,Atorvastatin 20mg (30ct),Cardiovascular,India,390.92,24,169.91,Retail Pharmacy
2023-08-14,Amoxicillin 500mg (20ct),Antibiotics,UK,399.44,26,147.29,Government Tender
2023-08-15,Amoxicillin 500mg (20ct),Antibiotics,Germany,344.19,28,154.67,Retail Pharmacy
2023-08-15,Salbutamol Inhaler,Respiratory,India,90.97,4,38.04,Government Tender
2023-08-15,Insulin Glargine Pen,Diabetes Care,UK,585.74,10,311.28,Government Tender
2023-08-15,Salbutamol Inhaler,Respiratory,Germany,736.76,35,309.64,Hospital
2023-08-15,Loratadine 10mg (14ct),Allergy,India,252.16,26,88.79,Government Tender
2023-08-15,Insulin Glargine Pen,Diabetes Care,Brazil,1836.68,28,897.38,Government Tender
2023-08-15,Salbutamol Inhaler,Respiratory,Germany,189.27,9,79.94,Retail Pharmacy
2023-08-15,Multivitamin Complex,Supplements,UK,212.4,15,85.0,Retail Pharmacy
2023-08-15,Salbutamol Inhaler,Respiratory,UK,635.47,28,249.8,Hospital
2023-08-15,Loratadine 10mg (14ct),Allergy,UK,110.36,11,36.44,Retail Pharmacy
2023-08-15,Loratadine 10mg (14ct),Allergy,UK,245.72,25,85.56,Government Tender
2023-08-16,Salbutamol Inhaler,Respiratory,Germany,434.67,19,168.29,Retail Pharmacy
2023-08-16,Atorvastatin 20mg (30ct),Cardiovascular,Japan,284.52,16,115.23,Hospital
2023-08-16,Atorvastatin 20mg (30ct),Cardiovascular,Brazil,548.06,27,200.05,Hospital
2023-08-16,Multivitamin Complex,Supplements,India,243.08,19,100.56,Hospital
2023-08-16,Omeprazole 20mg (28ct),Gastro,Brazil,321.89,26,132.87,Hospital
2023-08-16,Salbutamol Inhaler,Respiratory,India,367.64,16,143.93,Hospital
2023-08-16,Loratadine 10mg (14ct),Allergy,Germany,178.9,19,66.22,Government Tender
2023-08-16,Amoxicillin 500mg (20ct),Antibiotics,India,270.48,20,110.48,Government Tender
2023-08-16,Salbutamol Inhaler,Respiratory,UK,260.5,11,100.12,Hospital
2023-08-16,Insulin Glargine Pen,Diabetes Care,USA,285.2,4,124.56,Government Tender
2023-08-16,Omeprazole 20mg (28ct),Gastro,Germany,93.31,7,35.99,Hospital
2023-08-17,Loratadine 10mg (14ct),Allergy,USA,90.43,10,34.12,Retail Pharmacy
2023-08-17,Ibuprofen 400mg (30ct),Pain Relief,USA,141.52,25,53.8,Hospital
2023-08-17,Multivitamin Complex,Supplements,Japan,444.1,29,167.2,Government Tender
2023-08-17,Loratadine 10mg (14ct),Allergy,India,133.76,15,49.75,Government Tender
2023-08-17,Multivitamin Complex,Supplements,India,567.98,36,199.37,Retail Pharmacy
2023-08-17,Ibuprofen 400mg (30ct),Pain Relief,USA,252.55,39,84.82,Government Tender
2023-08-17,Omeprazole 20mg (28ct),Gastro,UK,146.12,11,52.63,Hospital
2023-08-17,Loratadine 10mg (14ct),Allergy,Brazil,475.66,45,153.22,Retail Pharmacy
2023-08-17,Atorvastatin 20mg (30ct),Cardiovascular,India,674.67,35,259.86,Retail Pharmacy
2023-08-17,Amoxicillin 500mg (20ct),Antibiotics,Brazil,565.1,38,214.52,Hospital
2023-08-18,Atorvastatin 20mg (30ct),Cardiovascular,Germany,225.3,12,85.28,Retail Pharmacy
2023-08-18,Atorvastatin 20mg (30ct),Cardiovascular,UK,86.33,5,37.16,Government Tender
2023-08-18,Omeprazole 20mg (28ct),Gastro,UK,514.49,41,194.72,Government Tender
2023-08-18,Atorvastatin 20mg (30ct),Cardiovascular,UK,479.58,24,168.2,Government Tender
2023-08-18,Amoxicillin 500mg (20ct),Antibiotics,Germany,519.07,36,205.26,Retail Pharmacy
2023-08-18,Ibuprofen 400mg (30ct),Pain Relief,India,137.49,22,45.89,Government Tender
2023-08-18,Amoxicillin 500mg (20ct),Antibiotics,UK,342.49,22,123.09,Retail Pharmacy
2023-08-18,Atorvastatin 20mg (30ct),Cardiovascular,Germany,409.28,23,159.24,Hospital
2023-08-18,Amoxicillin 500mg (20ct),Antibiotics,USA,293.91,22,133.11,Government Tender
2023-08-18,Insulin Glargine Pen,Diabetes Care,Brazil,1259.21,18,551.42,Hospital
2023-08-18,Multivitamin Complex,Supplements,Brazil,212.43,14,74.3,Government Tender
2023-08-18,Atorvastatin 20mg (30ct),Cardiovascular,UK,177.68,9,64.07,Hospital
2023-08-18,Atorvastatin 20mg (30ct),Cardiovascular,Japan,1396.51,81,582.09,Government Tender
2023-08-19,Omeprazole 20mg (28ct),Gastro,Brazil,548.19,50,234.13,Retail Pharmacy
2023-08-19,Loratadine 10mg (14ct),Allergy,USA,143.02,17,56.71,Government Tender
2023-08-19,Insulin Glargine Pen,Diabetes Care,USA,725.97,11,353.28,Government Tender
2023-08-19,Atorvastatin 20mg (30ct),Cardiovascular,Germany,262.91,14,97.05,Hospital
2023-08-19,Amoxicillin 500mg (20ct),Antibiotics,Brazil,367.01,26,153.37,Retail Pharmacy
2023-08-19,Ibuprofen 400mg (30ct),Pain Relief,Brazil,140.29,20,41.13,Hospital
2023-08-19,Multivitamin Complex,Supplements,UK,973.17,63,360.34,Hospital
2023-08-19,Insulin Glargine Pen,Diabetes Care,India,863.13,12,368.28,Government Tender
2023-08-20,Omeprazole 20mg (28ct),Gastro,USA,175.54,13,64.28,Hospital
2023-08-20,Atorvastatin 20mg (30ct),Cardiovascular,India,409.6,22,165.81,Hospital
2023-08-20,Salbutamol Inhaler,Respiratory,USA,1209.75,54,499.41,Retail Pharmacy
2023-08-20,Omeprazole 20mg (28ct),Gastro,Brazil,371.87,28,143.16,Retail Pharmacy
2023-08-20,Multivitamin Complex,Supplements,Japan,301.4,21,113.46,Hospital
2023-08-20,Salbutamol Inhaler,Respiratory,Brazil,576.77,24,225.54,Government Tender
2023-08-20,Amoxicillin 500mg (20ct),Antibiotics,Japan,319.56,26,143.56,Retail Pharmacy
2023-08-20,Insulin Glargine Pen,Diabetes Care,USA,1068.39,18,539.41,Government Tender
2023-08-21,Ibuprofen 400mg (30ct),Pain Relief,Japan,225.79,34,72.85,Hospital
2023-08-21,Amoxicillin 500mg (20ct),Antibiotics,UK,73.88,6,34.81,Retail Pharmacy
2023-08-21,Multivitamin Complex,Supplements,USA,94.19,6,33.17,Government Tender
2023-08-21,Insulin Glargine Pen,Diabetes Care,Germany,657.63,11,337.41,Hospital
2023-08-21,Insulin Glargine Pen,Diabetes Care,USA,1219.07,17,501.26,Government Tender
2023-08-21,Ibuprofen 400mg (30ct),Pain Relief,USA,327.41,46,92.77,Hospital
2023-08-21,Loratadine 10mg (14ct),Allergy,India,69.51,7,24.49,Government Tender
2023-08-21,Atorvastatin 20mg (30ct),Cardiovascular,Japan,295.88,18,126.86,Government Tender
2023-08-21,Loratadine 10mg (14ct),Allergy,India,270.62,28,90.54,Retail Pharmacy
2023-08-21,Omeprazole 20mg (28ct),Gastro,Japan,234.78,18,86.11,Retail Pharmacy
2023-08-21,Amoxicillin 500mg (20ct),Antibiotics,Japan,270.93,21,119.93,Government Tender
2023-08-21,Omeprazole 20mg (28ct),Gastro,USA,195.33,15,70.54,Retail Pharmacy
2023-08-21,Multivitamin Complex,Supplements,Brazil,194.95,15,82.18,Retail Pharmacy
2023-08-22,Omeprazole 20mg (28ct),Gastro,USA,134.34,11,51.6,Retail Pharmacy
2023-08-22,Omeprazole 20mg (28ct),Gastro,USA,336.06,27,130.69,Retail Pharmacy
2023-08-22,Ibuprofen 400mg (30ct),Pain Relief,Brazil,247.43,41,83.38,Government Tender
2023-08-22,Amoxicillin 500mg (20ct),Antibiotics,USA,260.65,19,111.13,Government Tender
2023-08-22,Loratadine 10mg (14ct),Allergy,UK,148.2,17,56.46,Retail Pharmacy
2023-08-22,Loratadine 10mg (14ct),Allergy,Germany,239.49,25,83.94,Government Tender
2023-08-23,Loratadine 10mg (14ct),Allergy,UK,297.12,29,100.63,Hospital
2023-08-23,Amoxicillin 500mg (20ct),Antibiotics,Brazil,232.23,17,97.74,Hospital
2023-08-23,Atorvastatin 20mg (30ct),Cardiovascular,Japan,226.47,11,76.77,Hospital
2023-08-23,Multivitamin Complex,Supplements,USA,507.18,31,174.63,Hospital
2023-08-23,Loratadine 10mg (14ct),Allergy,USA,161.61,16,55.98,Retail Pharmacy
2023-08-23,Amoxicillin 500mg (20ct),Antibiotics,UK,384.37,30,174.39,Hospital
2023-08-23,Salbutamol Inhaler,Respiratory,Japan,152.56,7,66.78,Retail Pharmacy
2023-08-23,Loratadine 10mg (14ct),Allergy,Japan,154.46,17,56.0,Retail Pharmacy
2023-08-23,Multivitamin Complex,Supplements,Germany,125.32,8,44.15,Retail Pharmacy
2023-08-23,Insulin Glargine Pen,Diabetes Care,UK,710.11,11,345.27,Government Tender
2023-08-23,Omeprazole 20mg (28ct),Gastro,India,299.91,23,110.93,Government Tender
2023-08-23,Ibuprofen 400mg (30ct),Pain Relief,Japan,61.83,10,21.36,Government Tender
2023-08-24,Insulin Glargine Pen,Diabetes Care,Germany,1091.05,18,562.08,Hospital
2023-08-24,Ibuprofen 400mg (30ct),Pain Relief,Japan,469.12,81,172.52,Retail Pharmacy
2023-08-24,Salbutamol Inhaler,Respiratory,Brazil,169.48,7,62.47,Retail Pharmacy
2023-08-24,Loratadine 10mg (14ct),Allergy,Germany,362.57,37,126.35,Government Tender
2023-08-24,Salbutamol Inhaler,Respiratory,Brazil,317.15,15,137.74,Government Tender
2023-08-24,Omeprazole 20mg (28ct),Gastro,Brazil,346.82,31,156.87,Government Tender
2023-08-24,Loratadine 10mg (14ct),Allergy,USA,277.12,33,110.82,Retail Pharmacy
2023-08-24,Amoxicillin 500mg (20ct),Antibiotics,Brazil,572.41,37,205.01,Hospital
2023-08-24,Insulin Glargine Pen,Diabetes Care,India,618.81,9,287.7,Government Tender
2023-08-24,Amoxicillin 500mg (20ct),Antibiotics,Brazil,180.79,12,67.74,Retail Pharmacy
2023-08-24,Ibuprofen 400mg (30ct),Pain Relief,UK,244.73,36,76.77,Hospital
2023-08-24,Omeprazole 20mg (28ct),Gastro,India,397.11,31,145.29,Hospital
2023-08-24,Multivitamin Complex,Supplements,Germany,267.69,18,98.01,Retail Pharmacy
2023-08-25,Amoxicillin 500mg (20ct),Antibiotics,USA,203.77,16,89.95,Hospital
2023-08-25,Insulin Glargine Pen,Diabetes Care,Brazil,1023.51,14,442.48,Government Tender
2023-08-25,Amoxicillin 500mg (20ct),Antibiotics,USA,296.99,20,115.58,Government Tender
2023-08-25,Ibuprofen 400mg (30ct),Pain Relief,Germany,167.68,29,63.88,Government Tender
2023-08-25,Omeprazole 20mg (28ct),Gastro,USA,122.55,11,51.32,Hospital
2023-08-25,Insulin Glargine Pen,Diabetes Care,Germany,2122.64,32,1024.07,Retail Pharmacy
2023-08-25,Atorvastatin 20mg (30ct),Cardiovascular,Brazil,461.74,26,189.06,Retail Pharmacy
2023-08-25,Omeprazole 20mg (28ct),Gastro,Germany,426.3,35,171.39,Government Tender
2023-08-25,Atorvastatin 20mg (30ct),Cardiovascular,Japan,475.2,27,187.91,Retail Pharmacy
2023-08-26,Salbutamol Inhaler,Respiratory,Germany,203.62,9,79.92,Retail Pharmacy
2023-08-26,Multivitamin Complex,Supplements,Brazil,392.0,29,158.3,Government Tender
2023-08-26,Loratadine 10mg (14ct),Allergy,Brazil,316.48,34,121.22,Government Tender
2023-08-26,Salbutamol Inhaler,Respiratory,USA,211.31,9,83.88,Government Tender
2023-08-26,Salbutamol Inhaler,Respiratory,Japan,874.04,36,322.59,Government Tender
2023-08-26,Loratadine 10mg (14ct),Allergy,India,68.66,7,24.7,Hospital
2023-08-26,Omeprazole 20mg (28ct),Gastro,Germany,237.33,18,89.3,Government Tender
2023-08-27,Salbutamol Inhaler,Respiratory,India,565.45,27,255.59,Hospital
2023-08-27,Multivitamin Complex,Supplements,Germany,286.11,20,113.6,Hospital
2023-08-27,Loratadine 10mg (14ct),Allergy,USA,122.04,13,44.54,Government Tender
2023-08-27,Amoxicillin 500mg (20ct),Antibiotics,India,315.57,21,125.49,Hospital
2023-08-27,Insulin Glargine Pen,Diabetes Care,India,1736.76,29,943.68,Government Tender
2023-08-27,Multivitamin Complex,Supplements,Japan,489.45,36,195.2,Retail Pharmacy
2023-08-27,Insulin Glargine Pen,Diabetes Care,Brazil,2010.38,30,892.19,Retail Pharmacy
2023-08-27,Loratadine 10mg (14ct),Allergy,USA,409.04,38,125.03,Government Tender
2023-08-28,Atorvastatin 20mg (30ct),Cardiovascular,USA,234.65,12,87.52,Retail Pharmacy
2023-08-28,Insulin Glargine Pen,Diabetes Care,Japan,1677.57,26,804.33,Government Tender
2023-08-28,Salbutamol Inhaler,Respiratory,Germany,1262.21,55,498.31,Hospital
2023-08-28,Omeprazole 20mg (28ct),Gastro,India,739.2,61,297.31,Government Tender
2023-08-28,Loratadine 10mg (14ct),Allergy,Germany,171.07,18,63.44,Hospital
2023-08-28,Atorvastatin 20mg (30ct),Cardiovascular,India,289.76,15,113.02,Retail Pharmacy
2023-08-28,Amoxicillin 500mg (20ct),Antibiotics,India,448.77,32,193.22,Government Tender
2023-08-28,Multivitamin Complex,Supplements,India,365.46,27,150.7,Government Tender
2023-08-28,Omeprazole 20mg (28ct),Gastro,UK,83.61,7,33.67,Government Tender
2023-08-28,Loratadine 10mg (14ct),Allergy,Germany,227.3,23,81.66,Retail Pharmacy
2023-08-28,Amoxicillin 500mg (20ct),Antibiotics,Brazil,92.32,6,35.18,Hospital
2023-08-29,Ibuprofen 400mg (30ct),Pain Relief,Japan,61.32,11,22.66,Government Tender
2023-08-29,Amoxicillin 500mg (20ct),Antibiotics,Germany,547.11,36,200.22,Hospital
2023-08-29,Multivitamin Complex,Supplements,India,212.46,13,74.18,Retail Pharmacy
2023-08-29,Omeprazole 20mg (28ct),Gastro,UK,744.04,66,328.29,Retail Pharmacy
2023-08-29,Multivitamin Complex,Supplements,India,326.21,23,130.13,Hospital
2023-08-29,Salbutamol Inhaler,Respiratory,Germany,89.22,4,37.72,Retail Pharmacy
2023-08-29,Multivitamin Complex,Supplements,USA,280.36,18,100.16,Retail Pharmacy
2023-08-29,Atorvastatin 20mg (30ct),Cardiovascular,India,74.1,4,29.57,Hospital
2023-08-29,Ibuprofen 400mg (30ct),Pain Relief,USA,26.2,4,8.46,Hospital
2023-08-29,Omeprazole 20mg (28ct),Gastro,India,160.4,13,66.11,Hospital
2023-08-29,Atorvastatin 20mg (30ct),Cardiovascular,India,398.22,21,148.93,Government Tender
2023-08-29,Ibuprofen 400mg (30ct),Pain Relief,Germany,154.14,22,45.27,Retail Pharmacy
2023-08-29,Loratadine 10mg (14ct),Allergy,India,183.52,21,72.21,Retail Pharmacy
2023-08-29,Insulin Glargine Pen,Diabetes Care,Japan,464.3,7,209.44,Retail Pharmacy
2023-08-30,Atorvastatin 20mg (30ct),Cardiovascular,Germany,378.34,20,149.71,Retail Pharmacy
2023-08-30,Salbutamol Inhaler,Respiratory,UK,748.56,31,277.6,Hospital
2023-08-30,Atorvastatin 20mg (30ct),Cardiovascular,USA,217.38,13,93.08,Retail Pharmacy
2023-08-30,Ibuprofen 400mg (30ct),Pain Relief,Brazil,154.69,26,53.48,Government Tender
2023-08-31,Multivitamin Complex,Supplements,Brazil,305.09,19,108.51,Hospital
2023-08-31,Loratadine 10mg (14ct),Allergy,UK,259.88,26,85.23,Hospital
2023-08-31,Insulin Glargine Pen,Diabetes Care,Germany,1602.61,23,689.17,Retail Pharmacy
2023-08-31,Multivitamin Complex,Supplements,Germany,579.96,41,219.82,Retail Pharmacy
2023-08-31,Insulin Glargine Pen,Diabetes Care,Brazil,207.46,3,97.38,Hospital
2023-08-31,Loratadine 10mg (14ct),Allergy,USA,333.75,33,115.47,Retail Pharmacy
2023-08-31,Ibuprofen 400mg (30ct),Pain Relief,Japan,140.34,22,48.39,Retail Pharmacy
2023-08-31,Loratadine 10mg (14ct),Allergy,Brazil,95.55,11,39.04,Government Tender
2023-08-31,Salbutamol Inhaler,Respiratory,India,1228.79,61,559.79,Government Tender
2023-08-31,Amoxicillin 500mg (20ct),Antibiotics,USA,162.73,13,75.19,Hospital
2023-08-31,Insulin Glargine Pen,Diabetes Care,USA,821.94,12,356.3,Hospital
2023-09-01,Loratadine 10mg (14ct),Allergy,USA,428.28,43,139.2,Government Tender
2023-09-01,Multivitamin Complex,Supplements,UK,520.79,36,196.25,Retail Pharmacy
2023-09-01,Insulin Glargine Pen,Diabetes Care,USA,1931.19,31,941.57,Government Tender
2023-09-01,Loratadine 10mg (14ct),Allergy,India,235.6,25,81.12,Retail Pharmacy
2023-09-01,Insulin Glargine Pen,Diabetes Care,UK,584.72,9,292.5,Retail Pharmacy
2023-09-01,Salbutamol Inhaler,Respiratory,UK,496.08,22,191.09,Hospital
2023-09-01,Ibuprofen 400mg (30ct),Pain Relief,UK,314.19,52,111.81,Government Tender
2023-09-01,Insulin Glargine Pen,Diabetes Care,UK,863.79,13,421.35,Government Tender
2023-09-01,Insulin Glargine Pen,Diabetes Care,USA,1443.94,22,706.21,Hospital
2023-09-01,Loratadine 10mg (14ct),Allergy,India,426.57,51,175.37,Government Tender
2023-09-01,Atorvastatin 20mg (30ct),Cardiovascular,Japan,286.47,15,110.5,Government Tender
2023-09-02,Multivitamin Complex,Supplements,Brazil,153.09,10,52.91,Hospital
2023-09-02,Amoxicillin 500mg (20ct),Antibiotics,USA,480.61,37,209.68,Hospital
2023-09-02,Multivitamin Complex,Supplements,USA,258.16,19,101.79,Hospital
2023-09-02,Salbutamol Inhaler,Respiratory,USA,700.61,29,255.75,Hospital
2023-09-02,Salbutamol Inhaler,Respiratory,Germany,171.22,8,70.55,Retail Pharmacy
2023-09-02,Insulin Glargine Pen,Diabetes Care,UK,1559.67,24,761.49,Government Tender
2023-09-02,Atorvastatin 20mg (30ct),Cardiovascular,India,100.32,6,42.32,Hospital
2023-09-02,Salbutamol Inhaler,Respiratory,India,627.18,31,271.84,Hospital
2023-09-02,Insulin Glargine Pen,Diabetes Care,UK,1490.73,23,696.72,Government Tender
2023-09-02,Omeprazole 20mg (28ct),Gastro,Brazil,104.98,8,40.69,Retail Pharmacy
2023-09-02,Multivitamin Complex,Supplements,Germany,233.37,16,89.37,Hospital
2023-09-03,Insulin Glargine Pen,Diabetes Care,USA,888.41,13,409.56,Hospital
2023-09-03,Omeprazole 20mg (28ct),Gastro,Germany,361.46,29,136.77,Retail Pharmacy
2023-09-03,Omeprazole 20mg (28ct),Gastro,UK,439.67,36,181.35,Retail Pharmacy
2023-09-03,Loratadine 10mg (14ct),Allergy,Germany,222.46,22,77.08,Hospital
2023-09-03,Multivitamin Complex,Supplements,India,229.11,14,74.29,Retail Pharmacy
2023-09-03,Loratadine 10mg (14ct),Allergy,Germany,216.16,23,76.4,Government Tender
2023-09-03,Salbutamol Inhaler,Respiratory,Japan,811.04,33,290.65,Government Tender
2023-09-03,Salbutamol Inhaler,Respiratory,India,393.6,16,144.29,Hospital
2023-09-03,Loratadine 10mg (14ct),Allergy,Brazil,264.14,27,90.43,Government Tender
2023-09-03,Ibuprofen 400mg (30ct),Pain Relief,Germany,117.9,18,39.13,Government Tender
2023-09-03,Multivitamin Complex,Supplements,Japan,351.62,25,140.62,Hospital
2023-09-03,Ibuprofen 400mg (30ct),Pain Relief,Germany,45.05,7,14.32,Retail Pharmacy
2023-09-04,Omeprazole 20mg (28ct),Gastro,Japan,187.85,16,74.74,Hospital
2023-09-04,Multivitamin Complex,Supplements,Germany,181.22,12,63.29,Retail Pharmacy
2023-09-04,Loratadine 10mg (14ct),Allergy,Germany,541.47,54,188.58,Retail Pharmacy
2023-09-04,Atorvastatin 20mg (30ct),Cardiovascular,India,99.74,5,35.21,Retail Pharmacy
2023-09-04,Loratadine 10mg (14ct),Allergy,Germany,285.89,29,98.86,Government Tender
2023-09-04,Ibuprofen 400mg (30ct),Pain Relief,India,335.96,49,101.22,Retail Pharmacy
2023-09-04,Omeprazole 20mg (28ct),Gastro,India,472.2,38,195.32,Government Tender
2023-09-04,Loratadine 10mg (14ct),Allergy,UK,108.98,13,44.01,Hospital
2023-09-04,Omeprazole 20mg (28ct),Gastro,UK,174.45,16,78.08,Retail Pharmacy
2023-09-05,Atorvastatin 20mg (30ct),Cardiovascular,UK,187.02,10,72.16,Government Tender
2023-09-05,Ibuprofen 400mg (30ct),Pain Relief,Brazil,264.02,42,87.85,Retail Pharmacy
2023-09-05,Ibuprofen 400mg (30ct),Pain Relief,Germany,111.9,16,32.88,Retail Pharmacy
2023-09-05,Multivitamin Complex,Supplements,UK,1277.51,80,430.05,Retail Pharmacy
2023-09-05,Omeprazole 20mg (28ct),Gastro,India,171.3,15,73.42,Retail Pharmacy
2023-09-05,Salbutamol Inhaler,Respiratory,India,369.36,15,141.49,Government Tender
2023-09-05,Salbutamol Inhaler,Respiratory,Brazil,1001.54,47,425.62,Retail Pharmacy
2023-09-05,Amoxicillin 500mg (20ct),Antibiotics,Brazil,716.83,57,338.94,Retail Pharmacy
2023-09-05,Omeprazole 20mg (28ct),Gastro,Japan,269.76,20,95.16,Hospital
2023-09-05,Salbutamol Inhaler,Respiratory,Japan,546.49,27,243.27,Government Tender
2023-09-06,Ibuprofen 400mg (30ct),Pain Relief,UK,187.23,28,60.73,Hospital
2023-09-06,Loratadine 10mg (14ct),Allergy,Japan,145.41,17,58.02,Government Tender
2023-09-06,Loratadine 10mg (14ct),Allergy,India,181.82,17,60.06,Government Tender
2023-09-06,Loratadine 10mg (14ct),Allergy,Japan,48.12,5,16.72,Government Tender
2023-09-06,Insulin Glargine Pen,Diabetes Care,Brazil,1749.76,29,941.39,Retail Pharmacy
2023-09-07,Insulin Glargine Pen,Diabetes Care,Germany,908.74,13,414.55,Hospital
2023-09-07,Ibuprofen 400mg (30ct),Pain Relief,USA,136.77,23,48.42,Retail Pharmacy
2023-09-07,Salbutamol Inhaler,Respiratory,Germany,772.99,33,296.62,Retail Pharmacy
2023-09-07,Salbutamol Inhaler,Respiratory,UK,76.82,4,37.87,Hospital
2023-09-07,Insulin Glargine Pen,Diabetes Care,Brazil,602.85,9,268.09,Government Tender
2023-09-07,Multivitamin Complex,Supplements,Brazil,408.13,29,161.62,Retail Pharmacy
2023-09-07,Atorvastatin 20mg (30ct),Cardiovascular,Japan,281.29,17,128.0,Retail Pharmacy
2023-09-07,Ibuprofen 400mg (30ct),Pain Relief,India,211.42,31,62.4,Hospital
2023-09-07,Insulin Glargine Pen,Diabetes Care,Germany,1513.81,22,697.24,Retail Pharmacy
2023-09-07,Loratadine 10mg (14ct),Allergy,Germany,135.96,13,45.5,Hospital
2023-09-07,Insulin Glargine Pen,Diabetes Care,Brazil,2214.42,34,1085.84,Government Tender
2023-09-07,Insulin Glargine Pen,Diabetes Care,Brazil,1329.07,18,543.07,Retail Pharmacy
2023-09-07,Ibuprofen 400mg (30ct),Pain Relief,Japan,50.04,7,15.24,Retail Pharmacy
2023-09-08,Omeprazole 20mg (28ct),Gastro,Germany,670.34,57,267.3,Hospital
2023-09-08,Multivitamin Complex,Supplements,Japan,284.1,20,105.27,Retail Pharmacy
2023-09-08,Loratadine 10mg (14ct),Allergy,UK,187.61,21,72.68,Government Tender
2023-09-08,Amoxicillin 500mg (20ct),Antibiotics,UK,307.31,22,133.2,Retail Pharmacy
2023-09-08,Loratadine 10mg (14ct),Allergy,Japan,167.84,17,55.04,Hospital
2023-09-08,Ibuprofen 400mg (30ct),Pain Relief,Germany,195.19,30,62.44,Retail Pharmacy
2023-09-08,Insulin Glargine Pen,Diabetes Care,Japan,1579.21,23,702.42,Retail Pharmacy
2023-09-09,Salbutamol Inhaler,Respiratory,USA,351.86,16,145.63,Hospital
2023-09-09,Atorvastatin 20mg (30ct),Cardiovascular,India,620.69,38,278.17,Hospital
2023-09-09,Insulin Glargine Pen,Diabetes Care,UK,2600.85,39,1178.22,Government Tender
2023-09-09,Amoxicillin 500mg (20ct),Antibiotics,Brazil,218.55,16,90.7,Hospital
2023-09-09,Multivitamin Complex,Supplements,USA,634.56,44,242.67,Retail Pharmacy
2023-09-09,Atorvastatin 20mg (30ct),Cardiovascular,USA,16.66,1,7.43,Hospital
2023-09-09,Ibuprofen 400mg (30ct),Pain Relief,UK,240.6,34,70.09,Hospital
2023-09-09,Loratadine 10mg (14ct),Allergy,India,325.46,36,121.63,Retail Pharmacy
2023-09-09,Ibuprofen 400mg (30ct),Pain Relief,UK,119.04,19,41.15,Government Tender
2023-09-09,Loratadine 10mg (14ct),Allergy,Brazil,175.39,20,67.15,Hospital
2023-09-10,Omeprazole 20mg (28ct),Gastro,USA,82.39,7,33.09,Retail Pharmacy
2023-09-10,Omeprazole 20mg (28ct),Gastro,Brazil,131.95,11,52.12,Hospital
2023-09-10,Salbutamol Inhaler,Respiratory,Germany,793.39,37,349.26,Government Tender
2023-09-10,Atorvastatin 20mg (30ct),Cardiovascular,Japan,664.32,32,237.42,Hospital
2023-09-10,Multivitamin Complex,Supplements,Brazil,219.11,15,80.43,Government Tender
2023-09-10,Multivitamin Complex,Supplements,India,116.59,9,50.67,Retail Pharmacy
2023-09-10,Amoxicillin 500mg (20ct),Antibiotics,UK,489.97,33,199.18,Government Tender
2023-09-10,Amoxicillin 500mg (20ct),Antibiotics,USA,281.02,18,103.28,Government Tender
2023-09-10,Loratadine 10mg (14ct),Allergy,India,210.24,20,70.56,Hospital
2023-09-10,Omeprazole 20mg (28ct),Gastro,India,281.5,23,117.74,Hospital
2023-09-11,Amoxicillin 500mg (20ct),Antibiotics,India,154.85,10,58.61,Hospital
2023-09-11,Multivitamin Complex,Supplements,UK,458.55,35,187.82,Retail Pharmacy
2023-09-11,Multivitamin Complex,Supplements,Germany,362.25,24,133.53,Retail Pharmacy
2023-09-11,Omeprazole 20mg (28ct),Gastro,USA,238.51,21,98.13,Hospital
2023-09-11,Amoxicillin 500mg (20ct),Antibiotics,Japan,497.58,36,217.07,Hospital
2023-09-11,Amoxicillin 500mg (20ct),Antibiotics,Brazil,734.65,58,339.19,Government Tender
2023-09-11,Multivitamin Complex,Supplements,USA,48.66,3,16.38,Government Tender
2023-09-11,Loratadine 10mg (14ct),Allergy,UK,576.68,62,204.32,Hospital
2023-09-11,Loratadine 10mg (14ct),Allergy,Japan,183.22,19,64.39,Hospital
2023-09-11,Salbutamol Inhaler,Respiratory,Brazil,913.24,40,346.08,Government Tender
2023-09-11,Salbutamol Inhaler,Respiratory,Japan,153.69,8,75.03,Retail Pharmacy
2023-09-11,Salbutamol Inhaler,Respiratory,USA,584.45,26,237.36,Retail Pharmacy
2023-09-11,Ibuprofen 400mg (30ct),Pain Relief,UK,114.39,19,38.19,Retail Pharmacy
2023-09-12,Loratadine 10mg (14ct),Allergy,USA,172.82,20,64.77,Government Tender
2023-09-12,Loratadine 10mg (14ct),Allergy,Brazil,390.89,40,139.45,Hospital
2023-09-12,Omeprazole 20mg (28ct),Gastro,Germany,449.92,36,174.45,Retail Pharmacy
2023-09-12,Amoxicillin 500mg (20ct),Antibiotics,UK,263.54,18,100.9,Hospital
2023-09-12,Atorvastatin 20mg (30ct),Cardiovascular,Brazil,286.72,16,114.14,Hospital
2023-09-12,Loratadine 10mg (14ct),Allergy,Germany,346.77,33,110.09,Retail Pharmacy
2023-09-12,Multivitamin Complex,Supplements,Germany,148.32,10,55.98,Retail Pharmacy
2023-09-12,Ibuprofen 400mg (30ct),Pain Relief,UK,128.85,19,41.15,Retail Pharmacy
2023-09-12,Insulin Glargine Pen,Diabetes Care,UK,1177.23,16,494.01,Hospital
2023-09-12,Insulin Glargine Pen,Diabetes Care,Brazil,1494.02,20,629.07,Hospital
2023-09-12,Salbutamol Inhaler,Respiratory,Brazil,362.9,15,130.66,Retail Pharmacy
2023-09-12,Ibuprofen 400mg (30ct),Pain Relief,Japan,203.87,30,63.38,Government Tender
2023-09-12,Loratadine 10mg (14ct),Allergy,India,269.07,32,106.09,Government Tender
2023-09-13,Salbutamol Inhaler,Respiratory,Germany,262.88,13,123.76,Hospital
2023-09-13,Omeprazole 20mg (28ct),Gastro,Germany,338.17,26,131.99,Hospital
2023-09-13,Salbutamol Inhaler,Respiratory,USA,404.28,19,170.23,Retail Pharmacy
2023-09-13,Multivitamin Complex,Supplements,Germany,293.53,19,99.29,Government Tender
2023-09-13,Multivitamin Complex,Supplements,Japan,479.9,33,183.57,Hospital
2023-09-13,Ibuprofen 400mg (30ct),Pain Relief,Brazil,93.7,15,32.15,Government Tender
2023-09-13,Loratadine 10mg (14ct),Allergy,UK,114.37,13,44.06,Hospital
2023-09-13,Ibuprofen 400mg (30ct),Pain Relief,Brazil,83.57,12,26.02,Government Tender
2023-09-13,Insulin Glargine Pen,Diabetes Care,Germany,1171.79,16,479.2,Government Tender
2023-09-14,Insulin Glargine Pen,Diabetes Care,UK,1324.93,18,581.39,Retail Pharmacy
2023-09-14,Atorvastatin 20mg (30ct),Cardiovascular,USA,465.02,24,173.07,Government Tender
2023-09-14,Amoxicillin 500mg (20ct),Antibiotics,Brazil,234.95,18,108.08,Government Tender
2023-09-14,Loratadine 10mg (14ct),Allergy,Japan,276.84,30,101.83,Retail Pharmacy
2023-09-14,Ibuprofen 400mg (30ct),Pain Relief,USA,77.12,11,23.78,Government Tender
2023-09-14,Multivitamin Complex,Supplements,Japan,273.94,18,102.89,Retail Pharmacy
2023-09-14,Omeprazole 20mg (28ct),Gastro,Japan,689.02,57,276.77,Hospital
2023-09-14,Atorvastatin 20mg (30ct),Cardiovascular,India,392.52,23,162.99,Government Tender
2023-09-14,Ibuprofen 400mg (30ct),Pain Relief,USA,138.51,21,46.18,Government Tender
2023-09-14,Multivitamin Complex,Supplements,USA,612.75,39,224.67,Government Tender
2023-09-14,Ibuprofen 400mg (30ct),Pain Relief,Japan,95.57,15,32.72,Government Tender
2023-09-15,Ibuprofen 400mg (30ct),Pain Relief,Brazil,156.36,26,51.91,Retail Pharmacy
2023-09-15,Insulin Glargine Pen,Diabetes Care,USA,1187.08,17,551.49,Retail Pharmacy
2023-09-15,Multivitamin Complex,Supplements,India,223.76,14,80.72,Retail Pharmacy
2023-09-15,Amoxicillin 500mg (20ct),Antibiotics,USA,170.12,11,64.9,Retail Pharmacy
2023-09-15,Amoxicillin 500mg (20ct),Antibiotics,Germany,619.61,48,271.6,Government Tender
2023-09-15,Insulin Glargine Pen,Diabetes Care,USA,1873.15,28,891.87,Retail Pharmacy
2023-09-15,Ibuprofen 400mg (30ct),Pain Relief,Japan,343.4,59,127.93,Hospital
2023-09-15,Ibuprofen 400mg (30ct),Pain Relief,India,240.7,34,71.64,Hospital
2023-09-15,Multivitamin Complex,Supplements,USA,427.03,32,183.66,Hospital
2023-09-15,Ibuprofen 400mg (30ct),Pain Relief,UK,38.84,6,12.18,Hospital
2023-09-16,Atorvastatin 20mg (30ct),Cardiovascular,USA,51.61,3,21.29,Retail Pharmacy
2023-09-16,Loratadine 10mg (14ct),Allergy,Brazil,136.62,16,54.4,Retail Pharmacy
2023-09-16,Insulin Glargine Pen,Diabetes Care,UK,1101.81,16,491.48,Hospital
2023-09-16,Insulin Glargine Pen,Diabetes Care,USA,880.0,12,356.89,Retail Pharmacy
2023-09-16,Insulin Glargine Pen,Diabetes Care,UK,1224.66,17,539.99,Government Tender
2023-09-16,Ibuprofen 400mg (30ct),Pain Relief,Germany,298.29,48,103.11,Retail Pharmacy
2023-09-16,Salbutamol Inhaler,Respiratory,USA,1084.84,53,461.06,Hospital
2023-09-16,Omeprazole 20mg (28ct),Gastro,UK,86.03,7,33.42,Retail Pharmacy
2023-09-16,Ibuprofen 400mg (30ct),Pain Relief,Germany,69.88,12,26.39,Government Tender
2023-09-16,Atorvastatin 20mg (30ct),Cardiovascular,Brazil,447.35,25,185.34,Government Tender
2023-09-17,Omeprazole 20mg (28ct),Gastro,Germany,308.81,25,123.84,Retail Pharmacy
2023-09-17,Atorvastatin 20mg (30ct),Cardiovascular,Brazil,531.82,30,215.84,Retail Pharmacy
2023-09-17,Insulin Glargine Pen,Diabetes Care,Germany,2324.22,39,1261.04,Retail Pharmacy
2023-09-17,Amoxicillin 500mg (20ct),Antibiotics,Germany,121.74,9,53.94,Retail Pharmacy
2023-09-17,Ibuprofen 400mg (30ct),Pain Relief,Germany,207.49,33,68.13,Retail Pharmacy
2023-09-17,Multivitamin Complex,Supplements,Japan,320.18,24,131.37,Government Tender
2023-09-17,Ibuprofen 400mg (30ct),Pain Relief,USA,144.51,23,49.71,Government Tender
2023-09-17,Atorvastatin 20mg (30ct),Cardiovascular,USA,501.59,29,209.34,Hospital
2023-09-17,Loratadine 10mg (14ct),Allergy,Brazil,259.42,31,102.06,Government Tender
2023-09-17,Multivitamin Complex,Supplements,USA,860.44,60,326.53,Hospital
2023-09-17,Omeprazole 20mg (28ct),Gastro,Brazil,587.2,44,222.27,Hospital
2023-09-17,Amoxicillin 500mg (20ct),Antibiotics,Brazil,377.18,29,172.27,Government Tender
2023-09-17,Ibuprofen 400mg (30ct),Pain Relief,Brazil,120.04,18,37.46,Hospital
2023-09-17,Salbutamol Inhaler,Respiratory,USA,462.09,20,191.07,Hospital
2023-09-18,Multivitamin Complex,Supplements,Germany,427.9,26,141.43,Government Tender
2023-09-18,Multivitamin Complex,Supplements,USA,571.71,35,192.77,Retail Pharmacy
2023-09-18,Insulin Glargine Pen,Diabetes Care,India,902.11,13,402.16,Hospital
2023-09-18,Atorvastatin 20mg (30ct),Cardiovascular,UK,323.93,19,134.48,Government Tender
2023-09-18,Ibuprofen 400mg (30ct),Pain Relief,Japan,116.25,17,36.89,Hospital
2023-09-18,Loratadine 10mg (14ct),Allergy,Brazil,51.27,6,21.16,Government Tender
2023-09-18,Insulin Glargine Pen,Diabetes Care,India,883.89,15,454.04,Retail Pharmacy
2023-09-18,Amoxicillin 500mg (20ct),Antibiotics,USA,122.56,9,52.58,Hospital
2023-09-18,Loratadine 10mg (14ct),Allergy,USA,128.33,15,49.5,Government Tender
2023-09-18,Insulin Glargine Pen,Diabetes Care,Germany,1113.5,18,555.3,Hospital
2023-09-18,Insulin Glargine Pen,Diabetes Care,UK,745.45,10,314.37,Government Tender
2023-09-18,Multivitamin Complex,Supplements,USA,492.43,30,163.98,Hospital
2023-09-18,Omeprazole 20mg (28ct),Gastro,Japan,116.35,9,42.8,Hospital
2023-09-18,Multivitamin Complex,Supplements,Germany,349.12,27,154.3,Retail Pharmacy
2023-09-18,Amoxicillin 500mg (20ct),Antibiotics,USA,346.16,26,143.85,Retail Pharmacy
2023-09-18,Salbutamol Inhaler,Respiratory,Brazil,732.21,30,274.53,Government Tender
2023-09-19,Ibuprofen 400mg (30ct),Pain Relief,USA,42.89,6,12.79,Government Tender
2023-09-19,Omeprazole 20mg (28ct),Gastro,Japan,107.96,8,39.28,Retail Pharmacy
2023-09-19,Multivitamin Complex,Supplements,USA,172.76,13,71.95,Hospital
2023-09-19,Multivitamin Complex,Supplements,Japan,625.43,40,216.07,Hospital
2023-09-19,Atorvastatin 20mg (30ct),Cardiovascular,USA,537.14,27,197.43,Hospital
2023-09-19,Atorvastatin 20mg (30ct),Cardiovascular,Brazil,636.03,31,223.74,Retail Pharmacy
2023-09-19,Salbutamol Inhaler,Respiratory,Brazil,498.24,23,219.64,Hospital
2023-09-19,Multivitamin Complex,Supplements,Germany,676.4,51,291.15,Hospital
2023-09-19,Multivitamin Complex,Supplements,Brazil,305.12,22,122.26,Hospital
2023-09-19,Salbutamol Inhaler,Respiratory,UK,235.77,10,87.1,Retail Pharmacy
2023-09-19,Amoxicillin 500mg (20ct),Antibiotics,Brazil,693.85,50,285.22,Retail Pharmacy
2023-09-19,Multivitamin Complex,Supplements,USA,218.97,16,91.76,Hospital
2023-09-19,Ibuprofen 400mg (30ct),Pain Relief,Germany,174.03,27,55.26,Retail Pharmacy
2023-09-20,Omeprazole 20mg (28ct),Gastro,Japan,149.63,14,70.87,Government Tender
2023-09-20,Atorvastatin 20mg (30ct),Cardiovascular,Japan,285.71,16,109.84,Hospital
2023-09-20,Ibuprofen 400mg (30ct),Pain Relief,India,118.28,20,43.9,Retail Pharmacy
2023-09-20,Multivitamin Complex,Supplements,India,171.15,12,66.81,Hospital
2023-09-20,Atorvastatin 20mg (30ct),Cardiovascular,Brazil,293.77,15,105.23,Hospital
2023-09-20,Amoxicillin 500mg (20ct),Antibiotics,India,500.59,33,188.18,Retail Pharmacy
2023-09-20,Atorvastatin 20mg (30ct),Cardiovascular,Japan,465.55,25,184.01,Government Tender
2023-09-20,Omeprazole 20mg (28ct),Gastro,USA,346.12,28,141.82,Hospital
2023-09-20,Atorvastatin 20mg (30ct),Cardiovascular,Germany,281.92,14,100.2,Hospital
2023-09-21,Omeprazole 20mg (28ct),Gastro,USA,187.82,16,78.67,Government Tender
2023-09-21,Omeprazole 20mg (28ct),Gastro,USA,184.2,15,74.8,Retail Pharmacy
2023-09-21,Amoxicillin 500mg (20ct),Antibiotics,Germany,500.52,41,248.59,Retail Pharmacy
2023-09-21,Salbutamol Inhaler,Respiratory,Brazil,587.35,30,267.38,Government Tender
2023-09-21,Omeprazole 20mg (28ct),Gastro,UK,174.7,15,71.33,Retail Pharmacy
2023-09-21,Salbutamol Inhaler,Respiratory,UK,688.62,34,312.9,Government Tender
2023-09-21,Atorvastatin 20mg (30ct),Cardiovascular,Japan,422.11,23,159.8,Hospital
2023-09-21,Salbutamol Inhaler,Respiratory,USA,234.59,12,111.75,Retail Pharmacy
2023-09-21,Insulin Glargine Pen,Diabetes Care,Japan,1409.77,22,705.96,Hospital
2023-09-22,Salbutamol Inhaler,Respiratory,Japan,171.32,7,63.1,Retail Pharmacy
2023-09-22,Amoxicillin 500mg (20ct),Antibiotics,UK,108.52,8,46.82,Retail Pharmacy
2023-09-22,Ibuprofen 400mg (30ct),Pain Relief,Brazil,131.06,21,42.26,Hospital
2023-09-22,Loratadine 10mg (14ct),Allergy,India,106.75,11,36.44,Hospital
2023-09-22,Atorvastatin 20mg (30ct),Cardiovascular,India,363.05,19,141.05,Government Tender
2023-09-22,Salbutamol Inhaler,Respiratory,Brazil,725.19,36,316.78,Hospital
2023-09-22,Multivitamin Complex,Supplements,USA,560.23,36,206.8,Retail Pharmacy
2023-09-22,Salbutamol Inhaler,Respiratory,Germany,215.95,10,93.0,Retail Pharmacy
2023-09-22,Insulin Glargine Pen,Diabetes Care,Germany,1070.05,17,502.04,Retail Pharmacy
2023-09-22,Loratadine 10mg (14ct),Allergy,India,46.68,5,17.81,Government Tender
2023-09-22,Loratadine 10mg (14ct),Allergy,Germany,453.6,44,150.63,Retail Pharmacy
2023-09-22,Insulin Glargine Pen,Diabetes Care,India,1984.3,31,988.97,Retail Pharmacy
2023-09-22,Ibuprofen 400mg (30ct),Pain Relief,Germany,194.26,29,60.36,Hospital
2023-09-22,Salbutamol Inhaler,Respiratory,Brazil,552.89,26,233.78,Government Tender
2023-09-22,Salbutamol Inhaler,Respiratory,USA,331.02,17,161.06,Government Tender
2023-09-22,Ibuprofen 400mg (30ct),Pain Relief,Japan,12.92,2,4.22,Hospital
2023-09-22,Ibuprofen 400mg (30ct),Pain Relief,Japan,43.65,7,14.41,Retail Pharmacy
2023-09-22,Ibuprofen 400mg (30ct),Pain Relief,India,183.2,26,53.34,Government Tender
2023-09-23,Loratadine 10mg (14ct),Allergy,Brazil,298.67,33,107.89,Hospital
2023-09-23,Loratadine 10mg (14ct),Allergy,UK,312.73,32,108.02,Retail Pharmacy
2023-09-23,Ibuprofen 400mg (30ct),Pain Relief,USA,210.69,33,67.53,Retail Pharmacy
2023-09-23,Loratadine 10mg (14ct),Allergy,Japan,400.13,48,163.67,Retail Pharmacy
2023-09-23,Atorvastatin 20mg (30ct),Cardiovascular,USA,122.77,6,42.26,Retail Pharmacy
2023-09-24,Amoxicillin 500mg (20ct),Antibiotics,Brazil,525.38,36,215.29,Hospital
2023-09-24,Ibuprofen 400mg (30ct),Pain Relief,UK,232.7,37,75.25,Retail Pharmacy
2023-09-24,Salbutamol Inhaler,Respiratory,India,317.34,16,146.9,Hospital
2023-09-24,Salbutamol Inhaler,Respiratory,USA,443.35,21,184.75,Government Tender
2023-09-24,Salbutamol Inhaler,Respiratory,India,425.64,21,181.62,Hospital
2023-09-24,Amoxicillin 500mg (20ct),Antibiotics,Brazil,302.77,25,140.35,Retail Pharmacy
2023-09-24,Multivitamin Complex,Supplements,Germany,1058.77,70,389.57,Retail Pharmacy
2023-09-25,Loratadine 10mg (14ct),Allergy,Germany,299.72,32,106.12,Retail Pharmacy
2023-09-25,Insulin Glargine Pen,Diabetes Care,Germany,1777.83,25,804.94,Hospital
2023-09-25,Omeprazole 20mg (28ct),Gastro,Brazil,277.2,24,112.92,Government Tender
2023-09-25,Omeprazole 20mg (28ct),Gastro,India,201.22,15,72.75,Government Tender
2023-09-25,Insulin Glargine Pen,Diabetes Care,Japan,1070.95,18,536.01,Retail Pharmacy
2023-09-25,Salbutamol Inhaler,Respiratory,UK,232.28,12,113.81,Hospital
2023-09-25,Amoxicillin 500mg (20ct),Antibiotics,USA,508.66,36,205.94,Hospital
2023-09-25,Loratadine 10mg (14ct),Allergy,India,430.33,48,162.53,Government Tender
2023-09-25,Insulin Glargine Pen,Diabetes Care,Germany,905.62,15,464.79,Government Tender
2023-09-25,Multivitamin Complex,Supplements,Germany,369.43,26,139.29,Hospital
2023-09-25,Loratadine 10mg (14ct),Allergy,UK,255.95,29,95.99,Retail Pharmacy
2023-09-25,Salbutamol Inhaler,Respiratory,India,391.37,16,145.97,Retail Pharmacy
2023-09-26,Multivitamin Complex,Supplements,Germany,309.52,21,119.38,Government Tender
2023-09-26,Salbutamol Inhaler,Respiratory,USA,270.35,11,104.95,Government Tender
2023-09-26,Salbutamol Inhaler,Respiratory,India,435.54,21,190.73,Government Tender
2023-09-26,Salbutamol Inhaler,Respiratory,USA,213.17,9,85.61,Retail Pharmacy
2023-09-26,Multivitamin Complex,Supplements,India,587.38,36,192.12,Government Tender
2023-09-26,Ibuprofen 400mg (30ct),Pain Relief,Germany,153.37,26,54.63,Retail Pharmacy
2023-09-26,Multivitamin Complex,Supplements,India,176.09,11,61.95,Government Tender
2023-09-26,Atorvastatin 20mg (30ct),Cardiovascular,USA,969.22,52,383.03,Retail Pharmacy
2023-09-26,Amoxicillin 500mg (20ct),Antibiotics,India,370.63,26,144.44,Government Tender
2023-09-27,Atorvastatin 20mg (30ct),Cardiovascular,India,1162.91,56,419.3,Government Tender
2023-09-27,Insulin Glargine Pen,Diabetes Care,Japan,126.76,2,64.87,Government Tender
2023-09-27,Insulin Glargine Pen,Diabetes Care,India,1714.07,23,699.56,Government Tender
2023-09-27,Loratadine 10mg (14ct),Allergy,UK,203.15,19,63.25,Government Tender
2023-09-27,Loratadine 10mg (14ct),Allergy,UK,421.72,40,138.67,Hospital
2023-09-27,Insulin Glargine Pen,Diabetes Care,Japan,1866.3,29,932.02,Hospital
2023-09-27,Omeprazole 20mg (28ct),Gastro,Japan,66.18,5,25.06,Retail Pharmacy
2023-09-27,Atorvastatin 20mg (30ct),Cardiovascular,Brazil,289.84,17,120.02,Government Tender
2023-09-27,Amoxicillin 500mg (20ct),Antibiotics,Germany,66.35,5,30.29,Government Tender
2023-09-27,Atorvastatin 20mg (30ct),Cardiovascular,Germany,379.62,20,147.48,Hospital
2023-09-28,Salbutamol Inhaler,Respiratory,UK,298.79,13,113.46,Hospital
2023-09-28,Multivitamin Complex,Supplements,Germany,291.2,19,100.87,Hospital
2023-09-28,Omeprazole 20mg (28ct),Gastro,USA,580.38,54,264.54,Hospital
2023-09-28,Insulin Glargine Pen,Diabetes Care,Germany,2375.22,36,1080.75,Retail Pharmacy
2023-09-28,Salbutamol Inhaler,Respiratory,Brazil,644.92,32,291.76,Retail Pharmacy
2023-09-28,Multivitamin Complex,Supplements,UK,73.24,5,27.29,Retail Pharmacy
2023-09-28,Atorvastatin 20mg (30ct),Cardiovascular,USA,1090.02,57,406.08,Retail Pharmacy
2023-09-28,Omeprazole 20mg (28ct),Gastro,Germany,191.42,15,72.89,Retail Pharmacy
2023-09-28,Amoxicillin 500mg (20ct),Antibiotics,UK,670.0,46,269.77,Government Tender
2023-09-28,Insulin Glargine Pen,Diabetes Care,USA,1659.65,26,809.63,Hospital
2023-09-28,Ibuprofen 400mg (30ct),Pain Relief,UK,152.19,24,52.29,Government Tender
2023-09-28,Multivitamin Complex,Supplements,Japan,426.85,28,161.29,Hospital
2023-09-28,Multivitamin Complex,Supplements,USA,282.46,22,120.82,Government Tender
2023-09-28,Omeprazole 20mg (28ct),Gastro,Germany,116.36,9,45.64,Hospital
2023-09-28,Ibuprofen 400mg (30ct),Pain Relief,Japan,141.05,21,43.27,Government Tender
2023-09-29,Salbutamol Inhaler,Respiratory,India,166.35,7,61.1,Government Tender
2023-09-29,Salbutamol Inhaler,Respiratory,India,446.58,20,187.7,Retail Pharmacy
2023-09-29,Atorvastatin 20mg (30ct),Cardiovascular,USA,215.33,12,89.75,Government Tender
2023-09-29,Salbutamol Inhaler,Respiratory,India,1024.89,42,372.13,Hospital
2023-09-29,Atorvastatin 20mg (30ct),Cardiovascular,USA,222.55,13,90.91,Government Tender
2023-09-29,Omeprazole 20mg (28ct),Gastro,Germany,135.84,10,48.11,Government Tender
2023-09-29,Multivitamin Complex,Supplements,Japan,315.32,20,105.1,Retail Pharmacy
2023-09-29,Atorvastatin 20mg (30ct),Cardiovascular,UK,258.6,13,97.21,Hospital
2023-09-29,Omeprazole 20mg (28ct),Gastro,Japan,362.94,27,133.63,Hospital
2023-09-29,Ibuprofen 400mg (30ct),Pain Relief,Germany,182.52,26,53.73,Hospital
2023-09-29,Omeprazole 20mg (28ct),Gastro,Brazil,358.45,27,126.03,Hospital
2023-09-30,Insulin Glargine Pen,Diabetes Care,UK,2490.1,35,1067.48,Retail Pharmacy
2023-09-30,Ibuprofen 400mg (30ct),Pain Relief,Japan,106.42,17,35.92,Hospital
2023-09-30,Atorvastatin 20mg (30ct),Cardiovascular,USA,528.55,32,241.71,Government Tender
2023-09-30,Amoxicillin 500mg (20ct),Antibiotics,UK,258.93,20,121.77,Government Tender
2023-09-30,Salbutamol Inhaler,Respiratory,UK,928.85,44,410.38,Hospital
2023-09-30,Salbutamol Inhaler,Respiratory,Brazil,385.65,18,165.04,Retail Pharmacy
2023-10-01,Loratadine 10mg (14ct),Allergy,UK,51.16,5,16.66,Hospital
2023-10-01,Salbutamol Inhaler,Respiratory,UK,1130.99,49,437.12,Retail Pharmacy
2023-10-01,Insulin Glargine Pen,Diabetes Care,USA,2039.94,32,1004.63,Hospital
2023-10-01,Multivitamin Complex,Supplements,India,171.43,13,75.06,Hospital
2023-10-01,Insulin Glargine Pen,Diabetes Care,USA,1589.42,22,680.64,Hospital
2023-10-01,Atorvastatin 20mg (30ct),Cardiovascular,USA,875.82,53,393.19,Government Tender
2023-10-01,Loratadine 10mg (14ct),Allergy,UK,98.21,10,34.64,Retail Pharmacy
2023-10-02,Omeprazole 20mg (28ct),Gastro,USA,387.14,34,160.87,Hospital
2023-10-02,Amoxicillin 500mg (20ct),Antibiotics,Japan,309.49,20,114.64,Government Tender
2023-10-02,Atorvastatin 20mg (30ct),Cardiovascular,Japan,1003.42,53,393.04,Hospital
2023-10-02,Ibuprofen 400mg (30ct),Pain Relief,Brazil,285.01,49,98.6,Government Tender
2023-10-02,Amoxicillin 500mg (20ct),Antibiotics,Japan,673.1,48,291.0,Retail Pharmacy
2023-10-02,Ibuprofen 400mg (30ct),Pain Relief,Germany,49.12,8,17.18,Hospital
2023-10-02,Amoxicillin 500mg (20ct),Antibiotics,USA,170.37,11,64.57,Hospital
2023-10-02,Ibuprofen 400mg (30ct),Pain Relief,India,232.11,33,69.26,Government Tender
2023-10-03,Loratadine 10mg (14ct),Allergy,India,63.74,6,19.46,Hospital
2023-10-03,Ibuprofen 400mg (30ct),Pain Relief,India,82.41,13,26.54,Retail Pharmacy
2023-10-03,Insulin Glargine Pen,Diabetes Care,Japan,3578.6,61,1803.49,Hospital
2023-10-03,Ibuprofen 400mg (30ct),Pain Relief,India,87.43,13,27.66,Retail Pharmacy
2023-10-03,Loratadine 10mg (14ct),Allergy,Germany,148.52,14,46.78,Government Tender
2023-10-03,Atorvastatin 20mg (30ct),Cardiovascular,USA,87.55,5,37.73,Retail Pharmacy
2023-10-03,Omeprazole 20mg (28ct),Gastro,India,313.93,26,132.73,Government Tender
2023-10-03,Ibuprofen 400mg (30ct),Pain Relief,Brazil,171.66,27,57.78,Retail Pharmacy
2023-10-04,Omeprazole 20mg (28ct),Gastro,Germany,363.47,31,148.66,Hospital
2023-10-04,Amoxicillin 500mg (20ct),Antibiotics,Japan,24.46,2,11.1,Retail Pharmacy
2023-10-04,Atorvastatin 20mg (30ct),Cardiovascular,USA,294.62,17,118.4,Government Tender
2023-10-04,Multivitamin Complex,Supplements,UK,273.12,20,107.17,Retail Pharmacy
2023-10-04,Insulin Glargine Pen,Diabetes Care,UK,1160.08,19,559.55,Retail Pharmacy
2023-10-04,Amoxicillin 500mg (20ct),Antibiotics,UK,189.68,14,81.14,Retail Pharmacy
2023-10-05,Ibuprofen 400mg (30ct),Pain Relief,UK,42.5,6,13.03,Hospital
2023-10-05,Insulin Glargine Pen,Diabetes Care,Brazil,1235.68,19,601.39,Retail Pharmacy
2023-10-05,Omeprazole 20mg (28ct),Gastro,USA,437.94,38,187.14,Government Tender
2023-10-05,Insulin Glargine Pen,Diabetes Care,Germany,1091.62,15,465.6,Hospital
2023-10-05,Amoxicillin 500mg (20ct),Antibiotics,USA,193.86,13,71.96,Retail Pharmacy
2023-10-05,Loratadine 10mg (14ct),Allergy,Japan,250.29,24,77.98,Hospital
2023-10-05,Salbutamol Inhaler,Respiratory,Brazil,400.11,19,176.86,Retail Pharmacy
2023-10-05,Amoxicillin 500mg (20ct),Antibiotics,USA,522.72,39,225.75,Retail Pharmacy
2023-10-06,Insulin Glargine Pen,Diabetes Care,UK,2165.68,31,934.78,Retail Pharmacy
2023-10-06,Loratadine 10mg (14ct),Allergy,Japan,75.45,9,29.34,Retail Pharmacy
2023-10-06,Omeprazole 20mg (28ct),Gastro,USA,175.71,15,74.7,Hospital
2023-10-06,Ibuprofen 400mg (30ct),Pain Relief,USA,305.96,46,92.73,Retail Pharmacy
2023-10-06,Insulin Glargine Pen,Diabetes Care,India,193.44,3,96.21,Retail Pharmacy
2023-10-06,Loratadine 10mg (14ct),Allergy,Germany,639.76,69,236.48,Retail Pharmacy
2023-10-06,Amoxicillin 500mg (20ct),Antibiotics,Germany,780.56,64,383.26,Hospital
2023-10-06,Multivitamin Complex,Supplements,UK,590.03,36,189.48,Hospital
2023-10-07,Ibuprofen 400mg (30ct),Pain Relief,UK,53.27,8,17.01,Hospital
2023-10-07,Amoxicillin 500mg (20ct),Antibiotics,USA,204.68,14,80.81,Government Tender
2023-10-07,Ibuprofen 400mg (30ct),Pain Relief,India,363.1,57,121.42,Hospital
2023-10-08,Atorvastatin 20mg (30ct),Cardiovascular,UK,370.43,20,143.07,Retail Pharmacy
2023-10-08,Ibuprofen 400mg (30ct),Pain Relief,Brazil,149.49,22,46.2,Government Tender
2023-10-08,Multivitamin Complex,Supplements,USA,495.53,37,202.92,Hospital
2023-10-08,Loratadine 10mg (14ct),Allergy,Germany,310.38,30,97.32,Hospital
2023-10-08,Loratadine 10mg (14ct),Allergy,Brazil,330.04,31,101.31,Hospital
2023-10-08,Atorvastatin 20mg (30ct),Cardiovascular,USA,168.47,10,73.27,Retail Pharmacy
2023-10-08,Omeprazole 20mg (28ct),Gastro,Brazil,76.37,6,29.38,Government Tender
2023-10-08,Ibuprofen 400mg (30ct),Pain Relief,USA,430.31,66,144.83,Retail Pharmacy
2023-10-08,Omeprazole 20mg (28ct),Gastro,Brazil,293.04,22,110.99,Government Tender
2023-10-08,Ibuprofen 400mg (30ct),Pain Relief,Germany,34.51,6,12.75,Government Tender
2023-10-09,Omeprazole 20mg (28ct),Gastro,USA,108.81,10,50.07,Hospital
2023-10-09,Salbutamol Inhaler,Respiratory,Brazil,754.12,37,325.17,Hospital
2023-10-09,Amoxicillin 500mg (20ct),Antibiotics,USA,264.35,20,116.11,Government Tender
2023-10-09,Multivitamin Complex,Supplements,USA,190.03,13,73.39,Retail Pharmacy
2023-10-09,Omeprazole 20mg (28ct),Gastro,India,352.48,32,157.02,Retail Pharmacy
2023-10-09,Loratadine 10mg (14ct),Allergy,Japan,167.76,18,58.31,Hospital
2023-10-09,Loratadine 10mg (14ct),Allergy,Japan,67.09,7,22.75,Government Tender
2023-10-09,Amoxicillin 500mg (20ct),Antibiotics,Brazil,635.08,46,265.59,Retail Pharmacy
2023-10-09,Loratadine 10mg (14ct),Allergy,India,218.3,23,74.68,Hospital
2023-10-09,Salbutamol Inhaler,Respiratory,India,289.0,12,111.29,Retail Pharmacy
2023-10-10,Amoxicillin 500mg (20ct),Antibiotics,Brazil,141.1,10,59.51,Retail Pharmacy
2023-10-10,Amoxicillin 500mg (20ct),Antibiotics,Brazil,170.02,14,78.24,Retail Pharmacy
2023-10-10,Salbutamol Inhaler,Respiratory,Japan,571.68,28,251.62,Hospital
2023-10-10,Omeprazole 20mg (28ct),Gastro,India,655.99,51,240.76,Hospital
2023-10-10,Multivitamin Complex,Supplements,Brazil,187.76,12,62.76,Hospital
2023-10-10,Ibuprofen 400mg (30ct),Pain Relief,UK,28.75,5,10.22,Government Tender
2023-10-10,Loratadine 10mg (14ct),Allergy,India,76.02,9,31.81,Hospital
2023-10-10,Loratadine 10mg (14ct),Allergy,USA,222.31,22,71.96,Government Tender
2023-10-10,Amoxicillin 500mg (20ct),Antibiotics,Germany,395.75,26,149.97,Retail Pharmacy
2023-10-11,Multivitamin Complex,Supplements,India,237.65,17,90.33,Retail Pharmacy
2023-10-11,Amoxicillin 500mg (20ct),Antibiotics,Brazil,141.86,10,57.73,Government Tender
2023-10-11,Atorvastatin 20mg (30ct),Cardiovascular,Japan,285.32,15,109.77,Government Tender
2023-10-11,Loratadine 10mg (14ct),Allergy,USA,95.49,9,29.49,Government Tender
2023-10-11,Loratadine 10mg (14ct),Allergy,Germany,120.21,14,45.8,Retail Pharmacy
2023-10-11,Loratadine 10mg (14ct),Allergy,India,136.99,13,43.98,Government Tender
2023-10-11,Ibuprofen 400mg (30ct),Pain Relief,Brazil,70.85,11,22.15,Hospital
2023-10-12,Ibuprofen 400mg (30ct),Pain Relief,Brazil,44.69,7,14.37,Retail Pharmacy
2023-10-12,Amoxicillin 500mg (20ct),Antibiotics,UK,261.48,21,122.46,Hospital
2023-10-12,Insulin Glargine Pen,Diabetes Care,Japan,1185.1,20,589.68,Hospital
2023-10-12,Omeprazole 20mg (28ct),Gastro,Brazil,105.23,8,39.75,Retail Pharmacy
2023-10-12,Omeprazole 20mg (28ct),Gastro,Brazil,280.06,24,121.79,Retail Pharmacy
2023-10-12,Atorvastatin 20mg (30ct),Cardiovascular,Brazil,606.43,32,231.68,Retail Pharmacy
2023-10-12,Multivitamin Complex,Supplements,Japan,75.74,5,27.23,Hospital
2023-10-12,Amoxicillin 500mg (20ct),Antibiotics,UK,203.93,14,81.53,Government Tender
2023-10-12,Multivitamin Complex,Supplements,Japan,510.55,33,182.68,Hospital
2023-10-13,Salbutamol Inhaler,Respiratory,India,687.2,29,263.42,Hospital
2023-10-13,Multivitamin Complex,Supplements,Brazil,559.17,38,216.02,Hospital
2023-10-13,Multivitamin Complex,Supplements,USA,93.44,7,39.47,Hospital
2023-10-13,Ibuprofen 400mg (30ct),Pain Relief,Germany,80.74,14,28.55,Hospital
2023-10-13,Insulin Glargine Pen,Diabetes Care,USA,1196.1,18,565.06,Hospital
2023-10-13,Atorvastatin 20mg (30ct),Cardiovascular,USA,575.98,28,193.09,Government Tender
2023-10-13,Insulin Glargine Pen,Diabetes Care,UK,1633.88,23,717.41,Hospital
2023-10-13,Loratadine 10mg (14ct),Allergy,Brazil,116.47,11,38.46,Hospital
2023-10-13,Insulin Glargine Pen,Diabetes Care,India,546.47,9,266.57,Hospital
2023-10-13,Atorvastatin 20mg (30ct),Cardiovascular,Brazil,278.06,17,120.5,Hospital
2023-10-13,Ibuprofen 400mg (30ct),Pain Relief,India,291.44,46,95.6,Hospital
2023-10-13,Amoxicillin 500mg (20ct),Antibiotics,UK,81.85,6,35.87,Hospital
2023-10-13,Insulin Glargine Pen,Diabetes Care,India,1512.63,23,736.36,Retail Pharmacy
2023-10-14,Atorvastatin 20mg (30ct),Cardiovascular,India,942.82,56,393.36,Government Tender
2023-10-14,Ibuprofen 400mg (30ct),Pain Relief,Brazil,189.45,27,55.7,Retail Pharmacy
2023-10-14,Salbutamol Inhaler,Respiratory,Japan,301.25,15,139.81,Hospital
2023-10-14,Loratadine 10mg (14ct),Allergy,India,812.66,86,283.49,Hospital
2023-10-14,Loratadine 10mg (14ct),Allergy,Germany,164.85,17,60.08,Retail Pharmacy
2023-10-14,Atorvastatin 20mg (30ct),Cardiovascular,India,169.56,10,74.91,Government Tender
2023-10-14,Atorvastatin 20mg (30ct),Cardiovascular,Japan,903.44,44,315.36,Hospital
2023-10-14,Salbutamol Inhaler,Respiratory,USA,563.67,23,213.98,Government Tender
2023-10-15,Insulin Glargine Pen,Diabetes Care,Germany,2033.84,30,886.76,Retail Pharmacy
2023-10-15,Loratadine 10mg (14ct),Allergy,Germany,298.93,31,110.31,Retail Pharmacy
2023-10-15,Ibuprofen 400mg (30ct),Pain Relief,Brazil,148.06,22,44.43,Hospital
2023-10-15,Omeprazole 20mg (28ct),Gastro,UK,117.75,11,55.15,Retail Pharmacy
2023-10-15,Salbutamol Inhaler,Respiratory,USA,557.2,24,211.75,Retail Pharmacy
2023-10-15,Atorvastatin 20mg (30ct),Cardiovascular,India,397.55,21,153.78,Hospital
2023-10-15,Multivitamin Complex,Supplements,India,591.27,36,197.1,Government Tender
2023-10-15,Loratadine 10mg (14ct),Allergy,Japan,201.59,22,77.48,Government Tender
2023-10-15,Atorvastatin 20mg (30ct),Cardiovascular,Brazil,425.6,26,183.21,Government Tender
2023-10-16,Atorvastatin 20mg (30ct),Cardiovascular,USA,507.41,26,182.37,Retail Pharmacy
2023-10-16,Multivitamin Complex,Supplements,USA,176.61,11,58.02,Retail Pharmacy
2023-10-16,Loratadine 10mg (14ct),Allergy,Brazil,163.99,16,53.68,Hospital
2023-10-16,Ibuprofen 400mg (30ct),Pain Relief,USA,86.58,13,27.61,Government Tender
2023-10-16,Insulin Glargine Pen,Diabetes Care,India,2919.67,40,1230.94,Government Tender
2023-10-16,Loratadine 10mg (14ct),Allergy,Germany,82.67,8,25.86,Hospital
2023-10-16,Loratadine 10mg (14ct),Allergy,Japan,229.96,24,83.58,Hospital
2023-10-16,Salbutamol Inhaler,Respiratory,Germany,165.87,8,71.53,Retail Pharmacy
2023-10-17,Salbutamol Inhaler,Respiratory,India,595.9,25,219.29,Government Tender
2023-10-17,Atorvastatin 20mg (30ct),Cardiovascular,India,323.18,17,120.16,Hospital
2023-10-17,Loratadine 10mg (14ct),Allergy,Japan,42.48,4,13.98,Hospital
2023-10-17,Salbutamol Inhaler,Respiratory,India,876.21,46,408.36,Retail Pharmacy
2023-10-17,Ibuprofen 400mg (30ct),Pain Relief,India,247.09,43,89.75,Retail Pharmacy
2023-10-17,Atorvastatin 20mg (30ct),Cardiovascular,Japan,141.66,7,49.51,Hospital
2023-10-17,Salbutamol Inhaler,Respiratory,Germany,279.78,14,133.13,Government Tender
2023-10-17,Insulin Glargine Pen,Diabetes Care,USA,408.0,6,180.61,Retail Pharmacy
2023-10-17,Insulin Glargine Pen,Diabetes Care,Brazil,1023.04,17,541.58,Government Tender
2023-10-17,Multivitamin Complex,Supplements,Brazil,221.78,16,84.49,Hospital
2023-10-18,Insulin Glargine Pen,Diabetes Care,India,1555.68,25,802.95,Hospital
2023-10-18,Ibuprofen 400mg (30ct),Pain Relief,Japan,246.17,38,81.26,Retail Pharmacy
2023-10-18,Omeprazole 20mg (28ct),Gastro,UK,265.67,23,116.49,Government Tender
2023-10-18,Amoxicillin 500mg (20ct),Antibiotics,Germany,182.18,14,83.63,Government Tender
2023-10-19,Insulin Glargine Pen,Diabetes Care,USA,4558.81,65,2035.51,Government Tender
2023-10-19,Salbutamol Inhaler,Respiratory,Brazil,691.85,33,290.9,Retail Pharmacy
2023-10-19,Amoxicillin 500mg (20ct),Antibiotics,India,112.96,9,52.51,Government Tender
2023-10-19,Loratadine 10mg (14ct),Allergy,Brazil,221.52,22,71.44,Hospital
2023-10-19,Ibuprofen 400mg (30ct),Pain Relief,Brazil,88.89,16,32.55,Hospital
2023-10-19,Amoxicillin 500mg (20ct),Antibiotics,UK,506.47,33,193.18,Government Tender
2023-10-20,Omeprazole 20mg (28ct),Gastro,Brazil,546.48,49,251.41,Government Tender
2023-10-20,Multivitamin Complex,Supplements,Japan,502.63,36,198.24,Retail Pharmacy
2023-10-20,Ibuprofen 400mg (30ct),Pain Relief,India,36.1,6,13.21,Retail Pharmacy
2023-10-20,Insulin Glargine Pen,Diabetes Care,UK,231.57,4,124.96,Hospital
2023-10-20,Loratadine 10mg (14ct),Allergy,Germany,20.64,2,6.93,Retail Pharmacy
2023-10-20,Atorvastatin 20mg (30ct),Cardiovascular,Brazil,539.58,30,221.59,Hospital
2023-10-20,Multivitamin Complex,Supplements,UK,247.68,19,102.01,Retail Pharmacy
2023-10-20,Ibuprofen 400mg (30ct),Pain Relief,Japan,77.04,13,27.82,Retail Pharmacy
2023-10-20,Salbutamol Inhaler,Respiratory,Japan,476.21,22,190.7,Government Tender
2023-10-20,Multivitamin Complex,Supplements,India,399.25,29,161.47,Retail Pharmacy
2023-10-20,Omeprazole 20mg (28ct),Gastro,India,53.89,5,24.61,Retail Pharmacy
2023-10-21,Amoxicillin 500mg (20ct),Antibiotics,USA,212.35,15,82.72,Government Tender
2023-10-21,Salbutamol Inhaler,Respiratory,Japan,1142.36,58,541.59,Government Tender
2023-10-21,Loratadine 10mg (14ct),Allergy,Japan,286.56,29,103.52,Retail Pharmacy
2023-10-21,Salbutamol Inhaler,Respiratory,Germany,355.57,15,138.71,Hospital
2023-10-21,Amoxicillin 500mg (20ct),Antibiotics,Brazil,216.4,17,101.07,Government Tender
2023-10-21,Loratadine 10mg (14ct),Allergy,UK,195.62,21,72.99,Government Tender
2023-10-21,Ibuprofen 400mg (30ct),Pain Relief,Brazil,259.67,41,89.12,Retail Pharmacy
2023-10-21,Multivitamin Complex,Supplements,UK,194.31,15,85.36,Government Tender
2023-10-21,Insulin Glargine Pen,Diabetes Care,India,231.27,4,128.28,Hospital
2023-10-22,Insulin Glargine Pen,Diabetes Care,UK,3308.98,45,1357.79,Retail Pharmacy
2023-10-22,Amoxicillin 500mg (20ct),Antibiotics,USA,386.44,31,187.28,Retail Pharmacy
2023-10-22,Insulin Glargine Pen,Diabetes Care,Germany,1056.45,17,541.67,Retail Pharmacy
2023-10-22,Multivitamin Complex,Supplements,UK,147.72,11,60.11,Retail Pharmacy
2023-10-22,Loratadine 10mg (14ct),Allergy,Germany,211.41,20,69.19,Retail Pharmacy
2023-10-22,Atorvastatin 20mg (30ct),Cardiovascular,USA,312.01,19,130.83,Government Tender
2023-10-22,Atorvastatin 20mg (30ct),Cardiovascular,USA,242.99,13,95.41,Retail Pharmacy
2023-10-22,Amoxicillin 500mg (20ct),Antibiotics,India,71.09,5,28.12,Hospital
2023-10-22,Insulin Glargine Pen,Diabetes Care,Brazil,2052.49,29,913.56,Government Tender
2023-10-22,Loratadine 10mg (14ct),Allergy,Germany,67.47,8,28.07,Hospital
2023-10-22,Ibuprofen 400mg (30ct),Pain Relief,India,12.32,2,4.36,Hospital
2023-10-22,Salbutamol Inhaler,Respiratory,Brazil,433.76,22,209.98,Government Tender
2023-10-22,Omeprazole 20mg (28ct),Gastro,Japan,183.55,17,79.64,Hospital
2023-10-22,Amoxicillin 500mg (20ct),Antibiotics,UK,468.66,31,174.63,Government Tender
2023-10-22,Omeprazole 20mg (28ct),Gastro,India,172.2,14,71.92,Government Tender
2023-10-23,Ibuprofen 400mg (30ct),Pain Relief,UK,45.25,7,15.29,Government Tender
2023-10-23,Insulin Glargine Pen,Diabetes Care,USA,1631.83,27,823.72,Retail Pharmacy
2023-10-23,Atorvastatin 20mg (30ct),Cardiovascular,Brazil,393.1,20,137.12,Retail Pharmacy
2023-10-23,Omeprazole 20mg (28ct),Gastro,Japan,438.03,33,165.96,Hospital
2023-10-23,Ibuprofen 400mg (30ct),Pain Relief,UK,270.89,42,86.5,Hospital
2023-10-23,Insulin Glargine Pen,Diabetes Care,Brazil,825.28,13,404.86,Retail Pharmacy
2023-10-23,Insulin Glargine Pen,Diabetes Care,UK,744.12,11,327.95,Retail Pharmacy
2023-10-23,Amoxicillin 500mg (20ct),Antibiotics,USA,77.17,6,34.58,Hospital
2023-10-23,Multivitamin Complex,Supplements,Germany,418.15,27,146.01,Retail Pharmacy
2023-10-23,Salbutamol Inhaler,Respiratory,Japan,705.82,32,291.68,Government Tender
2023-10-23,Atorvastatin 20mg (30ct),Cardiovascular,USA,17.49,1,7.08,Retail Pharmacy
2023-10-23,Loratadine 10mg (14ct),Allergy,Japan,419.16,39,133.21,Retail Pharmacy
2023-10-24,Ibuprofen 400mg (30ct),Pain Relief,Germany,126.91,19,40.56,Retail Pharmacy
2023-10-24,Atorvastatin 20mg (30ct),Cardiovascular,Japan,316.3,19,140.15,Hospital
2023-10-24,Salbutamol Inhaler,Respiratory,Japan,790.75,35,319.76,Hospital
2023-10-24,Omeprazole 20mg (28ct),Gastro,Brazil,192.37,16,81.2,Retail Pharmacy
2023-10-24,Salbutamol Inhaler,Respiratory,India,346.99,15,139.86,Retail Pharmacy
2023-10-24,Atorvastatin 20mg (30ct),Cardiovascular,India,247.04,14,100.7,Hospital
2023-10-24,Amoxicillin 500mg (20ct),Antibiotics,Japan,564.94,37,220.8,Hospital
2023-10-24,Multivitamin Complex,Supplements,Germany,133.6,9,50.83,Hospital
2023-10-24,Amoxicillin 500mg (20ct),Antibiotics,Brazil,171.77,13,77.22,Hospital
2023-10-24,Multivitamin Complex,Supplements,Brazil,742.1,47,248.01,Retail Pharmacy
2023-10-25,Multivitamin Complex,Supplements,India,328.84,22,122.05,Retail Pharmacy
2023-10-25,Atorvastatin 20mg (30ct),Cardiovascular,USA,306.09,15,105.53,Hospital
2023-10-25,Loratadine 10mg (14ct),Allergy,UK,338.48,32,108.23,Hospital
2023-10-25,Ibuprofen 400mg (30ct),Pain Relief,Germany,246.02,35,73.25,Hospital
2023-10-25,Omeprazole 20mg (28ct),Gastro,Brazil,391.18,30,145.24,Retail Pharmacy
2023-10-25,Multivitamin Complex,Supplements,Germany,362.93,22,120.51,Government Tender
2023-10-25,Omeprazole 20mg (28ct),Gastro,UK,243.12,18,85.99,Retail Pharmacy
2023-10-25,Loratadine 10mg (14ct),Allergy,Japan,551.16,54,178.67,Government Tender
2023-10-25,Atorvastatin 20mg (30ct),Cardiovascular,USA,792.0,40,284.78,Hospital
2023-10-25,Salbutamol Inhaler,Respiratory,Japan,1278.66,52,455.06,Retail Pharmacy
2023-10-25,Ibuprofen 400mg (30ct),Pain Relief,Brazil,25.11,4,8.09,Hospital
2023-10-25,Atorvastatin 20mg (30ct),Cardiovascular,Germany,278.03,16,116.26,Hospital
2023-10-26,Amoxicillin 500mg (20ct),Antibiotics,Germany,391.95,28,162.04,Hospital
2023-10-26,Atorvastatin 20mg (30ct),Cardiovascular,Germany,159.94,8,59.17,Retail Pharmacy
2023-10-26,Insulin Glargine Pen,Diabetes Care,USA,2680.05,37,1123.58,Government Tender
2023-10-26,Loratadine 10mg (14ct),Allergy,UK,79.85,8,27.8,Hospital
2023-10-26,Omeprazole 20mg (28ct),Gastro,Japan,595.14,56,263.17,Hospital
2023-10-26,Amoxicillin 500mg (20ct),Antibiotics,Brazil,984.13,65,391.89,Retail Pharmacy
2023-10-26,Salbutamol Inhaler,Respiratory,India,537.6,26,234.43,Hospital
2023-10-26,Multivitamin Complex,Supplements,UK,301.29,19,102.84,Government Tender
2023-10-26,Amoxicillin 500mg (20ct),Antibiotics,Japan,295.21,19,110.02,Government Tender
2023-10-26,Insulin Glargine Pen,Diabetes Care,UK,836.58,12,386.32,Government Tender
2023-10-27,Atorvastatin 20mg (30ct),Cardiovascular,USA,410.57,20,143.53,Government Tender
2023-10-27,Amoxicillin 500mg (20ct),Antibiotics,India,101.15,7,41.28,Government Tender
2023-10-27,Amoxicillin 500mg (20ct),Antibiotics,India,36.87,3,16.62,Government Tender
2023-10-27,Multivitamin Complex,Supplements,Brazil,228.96,15,85.97,Hospital
2023-10-27,Atorvastatin 20mg (30ct),Cardiovascular,India,832.19,42,302.42,Hospital
2023-10-27,Atorvastatin 20mg (30ct),Cardiovascular,UK,270.81,14,101.22,Retail Pharmacy
2023-10-27,Insulin Glargine Pen,Diabetes Care,UK,3016.01,46,1395.43,Retail Pharmacy
2023-10-27,Atorvastatin 20mg (30ct),Cardiovascular,India,383.52,19,130.23,Retail Pharmacy
2023-10-27,Loratadine 10mg (14ct),Allergy,India,256.85,26,89.34,Hospital
2023-10-27,Amoxicillin 500mg (20ct),Antibiotics,Brazil,172.97,13,73.65,Retail Pharmacy
2023-10-27,Salbutamol Inhaler,Respiratory,India,266.62,11,95.29,Government Tender
2023-10-27,Loratadine 10mg (14ct),Allergy,USA,135.74,13,45.97,Retail Pharmacy
2023-10-28,Amoxicillin 500mg (20ct),Antibiotics,Brazil,74.15,6,35.02,Government Tender
2023-10-28,Atorvastatin 20mg (30ct),Cardiovascular,Japan,367.14,18,131.12,Hospital
2023-10-28,Amoxicillin 500mg (20ct),Antibiotics,USA,178.67,13,76.87,Government Tender
2023-10-28,Amoxicillin 500mg (20ct),Antibiotics,UK,118.67,9,52.99,Retail Pharmacy
2023-10-28,Salbutamol Inhaler,Respiratory,UK,66.38,3,27.35,Hospital
2023-10-28,Ibuprofen 400mg (30ct),Pain Relief,Germany,71.11,10,21.1,Hospital
2023-10-28,Insulin Glargine Pen,Diabetes Care,Germany,2025.25,30,950.17,Retail Pharmacy
2023-10-28,Salbutamol Inhaler,Respiratory,India,503.07,24,215.37,Government Tender
2023-10-28,Ibuprofen 400mg (30ct),Pain Relief,India,228.9,38,76.4,Government Tender
2023-10-28,Insulin Glargine Pen,Diabetes Care,India,2964.35,50,1523.97,Hospital
2023-10-28,Ibuprofen 400mg (30ct),Pain Relief,Brazil,173.86,27,54.09,Hospital
2023-10-28,Atorvastatin 20mg (30ct),Cardiovascular,USA,340.77,21,149.67,Hospital
2023-10-29,Multivitamin Complex,Supplements,India,525.22,38,212.09,Government Tender
2023-10-29,Atorvastatin 20mg (30ct),Cardiovascular,USA,412.66,25,172.68,Hospital
2023-10-29,Salbutamol Inhaler,Respiratory,India,329.28,16,150.86,Hospital
2023-10-29,Multivitamin Complex,Supplements,India,275.99,17,91.4,Government Tender
2023-10-29,Ibuprofen 400mg (30ct),Pain Relief,UK,317.56,55,112.21,Hospital
2023-10-29,Insulin Glargine Pen,Diabetes Care,UK,1911.73,31,987.3,Government Tender
2023-10-29,Ibuprofen 400mg (30ct),Pain Relief,Brazil,23.14,4,8.39,Retail Pharmacy
2023-10-29,Insulin Glargine Pen,Diabetes Care,USA,2022.18,29,902.88,Government Tender
2023-10-29,Atorvastatin 20mg (30ct),Cardiovascular,Brazil,1050.64,51,349.36,Hospital
2023-10-30,Insulin Glargine Pen,Diabetes Care,India,1814.27,27,809.06,Hospital
2023-10-30,Amoxicillin 500mg (20ct),Antibiotics,Brazil,189.82,13,76.26,Government Tender
2023-10-30,Salbutamol Inhaler,Respiratory,India,303.0,15,141.64,Government Tender
2023-10-30,Salbutamol Inhaler,Respiratory,Japan,375.35,18,160.75,Government Tender
2023-10-30,Multivitamin Complex,Supplements,USA,518.37,40,209.91,Retail Pharmacy
2023-10-30,Multivitamin Complex,Supplements,USA,372.94,23,129.47,Hospital
2023-10-30,Atorvastatin 20mg (30ct),Cardiovascular,UK,537.03,26,187.72,Hospital
2023-10-30,Loratadine 10mg (14ct),Allergy,Germany,197.0,23,74.93,Retail Pharmacy
2023-10-30,Omeprazole 20mg (28ct),Gastro,UK,620.68,56,263.35,Government Tender
2023-10-31,Omeprazole 20mg (28ct),Gastro,UK,95.43,7,34.82,Government Tender
2023-10-31,Multivitamin Complex,Supplements,Brazil,340.58,23,131.83,Hospital
2023-10-31,Insulin Glargine Pen,Diabetes Care,UK,1101.37,17,534.07,Hospital
2023-10-31,Salbutamol Inhaler,Respiratory,India,702.24,32,285.44,Government Tender
2023-10-31,Omeprazole 20mg (28ct),Gastro,USA,76.83,7,33.65,Government Tender
2023-10-31,Atorvastatin 20mg (30ct),Cardiovascular,Germany,128.77,7,51.42,Retail Pharmacy
2023-10-31,Amoxicillin 500mg (20ct),Antibiotics,USA,417.4,33,182.82,Retail Pharmacy
2023-10-31,Amoxicillin 500mg (20ct),Antibiotics,Brazil,173.26,13,76.34,Hospital
2023-10-31,Omeprazole 20mg (28ct),Gastro,Japan,350.6,26,133.11,Government Tender
2023-10-31,Multivitamin Complex,Supplements,Germany,274.13,18,97.32,Hospital
2023-10-31,Omeprazole 20mg (28ct),Gastro,India,339.34,31,156.04,Hospital
2023-10-31,Omeprazole 20mg (28ct),Gastro,Brazil,203.94,19,93.59,Hospital
2023-10-31,Loratadine 10mg (14ct),Allergy,Japan,128.47,15,51.08,Retail Pharmacy
2023-11-01,Insulin Glargine Pen,Diabetes Care,Japan,2083.25,30,949.12,Retail Pharmacy
2023-11-01,Omeprazole 20mg (28ct),Gastro,Brazil,321.51,29,139.95,Retail Pharmacy
2023-11-01,Atorvastatin 20mg (30ct),Cardiovascular,USA,210.75,11,80.17,Government Tender
2023-11-01,Insulin Glargine Pen,Diabetes Care,Brazil,1807.76,26,789.06,Retail Pharmacy
2023-11-01,Multivitamin Complex,Supplements,UK,271.47,21,112.78,Government Tender
2023-11-01,Omeprazole 20mg (28ct),Gastro,India,119.68,11,54.8,Government Tender
2023-11-01,Omeprazole 20mg (28ct),Gastro,Brazil,242.96,20,94.82,Retail Pharmacy
2023-11-01,Amoxicillin 500mg (20ct),Antibiotics,Brazil,330.12,27,158.67,Government Tender
2023-11-01,Amoxicillin 500mg (20ct),Antibiotics,UK,38.23,3,16.6,Retail Pharmacy
2023-11-01,Ibuprofen 400mg (30ct),Pain Relief,Germany,253.15,41,89.87,Government Tender
2023-11-01,Loratadine 10mg (14ct),Allergy,India,126.79,13,43.75,Hospital
2023-11-01,Insulin Glargine Pen,Diabetes Care,Germany,1620.09,23,711.31,Government Tender
2023-11-01,Multivitamin Complex,Supplements,Germany,346.83,23,127.28,Government Tender
2023-11-01,Loratadine 10mg (14ct),Allergy,USA,143.32,14,48.08,Retail Pharmacy
2023-11-01,Multivitamin Complex,Supplements,USA,329.5,20,115.3,Hospital
2023-11-01,Atorvastatin 20mg (30ct),Cardiovascular,USA,449.92,27,199.81,Retail Pharmacy
2023-11-02,Insulin Glargine Pen,Diabetes Care,UK,419.2,6,186.48,Retail Pharmacy
2023-11-02,Multivitamin Complex,Supplements,UK,364.16,25,132.09,Retail Pharmacy
2023-11-02,Insulin Glargine Pen,Diabetes Care,Germany,1760.09,25,812.78,Retail Pharmacy
2023-11-02,Loratadine 10mg (14ct),Allergy,Japan,211.13,20,68.64,Retail Pharmacy
2023-11-02,Atorvastatin 20mg (30ct),Cardiovascular,India,370.77,23,165.39,Government Tender
2023-11-02,Omeprazole 20mg (28ct),Gastro,UK,242.1,18,89.96,Government Tender
2023-11-02,Atorvastatin 20mg (30ct),Cardiovascular,Japan,333.28,17,127.92,Retail Pharmacy
2023-11-02,Omeprazole 20mg (28ct),Gastro,India,149.62,14,68.71,Government Tender
2023-11-03,Loratadine 10mg (14ct),Allergy,UK,141.64,17,56.0,Retail Pharmacy
2023-11-03,Multivitamin Complex,Supplements,USA,386.03,25,135.51,Hospital
2023-11-03,Atorvastatin 20mg (30ct),Cardiovascular,India,458.36,28,208.32,Hospital
2023-11-03,Ibuprofen 400mg (30ct),Pain Relief,UK,63.25,10,21.37,Government Tender
2023-11-03,Loratadine 10mg (14ct),Allergy,UK,148.98,16,56.78,Retail Pharmacy
2023-11-03,Omeprazole 20mg (28ct),Gastro,Japan,129.07,10,47.02,Government Tender
2023-11-03,Ibuprofen 400mg (30ct),Pain Relief,UK,92.47,15,31.21,Retail Pharmacy
2023-11-03,Loratadine 10mg (14ct),Allergy,India,261.38,28,99.35,Hospital
2023-11-03,Multivitamin Complex,Supplements,Germany,177.11,11,62.68,Retail Pharmacy
2023-11-03,Loratadine 10mg (14ct),Allergy,Germany,251.51,27,93.96,Retail Pharmacy
2023-11-03,Insulin Glargine Pen,Diabetes Care,Germany,1985.59,30,960.87,Hospital
2023-11-03,Ibuprofen 400mg (30ct),Pain Relief,USA,258.99,42,89.23,Hospital
2023-11-03,Insulin Glargine Pen,Diabetes Care,Germany,2291.76,37,1091.63,Retail Pharmacy
2023-11-03,Amoxicillin 500mg (20ct),Antibiotics,Germany,86.52,6,34.21,Retail Pharmacy
2023-11-04,Ibuprofen 400mg (30ct),Pain Relief,Germany,171.32,24,49.79,Government Tender
2023-11-04,Omeprazole 20mg (28ct),Gastro,UK,406.55,32,154.77,Government Tender
2023-11-04,Amoxicillin 500mg (20ct),Antibiotics,UK,259.31,18,99.96,Hospital
2023-11-04,Insulin Glargine Pen,Diabetes Care,UK,1147.45,19,561.09,Government Tender
2023-11-04,Loratadine 10mg (14ct),Allergy,Germany,130.28,13,45.5,Retail Pharmacy
2023-11-04,Atorvastatin 20mg (30ct),Cardiovascular,Japan,392.56,23,171.29,Government Tender
2023-11-04,Insulin Glargine Pen,Diabetes Care,India,939.78,15,467.27,Government Tender
2023-11-04,Insulin Glargine Pen,Diabetes Care,Brazil,2183.59,35,1121.35,Government Tender
2023-11-04,Loratadine 10mg (14ct),Allergy,UK,170.45,18,61.78,Hospital
2023-11-04,Insulin Glargine Pen,Diabetes Care,Japan,979.02,15,454.27,Retail Pharmacy
2023-11-05,Loratadine 10mg (14ct),Allergy,Brazil,163.08,18,62.29,Government Tender
2023-11-05,Insulin Glargine Pen,Diabetes Care,USA,1150.95,18,559.78,Retail Pharmacy
2023-11-05,Omeprazole 20mg (28ct),Gastro,Germany,768.69,58,272.28,Hospital
2023-11-05,Atorvastatin 20mg (30ct),Cardiovascular,UK,813.38,45,336.52,Hospital
2023-11-05,Salbutamol Inhaler,Respiratory,Japan,574.16,25,232.82,Government Tender
2023-11-05,Salbutamol Inhaler,Respiratory,India,346.46,17,159.34,Government Tender
2023-11-05,Atorvastatin 20mg (30ct),Cardiovascular,USA,260.54,16,111.22,Hospital
2023-11-05,Loratadine 10mg (14ct),Allergy,UK,166.46,17,55.39,Government Tender
2023-11-05,Loratadine 10mg (14ct),Allergy,India,141.61,16,53.59,Government Tender
2023-11-05,Insulin Glargine Pen,Diabetes Care,India,784.08,11,330.78,Government Tender
2023-11-06,Salbutamol Inhaler,Respiratory,Brazil,1013.43,42,395.17,Hospital
2023-11-06,Insulin Glargine Pen,Diabetes Care,USA,575.8,9,285.67,Hospital
2023-11-06,Amoxicillin 500mg (20ct),Antibiotics,UK,225.53,18,104.89,Government Tender
2023-11-06,Atorvastatin 20mg (30ct),Cardiovascular,Japan,288.19,16,114.39,Government Tender
2023-11-06,Salbutamol Inhaler,Respiratory,Germany,95.6,5,45.22,Hospital
2023-11-06,Salbutamol Inhaler,Respiratory,UK,689.26,32,294.2,Government Tender
2023-11-06,Atorvastatin 20mg (30ct),Cardiovascular,Japan,753.86,37,264.03,Retail Pharmacy
2023-11-06,Multivitamin Complex,Supplements,Japan,1040.3,64,343.01,Government Tender
2023-11-06,Ibuprofen 400mg (30ct),Pain Relief,India,78.27,13,26.35,Hospital
2023-11-06,Salbutamol Inhaler,Respiratory,UK,618.12,27,250.23,Retail Pharmacy
2023-11-06,Multivitamin Complex,Supplements,Germany,363.9,26,138.78,Government Tender
2023-11-06,Insulin Glargine Pen,Diabetes Care,Brazil,2064.66,34,1028.66,Government Tender
2023-11-06,Ibuprofen 400mg (30ct),Pain Relief,Japan,95.79,14,29.22,Hospital
2023-11-06,Atorvastatin 20mg (30ct),Cardiovascular,UK,469.67,25,179.13,Hospital
2023-11-07,Omeprazole 20mg (28ct),Gastro,Brazil,89.77,7,34.87,Retail Pharmacy
2023-11-07,Salbutamol Inhaler,Respiratory,India,259.08,11,100.41,Government Tender
2023-11-07,Ibuprofen 400mg (30ct),Pain Relief,Germany,124.38,21,45.1,Hospital
2023-11-07,Salbutamol Inhaler,Respiratory,UK,407.28,19,172.24,Government Tender
2023-11-07,Omeprazole 20mg (28ct),Gastro,Brazil,460.95,37,185.13,Government Tender
2023-11-07,Amoxicillin 500mg (20ct),Antibiotics,India,223.25,18,108.98,Hospital
2023-11-08,Loratadine 10mg (14ct),Allergy,India,137.9,15,50.88,Retail Pharmacy
2023-11-08,Loratadine 10mg (14ct),Allergy,Germany,137.08,15,51.29,Government Tender
2023-11-08,Ibuprofen 400mg (30ct),Pain Relief,India,259.57,38,78.54,Retail Pharmacy
2023-11-08,Loratadine 10mg (14ct),Allergy,Brazil,149.58,14,45.87,Hospital
2023-11-08,Loratadine 10mg (14ct),Allergy,Germany,282.81,28,95.94,Retail Pharmacy
2023-11-08,Insulin Glargine Pen,Diabetes Care,USA,784.18,13,418.71,Retail Pharmacy
2023-11-08,Insulin Glargine Pen,Diabetes Care,India,2715.62,42,1286.55,Hospital
2023-11-08,Atorvastatin 20mg (30ct),Cardiovascular,Japan,356.35,19,133.47,Government Tender
2023-11-08,Amoxicillin 500mg (20ct),Antibiotics,Japan,382.72,30,178.68,Retail Pharmacy
2023-11-08,Omeprazole 20mg (28ct),Gastro,UK,382.0,28,137.78,Government Tender
2023-11-08,Ibuprofen 400mg (30ct),Pain Relief,Brazil,102.81,17,34.38,Hospital
2023-11-09,Ibuprofen 400mg (30ct),Pain Relief,UK,57.1,8,17.13,Hospital
2023-11-09,Insulin Glargine Pen,Diabetes Care,UK,5605.61,89,2855.76,Government Tender
2023-11-09,Omeprazole 20mg (28ct),Gastro,USA,173.78,16,76.94,Hospital
2023-11-09,Amoxicillin 500mg (20ct),Antibiotics,Brazil,681.11,47,282.58,Government Tender
2023-11-09,Atorvastatin 20mg (30ct),Cardiovascular,USA,866.09,53,395.76,Hospital
2023-11-09,Multivitamin Complex,Supplements,Japan,48.39,3,16.65,Retail Pharmacy
2023-11-09,Atorvastatin 20mg (30ct),Cardiovascular,UK,97.63,5,35.42,Hospital
2023-11-09,Loratadine 10mg (14ct),Allergy,Brazil,128.71,14,47.21,Retail Pharmacy
2023-11-09,Amoxicillin 500mg (20ct),Antibiotics,Japan,164.93,13,77.45,Retail Pharmacy
2023-11-09,Insulin Glargine Pen,Diabetes Care,India,1061.82,16,515.25,Retail Pharmacy
2023-11-10,Salbutamol Inhaler,Respiratory,India,302.86,14,127.99,Hospital
2023-11-10,Insulin Glargine Pen,Diabetes Care,Japan,932.21,16,517.74,Government Tender
2023-11-10,Atorvastatin 20mg (30ct),Cardiovascular,Brazil,523.04,27,201.32,Government Tender
2023-11-10,Salbutamol Inhaler,Respiratory,USA,280.32,13,115.59,Hospital
2023-11-10,Atorvastatin 20mg (30ct),Cardiovascular,Germany,366.54,19,130.32,Government Tender
2023-11-10,Amoxicillin 500mg (20ct),Antibiotics,USA,508.99,36,212.8,Hospital
2023-11-10,Ibuprofen 400mg (30ct),Pain Relief,Germany,316.05,45,97.84,Retail Pharmacy
2023-11-10,Ibuprofen 400mg (30ct),Pain Relief,Germany,135.78,22,44.33,Government Tender
2023-11-11,Loratadine 10mg (14ct),Allergy,Germany,356.32,38,128.78,Retail Pharmacy
2023-11-11,Amoxicillin 500mg (20ct),Antibiotics,USA,290.33,20,118.37,Hospital
2023-11-11,Insulin Glargine Pen,Diabetes Care,Brazil,3860.99,55,1764.56,Government Tender
2023-11-11,Amoxicillin 500mg (20ct),Antibiotics,UK,253.26,19,107.78,Government Tender
2023-11-11,Salbutamol Inhaler,Respiratory,India,492.89,21,199.29,Government Tender
2023-11-11,Omeprazole 20mg (28ct),Gastro,India,107.18,10,48.75,Government Tender
2023-11-11,Atorvastatin 20mg (30ct),Cardiovascular,India,117.71,7,51.76,Retail Pharmacy
2023-11-11,Ibuprofen 400mg (30ct),Pain Relief,USA,95.4,15,31.85,Hospital
2023-11-11,Insulin Glargine Pen,Diabetes Care,Japan,2446.39,41,1244.38,Hospital
2023-11-11,Atorvastatin 20mg (30ct),Cardiovascular,Brazil,862.43,49,369.1,Government Tender
2023-11-11,Insulin Glargine Pen,Diabetes Care,Brazil,589.28,9,269.06,Retail Pharmacy
2023-11-11,Ibuprofen 400mg (30ct),Pain Relief,Brazil,56.18,9,18.54,Retail Pharmacy
2023-11-11,Atorvastatin 20mg (30ct),Cardiovascular,Brazil,646.08,36,261.77,Retail Pharmacy
2023-11-11,Multivitamin Complex,Supplements,India,217.72,16,91.76,Retail Pharmacy
2023-11-11,Multivitamin Complex,Supplements,Germany,352.16,25,133.2,Government Tender
2023-11-11,Ibuprofen 400mg (30ct),Pain Relief,USA,96.19,17,36.56,Retail Pharmacy
2023-11-12,Omeprazole 20mg (28ct),Gastro,UK,94.61,7,35.02,Hospital
2023-11-12,Omeprazole 20mg (28ct),Gastro,USA,624.62,55,260.68,Hospital
2023-11-12,Ibuprofen 400mg (30ct),Pain Relief,Japan,48.29,8,17.28,Retail Pharmacy
2023-11-12,Atorvastatin 20mg (30ct),Cardiovascular,UK,712.43,42,294.47,Hospital
2023-11-12,Multivitamin Complex,Supplements,Brazil,1092.46,68,368.19,Retail Pharmacy
2023-11-13,Atorvastatin 20mg (30ct),Cardiovascular,USA,1113.86,57,423.45,Retail Pharmacy
2023-11-13,Omeprazole 20mg (28ct),Gastro,Brazil,361.7,32,150.4,Retail Pharmacy
2023-11-13,Ibuprofen 400mg (30ct),Pain Relief,USA,246.42,42,88.17,Government Tender
2023-11-13,Amoxicillin 500mg (20ct),Antibiotics,USA,518.59,42,242.94,Hospital
2023-11-13,Insulin Glargine Pen,Diabetes Care,UK,2316.84,34,1040.19,Hospital
2023-11-13,Salbutamol Inhaler,Respiratory,Germany,235.35,10,92.82,Retail Pharmacy
2023-11-13,Multivitamin Complex,Supplements,Brazil,302.08,22,120.17,Retail Pharmacy
2023-11-13,Atorvastatin 20mg (30ct),Cardiovascular,UK,490.94,30,218.7,Hospital
2023-11-13,Atorvastatin 20mg (30ct),Cardiovascular,UK,137.87,7,49.81,Retail Pharmacy
2023-11-13,Multivitamin Complex,Supplements,Germany,14.26,1,5.68,Hospital
2023-11-14,Omeprazole 20mg (28ct),Gastro,UK,128.95,12,58.21,Hospital
2023-11-14,Ibuprofen 400mg (30ct),Pain Relief,USA,202.04,35,71.53,Retail Pharmacy
2023-11-14,Ibuprofen 400mg (30ct),Pain Relief,Japan,64.26,10,21.23,Government Tender
2023-11-14,Loratadine 10mg (14ct),Allergy,USA,294.23,34,120.59,Retail Pharmacy
2023-11-14,Atorvastatin 20mg (30ct),Cardiovascular,India,566.44,31,221.87,Retail Pharmacy
2023-11-14,Ibuprofen 400mg (30ct),Pain Relief,India,221.15,32,69.02,Retail Pharmacy
2023-11-15,Omeprazole 20mg (28ct),Gastro,Japan,291.73,25,122.35,Government Tender
2023-11-15,Loratadine 10mg (14ct),Allergy,Japan,186.08,21,74.87,Government Tender
2023-11-15,Insulin Glargine Pen,Diabetes Care,Brazil,357.51,6,181.55,Hospital
2023-11-15,Salbutamol Inhaler,Respiratory,Japan,1240.45,61,563.16,Government Tender
2023-11-15,Loratadine 10mg (14ct),Allergy,USA,506.9,49,161.78,Retail Pharmacy
2023-11-15,Salbutamol Inhaler,Respiratory,Japan,274.92,12,105.91,Hospital
2023-11-15,Insulin Glargine Pen,Diabetes Care,Brazil,1287.89,19,583.41,Hospital
2023-11-15,Multivitamin Complex,Supplements,USA,283.12,22,119.06,Government Tender
2023-11-15,Salbutamol Inhaler,Respiratory,Germany,676.12,35,304.6,Government Tender
2023-11-15,Amoxicillin 500mg (20ct),Antibiotics,Germany,579.55,43,243.43,Retail Pharmacy
2023-11-16,Amoxicillin 500mg (20ct),Antibiotics,Brazil,324.04,23,137.81,Hospital
2023-11-16,Loratadine 10mg (14ct),Allergy,Brazil,228.96,25,82.21,Retail Pharmacy
2023-11-16,Amoxicillin 500mg (20ct),Antibiotics,Germany,149.82,10,58.09,Government Tender
2023-11-16,Amoxicillin 500mg (20ct),Antibiotics,India,448.12,34,192.81,Hospital
2023-11-16,Multivitamin Complex,Supplements,Germany,273.29,17,96.73,Retail Pharmacy
2023-11-16,Loratadine 10mg (14ct),Allergy,India,302.43,35,121.45,Government Tender
2023-11-17,Loratadine 10mg (14ct),Allergy,Japan,299.61,28,91.5,Government Tender
2023-11-17,Loratadine 10mg (14ct),Allergy,India,61.06,6,21.13,Hospital
2023-11-17,Loratadine 10mg (14ct),Allergy,USA,333.56,37,124.76,Hospital
2023-11-17,Multivitamin Complex,Supplements,Japan,353.65,22,116.44,Hospital
2023-11-17,Omeprazole 20mg (28ct),Gastro,USA,222.74,17,82.71,Hospital
2023-11-17,Insulin Glargine Pen,Diabetes Care,Brazil,1483.25,20,649.2,Retail Pharmacy
2023-11-17,Insulin Glargine Pen,Diabetes Care,Japan,1674.02,24,774.54,Retail Pharmacy
2023-11-17,Salbutamol Inhaler,Respiratory,Brazil,718.97,33,293.13,Hospital
2023-11-18,Salbutamol Inhaler,Respiratory,Brazil,294.75,15,139.0,Retail Pharmacy
2023-11-18,Insulin Glargine Pen,Diabetes Care,UK,1930.12,29,938.37,Government Tender
2023-11-18,Salbutamol Inhaler,Respiratory,India,782.81,32,298.63,Hospital
2023-11-18,Insulin Glargine Pen,Diabetes Care,India,7305.53,107,3201.92,Retail Pharmacy
2023-11-18,Atorvastatin 20mg (30ct),Cardiovascular,Brazil,124.64,7,51.31,Retail Pharmacy
2023-11-18,Ibuprofen 400mg (30ct),Pain Relief,USA,337.29,59,117.87,Hospital
2023-11-18,Multivitamin Complex,Supplements,Japan,459.97,35,194.43,Hospital
2023-11-18,Ibuprofen 400mg (30ct),Pain Relief,USA,143.8,25,53.78,Hospital
2023-11-18,Insulin Glargine Pen,Diabetes Care,USA,2571.64,40,1280.41,Government Tender
2023-11-18,Multivitamin Complex,Supplements,Germany,180.68,11,62.41,Hospital
2023-11-18,Insulin Glargine Pen,Diabetes Care,Japan,726.19,12,377.29,Retail Pharmacy
2023-11-18,Omeprazole 20mg (28ct),Gastro,USA,382.6,32,152.63,Government Tender
2023-11-18,Multivitamin Complex,Supplements,India,142.57,10,55.96,Hospital
2023-11-19,Atorvastatin 20mg (30ct),Cardiovascular,Japan,286.38,16,115.51,Retail Pharmacy
2023-11-19,Amoxicillin 500mg (20ct),Antibiotics,India,610.99,41,227.11,Government Tender
2023-11-19,Amoxicillin 500mg (20ct),Antibiotics,USA,186.19,12,68.91,Hospital
2023-11-19,Amoxicillin 500mg (20ct),Antibiotics,India,26.77,2,11.07,Retail Pharmacy
2023-11-19,Omeprazole 20mg (28ct),Gastro,USA,394.14,30,152.48,Hospital
2023-11-19,Insulin Glargine Pen,Diabetes Care,Germany,428.91,7,207.94,Government Tender
2023-11-19,Salbutamol Inhaler,Respiratory,Germany,430.35,20,181.74,Retail Pharmacy
2023-11-19,Omeprazole 20mg (28ct),Gastro,USA,307.97,23,112.75,Government Tender
2023-11-19,Salbutamol Inhaler,Respiratory,Brazil,687.54,31,283.71,Hospital
2023-11-19,Salbutamol Inhaler,Respiratory,India,154.15,8,75.36,Retail Pharmacy
2023-11-19,Multivitamin Complex,Supplements,USA,644.6,42,232.81,Retail Pharmacy
2023-11-19,Omeprazole 20mg (28ct),Gastro,UK,260.77,24,116.64,Hospital
2023-11-20,Salbutamol Inhaler,Respiratory,Japan,318.4,15,132.85,Retail Pharmacy
2023-11-20,Omeprazole 20mg (28ct),Gastro,Japan,53.25,5,23.32,Government Tender
2023-11-20,Salbutamol Inhaler,Respiratory,India,559.13,23,215.77,Hospital
2023-11-20,Multivitamin Complex,Supplements,UK,326.23,23,125.18,Hospital
2023-11-20,Insulin Glargine Pen,Diabetes Care,Germany,1762.35,24,730.97,Hospital
2023-11-20,Atorvastatin 20mg (30ct),Cardiovascular,USA,783.39,41,282.22,Retail Pharmacy
2023-11-20,Omeprazole 20mg (28ct),Gastro,Japan,196.87,15,76.73,Retail Pharmacy
2023-11-21,Ibuprofen 400mg (30ct),Pain Relief,Germany,210.59,38,77.56,Government Tender
2023-11-21,Multivitamin Complex,Supplements,Germany,129.65,9,48.67,Government Tender
2023-11-21,Amoxicillin 500mg (20ct),Antibiotics,UK,199.68,14,83.61,Retail Pharmacy
2023-11-21,Insulin Glargine Pen,Diabetes Care,UK,2197.43,35,1076.46,Hospital
2023-11-21,Insulin Glargine Pen,Diabetes Care,USA,1388.89,20,608.23,Hospital
2023-11-21,Loratadine 10mg (14ct),Allergy,USA,299.6,28,91.9,Government Tender
2023-11-21,Loratadine 10mg (14ct),Allergy,Germany,406.88,39,130.69,Hospital
2023-11-21,Multivitamin Complex,Supplements,Japan,324.28,23,125.34,Hospital
2023-11-21,Loratadine 10mg (14ct),Allergy,Japan,152.74,17,54.94,Government Tender
2023-11-21,Atorvastatin 20mg (30ct),Cardiovascular,USA,503.71,28,202.38,Hospital
2023-11-21,Multivitamin Complex,Supplements,UK,182.46,13,74.74,Hospital
2023-11-21,Atorvastatin 20mg (30ct),Cardiovascular,Japan,224.42,13,96.66,Hospital
2023-11-22,Multivitamin Complex,Supplements,Japan,187.0,12,63.9,Retail Pharmacy
2023-11-22,Ibuprofen 400mg (30ct),Pain Relief,UK,216.54,36,76.97,Hospital
2023-11-22,Insulin Glargine Pen,Diabetes Care,Germany,383.35,6,193.3,Government Tender
2023-11-22,Atorvastatin 20mg (30ct),Cardiovascular,India,302.46,17,125.95,Retail Pharmacy
2023-11-22,Multivitamin Complex,Supplements,UK,338.04,24,128.42,Retail Pharmacy
2023-11-22,Multivitamin Complex,Supplements,Brazil,491.81,38,209.32,Hospital
2023-11-22,Multivitamin Complex,Supplements,Brazil,46.2,3,17.1,Government Tender
2023-11-23,Insulin Glargine Pen,Diabetes Care,Japan,1016.03,15,460.61,Government Tender
2023-11-23,Amoxicillin 500mg (20ct),Antibiotics,USA,87.69,7,40.76,Government Tender
2023-11-23,Omeprazole 20mg (28ct),Gastro,UK,86.52,7,35.92,Government Tender
2023-11-23,Salbutamol Inhaler,Respiratory,UK,534.55,25,222.37,Retail Pharmacy
2023-11-23,Multivitamin Complex,Supplements,UK,704.21,45,240.4,Government Tender
2023-11-23,Atorvastatin 20mg (30ct),Cardiovascular,UK,220.81,11,77.77,Hospital
2023-11-23,Atorvastatin 20mg (30ct),Cardiovascular,Germany,303.57,16,116.72,Government Tender
2023-11-23,Loratadine 10mg (14ct),Allergy,USA,338.29,32,112.91,Government Tender
2023-11-23,Amoxicillin 500mg (20ct),Antibiotics,UK,582.39,47,266.37,Hospital
2023-11-24,Ibuprofen 400mg (30ct),Pain Relief,UK,141.74,21,43.89,Hospital
2023-11-24,Ibuprofen 400mg (30ct),Pain Relief,Japan,105.74,19,40.78,Government Tender
2023-11-24,Atorvastatin 20mg (30ct),Cardiovascular,Germany,505.09,27,195.32,Hospital
2023-11-24,Insulin Glargine Pen,Diabetes Care,Germany,2504.68,39,1224.03,Hospital
2023-11-24,Ibuprofen 400mg (30ct),Pain Relief,UK,82.21,13,27.12,Hospital
2023-11-24,Salbutamol Inhaler,Respiratory,UK,577.64,27,255.37,Government Tender
2023-11-25,Insulin Glargine Pen,Diabetes Care,Germany,1752.22,28,877.54,Retail Pharmacy
2023-11-25,Insulin Glargine Pen,Diabetes Care,UK,1012.86,14,443.55,Hospital
2023-11-25,Omeprazole 20mg (28ct),Gastro,Brazil,289.53,26,131.64,Hospital
2023-11-25,Atorvastatin 20mg (30ct),Cardiovascular,India,566.16,34,252.92,Retail Pharmacy
2023-11-25,Omeprazole 20mg (28ct),Gastro,UK,425.94,33,158.0,Government Tender
2023-11-26,Loratadine 10mg (14ct),Allergy,USA,102.06,10,32.84,Hospital
2023-11-26,Omeprazole 20mg (28ct),Gastro,UK,233.87,18,92.03,Hospital
2023-11-26,Amoxicillin 500mg (20ct),Antibiotics,USA,172.83,12,68.14,Retail Pharmacy
2023-11-26,Omeprazole 20mg (28ct),Gastro,Brazil,292.13,26,127.01,Government Tender
2023-11-26,Omeprazole 20mg (28ct),Gastro,Germany,228.38,19,91.88,Government Tender
2023-11-26,Multivitamin Complex,Supplements,USA,70.85,5,28.01,Hospital
2023-11-26,Loratadine 10mg (14ct),Allergy,UK,128.25,15,51.24,Hospital
2023-11-27,Insulin Glargine Pen,Diabetes Care,UK,1031.73,14,433.89,Hospital
2023-11-27,Amoxicillin 500mg (20ct),Antibiotics,Germany,491.8,32,187.88,Retail Pharmacy
2023-11-27,Ibuprofen 400mg (30ct),Pain Relief,Japan,143.2,24,49.22,Retail Pharmacy
2023-11-27,Salbutamol Inhaler,Respiratory,Germany,1054.75,52,458.72,Government Tender
2023-11-27,Loratadine 10mg (14ct),Allergy,Brazil,278.31,29,97.35,Retail Pharmacy
2023-11-27,Omeprazole 20mg (28ct),Gastro,USA,258.72,24,114.13,Hospital
2023-11-27,Multivitamin Complex,Supplements,USA,473.57,36,205.62,Hospital
2023-11-27,Omeprazole 20mg (28ct),Gastro,UK,101.86,9,45.06,Government Tender
2023-11-27,Multivitamin Complex,Supplements,USA,693.1,46,254.81,Retail Pharmacy
2023-11-27,Atorvastatin 20mg (30ct),Cardiovascular,UK,315.88,16,111.38,Hospital
2023-11-28,Salbutamol Inhaler,Respiratory,USA,248.43,13,116.84,Government Tender
2023-11-28,Ibuprofen 400mg (30ct),Pain Relief,Brazil,241.63,38,76.09,Hospital
2023-11-28,Salbutamol Inhaler,Respiratory,UK,444.77,22,208.24,Government Tender
2023-11-28,Amoxicillin 500mg (20ct),Antibiotics,UK,322.18,26,145.21,Hospital
2023-11-28,Amoxicillin 500mg (20ct),Antibiotics,Japan,393.21,29,163.52,Government Tender
2023-11-28,Insulin Glargine Pen,Diabetes Care,Brazil,872.39,15,450.25,Government Tender
2023-11-28,Atorvastatin 20mg (30ct),Cardiovascular,Brazil,213.19,12,89.89,Retail Pharmacy
2023-11-28,Salbutamol Inhaler,Respiratory,UK,1143.75,48,437.66,Government Tender
2023-11-28,Loratadine 10mg (14ct),Allergy,UK,147.99,17,59.46,Retail Pharmacy
2023-11-29,Omeprazole 20mg (28ct),Gastro,India,143.03,12,56.3,Hospital
2023-11-29,Insulin Glargine Pen,Diabetes Care,UK,2684.86,37,1104.31,Hospital
2023-11-29,Insulin Glargine Pen,Diabetes Care,Brazil,2950.33,51,1535.42,Retail Pharmacy
2023-11-29,Multivitamin Complex,Supplements,Brazil,518.77,34,195.87,Retail Pharmacy
2023-11-29,Ibuprofen 400mg (30ct),Pain Relief,India,128.47,21,43.8,Hospital
2023-11-29,Salbutamol Inhaler,Respiratory,USA,337.3,16,149.24,Government Tender
2023-11-30,Amoxicillin 500mg (20ct),Antibiotics,India,206.21,17,97.29,Retail Pharmacy
2023-11-30,Multivitamin Complex,Supplements,India,376.08,27,154.33,Retail Pharmacy
2023-11-30,Loratadine 10mg (14ct),Allergy,USA,217.95,26,86.71,Government Tender
2023-11-30,Salbutamol Inhaler,Respiratory,Japan,278.22,12,104.47,Hospital
2023-11-30,Loratadine 10mg (14ct),Allergy,USA,139.19,13,45.34,Retail Pharmacy
2023-11-30,Atorvastatin 20mg (30ct),Cardiovascular,Germany,301.67,18,125.95,Retail Pharmacy
2023-12-01,Loratadine 10mg (14ct),Allergy,USA,266.94,27,93.55,Government Tender
2023-12-01,Insulin Glargine Pen,Diabetes Care,India,1733.48,24,716.64,Retail Pharmacy
2023-12-01,Salbutamol Inhaler,Respiratory,UK,329.5,14,132.24,Retail Pharmacy
2023-12-01,Multivitamin Complex,Supplements,India,135.8,10,55.24,Retail Pharmacy
2023-12-01,Loratadine 10mg (14ct),Allergy,UK,414.18,41,138.27,Government Tender
2023-12-01,Insulin Glargine Pen,Diabetes Care,USA,1432.32,21,650.14,Government Tender
2023-12-01,Loratadine 10mg (14ct),Allergy,UK,117.18,11,36.58,Retail Pharmacy
2023-12-01,Salbutamol Inhaler,Respiratory,UK,508.62,22,205.48,Retail Pharmacy
2023-12-01,Ibuprofen 400mg (30ct),Pain Relief,USA,118.13,19,39.29,Government Tender
2023-12-02,Loratadine 10mg (14ct),Allergy,Brazil,97.04,11,37.28,Government Tender
2023-12-02,Atorvastatin 20mg (30ct),Cardiovascular,Japan,626.89,31,216.98,Hospital
2023-12-02,Insulin Glargine Pen,Diabetes Care,Japan,1859.71,29,895.51,Retail Pharmacy
2023-12-02,Omeprazole 20mg (28ct),Gastro,Germany,622.79,48,236.99,Government Tender
2023-12-02,Amoxicillin 500mg (20ct),Antibiotics,UK,279.49,21,122.84,Government Tender
2023-12-02,Atorvastatin 20mg (30ct),Cardiovascular,Brazil,482.75,24,170.1,Government Tender
2023-12-02,Salbutamol Inhaler,Respiratory,Japan,676.2,32,296.94,Retail Pharmacy
2023-12-02,Salbutamol Inhaler,Respiratory,India,671.72,33,305.84,Hospital
2023-12-02,Amoxicillin 500mg (20ct),Antibiotics,USA,277.36,20,114.45,Government Tender
2023-12-02,Loratadine 10mg (14ct),Allergy,Brazil,277.84,29,100.98,Government Tender
2023-12-03,Atorvastatin 20mg (30ct),Cardiovascular,USA,413.81,23,170.97,Government Tender
2023-12-03,Insulin Glargine Pen,Diabetes Care,USA,774.77,13,406.24,Government Tender
2023-12-03,Amoxicillin 500mg (20ct),Antibiotics,USA,104.35,8,48.44,Government Tender
2023-12-03,Salbutamol Inhaler,Respiratory,Germany,806.02,35,312.19,Government Tender
2023-12-03,Omeprazole 20mg (28ct),Gastro,Germany,604.14,46,235.79,Hospital
2023-12-03,Insulin Glargine Pen,Diabetes Care,India,364.39,6,186.59,Government Tender
2023-12-03,Ibuprofen 400mg (30ct),Pain Relief,Germany,92.56,15,30.61,Hospital
2023-12-03,Omeprazole 20mg (28ct),Gastro,Japan,392.95,31,145.09,Retail Pharmacy
2023-12-03,Atorvastatin 20mg (30ct),Cardiovascular,Germany,66.8,4,28.68,Retail Pharmacy
2023-12-03,Salbutamol Inhaler,Respiratory,UK,644.25,28,247.8,Retail Pharmacy
2023-12-04,Amoxicillin 500mg (20ct),Antibiotics,Germany,378.21,29,174.37,Hospital
2023-12-04,Atorvastatin 20mg (30ct),Cardiovascular,India,571.06,34,244.66,Government Tender
2023-12-04,Amoxicillin 500mg (20ct),Antibiotics,Brazil,148.99,11,65.84,Hospital
2023-12-04,Insulin Glargine Pen,Diabetes Care,Japan,1000.53,17,507.06,Government Tender
2023-12-04,Loratadine 10mg (14ct),Allergy,USA,147.47,16,53.39,Hospital
2023-12-04,Amoxicillin 500mg (20ct),Antibiotics,Germany,188.95,15,89.18,Hospital
2023-12-04,Multivitamin Complex,Supplements,Japan,137.63,9,48.0,Government Tender
2023-12-04,Ibuprofen 400mg (30ct),Pain Relief,Brazil,124.82,19,41.33,Government Tender
2023-12-04,Amoxicillin 500mg (20ct),Antibiotics,India,488.05,34,195.38,Government Tender
2023-12-04,Multivitamin Complex,Supplements,UK,428.53,33,187.25,Retail Pharmacy
2023-12-05,Multivitamin Complex,Supplements,India,361.58,27,141.56,Government Tender
2023-12-05,Atorvastatin 20mg (30ct),Cardiovascular,UK,386.13,24,173.94,Government Tender
2023-12-05,Amoxicillin 500mg (20ct),Antibiotics,UK,382.66,30,172.1,Hospital
2023-12-05,Insulin Glargine Pen,Diabetes Care,USA,807.61,13,422.68,Retail Pharmacy
2023-12-05,Loratadine 10mg (14ct),Allergy,Germany,232.03,24,78.72,Hospital
2023-12-05,Atorvastatin 20mg (30ct),Cardiovascular,USA,472.4,24,170.47,Retail Pharmacy
2023-12-05,Atorvastatin 20mg (30ct),Cardiovascular,Brazil,205.49,10,70.99,Government Tender
2023-12-05,Ibuprofen 400mg (30ct),Pain Relief,Brazil,232.52,33,68.38,Hospital
2023-12-05,Amoxicillin 500mg (20ct),Antibiotics,India,502.44,38,216.36,Hospital
2023-12-06,Ibuprofen 400mg (30ct),Pain Relief,Japan,78.79,14,30.12,Government Tender
2023-12-06,Loratadine 10mg (14ct),Allergy,UK,103.21,12,40.85,Government Tender
2023-12-06,Atorvastatin 20mg (30ct),Cardiovascular,USA,556.53,28,207.63,Hospital
2023-12-06,Omeprazole 20mg (28ct),Gastro,India,358.65,27,131.66,Government Tender
2023-12-06,Salbutamol Inhaler,Respiratory,India,518.32,22,208.52,Hospital
2023-12-07,Ibuprofen 400mg (30ct),Pain Relief,India,96.43,16,34.45,Retail Pharmacy
2023-12-07,Omeprazole 20mg (28ct),Gastro,Japan,500.93,40,187.49,Retail Pharmacy
2023-12-07,Salbutamol Inhaler,Respiratory,Germany,358.42,15,136.43,Government Tender
2023-12-07,Insulin Glargine Pen,Diabetes Care,USA,2323.95,37,1129.01,Government Tender
2023-12-07,Omeprazole 20mg (28ct),Gastro,USA,328.28,25,120.17,Hospital
2023-12-07,Amoxicillin 500mg (20ct),Antibiotics,Germany,674.42,51,287.96,Hospital
2023-12-07,Insulin Glargine Pen,Diabetes Care,USA,2334.3,34,1068.34,Hospital
2023-12-07,Salbutamol Inhaler,Respiratory,India,724.3,33,295.04,Retail Pharmacy
2023-12-08,Loratadine 10mg (14ct),Allergy,India,53.59,5,16.7,Government Tender
2023-12-08,Insulin Glargine Pen,Diabetes Care,Brazil,203.13,3,92.53,Government Tender
2023-12-08,Insulin Glargine Pen,Diabetes Care,Japan,1696.81,25,799.1,Retail Pharmacy
2023-12-08,Omeprazole 20mg (28ct),Gastro,Japan,452.87,33,155.6,Retail Pharmacy
2023-12-08,Amoxicillin 500mg (20ct),Antibiotics,Brazil,158.3,13,78.46,Government Tender
2023-12-08,Amoxicillin 500mg (20ct),Antibiotics,Germany,557.79,36,202.12,Government Tender
2023-12-08,Loratadine 10mg (14ct),Allergy,Germany,318.92,38,130.9,Retail Pharmacy
2023-12-08,Amoxicillin 500mg (20ct),Antibiotics,Japan,498.18,36,202.18,Government Tender
2023-12-08,Loratadine 10mg (14ct),Allergy,Germany,267.05,29,103.24,Government Tender
2023-12-08,Salbutamol Inhaler,Respiratory,UK,332.59,15,130.29,Retail Pharmacy
2023-12-08,Amoxicillin 500mg (20ct),Antibiotics,UK,162.21,12,72.54,Hospital
2023-12-08,Insulin Glargine Pen,Diabetes Care,India,818.85,11,340.42,Retail Pharmacy
2023-12-08,Loratadine 10mg (14ct),Allergy,Japan,277.5,32,106.09,Retail Pharmacy
2023-12-08,Salbutamol Inhaler,Respiratory,Germany,402.89,21,182.21,Hospital
2023-12-08,Atorvastatin 20mg (30ct),Cardiovascular,UK,340.92,19,131.21,Retail Pharmacy
2023-12-08,Amoxicillin 500mg (20ct),Antibiotics,UK,124.81,10,57.05,Government Tender
2023-12-08,Ibuprofen 400mg (30ct),Pain Relief,Brazil,278.94,49,102.96,Retail Pharmacy
2023-12-09,Ibuprofen 400mg (30ct),Pain Relief,USA,333.18,51,108.99,Retail Pharmacy
2023-12-09,Multivitamin Complex,Supplements,Japan,42.62,3,16.91,Retail Pharmacy
2023-12-09,Loratadine 10mg (14ct),Allergy,Brazil,157.31,15,50.6,Government Tender
2023-12-09,Atorvastatin 20mg (30ct),Cardiovascular,UK,286.24,15,103.19,Government Tender
2023-12-09,Multivitamin Complex,Supplements,Brazil,608.64,47,247.15,Retail Pharmacy
2023-12-09,Insulin Glargine Pen,Diabetes Care,India,900.27,15,483.96,Retail Pharmacy
2023-12-10,Insulin Glargine Pen,Diabetes Care,USA,1267.11,18,553.75,Government Tender
2023-12-10,Multivitamin Complex,Supplements,India,159.45,12,66.85,Retail Pharmacy
2023-12-10,Omeprazole 20mg (28ct),Gastro,Germany,621.18,55,272.82,Hospital
2023-12-10,Loratadine 10mg (14ct),Allergy,India,234.08,24,85.07,Hospital
2023-12-10,Amoxicillin 500mg (20ct),Antibiotics,USA,561.39,36,215.87,Retail Pharmacy
2023-12-10,Salbutamol Inhaler,Respiratory,Germany,1045.3,51,476.33,Hospital
2023-12-10,Omeprazole 20mg (28ct),Gastro,UK,136.57,10,46.82,Hospital
2023-12-10,Multivitamin Complex,Supplements,USA,78.13,6,33.39,Hospital
2023-12-10,Atorvastatin 20mg (30ct),Cardiovascular,Japan,352.88,17,124.68,Retail Pharmacy
2023-12-11,Insulin Glargine Pen,Diabetes Care,Brazil,3401.41,47,1444.24,Government Tender
2023-12-11,Loratadine 10mg (14ct),Allergy,Germany,162.07,16,54.66,Hospital
2023-12-11,Omeprazole 20mg (28ct),Gastro,UK,485.77,39,186.98,Retail Pharmacy
2023-12-11,Ibuprofen 400mg (30ct),Pain Relief,USA,327.51,48,101.3,Government Tender
2023-12-11,Omeprazole 20mg (28ct),Gastro,Japan,88.75,7,34.17,Government Tender
2023-12-11,Ibuprofen 400mg (30ct),Pain Relief,UK,131.1,23,50.46,Hospital
2023-12-11,Insulin Glargine Pen,Diabetes Care,Brazil,527.71,9,277.29,Government Tender
2023-12-11,Atorvastatin 20mg (30ct),Cardiovascular,UK,524.18,32,233.94,Hospital
2023-12-11,Salbutamol Inhaler,Respiratory,Germany,334.42,14,127.84,Retail Pharmacy
2023-12-12,Loratadine 10mg (14ct),Allergy,UK,303.07,29,97.41,Hospital
2023-12-12,Omeprazole 20mg (28ct),Gastro,Brazil,384.27,28,133.11,Retail Pharmacy
2023-12-12,Salbutamol Inhaler,Respiratory,Brazil,456.63,19,180.29,Hospital
2023-12-12,Amoxicillin 500mg (20ct),Antibiotics,India,498.89,33,182.98,Hospital
2023-12-12,Insulin Glargine Pen,Diabetes Care,India,1627.13,28,907.07,Government Tender
2023-12-12,Omeprazole 20mg (28ct),Gastro,USA,446.07,33,156.57,Government Tender
2023-12-12,Omeprazole 20mg (28ct),Gastro,Brazil,153.48,12,56.14,Retail Pharmacy
2023-12-12,Insulin Glargine Pen,Diabetes Care,UK,1115.42,15,481.94,Retail Pharmacy
2023-12-12,Ibuprofen 400mg (30ct),Pain Relief,Germany,70.56,12,24.28,Retail Pharmacy
2023-12-13,Salbutamol Inhaler,Respiratory,Japan,1007.17,42,392.63,Government Tender
2023-12-13,Omeprazole 20mg (28ct),Gastro,UK,64.7,5,24.38,Hospital
2023-12-13,Multivitamin Complex,Supplements,Japan,265.21,18,100.45,Hospital
2023-12-13,Ibuprofen 400mg (30ct),Pain Relief,USA,34.19,6,12.12,Government Tender
2023-12-14,Salbutamol Inhaler,Respiratory,Brazil,490.18,25,225.68,Hospital
2023-12-14,Salbutamol Inhaler,Respiratory,USA,195.25,8,70.08,Government Tender
2023-12-14,Omeprazole 20mg (28ct),Gastro,Brazil,456.89,37,185.28,Government Tender
2023-12-14,Insulin Glargine Pen,Diabetes Care,Brazil,2708.12,39,1156.97,Government Tender
2023-12-14,Loratadine 10mg (14ct),Allergy,Brazil,51.33,5,17.14,Retail Pharmacy
2023-12-14,Atorvastatin 20mg (30ct),Cardiovascular,India,336.18,20,140.0,Retail Pharmacy
2023-12-14,Omeprazole 20mg (28ct),Gastro,India,84.59,7,34.33,Retail Pharmacy
2023-12-14,Salbutamol Inhaler,Respiratory,Brazil,521.76,25,230.38,Retail Pharmacy
2023-12-15,Salbutamol Inhaler,Respiratory,USA,482.88,23,215.88,Government Tender
2023-12-15,Omeprazole 20mg (28ct),Gastro,India,304.27,28,131.36,Government Tender
2023-12-15,Omeprazole 20mg (28ct),Gastro,USA,326.78,27,129.77,Hospital
2023-12-15,Omeprazole 20mg (28ct),Gastro,Japan,217.44,17,79.79,Hospital
2023-12-15,Insulin Glargine Pen,Diabetes Care,UK,627.22,9,288.8,Retail Pharmacy
2023-12-15,Ibuprofen 400mg (30ct),Pain Relief,USA,139.92,21,42.11,Government Tender
2023-12-15,Salbutamol Inhaler,Respiratory,USA,550.2,24,221.27,Hospital
2023-12-15,Omeprazole 20mg (28ct),Gastro,India,188.54,17,84.31,Retail Pharmacy
2023-12-16,Salbutamol Inhaler,Respiratory,Japan,683.99,34,322.6,Government Tender
2023-12-16,Ibuprofen 400mg (30ct),Pain Relief,India,56.2,10,21.8,Retail Pharmacy
2023-12-16,Atorvastatin 20mg (30ct),Cardiovascular,Brazil,208.38,12,90.7,Hospital
2023-12-16,Ibuprofen 400mg (30ct),Pain Relief,Japan,75.49,13,26.43,Government Tender
2023-12-16,Amoxicillin 500mg (20ct),Antibiotics,UK,205.81,16,95.21,Hospital
2023-12-16,Atorvastatin 20mg (30ct),Cardiovascular,USA,668.54,35,251.73,Retail Pharmacy
2023-12-16,Amoxicillin 500mg (20ct),Antibiotics,Brazil,1579.8,110,608.79,Government Tender
2023-12-16,Loratadine 10mg (14ct),Allergy,USA,73.79,8,28.48,Hospital
2023-12-16,Insulin Glargine Pen,Diabetes Care,UK,1395.69,22,699.71,Hospital
2023-12-16,Multivitamin Complex,Supplements,UK,538.98,37,210.82,Retail Pharmacy
2023-12-16,Loratadine 10mg (14ct),Allergy,India,113.7,13,42.01,Retail Pharmacy
2023-12-16,Ibuprofen 400mg (30ct),Pain Relief,UK,45.49,7,14.88,Hospital
2023-12-16,Atorvastatin 20mg (30ct),Cardiovascular,Brazil,488.46,29,215.49,Retail Pharmacy
2023-12-17,Amoxicillin 500mg (20ct),Antibiotics,Brazil,216.85,15,85.58,Hospital
2023-12-17,Omeprazole 20mg (28ct),Gastro,Brazil,272.47,20,93.82,Retail Pharmacy
2023-12-17,Amoxicillin 500mg (20ct),Antibiotics,Germany,29.09,2,11.7,Hospital
2023-12-17,Ibuprofen 400mg (30ct),Pain Relief,Japan,32.7,5,10.48,Government Tender
2023-12-17,Atorvastatin 20mg (30ct),Cardiovascular,Japan,207.35,12,84.31,Government Tender
2023-12-17,Multivitamin Complex,Supplements,Germany,107.1,7,36.89,Hospital
2023-12-17,Atorvastatin 20mg (30ct),Cardiovascular,UK,223.47,13,93.83,Hospital
2023-12-17,Atorvastatin 20mg (30ct),Cardiovascular,UK,656.59,39,285.05,Retail Pharmacy
2023-12-18,Insulin Glargine Pen,Diabetes Care,UK,1307.36,19,568.46,Hospital
2023-12-18,Multivitamin Complex,Supplements,India,543.98,35,195.16,Government Tender
2023-12-18,Insulin Glargine Pen,Diabetes Care,India,1793.25,25,775.97,Government Tender
2023-12-18,Loratadine 10mg (14ct),Allergy,Germany,232.21,22,73.05,Retail Pharmacy
2023-12-18,Amoxicillin 500mg (20ct),Antibiotics,Germany,339.39,25,143.28,Retail Pharmacy
2023-12-18,Ibuprofen 400mg (30ct),Pain Relief,Germany,103.29,15,32.9,Government Tender
2023-12-18,Salbutamol Inhaler,Respiratory,India,229.51,10,90.02,Hospital
2023-12-18,Amoxicillin 500mg (20ct),Antibiotics,Japan,310.92,20,116.88,Hospital
2023-12-18,Loratadine 10mg (14ct),Allergy,India,144.88,16,56.01,Retail Pharmacy
2023-12-19,Ibuprofen 400mg (30ct),Pain Relief,UK,125.61,22,47.27,Retail Pharmacy
2023-12-19,Loratadine 10mg (14ct),Allergy,USA,93.95,10,34.53,Retail Pharmacy
2023-12-19,Multivitamin Complex,Supplements,Germany,463.96,29,155.61,Government Tender
2023-12-19,Loratadine 10mg (14ct),Allergy,Japan,401.89,40,130.69,Hospital
2023-12-19,Omeprazole 20mg (28ct),Gastro,Japan,295.74,22,111.33,Retail Pharmacy
2023-12-19,Omeprazole 20mg (28ct),Gastro,Germany,335.32,25,125.39,Retail Pharmacy
2023-12-19,Multivitamin Complex,Supplements,USA,377.49,23,124.33,Government Tender
2023-12-19,Amoxicillin 500mg (20ct),Antibiotics,Japan,468.95,31,184.22,Retail Pharmacy
2023-12-19,Amoxicillin 500mg (20ct),Antibiotics,Japan,324.67,23,131.41,Government Tender
2023-12-19,Multivitamin Complex,Supplements,Japan,135.52,10,56.42,Retail Pharmacy
2023-12-19,Insulin Glargine Pen,Diabetes Care,Brazil,916.61,14,418.57,Government Tender
2023-12-19,Ibuprofen 400mg (30ct),Pain Relief,Germany,323.93,51,106.72,Retail Pharmacy
2023-12-19,Amoxicillin 500mg (20ct),Antibiotics,Brazil,666.96,47,261.77,Hospital
2023-12-19,Salbutamol Inhaler,Respiratory,Japan,721.2,30,280.28,Hospital
2023-12-19,Multivitamin Complex,Supplements,Japan,819.39,55,289.43,Government Tender
2023-12-19,Salbutamol Inhaler,Respiratory,India,498.44,24,228.7,Retail Pharmacy
2023-12-19,Loratadine 10mg (14ct),Allergy,UK,115.79,13,42.76,Retail Pharmacy
2023-12-19,Omeprazole 20mg (28ct),Gastro,Germany,362.82,27,129.49,Hospital
2023-12-19,Amoxicillin 500mg (20ct),Antibiotics,Japan,67.2,5,28.19,Government Tender
2023-12-20,Omeprazole 20mg (28ct),Gastro,Japan,386.71,30,145.56,Hospital
2023-12-20,Multivitamin Complex,Supplements,Brazil,223.73,15,85.42,Government Tender
2023-12-20,Loratadine 10mg (14ct),Allergy,USA,210.37,22,74.13,Hospital
2023-12-20,Ibuprofen 400mg (30ct),Pain Relief,UK,133.27,22,45.41,Government Tender
2023-12-20,Amoxicillin 500mg (20ct),Antibiotics,UK,113.24,9,51.2,Retail Pharmacy
2023-12-20,Multivitamin Complex,Supplements,Brazil,695.1,45,259.38,Government Tender
2023-12-20,Amoxicillin 500mg (20ct),Antibiotics,USA,230.12,16,94.72,Hospital
2023-12-21,Ibuprofen 400mg (30ct),Pain Relief,Japan,231.86,39,83.24,Retail Pharmacy
2023-12-21,Omeprazole 20mg (28ct),Gastro,Japan,394.19,29,138.8,Government Tender
2023-12-21,Atorvastatin 20mg (30ct),Cardiovascular,Japan,356.85,19,133.17,Hospital
2023-12-21,Insulin Glargine Pen,Diabetes Care,Germany,265.15,4,123.4,Government Tender
2023-12-21,Amoxicillin 500mg (20ct),Antibiotics,USA,470.26,36,213.8,Hospital
2023-12-21,Amoxicillin 500mg (20ct),Antibiotics,India,485.24,38,225.04,Retail Pharmacy
2023-12-21,Omeprazole 20mg (28ct),Gastro,Germany,170.45,13,65.68,Hospital
2023-12-21,Loratadine 10mg (14ct),Allergy,UK,257.4,27,88.35,Hospital
2023-12-21,Loratadine 10mg (14ct),Allergy,Germany,258.09,26,88.9,Retail Pharmacy
2023-12-21,Multivitamin Complex,Supplements,India,334.26,21,113.53,Government Tender
2023-12-21,Atorvastatin 20mg (30ct),Cardiovascular,USA,309.31,15,105.25,Retail Pharmacy
2023-12-21,Amoxicillin 500mg (20ct),Antibiotics,Japan,245.79,20,114.31,Hospital
2023-12-22,Ibuprofen 400mg (30ct),Pain Relief,India,95.88,17,35.92,Government Tender
2023-12-22,Amoxicillin 500mg (20ct),Antibiotics,Brazil,73.1,5,30.32,Retail Pharmacy
2023-12-22,Insulin Glargine Pen,Diabetes Care,Japan,607.64,9,285.93,Hospital
2023-12-22,Loratadine 10mg (14ct),Allergy,USA,129.11,14,47.88,Government Tender
2023-12-22,Ibuprofen 400mg (30ct),Pain Relief,UK,181.63,29,58.78,Retail Pharmacy
2023-12-22,Amoxicillin 500mg (20ct),Antibiotics,Germany,216.64,14,82.87,Hospital
2023-12-22,Multivitamin Complex,Supplements,India,561.82,37,205.7,Retail Pharmacy
2023-12-22,Amoxicillin 500mg (20ct),Antibiotics,Brazil,39.37,3,17.32,Government Tender
2023-12-22,Insulin Glargine Pen,Diabetes Care,Germany,3108.63,42,1341.39,Retail Pharmacy
2023-12-23,Insulin Glargine Pen,Diabetes Care,India,848.43,13,411.58,Retail Pharmacy
2023-12-23,Multivitamin Complex,Supplements,Brazil,585.23,42,232.53,Hospital
2023-12-23,Ibuprofen 400mg (30ct),Pain Relief,Japan,66.74,11,23.91,Retail Pharmacy
2023-12-23,Multivitamin Complex,Supplements,Germany,177.38,11,57.78,Government Tender
2023-12-23,Omeprazole 20mg (28ct),Gastro,Japan,258.16,21,102.52,Government Tender
2023-12-23,Salbutamol Inhaler,Respiratory,Japan,171.48,7,63.4,Hospital
2023-12-23,Atorvastatin 20mg (30ct),Cardiovascular,Brazil,808.16,41,296.26,Retail Pharmacy
2023-12-23,Omeprazole 20mg (28ct),Gastro,India,317.46,24,122.06,Government Tender
2023-12-24,Salbutamol Inhaler,Respiratory,UK,257.8,13,119.82,Hospital
2023-12-24,Atorvastatin 20mg (30ct),Cardiovascular,India,696.91,39,271.67,Retail Pharmacy
2023-12-24,Amoxicillin 500mg (20ct),Antibiotics,Germany,155.03,12,69.19,Government Tender
2023-12-24,Insulin Glargine Pen,Diabetes Care,UK,1229.13,20,650.91,Retail Pharmacy
2023-12-24,Amoxicillin 500mg (20ct),Antibiotics,Japan,778.02,57,336.46,Retail Pharmacy
2023-12-24,Atorvastatin 20mg (30ct),Cardiovascular,Brazil,315.81,19,134.05,Retail Pharmacy
2023-12-24,Atorvastatin 20mg (30ct),Cardiovascular,Brazil,155.51,8,60.39,Retail Pharmacy
2023-12-25,Ibuprofen 400mg (30ct),Pain Relief,India,258.33,45,92.11,Government Tender
2023-12-25,Omeprazole 20mg (28ct),Gastro,Japan,55.84,5,23.57,Retail Pharmacy
2023-12-25,Omeprazole 20mg (28ct),Gastro,Japan,265.97,24,115.13,Retail Pharmacy
2023-12-25,Atorvastatin 20mg (30ct),Cardiovascular,UK,366.38,19,142.17,Government Tender
2023-12-25,Amoxicillin 500mg (20ct),Antibiotics,USA,271.47,22,128.37,Hospital
2023-12-25,Atorvastatin 20mg (30ct),Cardiovascular,Germany,719.6,40,299.98,Hospital
2023-12-25,Ibuprofen 400mg (30ct),Pain Relief,India,252.09,36,76.85,Retail Pharmacy
2023-12-25,Loratadine 10mg (14ct),Allergy,India,339.62,32,103.9,Retail Pharmacy
2023-12-25,Omeprazole 20mg (28ct),Gastro,USA,468.3,40,195.37,Hospital
2023-12-25,Ibuprofen 400mg (30ct),Pain Relief,India,166.02,24,50.94,Retail Pharmacy
2023-12-25,Amoxicillin 500mg (20ct),Antibiotics,Japan,210.61,14,83.16,Government Tender
2023-12-26,Atorvastatin 20mg (30ct),Cardiovascular,Brazil,232.68,12,89.64,Hospital
2023-12-26,Amoxicillin 500mg (20ct),Antibiotics,Japan,435.03,35,206.32,Retail Pharmacy
2023-12-26,Loratadine 10mg (14ct),Allergy,Germany,161.1,18,61.06,Government Tender
2023-12-26,Atorvastatin 20mg (30ct),Cardiovascular,Japan,295.99,15,104.58,Hospital
2023-12-26,Insulin Glargine Pen,Diabetes Care,Japan,2063.67,30,975.68,Hospital
2023-12-26,Atorvastatin 20mg (30ct),Cardiovascular,Japan,118.92,6,41.73,Hospital
2023-12-26,Omeprazole 20mg (28ct),Gastro,UK,158.12,14,71.03,Hospital
2023-12-27,Salbutamol Inhaler,Respiratory,UK,540.63,27,248.62,Government Tender
2023-12-27,Salbutamol Inhaler,Respiratory,Germany,649.7,32,279.08,Government Tender
2023-12-27,Amoxicillin 500mg (20ct),Antibiotics,USA,129.13,9,53.63,Government Tender
2023-12-27,Ibuprofen 400mg (30ct),Pain Relief,India,165.78,29,61.37,Government Tender
2023-12-27,Amoxicillin 500mg (20ct),Antibiotics,India,421.61,33,191.68,Government Tender
2023-12-27,Insulin Glargine Pen,Diabetes Care,UK,1596.07,22,706.17,Government Tender
2023-12-27,Salbutamol Inhaler,Respiratory,USA,815.27,38,345.37,Hospital
2023-12-27,Multivitamin Complex,Supplements,India,140.89,11,58.64,Retail Pharmacy
2023-12-27,Omeprazole 20mg (28ct),Gastro,Brazil,327.06,28,130.91,Retail Pharmacy
2023-12-28,Atorvastatin 20mg (30ct),Cardiovascular,Germany,597.67,37,272.71,Hospital
2023-12-28,Multivitamin Complex,Supplements,Germany,302.38,19,100.78,Hospital
2023-12-28,Multivitamin Complex,Supplements,Germany,241.35,17,91.69,Hospital
2023-12-28,Multivitamin Complex,Supplements,UK,199.18,15,79.38,Retail Pharmacy
2023-12-28,Salbutamol Inhaler,Respiratory,Japan,306.16,13,122.55,Government Tender
2023-12-28,Loratadine 10mg (14ct),Allergy,Brazil,92.69,11,37.09,Retail Pharmacy
2023-12-28,Insulin Glargine Pen,Diabetes Care,UK,1086.97,18,564.11,Hospital
2023-12-28,Multivitamin Complex,Supplements,UK,703.17,53,285.42,Hospital
2023-12-28,Atorvastatin 20mg (30ct),Cardiovascular,UK,468.33,28,193.89,Hospital
2023-12-28,Omeprazole 20mg (28ct),Gastro,Germany,275.35,22,111.47,Retail Pharmacy
2023-12-28,Insulin Glargine Pen,Diabetes Care,UK,3086.86,42,1335.18,Hospital
2023-12-28,Ibuprofen 400mg (30ct),Pain Relief,Germany,128.21,18,36.49,Government Tender
2023-12-28,Loratadine 10mg (14ct),Allergy,UK,149.63,16,55.51,Hospital
2023-12-28,Insulin Glargine Pen,Diabetes Care,UK,1430.74,22,695.93,Government Tender
2023-12-29,Omeprazole 20mg (28ct),Gastro,UK,378.32,28,136.13,Hospital
2023-12-29,Atorvastatin 20mg (30ct),Cardiovascular,UK,293.96,15,109.24,Retail Pharmacy
2023-12-29,Atorvastatin 20mg (30ct),Cardiovascular,Brazil,56.53,3,22.28,Government Tender
2023-12-29,Salbutamol Inhaler,Respiratory,Germany,334.45,17,157.92,Retail Pharmacy
2023-12-29,Omeprazole 20mg (28ct),Gastro,Brazil,571.53,44,219.06,Government Tender
2023-12-29,Atorvastatin 20mg (30ct),Cardiovascular,USA,535.76,26,181.69,Retail Pharmacy
2023-12-30,Omeprazole 20mg (28ct),Gastro,UK,146.06,12,58.69,Retail Pharmacy
2023-12-30,Omeprazole 20mg (28ct),Gastro,UK,107.05,8,40.48,Retail Pharmacy
2023-12-30,Amoxicillin 500mg (20ct),Antibiotics,Germany,344.29,23,132.44,Hospital
2023-12-30,Omeprazole 20mg (28ct),Gastro,UK,142.92,13,64.71,Hospital
2023-12-30,Salbutamol Inhaler,Respiratory,USA,567.34,29,250.86,Hospital
2023-12-30,Multivitamin Complex,Supplements,Brazil,615.39,39,219.94,Retail Pharmacy
2023-12-30,Omeprazole 20mg (28ct),Gastro,Japan,444.34,37,176.27,Hospital
2023-12-30,Amoxicillin 500mg (20ct),Antibiotics,UK,401.32,27,163.98,Hospital
2023-12-30,Multivitamin Complex,Supplements,India,272.86,17,92.82,Retail Pharmacy
2023-12-30,Salbutamol Inhaler,Respiratory,Germany,783.17,33,312.47,Retail Pharmacy
2023-12-30,Multivitamin Complex,Supplements,UK,336.73,21,117.14,Government Tender
2023-12-31,Ibuprofen 400mg (30ct),Pain Relief,UK,38.99,6,12.37,Retail Pharmacy
2023-12-31,Amoxicillin 500mg (20ct),Antibiotics,UK,331.46,26,150.84,Government Tender
2023-12-31,Insulin Glargine Pen,Diabetes Care,Brazil,1214.58,20,646.81,Retail Pharmacy
2023-12-31,Loratadine 10mg (14ct),Allergy,Germany,147.89,14,45.88,Government Tender
2023-12-31,Multivitamin Complex,Supplements,USA,433.83,30,165.17,Hospital
2023-12-31,Ibuprofen 400mg (30ct),Pain Relief,India,182.75,30,64.62,Retail Pharmacy
2023-12-31,Omeprazole 20mg (28ct),Gastro,Brazil,534.51,40,191.8,Hospital
2023-12-31,Atorvastatin 20mg (30ct),Cardiovascular,USA,298.77,18,127.7,Hospital
2024-01-01,Ibuprofen 400mg (30ct),Pain Relief,Germany,118.43,17,34.36,Government Tender
2024-01-01,Loratadine 10mg (14ct),Allergy,Brazil,208.37,24,82.95,Hospital
2024-01-01,Multivitamin Complex,Supplements,India,201.17,13,74.13,Hospital
2024-01-01,Amoxicillin 500mg (20ct),Antibiotics,USA,417.53,28,167.99,Retail Pharmacy
2024-01-01,Insulin Glargine Pen,Diabetes Care,Germany,1245.84,21,679.13,Retail Pharmacy
2024-01-01,Atorvastatin 20mg (30ct),Cardiovascular,USA,607.88,35,250.49,Government Tender
2024-01-01,Loratadine 10mg (14ct),Allergy,Germany,142.3,17,55.56,Hospital
2024-01-01,Salbutamol Inhaler,Respiratory,USA,254.98,13,118.42,Retail Pharmacy
2024-01-01,Omeprazole 20mg (28ct),Gastro,Germany,116.86,10,47.88,Hospital
2024-01-01,Atorvastatin 20mg (30ct),Cardiovascular,Japan,119.22,7,52.36,Hospital
2024-01-02,Loratadine 10mg (14ct),Allergy,Germany,273.16,29,101.75,Hospital
2024-01-02,Amoxicillin 500mg (20ct),Antibiotics,USA,185.75,14,82.38,Government Tender
2024-01-02,Amoxicillin 500mg (20ct),Antibiotics,India,375.31,25,139.77,Hospital
2024-01-02,Amoxicillin 500mg (20ct),Antibiotics,USA,251.89,20,110.33,Hospital
2024-01-02,Salbutamol Inhaler,Respiratory,Brazil,596.5,29,259.28,Government Tender
2024-01-03,Omeprazole 20mg (28ct),Gastro,Japan,689.34,51,249.31,Retail Pharmacy
2024-01-03,Omeprazole 20mg (28ct),Gastro,India,372.1,30,142.77,Hospital
2024-01-03,Salbutamol Inhaler,Respiratory,Brazil,562.74,27,245.79,Government Tender
2024-01-03,Multivitamin Complex,Supplements,Japan,197.78,14,80.26,Retail Pharmacy
2024-01-03,Omeprazole 20mg (28ct),Gastro,Germany,401.31,35,165.58,Government Tender
2024-01-03,Loratadine 10mg (14ct),Allergy,Japan,215.05,21,68.78,Hospital
2024-01-03,Omeprazole 20mg (28ct),Gastro,USA,129.22,12,57.04,Hospital
2024-01-03,Atorvastatin 20mg (30ct),Cardiovascular,Germany,606.74,35,256.71,Retail Pharmacy
2024-01-03,Loratadine 10mg (14ct),Allergy,Germany,358.14,39,127.57,Government Tender
2024-01-03,Insulin Glargine Pen,Diabetes Care,India,1821.15,27,806.48,Government Tender
2024-01-03,Insulin Glargine Pen,Diabetes Care,Japan,724.97,11,324.69,Government Tender
2024-01-03,Amoxicillin 500mg (20ct),Antibiotics,USA,470.5,31,172.62,Government Tender
2024-01-03,Amoxicillin 500mg (20ct),Antibiotics,Germany,283.71,20,110.23,Government Tender
2024-01-03,Insulin Glargine Pen,Diabetes Care,Brazil,1185.51,18,579.01,Hospital
2024-01-03,Amoxicillin 500mg (20ct),Antibiotics,Germany,153.19,12,69.57,Hospital
2024-01-04,Loratadine 10mg (14ct),Allergy,UK,69.81,7,24.53,Hospital
2024-01-04,Atorvastatin 20mg (30ct),Cardiovascular,UK,933.13,45,332.88,Hospital
2024-01-04,Omeprazole 20mg (28ct),Gastro,India,143.44,11,55.16,Hospital
2024-01-04,Omeprazole 20mg (28ct),Gastro,Japan,148.1,12,60.11,Hospital
2024-01-04,Atorvastatin 20mg (30ct),Cardiovascular,UK,363.64,19,130.52,Retail Pharmacy
2024-01-04,Atorvastatin 20mg (30ct),Cardiovascular,Germany,601.81,37,264.27,Government Tender
2024-01-04,Loratadine 10mg (14ct),Allergy,India,119.7,14,49.9,Hospital
2024-01-04,Atorvastatin 20mg (30ct),Cardiovascular,UK,393.87,21,153.16,Retail Pharmacy
2024-01-04,Omeprazole 20mg (28ct),Gastro,India,129.0,11,54.29,Government Tender
2024-01-04,Omeprazole 20mg (28ct),Gastro,India,124.5,11,52.88,Government Tender
2024-01-05,Loratadine 10mg (14ct),Allergy,Germany,51.42,5,16.82,Retail Pharmacy
2024-01-05,Omeprazole 20mg (28ct),Gastro,Japan,452.24,40,187.57,Retail Pharmacy
2024-01-05,Multivitamin Complex,Supplements,USA,507.6,37,202.57,Retail Pharmacy
2024-01-05,Loratadine 10mg (14ct),Allergy,UK,135.8,14,45.95,Hospital
2024-01-05,Insulin Glargine Pen,Diabetes Care,Japan,735.78,12,389.44,Retail Pharmacy
2024-01-05,Insulin Glargine Pen,Diabetes Care,Brazil,1650.97,23,719.34,Retail Pharmacy
2024-01-05,Salbutamol Inhaler,Respiratory,UK,628.71,28,264.12,Government Tender
2024-01-06,Atorvastatin 20mg (30ct),Cardiovascular,Brazil,232.18,13,91.55,Government Tender
2024-01-06,Salbutamol Inhaler,Respiratory,Germany,521.45,26,225.34,Government Tender
2024-01-06,Atorvastatin 20mg (30ct),Cardiovascular,Germany,547.41,33,241.98,Retail Pharmacy
2024-01-06,Omeprazole 20mg (28ct),Gastro,UK,340.88,26,122.99,Retail Pharmacy
2024-01-07,Insulin Glargine Pen,Diabetes Care,Brazil,2414.28,39,1268.67,Hospital
2024-01-07,Atorvastatin 20mg (30ct),Cardiovascular,India,1091.63,56,418.86,Government Tender
2024-01-07,Ibuprofen 400mg (30ct),Pain Relief,Brazil,511.82,80,159.9,Government Tender
2024-01-07,Insulin Glargine Pen,Diabetes Care,Brazil,975.91,15,484.2,Hospital
2024-01-07,Ibuprofen 400mg (30ct),Pain Relief,USA,230.98,36,74.94,Government Tender
2024-01-07,Ibuprofen 400mg (30ct),Pain Relief,Germany,48.67,7,14.11,Retail Pharmacy
2024-01-07,Salbutamol Inhaler,Respiratory,USA,667.65,28,256.11,Government Tender
2024-01-07,Amoxicillin 500mg (20ct),Antibiotics,Brazil,593.44,39,224.91,Retail Pharmacy
2024-01-07,Multivitamin Complex,Supplements,India,171.33,13,71.56,Retail Pharmacy
2024-01-07,Amoxicillin 500mg (20ct),Antibiotics,USA,215.6,17,102.8,Government Tender
2024-01-07,Ibuprofen 400mg (30ct),Pain Relief,USA,44.86,7,15.33,Retail Pharmacy
2024-01-07,Omeprazole 20mg (28ct),Gastro,USA,566.59,43,217.96,Hospital
2024-01-07,Amoxicillin 500mg (20ct),Antibiotics,USA,780.39,61,366.63,Hospital
2024-01-07,Loratadine 10mg (14ct),Allergy,UK,243.0,27,92.78,Hospital
2024-01-07,Insulin Glargine Pen,Diabetes Care,Japan,2852.67,41,1245.32,Government Tender
2024-01-07,Salbutamol Inhaler,Respiratory,Germany,829.5,36,339.05,Retail Pharmacy
2024-01-07,Loratadine 10mg (14ct),Allergy,USA,214.6,20,66.85,Retail Pharmacy
2024-01-07,Loratadine 10mg (14ct),Allergy,Brazil,212.93,22,73.45,Retail Pharmacy
2024-01-08,Ibuprofen 400mg (30ct),Pain Relief,Brazil,291.54,42,88.97,Hospital
2024-01-08,Salbutamol Inhaler,Respiratory,Japan,189.35,8,74.37,Retail Pharmacy
2024-01-08,Salbutamol Inhaler,Respiratory,Japan,363.1,16,139.77,Retail Pharmacy
2024-01-08,Multivitamin Complex,Supplements,India,79.51,6,32.43,Government Tender
2024-01-08,Ibuprofen 400mg (30ct),Pain Relief,UK,56.56,9,19.16,Retail Pharmacy
2024-01-08,Salbutamol Inhaler,Respiratory,UK,309.83,16,145.22,Hospital
2024-01-08,Ibuprofen 400mg (30ct),Pain Relief,UK,309.85,48,95.86,Retail Pharmacy
2024-01-08,Loratadine 10mg (14ct),Allergy,USA,131.32,14,46.17,Government Tender
2024-01-08,Omeprazole 20mg (28ct),Gastro,Japan,118.14,9,45.82,Retail Pharmacy
2024-01-09,Atorvastatin 20mg (30ct),Cardiovascular,USA,602.42,30,217.81,Retail Pharmacy
2024-01-09,Insulin Glargine Pen,Diabetes Care,USA,369.0,6,186.02,Hospital
2024-01-09,Atorvastatin 20mg (30ct),Cardiovascular,Germany,413.24,20,146.53,Retail Pharmacy
2024-01-09,Amoxicillin 500mg (20ct),Antibiotics,USA,273.53,18,109.39,Retail Pharmacy
2024-01-09,Insulin Glargine Pen,Diabetes Care,UK,2492.02,40,1253.59,Government Tender
2024-01-09,Amoxicillin 500mg (20ct),Antibiotics,Brazil,201.48,16,93.95,Hospital
2024-01-09,Ibuprofen 400mg (30ct),Pain Relief,Germany,204.89,30,60.57,Hospital
2024-01-09,Insulin Glargine Pen,Diabetes Care,Japan,4711.09,63,1912.54,Hospital
2024-01-09,Amoxicillin 500mg (20ct),Antibiotics,UK,596.27,43,256.29,Retail Pharmacy
2024-01-09,Insulin Glargine Pen,Diabetes Care,Brazil,474.11,8,240.31,Government Tender
2024-01-09,Salbutamol Inhaler,Respiratory,Japan,360.54,15,133.39,Hospital
2024-01-09,Salbutamol Inhaler,Respiratory,Germany,464.03,21,186.9,Retail Pharmacy
2024-01-09,Salbutamol Inhaler,Respiratory,USA,405.55,21,188.58,Retail Pharmacy
2024-01-10,Atorvastatin 20mg (30ct),Cardiovascular,Germany,35.49,2,14.63,Government Tender
2024-01-10,Atorvastatin 20mg (30ct),Cardiovascular,UK,772.87,43,318.82,Government Tender
2024-01-10,Multivitamin Complex,Supplements,UK,350.94,22,120.61,Government Tender
2024-01-10,Multivitamin Complex,Supplements,India,206.06,15,80.53,Retail Pharmacy
2024-01-10,Salbutamol Inhaler,Respiratory,Brazil,247.15,12,107.99,Retail Pharmacy
2024-01-11,Loratadine 10mg (14ct),Allergy,India,199.15,19,63.84,Retail Pharmacy
2024-01-11,Salbutamol Inhaler,Respiratory,UK,331.81,16,142.58,Hospital
2024-01-11,Ibuprofen 400mg (30ct),Pain Relief,USA,151.15,24,50.03,Retail Pharmacy
2024-01-11,Atorvastatin 20mg (30ct),Cardiovascular,Germany,296.21,16,115.75,Government Tender
2024-01-11,Insulin Glargine Pen,Diabetes Care,Brazil,2292.86,39,1266.99,Hospital
2024-01-11,Atorvastatin 20mg (30ct),Cardiovascular,Brazil,407.32,22,154.7,Government Tender
2024-01-11,Insulin Glargine Pen,Diabetes Care,Brazil,1457.2,21,622.15,Hospital
2024-01-11,Loratadine 10mg (14ct),Allergy,UK,143.36,14,47.21,Government Tender
2024-01-11,Insulin Glargine Pen,Diabetes Care,Germany,362.3,6,182.43,Retail Pharmacy
2024-01-11,Omeprazole 20mg (28ct),Gastro,India,477.98,44,222.61,Government Tender
2024-01-11,Omeprazole 20mg (28ct),Gastro,USA,622.98,50,238.29,Retail Pharmacy
2024-01-12,Multivitamin Complex,Supplements,Japan,230.22,18,103.68,Hospital
2024-01-12,Salbutamol Inhaler,Respiratory,UK,331.34,14,122.02,Hospital
2024-01-12,Amoxicillin 500mg (20ct),Antibiotics,India,242.65,19,113.84,Hospital
2024-01-12,Omeprazole 20mg (28ct),Gastro,Brazil,421.84,31,151.67,Government Tender
2024-01-12,Loratadine 10mg (14ct),Allergy,USA,412.79,40,129.97,Hospital
2024-01-12,Ibuprofen 400mg (30ct),Pain Relief,UK,97.92,14,30.55,Hospital
2024-01-12,Salbutamol Inhaler,Respiratory,Germany,407.33,20,185.98,Government Tender
2024-01-12,Omeprazole 20mg (28ct),Gastro,Brazil,178.35,14,66.67,Retail Pharmacy
2024-01-12,Amoxicillin 500mg (20ct),Antibiotics,India,641.56,51,295.94,Retail Pharmacy
2024-01-13,Insulin Glargine Pen,Diabetes Care,India,1401.71,22,659.92,Hospital
2024-01-13,Multivitamin Complex,Supplements,UK,702.69,43,247.36,Retail Pharmacy
2024-01-13,Insulin Glargine Pen,Diabetes Care,India,1446.03,24,732.69,Retail Pharmacy
2024-01-13,Ibuprofen 400mg (30ct),Pain Relief,Germany,284.08,44,92.88,Hospital
2024-01-13,Insulin Glargine Pen,Diabetes Care,Brazil,2303.11,36,1161.36,Retail Pharmacy
2024-01-13,Multivitamin Complex,Supplements,Japan,157.21,10,55.25,Retail Pharmacy
2024-01-13,Multivitamin Complex,Supplements,USA,601.58,42,239.49,Government Tender
2024-01-13,Omeprazole 20mg (28ct),Gastro,UK,282.02,21,101.71,Government Tender
2024-01-13,Insulin Glargine Pen,Diabetes Care,India,1975.16,31,941.01,Government Tender
2024-01-14,Multivitamin Complex,Supplements,India,138.71,9,47.1,Government Tender
2024-01-14,Insulin Glargine Pen,Diabetes Care,USA,550.45,8,249.34,Hospital
2024-01-14,Omeprazole 20mg (28ct),Gastro,Germany,33.07,3,14.22,Retail Pharmacy
2024-01-14,Omeprazole 20mg (28ct),Gastro,Brazil,439.66,33,167.9,Hospital
2024-01-14,Salbutamol Inhaler,Respiratory,Brazil,631.31,33,314.36,Hospital
2024-01-14,Omeprazole 20mg (28ct),Gastro,India,173.36,14,69.83,Retail Pharmacy
2024-01-14,Loratadine 10mg (14ct),Allergy,USA,73.57,8,27.23,Government Tender
2024-01-14,Insulin Glargine Pen,Diabetes Care,Japan,814.06,11,346.66,Retail Pharmacy
2024-01-14,Insulin Glargine Pen,Diabetes Care,Germany,1204.84,19,586.31,Retail Pharmacy
2024-01-15,Multivitamin Complex,Supplements,Brazil,229.39,16,87.21,Hospital
2024-01-15,Salbutamol Inhaler,Respiratory,India,674.34,34,312.34,Hospital
2024-01-15,Ibuprofen 400mg (30ct),Pain Relief,India,163.8,23,48.93,Hospital
2024-01-15,Salbutamol Inhaler,Respiratory,Brazil,386.59,19,175.34,Government Tender
2024-01-15,Omeprazole 20mg (28ct),Gastro,UK,107.24,8,38.3,Government Tender
2024-01-15,Omeprazole 20mg (28ct),Gastro,Germany,72.59,6,30.54,Government Tender
2024-01-15,Multivitamin Complex,Supplements,UK,228.95,15,79.88,Hospital
2024-01-15,Loratadine 10mg (14ct),Allergy,India,194.61,19,66.72,Government Tender
2024-01-15,Loratadine 10mg (14ct),Allergy,India,207.01,24,84.26,Retail Pharmacy
2024-01-15,Loratadine 10mg (14ct),Allergy,India,216.03,24,79.05,Government Tender
2024-01-15,Atorvastatin 20mg (30ct),Cardiovascular,Brazil,158.88,9,63.06,Hospital
2024-01-15,Loratadine 10mg (14ct),Allergy,USA,183.29,20,70.1,Retail Pharmacy
2024-01-15,Atorvastatin 20mg (30ct),Cardiovascular,Brazil,464.24,25,176.98,Retail Pharmacy
2024-01-16,Loratadine 10mg (14ct),Allergy,Japan,120.67,12,39.77,Retail Pharmacy
2024-01-16,Amoxicillin 500mg (20ct),Antibiotics,Japan,222.54,18,101.23,Hospital
2024-01-16,Amoxicillin 500mg (20ct),Antibiotics,Japan,480.97,39,222.79,Retail Pharmacy
2024-01-16,Salbutamol Inhaler,Respiratory,India,649.8,27,243.79,Retail Pharmacy
2024-01-16,Amoxicillin 500mg (20ct),Antibiotics,Brazil,461.12,32,186.81,Retail Pharmacy
2024-01-16,Loratadine 10mg (14ct),Allergy,India,287.74,32,113.16,Retail Pharmacy
2024-01-16,Ibuprofen 400mg (30ct),Pain Relief,India,28.69,5,10.21,Hospital
2024-01-16,Insulin Glargine Pen,Diabetes Care,USA,582.68,10,313.55,Government Tender
2024-01-16,Atorvastatin 20mg (30ct),Cardiovascular,Germany,169.08,10,75.57,Hospital
2024-01-16,Amoxicillin 500mg (20ct),Antibiotics,Brazil,777.22,53,313.5,Hospital
2024-01-16,Salbutamol Inhaler,Respiratory,Japan,941.68,39,371.35,Government Tender
2024-01-17,Omeprazole 20mg (28ct),Gastro,Brazil,277.23,24,118.92,Retail Pharmacy
2024-01-17,Insulin Glargine Pen,Diabetes Care,USA,1255.27,20,599.11,Government Tender
2024-01-17,Multivitamin Complex,Supplements,India,26.49,2,10.88,Hospital
2024-01-17,Amoxicillin 500mg (20ct),Antibiotics,India,171.62,13,71.7,Retail Pharmacy
2024-01-17,Multivitamin Complex,Supplements,USA,128.61,9,51.69,Retail Pharmacy
2024-01-17,Salbutamol Inhaler,Respiratory,India,588.02,25,219.19,Hospital
2024-01-17,Ibuprofen 400mg (30ct),Pain Relief,Japan,139.35,25,53.01,Government Tender
2024-01-17,Omeprazole 20mg (28ct),Gastro,India,100.32,9,43.34,Retail Pharmacy
2024-01-17,Salbutamol Inhaler,Respiratory,Japan,498.81,22,199.19,Government Tender
2024-01-17,Loratadine 10mg (14ct),Allergy,USA,306.5,33,117.4,Government Tender
2024-01-17,Ibuprofen 400mg (30ct),Pain Relief,Japan,122.48,19,39.76,Government Tender
2024-01-17,Amoxicillin 500mg (20ct),Antibiotics,USA,357.43,27,152.09,Government Tender
2024-01-17,Amoxicillin 500mg (20ct),Antibiotics,Japan,287.85,21,127.64,Hospital
2024-01-17,Ibuprofen 400mg (30ct),Pain Relief,UK,141.82,24,50.53,Hospital
2024-01-18,Multivitamin Complex,Supplements,India,503.07,34,182.75,Hospital
2024-01-18,Insulin Glargine Pen,Diabetes Care,India,774.53,12,390.26,Retail Pharmacy
2024-01-18,Insulin Glargine Pen,Diabetes Care,UK,1743.33,25,756.78,Government Tender
2024-01-18,Insulin Glargine Pen,Diabetes Care,UK,1911.6,29,915.92,Retail Pharmacy
2024-01-18,Salbutamol Inhaler,Respiratory,Japan,103.21,5,43.35,Hospital
2024-01-18,Amoxicillin 500mg (20ct),Antibiotics,Germany,319.99,21,127.2,Hospital
2024-01-18,Omeprazole 20mg (28ct),Gastro,Germany,358.15,28,137.85,Government Tender
2024-01-18,Multivitamin Complex,Supplements,Japan,649.93,40,219.98,Government Tender
2024-01-18,Amoxicillin 500mg (20ct),Antibiotics,UK,189.57,14,78.53,Retail Pharmacy
2024-01-18,Ibuprofen 400mg (30ct),Pain Relief,Germany,210.53,33,68.34,Government Tender
2024-01-18,Omeprazole 20mg (28ct),Gastro,Brazil,412.83,33,169.54,Government Tender
2024-01-19,Insulin Glargine Pen,Diabetes Care,Japan,2814.2,39,1195.65,Retail Pharmacy
2024-01-19,Insulin Glargine Pen,Diabetes Care,India,779.84,12,375.13,Government Tender
2024-01-19,Atorvastatin 20mg (30ct),Cardiovascular,UK,969.31,48,342.18,Hospital
2024-01-19,Amoxicillin 500mg (20ct),Antibiotics,India,466.12,33,197.62,Retail Pharmacy
2024-01-19,Omeprazole 20mg (28ct),Gastro,Japan,384.9,32,155.07,Retail Pharmacy
2024-01-20,Amoxicillin 500mg (20ct),Antibiotics,India,311.07,24,137.46,Retail Pharmacy
2024-01-20,Salbutamol Inhaler,Respiratory,Brazil,573.76,27,243.75,Retail Pharmacy
2024-01-20,Amoxicillin 500mg (20ct),Antibiotics,India,246.75,20,118.88,Government Tender
2024-01-20,Loratadine 10mg (14ct),Allergy,Japan,324.94,32,111.88,Hospital
2024-01-20,Omeprazole 20mg (28ct),Gastro,India,209.79,19,89.11,Government Tender
2024-01-20,Ibuprofen 400mg (30ct),Pain Relief,Brazil,151.25,26,54.65,Hospital
2024-01-20,Salbutamol Inhaler,Respiratory,UK,212.02,9,81.39,Hospital
2024-01-20,Insulin Glargine Pen,Diabetes Care,Japan,776.57,12,379.13,Government Tender
2024-01-20,Insulin Glargine Pen,Diabetes Care,USA,1847.95,29,924.06,Retail Pharmacy
2024-01-20,Insulin Glargine Pen,Diabetes Care,USA,1427.61,20,642.24,Government Tender
2024-01-21,Loratadine 10mg (14ct),Allergy,Brazil,177.68,18,62.06,Government Tender
2024-01-21,Amoxicillin 500mg (20ct),Antibiotics,Japan,310.23,23,137.59,Retail Pharmacy
2024-01-21,Loratadine 10mg (14ct),Allergy,Japan,139.67,15,52.18,Retail Pharmacy
2024-01-21,Loratadine 10mg (14ct),Allergy,India,324.88,34,115.7,Retail Pharmacy
2024-01-21,Multivitamin Complex,Supplements,Germany,613.3,41,224.23,Hospital
2024-01-21,Ibuprofen 400mg (30ct),Pain Relief,Japan,572.09,91,190.16,Government Tender
2024-01-21,Ibuprofen 400mg (30ct),Pain Relief,India,237.81,38,81.98,Retail Pharmacy
2024-01-21,Loratadine 10mg (14ct),Allergy,Germany,303.75,33,115.44,Retail Pharmacy
2024-01-21,Omeprazole 20mg (28ct),Gastro,Germany,275.03,25,120.67,Government Tender
2024-01-21,Amoxicillin 500mg (20ct),Antibiotics,Brazil,75.73,5,27.78,Retail Pharmacy
2024-01-22,Amoxicillin 500mg (20ct),Antibiotics,Brazil,126.8,9,51.39,Hospital
2024-01-22,Amoxicillin 500mg (20ct),Antibiotics,UK,167.94,12,72.13,Retail Pharmacy
2024-01-22,Atorvastatin 20mg (30ct),Cardiovascular,Brazil,765.62,44,322.62,Hospital
2024-01-22,Salbutamol Inhaler,Respiratory,Brazil,485.48,25,231.67,Retail Pharmacy
2024-01-22,Amoxicillin 500mg (20ct),Antibiotics,Germany,241.78,18,103.6,Hospital
2024-01-22,Omeprazole 20mg (28ct),Gastro,USA,313.59,24,121.78,Government Tender
2024-01-22,Salbutamol Inhaler,Respiratory,Germany,507.84,21,199.68,Government Tender
2024-01-22,Amoxicillin 500mg (20ct),Antibiotics,Brazil,297.53,22,124.29,Government Tender
2024-01-22,Multivitamin Complex,Supplements,UK,608.71,47,258.49,Government Tender
2024-01-22,Omeprazole 20mg (28ct),Gastro,Germany,409.32,31,144.67,Hospital
2024-01-22,Amoxicillin 500mg (20ct),Antibiotics,USA,234.93,16,89.37,Hospital
2024-01-23,Multivitamin Complex,Supplements,Brazil,422.43,31,164.75,Retail Pharmacy
2024-01-23,Salbutamol Inhaler,Respiratory,UK,812.78,35,334.16,Hospital
2024-01-23,Insulin Glargine Pen,Diabetes Care,India,2317.6,31,917.63,Hospital
2024-01-23,Omeprazole 20mg (28ct),Gastro,Germany,397.76,30,140.61,Hospital
2024-01-23,Salbutamol Inhaler,Respiratory,India,467.19,19,175.49,Hospital
2024-01-23,Omeprazole 20mg (28ct),Gastro,UK,256.58,20,96.44,Retail Pharmacy
2024-01-23,Atorvastatin 20mg (30ct),Cardiovascular,UK,170.81,9,67.05,Retail Pharmacy
2024-01-23,Omeprazole 20mg (28ct),Gastro,USA,276.3,26,131.55,Retail Pharmacy
2024-01-23,Omeprazole 20mg (28ct),Gastro,Brazil,488.26,39,196.2,Government Tender
2024-01-23,Salbutamol Inhaler,Respiratory,Japan,854.11,39,362.97,Government Tender
2024-01-23,Omeprazole 20mg (28ct),Gastro,USA,322.13,26,123.08,Government Tender
2024-01-23,Salbutamol Inhaler,Respiratory,Germany,138.31,7,65.1,Retail Pharmacy
2024-01-23,Salbutamol Inhaler,Respiratory,Japan,557.86,29,259.16,Government Tender
2024-01-23,Ibuprofen 400mg (30ct),Pain Relief,Germany,125.22,21,42.12,Hospital
2024-01-23,Atorvastatin 20mg (30ct),Cardiovascular,Brazil,811.41,45,330.57,Government Tender
2024-01-23,Amoxicillin 500mg (20ct),Antibiotics,Japan,303.32,24,145.67,Government Tender
2024-01-24,Amoxicillin 500mg (20ct),Antibiotics,India,718.16,49,298.19,Hospital
2024-01-24,Loratadine 10mg (14ct),Allergy,Japan,283.73,31,106.42,Government Tender
2024-01-24,Omeprazole 20mg (28ct),Gastro,Brazil,112.31,9,45.12,Hospital
2024-01-24,Multivitamin Complex,Supplements,Germany,190.07,12,67.83,Retail Pharmacy
2024-01-24,Insulin Glargine Pen,Diabetes Care,UK,2096.16,30,913.9,Government Tender
2024-01-24,Omeprazole 20mg (28ct),Gastro,Germany,110.3,10,50.93,Retail Pharmacy
2024-01-24,Atorvastatin 20mg (30ct),Cardiovascular,Brazil,420.76,25,188.14,Retail Pharmacy
2024-01-24,Loratadine 10mg (14ct),Allergy,Japan,171.42,16,55.79,Hospital
2024-01-24,Atorvastatin 20mg (30ct),Cardiovascular,India,357.38,18,128.48,Retail Pharmacy
2024-01-24,Amoxicillin 500mg (20ct),Antibiotics,Germany,162.93,12,68.68,Hospital
2024-01-24,Salbutamol Inhaler,Respiratory,Japan,709.52,33,289.39,Hospital
2024-01-25,Salbutamol Inhaler,Respiratory,Brazil,193.09,10,89.69,Government Tender
2024-01-25,Loratadine 10mg (14ct),Allergy,Germany,346.77,33,117.7,Retail Pharmacy
2024-01-25,Atorvastatin 20mg (30ct),Cardiovascular,USA,97.73,6,41.92,Retail Pharmacy
2024-01-25,Multivitamin Complex,Supplements,India,43.27,3,16.93,Retail Pharmacy
2024-01-25,Multivitamin Complex,Supplements,India,174.47,12,66.14,Retail Pharmacy
2024-01-25,Multivitamin Complex,Supplements,Germany,152.82,10,53.05,Government Tender
2024-01-25,Salbutamol Inhaler,Respiratory,India,1195.94,55,492.92,Government Tender
2024-01-25,Salbutamol Inhaler,Respiratory,Japan,478.21,25,228.39,Retail Pharmacy
2024-01-25,Ibuprofen 400mg (30ct),Pain Relief,India,44.65,8,17.07,Hospital
2024-01-26,Salbutamol Inhaler,Respiratory,Germany,610.11,29,258.45,Retail Pharmacy
2024-01-26,Amoxicillin 500mg (20ct),Antibiotics,Germany,310.81,24,134.03,Retail Pharmacy
2024-01-26,Atorvastatin 20mg (30ct),Cardiovascular,Japan,132.74,7,52.19,Hospital
2024-01-26,Amoxicillin 500mg (20ct),Antibiotics,UK,211.79,16,95.23,Hospital
2024-01-26,Salbutamol Inhaler,Respiratory,Germany,161.69,8,69.7,Hospital
2024-01-26,Ibuprofen 400mg (30ct),Pain Relief,India,166.06,24,52.66,Government Tender
2024-01-26,Multivitamin Complex,Supplements,Japan,255.1,18,103.1,Hospital
2024-01-26,Ibuprofen 400mg (30ct),Pain Relief,UK,86.88,14,30.45,Retail Pharmacy
2024-01-27,Insulin Glargine Pen,Diabetes Care,UK,2223.42,36,1136.15,Hospital
2024-01-27,Ibuprofen 400mg (30ct),Pain Relief,Germany,260.74,38,82.69,Government Tender
2024-01-27,Multivitamin Complex,Supplements,Japan,294.79,19,99.45,Government Tender
2024-01-27,Omeprazole 20mg (28ct),Gastro,USA,234.54,21,104.36,Government Tender
2024-01-27,Salbutamol Inhaler,Respiratory,India,371.07,17,155.51,Hospital
2024-01-27,Atorvastatin 20mg (30ct),Cardiovascular,Japan,442.65,22,156.13,Government Tender
2024-01-27,Multivitamin Complex,Supplements,India,195.39,13,69.93,Retail Pharmacy
2024-01-28,Multivitamin Complex,Supplements,Brazil,180.97,13,69.71,Retail Pharmacy
2024-01-28,Loratadine 10mg (14ct),Allergy,USA,257.11,28,96.24,Hospital
2024-01-28,Multivitamin Complex,Supplements,USA,214.69,14,76.44,Government Tender
2024-01-28,Amoxicillin 500mg (20ct),Antibiotics,Germany,543.22,45,263.41,Government Tender
2024-01-28,Amoxicillin 500mg (20ct),Antibiotics,Germany,537.95,37,204.13,Government Tender
2024-01-28,Ibuprofen 400mg (30ct),Pain Relief,UK,271.71,39,80.13,Hospital
2024-01-28,Salbutamol Inhaler,Respiratory,Brazil,137.77,7,63.22,Government Tender
2024-01-29,Multivitamin Complex,Supplements,Brazil,153.9,11,58.16,Retail Pharmacy
2024-01-29,Atorvastatin 20mg (30ct),Cardiovascular,Germany,136.93,8,56.48,Retail Pharmacy
2024-01-29,Insulin Glargine Pen,Diabetes Care,Japan,2669.64,38,1225.2,Retail Pharmacy
2024-01-29,Atorvastatin 20mg (30ct),Cardiovascular,USA,391.84,19,138.81,Government Tender
2024-01-29,Insulin Glargine Pen,Diabetes Care,UK,195.64,3,91.08,Retail Pharmacy
2024-01-29,Ibuprofen 400mg (30ct),Pain Relief,Japan,118.81,21,45.25,Hospital
2024-01-29,Salbutamol Inhaler,Respiratory,Japan,631.5,28,246.3,Government Tender
2024-01-29,Omeprazole 20mg (28ct),Gastro,USA,284.27,21,100.05,Retail Pharmacy
2024-01-29,Salbutamol Inhaler,Respiratory,USA,411.52,18,162.3,Retail Pharmacy
2024-01-29,Atorvastatin 20mg (30ct),Cardiovascular,UK,167.2,9,66.61,Hospital
2024-01-29,Atorvastatin 20mg (30ct),Cardiovascular,India,186.49,10,72.08,Retail Pharmacy
2024-01-29,Insulin Glargine Pen,Diabetes Care,USA,1565.73,24,746.85,Retail Pharmacy
2024-01-29,Insulin Glargine Pen,Diabetes Care,UK,634.74,9,286.41,Hospital
2024-01-29,Salbutamol Inhaler,Respiratory,Brazil,595.58,30,261.65,Hospital
2024-01-29,Salbutamol Inhaler,Respiratory,India,412.1,17,158.3,Retail Pharmacy
2024-01-29,Atorvastatin 20mg (30ct),Cardiovascular,Brazil,179.3,10,68.71,Hospital
2024-01-29,Multivitamin Complex,Supplements,Japan,226.09,16,91.7,Retail Pharmacy
2024-01-29,Salbutamol Inhaler,Respiratory,India,967.36,43,408.65,Hospital
2024-01-29,Ibuprofen 400mg (30ct),Pain Relief,UK,30.8,5,10.97,Hospital
2024-01-30,Atorvastatin 20mg (30ct),Cardiovascular,USA,952.19,47,332.44,Hospital
2024-01-30,Loratadine 10mg (14ct),Allergy,Brazil,97.28,11,36.54,Government Tender
2024-01-30,Loratadine 10mg (14ct),Allergy,USA,214.5,21,68.1,Government Tender
2024-01-30,Salbutamol Inhaler,Respiratory,Japan,171.51,7,66.69,Hospital
2024-01-30,Ibuprofen 400mg (30ct),Pain Relief,Japan,109.39,19,41.49,Government Tender
2024-01-30,Insulin Glargine Pen,Diabetes Care,UK,2147.11,29,924.43,Hospital
2024-01-30,Insulin Glargine Pen,Diabetes Care,Brazil,751.46,11,341.29,Government Tender
2024-01-30,Salbutamol Inhaler,Respiratory,Germany,278.01,12,103.9,Retail Pharmacy
2024-01-30,Insulin Glargine Pen,Diabetes Care,India,699.49,10,298.08,Government Tender
2024-01-31,Salbutamol Inhaler,Respiratory,UK,198.51,9,82.15,Government Tender
2024-01-31,Multivitamin Complex,Supplements,USA,345.07,23,126.85,Retail Pharmacy
2024-01-31,Amoxicillin 500mg (20ct),Antibiotics,India,310.84,24,132.63,Hospital
2024-01-31,Ibuprofen 400mg (30ct),Pain Relief,Germany,122.07,21,44.07,Government Tender
2024-01-31,Multivitamin Complex,Supplements,Germany,174.03,12,63.61,Retail Pharmacy
2024-01-31,Atorvastatin 20mg (30ct),Cardiovascular,USA,142.76,7,49.42,Retail Pharmacy
2024-01-31,Omeprazole 20mg (28ct),Gastro,UK,272.97,20,99.86,Retail Pharmacy
2024-01-31,Salbutamol Inhaler,Respiratory,Brazil,589.92,26,228.46,Government Tender
2024-01-31,Insulin Glargine Pen,Diabetes Care,India,1408.08,21,651.23,Retail Pharmacy
2024-02-01,Multivitamin Complex,Supplements,Japan,474.32,33,174.16,Hospital
2024-02-01,Salbutamol Inhaler,Respiratory,Brazil,383.24,19,167.81,Retail Pharmacy
2024-02-01,Omeprazole 20mg (28ct),Gastro,USA,228.66,20,96.09,Government Tender
2024-02-01,Multivitamin Complex,Supplements,USA,260.07,20,107.62,Hospital
2024-02-01,Ibuprofen 400mg (30ct),Pain Relief,USA,110.95,19,41.46,Hospital
2024-02-01,Atorvastatin 20mg (30ct),Cardiovascular,UK,411.3,22,163.69,Retail Pharmacy
2024-02-01,Multivitamin Complex,Supplements,Brazil,135.86,10,57.52,Hospital
2024-02-02,Loratadine 10mg (14ct),Allergy,UK,305.15,36,121.42,Hospital
2024-02-02,Ibuprofen 400mg (30ct),Pain Relief,UK,353.9,62,129.66,Government Tender
2024-02-02,Atorvastatin 20mg (30ct),Cardiovascular,Japan,85.48,5,35.72,Government Tender
2024-02-02,Multivitamin Complex,Supplements,Japan,314.37,22,123.93,Hospital
2024-02-02,Ibuprofen 400mg (30ct),Pain Relief,UK,270.24,39,78.24,Government Tender
2024-02-02,Insulin Glargine Pen,Diabetes Care,Japan,1112.51,18,532.28,Government Tender
2024-02-02,Salbutamol Inhaler,Respiratory,Brazil,270.06,12,106.98,Retail Pharmacy
2024-02-03,Ibuprofen 400mg (30ct),Pain Relief,Brazil,17.15,3,6.57,Retail Pharmacy
2024-02-03,Amoxicillin 500mg (20ct),Antibiotics,India,403.89,32,179.73,Retail Pharmacy
2024-02-03,Loratadine 10mg (14ct),Allergy,Japan,123.38,12,40.48,Hospital
2024-02-03,Salbutamol Inhaler,Respiratory,Germany,206.9,9,80.6,Government Tender
2024-02-03,Atorvastatin 20mg (30ct),Cardiovascular,Japan,173.83,9,62.19,Government Tender
2024-02-03,Loratadine 10mg (14ct),Allergy,UK,57.16,6,20.66,Hospital
2024-02-03,Ibuprofen 400mg (30ct),Pain Relief,Japan,94.82,16,32.4,Retail Pharmacy
2024-02-03,Loratadine 10mg (14ct),Allergy,Germany,326.72,31,103.56,Hospital
2024-02-03,Atorvastatin 20mg (30ct),Cardiovascular,Brazil,375.95,20,140.25,Government Tender
2024-02-03,Loratadine 10mg (14ct),Allergy,Brazil,42.54,5,17.53,Retail Pharmacy
2024-02-03,Insulin Glargine Pen,Diabetes Care,USA,652.14,9,268.86,Hospital
2024-02-03,Insulin Glargine Pen,Diabetes Care,Japan,1215.7,19,571.62,Hospital
2024-02-04,Omeprazole 20mg (28ct),Gastro,UK,771.11,64,305.57,Retail Pharmacy
2024-02-04,Loratadine 10mg (14ct),Allergy,Germany,610.24,58,187.42,Retail Pharmacy
2024-02-04,Omeprazole 20mg (28ct),Gastro,Brazil,549.67,40,204.6,Government Tender
2024-02-04,Amoxicillin 500mg (20ct),Antibiotics,India,349.35,27,161.85,Government Tender
2024-02-04,Atorvastatin 20mg (30ct),Cardiovascular,India,597.62,30,220.95,Hospital
2024-02-04,Salbutamol Inhaler,Respiratory,Japan,200.77,10,94.49,Government Tender
2024-02-04,Omeprazole 20mg (28ct),Gastro,India,443.51,33,161.1,Government Tender
2024-02-04,Atorvastatin 20mg (30ct),Cardiovascular,Brazil,317.92,16,120.76,Government Tender
2024-02-04,Omeprazole 20mg (28ct),Gastro,Japan,91.71,7,34.12,Retail Pharmacy
2024-02-04,Insulin Glargine Pen,Diabetes Care,Brazil,2090.04,29,883.89,Retail Pharmacy
2024-02-04,Omeprazole 20mg (28ct),Gastro,Germany,136.56,11,54.2,Government Tender
2024-02-05,Ibuprofen 400mg (30ct),Pain Relief,Germany,143.32,22,46.15,Government Tender
2024-02-05,Ibuprofen 400mg (30ct),Pain Relief,Germany,245.47,40,87.1,Retail Pharmacy
2024-02-05,Amoxicillin 500mg (20ct),Antibiotics,Brazil,319.22,21,121.23,Retail Pharmacy
2024-02-05,Atorvastatin 20mg (30ct),Cardiovascular,UK,442.55,24,168.58,Government Tender
2024-02-05,Insulin Glargine Pen,Diabetes Care,India,1944.84,32,995.85,Hospital
2024-02-05,Salbutamol Inhaler,Respiratory,USA,158.43,8,71.34,Retail Pharmacy
2024-02-05,Multivitamin Complex,Supplements,USA,235.06,18,96.65,Retail Pharmacy
2024-02-05,Salbutamol Inhaler,Respiratory,UK,330.13,14,127.38,Hospital
2024-02-05,Loratadine 10mg (14ct),Allergy,USA,118.88,13,42.84,Hospital
2024-02-05,Ibuprofen 400mg (30ct),Pain Relief,Germany,236.51,34,69.02,Retail Pharmacy
2024-02-05,Atorvastatin 20mg (30ct),Cardiovascular,Brazil,1168.7,62,443.3,Government Tender
2024-02-05,Multivitamin Complex,Supplements,UK,272.11,17,92.35,Hospital
2024-02-05,Insulin Glargine Pen,Diabetes Care,Germany,580.27,10,303.45,Retail Pharmacy
2024-02-06,Salbutamol Inhaler,Respiratory,India,625.03,28,259.77,Hospital
2024-02-06,Loratadine 10mg (14ct),Allergy,Germany,269.08,27,95.97,Hospital
2024-02-06,Omeprazole 20mg (28ct),Gastro,India,307.49,25,124.0,Retail Pharmacy
2024-02-06,Amoxicillin 500mg (20ct),Antibiotics,India,269.33,18,102.54,Hospital
2024-02-06,Amoxicillin 500mg (20ct),Antibiotics,Japan,279.21,23,129.64,Government Tender
2024-02-06,Multivitamin Complex,Supplements,Brazil,424.87,26,135.89,Retail Pharmacy
2024-02-06,Insulin Glargine Pen,Diabetes Care,India,867.65,12,362.85,Government Tender
2024-02-06,Insulin Glargine Pen,Diabetes Care,Brazil,1115.35,19,566.25,Retail Pharmacy
2024-02-06,Multivitamin Complex,Supplements,Brazil,456.45,30,170.55,Hospital
2024-02-06,Salbutamol Inhaler,Respiratory,India,650.14,27,248.09,Hospital
2024-02-07,Amoxicillin 500mg (20ct),Antibiotics,Germany,74.11,6,35.09,Government Tender
2024-02-07,Loratadine 10mg (14ct),Allergy,Brazil,205.96,20,70.71,Government Tender
2024-02-07,Omeprazole 20mg (28ct),Gastro,Japan,124.94,10,51.44,Government Tender
2024-02-07,Loratadine 10mg (14ct),Allergy,UK,182.56,20,69.22,Hospital
2024-02-07,Ibuprofen 400mg (30ct),Pain Relief,Germany,82.06,13,27.3,Hospital
2024-02-07,Salbutamol Inhaler,Respiratory,India,620.42,27,241.66,Government Tender
2024-02-07,Loratadine 10mg (14ct),Allergy,India,193.62,23,80.48,Government Tender
2024-02-07,Amoxicillin 500mg (20ct),Antibiotics,UK,574.49,37,207.41,Government Tender
2024-02-07,Multivitamin Complex,Supplements,Japan,632.77,39,211.16,Hospital
2024-02-07,Ibuprofen 400mg (30ct),Pain Relief,USA,135.0,19,41.73,Government Tender
2024-02-08,Amoxicillin 500mg (20ct),Antibiotics,USA,385.99,26,154.14,Government Tender
2024-02-08,Amoxicillin 500mg (20ct),Antibiotics,Japan,366.62,29,160.68,Government Tender
2024-02-08,Omeprazole 20mg (28ct),Gastro,USA,296.74,27,138.13,Hospital
2024-02-08,Multivitamin Complex,Supplements,Japan,524.3,37,199.01,Retail Pharmacy
2024-02-08,Insulin Glargine Pen,Diabetes Care,India,1109.14,18,532.28,Hospital
2024-02-08,Ibuprofen 400mg (30ct),Pain Relief,Germany,196.77,28,60.6,Hospital
2024-02-08,Ibuprofen 400mg (30ct),Pain Relief,Japan,262.55,47,97.21,Hospital
2024-02-08,Omeprazole 20mg (28ct),Gastro,USA,170.42,14,71.81,Hospital
2024-02-08,Salbutamol Inhaler,Respiratory,USA,373.99,18,171.14,Retail Pharmacy
2024-02-08,Omeprazole 20mg (28ct),Gastro,India,210.11,18,89.37,Hospital
2024-02-08,Ibuprofen 400mg (30ct),Pain Relief,Brazil,108.52,18,39.48,Retail Pharmacy
2024-02-08,Salbutamol Inhaler,Respiratory,Japan,582.87,26,228.12,Government Tender
2024-02-09,Loratadine 10mg (14ct),Allergy,USA,265.0,27,91.91,Retail Pharmacy
2024-02-09,Insulin Glargine Pen,Diabetes Care,USA,3808.93,54,1664.86,Retail Pharmacy
2024-02-09,Multivitamin Complex,Supplements,Japan,408.51,25,141.4,Government Tender
2024-02-09,Loratadine 10mg (14ct),Allergy,Japan,190.77,21,73.59,Hospital
2024-02-09,Insulin Glargine Pen,Diabetes Care,Germany,956.72,13,405.81,Government Tender
2024-02-09,Amoxicillin 500mg (20ct),Antibiotics,Japan,153.29,10,55.17,Government Tender
2024-02-09,Ibuprofen 400mg (30ct),Pain Relief,UK,213.93,30,62.58,Hospital
2024-02-09,Atorvastatin 20mg (30ct),Cardiovascular,USA,504.14,27,195.7,Government Tender
2024-02-10,Amoxicillin 500mg (20ct),Antibiotics,Germany,332.31,25,148.39,Hospital
2024-02-10,Insulin Glargine Pen,Diabetes Care,India,2636.8,41,1330.46,Retail Pharmacy
2024-02-10,Amoxicillin 500mg (20ct),Antibiotics,UK,216.83,15,91.01,Retail Pharmacy
2024-02-10,Multivitamin Complex,Supplements,USA,300.97,20,107.62,Retail Pharmacy
2024-02-10,Insulin Glargine Pen,Diabetes Care,Germany,1011.77,14,437.73,Government Tender
2024-02-10,Atorvastatin 20mg (30ct),Cardiovascular,India,209.05,13,96.85,Hospital
2024-02-10,Ibuprofen 400mg (30ct),Pain Relief,UK,59.88,9,19.62,Hospital
2024-02-11,Ibuprofen 400mg (30ct),Pain Relief,UK,48.37,7,14.44,Retail Pharmacy
2024-02-11,Amoxicillin 500mg (20ct),Antibiotics,UK,205.8,16,89.2,Government Tender
2024-02-11,Loratadine 10mg (14ct),Allergy,USA,168.15,18,62.72,Retail Pharmacy
2024-02-11,Ibuprofen 400mg (30ct),Pain Relief,Japan,145.39,24,48.77,Retail Pharmacy
2024-02-11,Ibuprofen 400mg (30ct),Pain Relief,USA,171.87,28,57.29,Hospital
2024-02-11,Ibuprofen 400mg (30ct),Pain Relief,Brazil,95.98,16,33.36,Retail Pharmacy
2024-02-11,Salbutamol Inhaler,Respiratory,Germany,234.65,11,102.64,Retail Pharmacy
2024-02-11,Amoxicillin 500mg (20ct),Antibiotics,Brazil,434.8,30,177.15,Hospital
2024-02-11,Amoxicillin 500mg (20ct),Antibiotics,India,497.86,33,197.78,Government Tender
2024-02-11,Ibuprofen 400mg (30ct),Pain Relief,India,85.19,15,31.98,Government Tender
2024-02-11,Salbutamol Inhaler,Respiratory,India,612.18,29,269.82,Hospital
2024-02-11,Omeprazole 20mg (28ct),Gastro,UK,419.01,37,173.16,Hospital
2024-02-12,Loratadine 10mg (14ct),Allergy,India,152.92,17,60.38,Government Tender
2024-02-12,Insulin Glargine Pen,Diabetes Care,USA,1248.55,21,675.37,Hospital
2024-02-12,Amoxicillin 500mg (20ct),Antibiotics,Japan,275.13,19,104.85,Retail Pharmacy
2024-02-12,Multivitamin Complex,Supplements,UK,106.5,8,43.59,Hospital
2024-02-12,Omeprazole 20mg (28ct),Gastro,India,894.48,68,319.2,Retail Pharmacy
2024-02-12,Atorvastatin 20mg (30ct),Cardiovascular,UK,475.54,27,187.79,Government Tender
2024-02-12,Multivitamin Complex,Supplements,Japan,87.85,6,34.39,Hospital
2024-02-12,Loratadine 10mg (14ct),Allergy,India,125.61,13,43.51,Government Tender
2024-02-13,Salbutamol Inhaler,Respiratory,USA,525.17,25,237.75,Retail Pharmacy
2024-02-13,Salbutamol Inhaler,Respiratory,USA,529.26,26,229.75,Retail Pharmacy
2024-02-13,Multivitamin Complex,Supplements,Germany,657.39,44,233.57,Retail Pharmacy
2024-02-13,Amoxicillin 500mg (20ct),Antibiotics,Brazil,138.39,11,61.37,Government Tender
2024-02-13,Ibuprofen 400mg (30ct),Pain Relief,India,396.53,66,141.85,Hospital
2024-02-13,Salbutamol Inhaler,Respiratory,Japan,371.7,17,150.56,Government Tender
2024-02-13,Amoxicillin 500mg (20ct),Antibiotics,Brazil,390.04,27,151.99,Government Tender
2024-02-13,Multivitamin Complex,Supplements,USA,426.87,30,168.37,Hospital
2024-02-13,Multivitamin Complex,Supplements,Brazil,182.82,13,71.27,Government Tender
2024-02-13,Multivitamin Complex,Supplements,India,285.45,19,109.29,Retail Pharmacy
2024-02-13,Atorvastatin 20mg (30ct),Cardiovascular,Germany,367.19,20,138.02,Hospital
2024-02-13,Ibuprofen 400mg (30ct),Pain Relief,UK,140.72,25,51.95,Retail Pharmacy
2024-02-13,Amoxicillin 500mg (20ct),Antibiotics,India,182.13,14,77.53,Government Tender
2024-02-14,Insulin Glargine Pen,Diabetes Care,Brazil,2055.51,35,1066.66,Retail Pharmacy
2024-02-14,Multivitamin Complex,Supplements,UK,581.56,40,227.57,Retail Pharmacy
2024-02-14,Ibuprofen 400mg (30ct),Pain Relief,UK,202.46,32,69.23,Government Tender
2024-02-14,Multivitamin Complex,Supplements,Japan,195.13,12,68.07,Hospital
2024-02-14,Atorvastatin 20mg (30ct),Cardiovascular,USA,281.17,17,119.16,Hospital
2024-02-14,Multivitamin Complex,Supplements,Japan,721.27,49,260.98,Retail Pharmacy
2024-02-14,Loratadine 10mg (14ct),Allergy,UK,190.35,20,68.58,Government Tender
2024-02-14,Salbutamol Inhaler,Respiratory,India,281.25,13,112.88,Government Tender
2024-02-14,Insulin Glargine Pen,Diabetes Care,USA,1048.22,18,578.19,Hospital
2024-02-14,Multivitamin Complex,Supplements,Brazil,295.54,23,127.62,Retail Pharmacy
2024-02-14,Amoxicillin 500mg (20ct),Antibiotics,Brazil,366.15,30,170.37,Government Tender
2024-02-15,Insulin Glargine Pen,Diabetes Care,UK,1258.05,19,601.68,Government Tender
2024-02-15,Ibuprofen 400mg (30ct),Pain Relief,USA,83.46,12,26.35,Retail Pharmacy
2024-02-15,Atorvastatin 20mg (30ct),Cardiovascular,Japan,698.25,35,248.24,Government Tender
2024-02-15,Omeprazole 20mg (28ct),Gastro,UK,105.95,8,38.02,Retail Pharmacy
2024-02-15,Omeprazole 20mg (28ct),Gastro,Brazil,502.99,38,179.26,Retail Pharmacy
2024-02-15,Ibuprofen 400mg (30ct),Pain Relief,Germany,53.56,8,17.62,Government Tender
2024-02-15,Multivitamin Complex,Supplements,UK,147.35,10,56.72,Retail Pharmacy
2024-02-16,Omeprazole 20mg (28ct),Gastro,Japan,212.48,16,76.14,Government Tender
2024-02-16,Omeprazole 20mg (28ct),Gastro,Germany,245.07,19,90.96,Hospital
2024-02-16,Omeprazole 20mg (28ct),Gastro,India,85.47,8,38.42,Government Tender
2024-02-16,Salbutamol Inhaler,Respiratory,India,588.21,29,260.08,Government Tender
2024-02-16,Insulin Glargine Pen,Diabetes Care,Japan,2987.38,40,1283.21,Government Tender
2024-02-16,Salbutamol Inhaler,Respiratory,Japan,334.07,17,161.47,Government Tender
2024-02-16,Atorvastatin 20mg (30ct),Cardiovascular,USA,330.17,18,130.39,Retail Pharmacy
2024-02-16,Atorvastatin 20mg (30ct),Cardiovascular,UK,213.26,11,83.03,Government Tender
2024-02-16,Multivitamin Complex,Supplements,Germany,486.15,37,210.68,Hospital
2024-02-16,Loratadine 10mg (14ct),Allergy,Germany,195.91,22,77.91,Retail Pharmacy
2024-02-16,Multivitamin Complex,Supplements,Japan,398.94,26,145.42,Hospital
2024-02-16,Multivitamin Complex,Supplements,Japan,1023.5,72,380.5,Retail Pharmacy
2024-02-16,Loratadine 10mg (14ct),Allergy,UK,88.61,9,29.31,Retail Pharmacy
2024-02-16,Multivitamin Complex,Supplements,Brazil,127.61,9,48.96,Retail Pharmacy
2024-02-17,Loratadine 10mg (14ct),Allergy,USA,308.91,30,99.68,Hospital
2024-02-17,Multivitamin Complex,Supplements,Germany,324.91,21,119.47,Hospital
2024-02-17,Insulin Glargine Pen,Diabetes Care,UK,289.99,5,156.76,Retail Pharmacy
2024-02-17,Atorvastatin 20mg (30ct),Cardiovascular,India,484.72,27,197.06,Hospital
2024-02-17,Salbutamol Inhaler,Respiratory,India,533.84,24,225.87,Retail Pharmacy
2024-02-17,Multivitamin Complex,Supplements,USA,134.11,10,56.79,Retail Pharmacy
2024-02-17,Amoxicillin 500mg (20ct),Antibiotics,Japan,228.73,15,90.43,Retail Pharmacy
2024-02-17,Salbutamol Inhaler,Respiratory,Japan,309.25,13,115.52,Government Tender
2024-02-18,Insulin Glargine Pen,Diabetes Care,Brazil,729.5,10,309.17,Government Tender
2024-02-18,Ibuprofen 400mg (30ct),Pain Relief,Brazil,126.95,21,44.14,Retail Pharmacy
2024-02-18,Salbutamol Inhaler,Respiratory,India,225.92,10,90.98,Government Tender
2024-02-18,Atorvastatin 20mg (30ct),Cardiovascular,USA,302.72,15,105.13,Government Tender
2024-02-18,Multivitamin Complex,Supplements,UK,548.63,42,235.91,Retail Pharmacy
2024-02-18,Ibuprofen 400mg (30ct),Pain Relief,Germany,297.11,45,92.08,Government Tender
2024-02-18,Ibuprofen 400mg (30ct),Pain Relief,India,63.26,10,20.98,Hospital
2024-02-18,Omeprazole 20mg (28ct),Gastro,India,398.5,37,181.91,Retail Pharmacy
2024-02-18,Multivitamin Complex,Supplements,UK,259.89,19,106.86,Government Tender
2024-02-18,Omeprazole 20mg (28ct),Gastro,Germany,227.57,18,89.41,Hospital
2024-02-18,Omeprazole 20mg (28ct),Gastro,India,1204.5,90,427.4,Government Tender
2024-02-18,Atorvastatin 20mg (30ct),Cardiovascular,India,510.72,30,211.04,Retail Pharmacy
2024-02-18,Amoxicillin 500mg (20ct),Antibiotics,USA,242.58,16,90.39,Government Tender
2024-02-18,Ibuprofen 400mg (30ct),Pain Relief,Brazil,101.16,17,37.28,Government Tender
2024-02-19,Salbutamol Inhaler,Respiratory,India,816.71,35,305.18,Hospital
2024-02-19,Insulin Glargine Pen,Diabetes Care,Brazil,2745.63,39,1236.02,Government Tender
2024-02-19,Amoxicillin 500mg (20ct),Antibiotics,Japan,449.55,29,171.7,Retail Pharmacy
2024-02-19,Amoxicillin 500mg (20ct),Antibiotics,USA,189.97,13,75.7,Hospital
2024-02-19,Loratadine 10mg (14ct),Allergy,Brazil,183.25,17,55.88,Hospital
2024-02-19,Insulin Glargine Pen,Diabetes Care,UK,3242.68,54,1625.84,Retail Pharmacy
2024-02-20,Loratadine 10mg (14ct),Allergy,UK,89.95,9,31.27,Government Tender
2024-02-20,Omeprazole 20mg (28ct),Gastro,Brazil,476.47,35,178.49,Government Tender
2024-02-20,Atorvastatin 20mg (30ct),Cardiovascular,UK,706.87,37,268.21,Government Tender
2024-02-20,Loratadine 10mg (14ct),Allergy,Germany,272.93,27,90.58,Hospital
2024-02-20,Multivitamin Complex,Supplements,Japan,330.53,24,129.18,Retail Pharmacy
2024-02-20,Atorvastatin 20mg (30ct),Cardiovascular,Japan,573.08,35,263.85,Government Tender
2024-02-20,Amoxicillin 500mg (20ct),Antibiotics,India,470.5,34,199.34,Retail Pharmacy
2024-02-20,Ibuprofen 400mg (30ct),Pain Relief,USA,56.31,9,19.59,Retail Pharmacy
2024-02-20,Insulin Glargine Pen,Diabetes Care,Germany,415.29,7,217.87,Government Tender
2024-02-20,Insulin Glargine Pen,Diabetes Care,India,3007.72,44,1367.66,Government Tender
2024-02-20,Amoxicillin 500mg (20ct),Antibiotics,Japan,263.85,17,100.69,Hospital
2024-02-20,Atorvastatin 20mg (30ct),Cardiovascular,Germany,191.3,11,82.74,Hospital
2024-02-20,Atorvastatin 20mg (30ct),Cardiovascular,Germany,307.37,17,124.89,Retail Pharmacy
2024-02-20,Atorvastatin 20mg (30ct),Cardiovascular,India,136.27,7,51.65,Government Tender
2024-02-20,Salbutamol Inhaler,Respiratory,Brazil,572.87,27,253.75,Retail Pharmacy
2024-02-21,Omeprazole 20mg (28ct),Gastro,India,741.69,61,296.33,Government Tender
2024-02-21,Salbutamol Inhaler,Respiratory,Germany,445.97,20,177.4,Government Tender
2024-02-21,Salbutamol Inhaler,Respiratory,Germany,425.7,18,159.58,Government Tender
2024-02-21,Ibuprofen 400mg (30ct),Pain Relief,Japan,80.35,12,25.07,Government Tender
2024-02-21,Amoxicillin 500mg (20ct),Antibiotics,Germany,441.92,31,180.45,Hospital
2024-02-21,Ibuprofen 400mg (30ct),Pain Relief,USA,65.75,10,21.37,Retail Pharmacy
2024-02-21,Multivitamin Complex,Supplements,USA,390.15,25,144.34,Government Tender
2024-02-21,Multivitamin Complex,Supplements,UK,178.63,14,77.74,Hospital
2024-02-21,Insulin Glargine Pen,Diabetes Care,Brazil,1446.94,20,622.97,Government Tender
2024-02-21,Salbutamol Inhaler,Respiratory,Germany,679.41,28,248.42,Hospital
2024-02-22,Omeprazole 20mg (28ct),Gastro,Japan,79.78,7,34.23,Hospital
2024-02-22,Multivitamin Complex,Supplements,Germany,304.67,20,107.89,Government Tender
2024-02-22,Insulin Glargine Pen,Diabetes Care,Germany,1189.71,18,548.3,Retail Pharmacy
2024-02-22,Loratadine 10mg (14ct),Allergy,UK,379.56,40,132.23,Hospital
2024-02-22,Loratadine 10mg (14ct),Allergy,UK,86.43,10,35.19,Hospital
2024-02-22,Multivitamin Complex,Supplements,USA,88.19,6,33.66,Hospital
2024-02-22,Atorvastatin 20mg (30ct),Cardiovascular,Brazil,921.49,46,324.69,Hospital
2024-02-22,Ibuprofen 400mg (30ct),Pain Relief,India,179.48,31,63.7,Hospital
2024-02-22,Loratadine 10mg (14ct),Allergy,Germany,35.91,4,12.98,Government Tender
2024-02-22,Atorvastatin 20mg (30ct),Cardiovascular,UK,60.06,3,20.87,Government Tender
2024-02-22,Loratadine 10mg (14ct),Allergy,Japan,56.39,6,20.16,Hospital
2024-02-23,Salbutamol Inhaler,Respiratory,Japan,149.15,7,63.92,Government Tender
2024-02-23,Ibuprofen 400mg (30ct),Pain Relief,Germany,68.05,11,22.56,Retail Pharmacy
2024-02-23,Ibuprofen 400mg (30ct),Pain Relief,UK,75.28,12,24.96,Hospital
2024-02-23,Multivitamin Complex,Supplements,UK,108.45,7,40.33,Government Tender
2024-02-23,Multivitamin Complex,Supplements,Japan,397.68,29,156.75,Government Tender
2024-02-23,Amoxicillin 500mg (20ct),Antibiotics,India,202.88,16,96.43,Hospital
2024-02-23,Loratadine 10mg (14ct),Allergy,India,222.65,23,79.84,Government Tender
2024-02-24,Ibuprofen 400mg (30ct),Pain Relief,USA,136.93,21,42.52,Government Tender
2024-02-24,Salbutamol Inhaler,Respiratory,UK,1147.92,54,499.23,Government Tender
2024-02-24,Insulin Glargine Pen,Diabetes Care,India,3153.49,44,1324.05,Hospital
2024-02-24,Omeprazole 20mg (28ct),Gastro,USA,350.84,29,146.9,Hospital
2024-02-24,Loratadine 10mg (14ct),Allergy,UK,276.63,28,97.88,Retail Pharmacy
2024-02-24,Multivitamin Complex,Supplements,Brazil,213.69,14,76.61,Hospital
2024-02-24,Ibuprofen 400mg (30ct),Pain Relief,India,91.23,15,31.21,Hospital
2024-02-24,Insulin Glargine Pen,Diabetes Care,UK,1168.94,17,541.38,Retail Pharmacy
2024-02-24,Atorvastatin 20mg (30ct),Cardiovascular,Germany,304.86,17,117.12,Retail Pharmacy
2024-02-24,Amoxicillin 500mg (20ct),Antibiotics,Germany,215.6,16,91.24,Retail Pharmacy
2024-02-24,Ibuprofen 400mg (30ct),Pain Relief,Japan,149.02,21,42.84,Hospital
2024-02-25,Salbutamol Inhaler,Respiratory,UK,843.59,38,339.13,Retail Pharmacy
2024-02-25,Amoxicillin 500mg (20ct),Antibiotics,USA,196.9,14,85.15,Government Tender
2024-02-25,Loratadine 10mg (14ct),Allergy,Germany,42.36,5,17.12,Government Tender
2024-02-25,Insulin Glargine Pen,Diabetes Care,USA,2672.44,40,1273.01,Government Tender
2024-02-25,Multivitamin Complex,Supplements,USA,228.18,16,85.93,Government Tender
2024-02-25,Amoxicillin 500mg (20ct),Antibiotics,Germany,377.56,28,162.49,Hospital
2024-02-25,Multivitamin Complex,Supplements,Germany,46.88,3,15.76,Retail Pharmacy
2024-02-25,Atorvastatin 20mg (30ct),Cardiovascular,USA,293.02,17,128.17,Government Tender
2024-02-25,Multivitamin Complex,Supplements,USA,665.98,47,259.46,Government Tender
2024-02-25,Salbutamol Inhaler,Respiratory,India,718.38,31,271.13,Retail Pharmacy
2024-02-25,Amoxicillin 500mg (20ct),Antibiotics,UK,573.84,45,249.24,Retail Pharmacy
2024-02-25,Loratadine 10mg (14ct),Allergy,Japan,77.3,8,26.84,Hospital
2024-02-26,Salbutamol Inhaler,Respiratory,USA,210.08,10,87.91,Government Tender
2024-02-26,Amoxicillin 500mg (20ct),Antibiotics,Japan,114.39,9,54.41,Retail Pharmacy
2024-02-26,Omeprazole 20mg (28ct),Gastro,Germany,288.03,24,117.98,Retail Pharmacy
2024-02-26,Loratadine 10mg (14ct),Allergy,USA,193.39,22,76.77,Retail Pharmacy
2024-02-26,Loratadine 10mg (14ct),Allergy,Germany,557.49,57,198.45,Retail Pharmacy
2024-02-26,Amoxicillin 500mg (20ct),Antibiotics,Japan,677.96,48,291.8,Government Tender
2024-02-26,Loratadine 10mg (14ct),Allergy,Japan,75.84,9,30.22,Retail Pharmacy
2024-02-26,Loratadine 10mg (14ct),Allergy,Japan,212.14,25,86.97,Hospital
2024-02-26,Amoxicillin 500mg (20ct),Antibiotics,Brazil,206.18,16,92.17,Retail Pharmacy
2024-02-27,Multivitamin Complex,Supplements,India,524.83,38,216.07,Government Tender
2024-02-27,Insulin Glargine Pen,Diabetes Care,Brazil,282.79,4,120.23,Government Tender
2024-02-27,Omeprazole 20mg (28ct),Gastro,India,226.13,21,107.78,Retail Pharmacy
2024-02-27,Salbutamol Inhaler,Respiratory,Brazil,157.58,8,71.91,Retail Pharmacy
2024-02-27,Omeprazole 20mg (28ct),Gastro,USA,311.43,26,128.78,Retail Pharmacy
2024-02-28,Atorvastatin 20mg (30ct),Cardiovascular,Germany,121.6,7,49.31,Government Tender
2024-02-28,Amoxicillin 500mg (20ct),Antibiotics,Germany,193.54,14,77.68,Hospital
2024-02-28,Ibuprofen 400mg (30ct),Pain Relief,Brazil,90.26,13,26.61,Hospital
2024-02-28,Atorvastatin 20mg (30ct),Cardiovascular,Germany,820.04,44,324.91,Government Tender
2024-02-28,Multivitamin Complex,Supplements,Germany,288.35,21,113.8,Retail Pharmacy
2024-02-28,Multivitamin Complex,Supplements,Germany,287.42,18,95.2,Hospital
2024-02-28,Amoxicillin 500mg (20ct),Antibiotics,Germany,569.93,46,268.06,Government Tender
2024-02-28,Multivitamin Complex,Supplements,Japan,498.06,39,204.19,Retail Pharmacy
2024-02-28,Ibuprofen 400mg (30ct),Pain Relief,Brazil,11.91,2,4.41,Government Tender
2024-02-28,Atorvastatin 20mg (30ct),Cardiovascular,Germany,554.48,29,200.25,Hospital
2024-02-28,Multivitamin Complex,Supplements,Brazil,475.29,29,163.11,Retail Pharmacy
2024-02-29,Loratadine 10mg (14ct),Allergy,Japan,148.52,15,52.89,Government Tender
2024-02-29,Loratadine 10mg (14ct),Allergy,Brazil,285.18,29,103.19,Government Tender
2024-02-29,Insulin Glargine Pen,Diabetes Care,Japan,1482.44,21,645.7,Hospital
2024-02-29,Amoxicillin 500mg (20ct),Antibiotics,UK,103.73,7,38.94,Government Tender
2024-02-29,Ibuprofen 400mg (30ct),Pain Relief,UK,187.97,27,59.28,Hospital
2024-02-29,Insulin Glargine Pen,Diabetes Care,Germany,1204.61,17,531.98,Government Tender
2024-02-29,Multivitamin Complex,Supplements,Germany,262.44,18,97.82,Hospital
2024-02-29,Salbutamol Inhaler,Respiratory,Brazil,496.61,23,207.81,Retail Pharmacy
2024-02-29,Amoxicillin 500mg (20ct),Antibiotics,Japan,268.87,19,105.63,Retail Pharmacy
2024-03-01,Loratadine 10mg (14ct),Allergy,Brazil,193.79,18,59.1,Government Tender
2024-03-01,Amoxicillin 500mg (20ct),Antibiotics,Germany,386.8,25,137.81,Hospital
2024-03-01,Omeprazole 20mg (28ct),Gastro,UK,329.71,26,124.68,Government Tender
2024-03-01,Insulin Glargine Pen,Diabetes Care,India,1429.17,20,590.03,Government Tender
2024-03-01,Insulin Glargine Pen,Diabetes Care,USA,1859.69,27,871.15,Hospital
2024-03-01,Amoxicillin 500mg (20ct),Antibiotics,Japan,557.58,43,248.23,Hospital
2024-03-01,Omeprazole 20mg (28ct),Gastro,UK,362.93,30,147.49,Government Tender
2024-03-01,Ibuprofen 400mg (30ct),Pain Relief,UK,131.15,21,44.8,Government Tender
2024-03-01,Omeprazole 20mg (28ct),Gastro,USA,101.25,9,42.14,Retail Pharmacy
2024-03-01,Insulin Glargine Pen,Diabetes Care,Japan,2618.32,37,1158.4,Government Tender
2024-03-02,Loratadine 10mg (14ct),Allergy,Japan,140.25,15,52.88,Retail Pharmacy
2024-03-02,Insulin Glargine Pen,Diabetes Care,Germany,985.22,15,454.1,Hospital
2024-03-02,Loratadine 10mg (14ct),Allergy,Brazil,76.4,9,29.87,Retail Pharmacy
2024-03-02,Omeprazole 20mg (28ct),Gastro,India,544.85,51,257.42,Retail Pharmacy
2024-03-02,Ibuprofen 400mg (30ct),Pain Relief,Germany,273.97,41,86.52,Retail Pharmacy
2024-03-02,Amoxicillin 500mg (20ct),Antibiotics,Brazil,409.88,28,161.27,Government Tender
2024-03-02,Insulin Glargine Pen,Diabetes Care,Brazil,2839.88,41,1270.32,Retail Pharmacy
2024-03-03,Omeprazole 20mg (28ct),Gastro,Japan,144.79,13,62.76,Hospital
2024-03-03,Amoxicillin 500mg (20ct),Antibiotics,UK,132.96,10,57.96,Hospital
2024-03-03,Insulin Glargine Pen,Diabetes Care,Germany,2040.46,33,975.71,Retail Pharmacy
2024-03-03,Insulin Glargine Pen,Diabetes Care,Germany,933.6,15,469.02,Retail Pharmacy
2024-03-03,Ibuprofen 400mg (30ct),Pain Relief,Brazil,118.84,18,39.36,Government Tender
2024-03-03,Salbutamol Inhaler,Respiratory,Brazil,785.28,33,309.79,Government Tender
2024-03-03,Amoxicillin 500mg (20ct),Antibiotics,USA,305.58,20,119.93,Retail Pharmacy
2024-03-03,Atorvastatin 20mg (30ct),Cardiovascular,Germany,804.48,49,336.01,Government Tender
2024-03-03,Ibuprofen 400mg (30ct),Pain Relief,Brazil,130.02,22,48.03,Hospital
2024-03-04,Multivitamin Complex,Supplements,Brazil,532.31,37,202.66,Retail Pharmacy
2024-03-04,Multivitamin Complex,Supplements,USA,239.24,18,100.44,Government Tender
2024-03-04,Loratadine 10mg (14ct),Allergy,Japan,135.01,16,52.5,Hospital
2024-03-04,Insulin Glargine Pen,Diabetes Care,India,1349.25,20,649.26,Hospital
2024-03-04,Salbutamol Inhaler,Respiratory,Brazil,674.33,33,308.42,Retail Pharmacy
2024-03-04,Amoxicillin 500mg (20ct),Antibiotics,UK,474.69,32,194.27,Government Tender
2024-03-04,Loratadine 10mg (14ct),Allergy,Germany,321.37,34,110.72,Hospital
2024-03-04,Ibuprofen 400mg (30ct),Pain Relief,Brazil,266.47,40,86.24,Retail Pharmacy
2024-03-04,Multivitamin Complex,Supplements,USA,148.18,10,52.9,Government Tender
2024-03-05,Omeprazole 20mg (28ct),Gastro,Germany,170.61,13,60.66,Government Tender
2024-03-05,Salbutamol Inhaler,Respiratory,UK,849.39,40,353.5,Government Tender
2024-03-05,Amoxicillin 500mg (20ct),Antibiotics,India,360.86,27,160.35,Hospital
2024-03-05,Loratadine 10mg (14ct),Allergy,USA,324.29,33,117.69,Hospital
2024-03-05,Loratadine 10mg (14ct),Allergy,USA,110.98,12,41.79,Hospital
2024-03-05,Atorvastatin 20mg (30ct),Cardiovascular,India,466.16,27,184.74,Government Tender
2024-03-05,Ibuprofen 400mg (30ct),Pain Relief,India,171.82,31,68.16,Hospital
2024-03-05,Omeprazole 20mg (28ct),Gastro,India,314.39,29,144.77,Government Tender
2024-03-05,Omeprazole 20mg (28ct),Gastro,Brazil,45.62,4,19.82,Retail Pharmacy
2024-03-05,Omeprazole 20mg (28ct),Gastro,UK,121.12,9,44.53,Retail Pharmacy
2024-03-05,Salbutamol Inhaler,Respiratory,UK,351.22,16,148.55,Hospital
2024-03-06,Salbutamol Inhaler,Respiratory,India,514.18,26,242.19,Hospital
2024-03-06,Multivitamin Complex,Supplements,USA,65.35,5,26.45,Government Tender
2024-03-06,Atorvastatin 20mg (30ct),Cardiovascular,India,148.85,8,59.0,Government Tender
2024-03-06,Amoxicillin 500mg (20ct),Antibiotics,Japan,128.72,9,49.81,Hospital
2024-03-06,Multivitamin Complex,Supplements,UK,454.9,34,192.57,Retail Pharmacy
2024-03-06,Atorvastatin 20mg (30ct),Cardiovascular,Brazil,471.08,25,183.91,Government Tender
2024-03-06,Ibuprofen 400mg (30ct),Pain Relief,Japan,90.96,16,34.9,Hospital
2024-03-06,Amoxicillin 500mg (20ct),Antibiotics,Germany,278.33,20,118.7,Retail Pharmacy
2024-03-06,Insulin Glargine Pen,Diabetes Care,UK,1208.05,19,580.05,Retail Pharmacy
2024-03-06,Ibuprofen 400mg (30ct),Pain Relief,UK,178.91,30,60.98,Hospital
2024-03-06,Loratadine 10mg (14ct),Allergy,USA,160.73,15,49.88,Government Tender
2024-03-06,Multivitamin Complex,Supplements,Germany,183.85,14,80.16,Retail Pharmacy
2024-03-07,Atorvastatin 20mg (30ct),Cardiovascular,UK,330.51,20,137.34,Hospital
2024-03-07,Atorvastatin 20mg (30ct),Cardiovascular,India,540.83,28,193.31,Hospital
2024-03-07,Multivitamin Complex,Supplements,UK,427.13,29,159.52,Retail Pharmacy
2024-03-07,Amoxicillin 500mg (20ct),Antibiotics,Germany,224.28,18,99.22,Hospital
2024-03-07,Multivitamin Complex,Supplements,Germany,267.2,20,107.67,Government Tender
2024-03-07,Insulin Glargine Pen,Diabetes Care,Brazil,560.63,9,274.79,Government Tender
2024-03-07,Amoxicillin 500mg (20ct),Antibiotics,Brazil,444.53,30,168.9,Retail Pharmacy
2024-03-07,Omeprazole 20mg (28ct),Gastro,Germany,274.93,23,109.43,Government Tender
2024-03-07,Omeprazole 20mg (28ct),Gastro,India,189.14,14,65.66,Retail Pharmacy
2024-03-07,Amoxicillin 500mg (20ct),Antibiotics,Germany,293.07,21,124.38,Retail Pharmacy
2024-03-07,Insulin Glargine Pen,Diabetes Care,Brazil,3015.72,46,1478.48,Hospital
2024-03-07,Insulin Glargine Pen,Diabetes Care,Brazil,1716.7,29,876.38,Government Tender
2024-03-08,Ibuprofen 400mg (30ct),Pain Relief,Japan,222.23,34,73.91,Government Tender
2024-03-08,Multivitamin Complex,Supplements,Brazil,368.79,25,139.7,Government Tender
2024-03-08,Amoxicillin 500mg (20ct),Antibiotics,India,317.01,24,142.39,Retail Pharmacy
2024-03-08,Omeprazole 20mg (28ct),Gastro,UK,152.3,14,71.55,Hospital
2024-03-08,Omeprazole 20mg (28ct),Gastro,Germany,374.64,29,137.97,Government Tender
2024-03-08,Omeprazole 20mg (28ct),Gastro,Japan,453.45,35,168.23,Retail Pharmacy
2024-03-09,Omeprazole 20mg (28ct),Gastro,Brazil,58.48,5,24.52,Hospital
2024-03-09,Omeprazole 20mg (28ct),Gastro,Brazil,259.65,22,105.73,Government Tender
2024-03-09,Salbutamol Inhaler,Respiratory,India,233.46,10,92.51,Hospital
2024-03-09,Amoxicillin 500mg (20ct),Antibiotics,UK,379.86,30,171.75,Retail Pharmacy
2024-03-09,Salbutamol Inhaler,Respiratory,UK,597.22,25,225.02,Government Tender
2024-03-09,Salbutamol Inhaler,Respiratory,UK,366.02,18,161.81,Hospital
2024-03-09,Omeprazole 20mg (28ct),Gastro,Brazil,381.54,31,151.46,Retail Pharmacy
2024-03-09,Amoxicillin 500mg (20ct),Antibiotics,USA,327.57,22,126.23,Retail Pharmacy
2024-03-10,Multivitamin Complex,Supplements,USA,655.03,43,240.15,Government Tender
2024-03-10,Atorvastatin 20mg (30ct),Cardiovascular,USA,341.38,21,155.68,Retail Pharmacy
2024-03-10,Amoxicillin 500mg (20ct),Antibiotics,Japan,368.93,28,156.57,Retail Pharmacy
2024-03-10,Salbutamol Inhaler,Respiratory,USA,204.9,9,78.07,Retail Pharmacy
2024-03-10,Salbutamol Inhaler,Respiratory,India,400.21,19,178.28,Government Tender
2024-03-10,Loratadine 10mg (14ct),Allergy,UK,337.2,32,111.5,Retail Pharmacy
2024-03-11,Salbutamol Inhaler,Respiratory,UK,1087.78,55,476.91,Hospital
2024-03-11,Loratadine 10mg (14ct),Allergy,USA,266.89,30,106.02,Retail Pharmacy
2024-03-11,Atorvastatin 20mg (30ct),Cardiovascular,Brazil,196.75,10,75.01,Retail Pharmacy
2024-03-11,Loratadine 10mg (14ct),Allergy,Japan,56.56,6,21.07,Retail Pharmacy
2024-03-11,Amoxicillin 500mg (20ct),Antibiotics,India,721.43,49,289.15,Hospital
2024-03-11,Amoxicillin 500mg (20ct),Antibiotics,Brazil,226.55,17,102.83,Retail Pharmacy
2024-03-11,Multivitamin Complex,Supplements,Japan,814.61,50,288.53,Retail Pharmacy
2024-03-12,Insulin Glargine Pen,Diabetes Care,UK,652.0,11,329.12,Hospital
2024-03-12,Atorvastatin 20mg (30ct),Cardiovascular,Japan,570.69,29,208.69,Retail Pharmacy
2024-03-12,Omeprazole 20mg (28ct),Gastro,Brazil,576.89,42,203.44,Hospital
2024-03-12,Ibuprofen 400mg (30ct),Pain Relief,India,186.0,31,66.25,Government Tender
2024-03-12,Ibuprofen 400mg (30ct),Pain Relief,Japan,119.17,20,42.74,Hospital
2024-03-12,Loratadine 10mg (14ct),Allergy,India,134.89,16,56.57,Retail Pharmacy
2024-03-12,Loratadine 10mg (14ct),Allergy,India,123.73,12,40.91,Retail Pharmacy
2024-03-12,Ibuprofen 400mg (30ct),Pain Relief,USA,268.15,47,99.25,Government Tender
2024-03-12,Multivitamin Complex,Supplements,Brazil,352.74,23,127.21,Government Tender
2024-03-12,Amoxicillin 500mg (20ct),Antibiotics,UK,1050.15,72,404.21,Government Tender
2024-03-13,Omeprazole 20mg (28ct),Gastro,India,108.79,10,47.41,Hospital
2024-03-13,Multivitamin Complex,Supplements,Brazil,328.08,21,111.43,Hospital
2024-03-13,Multivitamin Complex,Supplements,India,684.75,42,230.76,Retail Pharmacy
2024-03-13,Ibuprofen 400mg (30ct),Pain Relief,Brazil,134.96,22,47.7,Government Tender
2024-03-13,Omeprazole 20mg (28ct),Gastro,UK,103.71,8,37.75,Retail Pharmacy
2024-03-13,Salbutamol Inhaler,Respiratory,Brazil,257.04,12,104.72,Government Tender
2024-03-13,Multivitamin Complex,Supplements,Brazil,301.54,19,102.78,Government Tender
2024-03-13,Insulin Glargine Pen,Diabetes Care,Germany,1242.15,20,614.4,Government Tender
2024-03-13,Multivitamin Complex,Supplements,Germany,397.15,31,163.81,Hospital
2024-03-13,Ibuprofen 400mg (30ct),Pain Relief,Brazil,69.2,11,22.41,Hospital
2024-03-14,Amoxicillin 500mg (20ct),Antibiotics,Brazil,651.42,42,253.8,Government Tender
2024-03-14,Ibuprofen 400mg (30ct),Pain Relief,Germany,39.71,6,12.62,Retail Pharmacy
2024-03-14,Insulin Glargine Pen,Diabetes Care,India,885.91,14,434.72,Hospital
2024-03-14,Salbutamol Inhaler,Respiratory,Japan,151.6,7,64.5,Government Tender
2024-03-14,Omeprazole 20mg (28ct),Gastro,USA,413.21,34,170.76,Hospital
2024-03-14,Omeprazole 20mg (28ct),Gastro,Germany,132.9,11,56.48,Hospital
2024-03-14,Ibuprofen 400mg (30ct),Pain Relief,Brazil,127.61,20,43.05,Retail Pharmacy
2024-03-14,Omeprazole 20mg (28ct),Gastro,Japan,827.25,62,294.36,Retail Pharmacy
2024-03-14,Multivitamin Complex,Supplements,Japan,127.67,9,49.08,Retail Pharmacy
2024-03-14,Omeprazole 20mg (28ct),Gastro,Brazil,64.47,6,28.17,Hospital
2024-03-14,Omeprazole 20mg (28ct),Gastro,Brazil,160.18,13,61.66,Hospital
2024-03-15,Ibuprofen 400mg (30ct),Pain Relief,Japan,221.29,34,71.11,Government Tender
2024-03-15,Salbutamol Inhaler,Respiratory,USA,293.85,14,126.54,Government Tender
2024-03-15,Ibuprofen 400mg (30ct),Pain Relief,India,295.11,42,89.13,Hospital
2024-03-15,Multivitamin Complex,Supplements,Germany,235.1,15,82.28,Government Tender
2024-03-15,Ibuprofen 400mg (30ct),Pain Relief,Japan,240.1,38,77.83,Hospital
2024-03-15,Salbutamol Inhaler,Respiratory,Germany,795.23,39,366.18,Government Tender
2024-03-15,Ibuprofen 400mg (30ct),Pain Relief,Brazil,195.45,29,61.71,Hospital
2024-03-15,Salbutamol Inhaler,Respiratory,India,559.05,28,249.18,Hospital
2024-03-15,Omeprazole 20mg (28ct),Gastro,UK,353.13,31,156.45,Retail Pharmacy
2024-03-15,Salbutamol Inhaler,Respiratory,Brazil,1152.57,51,465.06,Government Tender
2024-03-15,Amoxicillin 500mg (20ct),Antibiotics,USA,479.35,36,199.27,Government Tender
2024-03-16,Insulin Glargine Pen,Diabetes Care,Brazil,1116.08,16,474.71,Government Tender
2024-03-16,Omeprazole 20mg (28ct),Gastro,USA,840.39,70,351.9,Hospital
2024-03-16,Salbutamol Inhaler,Respiratory,Germany,679.58,31,291.29,Hospital
2024-03-16,Salbutamol Inhaler,Respiratory,Brazil,978.03,44,419.44,Retail Pharmacy
2024-03-16,Multivitamin Complex,Supplements,Brazil,84.28,6,33.82,Retail Pharmacy
2024-03-16,Amoxicillin 500mg (20ct),Antibiotics,Brazil,229.94,19,106.22,Hospital
2024-03-16,Multivitamin Complex,Supplements,Germany,85.63,6,34.15,Government Tender
2024-03-16,Amoxicillin 500mg (20ct),Antibiotics,India,169.75,12,67.34,Retail Pharmacy
2024-03-16,Insulin Glargine Pen,Diabetes Care,USA,2757.19,44,1387.49,Retail Pharmacy
2024-03-16,Amoxicillin 500mg (20ct),Antibiotics,Germany,212.09,14,78.18,Hospital
2024-03-16,Omeprazole 20mg (28ct),Gastro,Japan,73.45,6,28.74,Hospital
2024-03-16,Salbutamol Inhaler,Respiratory,India,473.22,22,194.06,Hospital
2024-03-16,Salbutamol Inhaler,Respiratory,USA,464.64,23,205.19,Government Tender
2024-03-17,Insulin Glargine Pen,Diabetes Care,Germany,1794.23,25,744.24,Hospital
2024-03-17,Amoxicillin 500mg (20ct),Antibiotics,Germany,371.6,30,179.94,Government Tender
2024-03-17,Multivitamin Complex,Supplements,India,786.85,50,268.31,Hospital
2024-03-17,Atorvastatin 20mg (30ct),Cardiovascular,UK,896.38,44,318.42,Retail Pharmacy
2024-03-17,Ibuprofen 400mg (30ct),Pain Relief,USA,239.81,34,73.09,Government Tender
2024-03-17,Ibuprofen 400mg (30ct),Pain Relief,USA,233.68,36,75.17,Government Tender
2024-03-17,Insulin Glargine Pen,Diabetes Care,USA,2204.56,37,1125.55,Retail Pharmacy
2024-03-18,Ibuprofen 400mg (30ct),Pain Relief,Brazil,131.74,19,41.58,Retail Pharmacy
2024-03-18,Salbutamol Inhaler,Respiratory,UK,1230.68,56,489.88,Hospital
2024-03-18,Atorvastatin 20mg (30ct),Cardiovascular,Japan,295.04,16,110.04,Retail Pharmacy
2024-03-18,Insulin Glargine Pen,Diabetes Care,Germany,1340.41,18,580.07,Hospital
2024-03-18,Amoxicillin 500mg (20ct),Antibiotics,USA,150.45,11,61.77,Government Tender
2024-03-18,Ibuprofen 400mg (30ct),Pain Relief,Brazil,133.73,24,52.32,Government Tender
2024-03-18,Insulin Glargine Pen,Diabetes Care,Japan,1422.26,24,777.61,Hospital
2024-03-18,Multivitamin Complex,Supplements,Japan,352.35,24,131.44,Government Tender
2024-03-18,Ibuprofen 400mg (30ct),Pain Relief,Brazil,72.55,11,23.22,Government Tender
2024-03-18,Amoxicillin 500mg (20ct),Antibiotics,Brazil,69.45,5,29.68,Retail Pharmacy
2024-03-18,Omeprazole 20mg (28ct),Gastro,Japan,109.04,10,51.39,Hospital
2024-03-18,Atorvastatin 20mg (30ct),Cardiovascular,Brazil,582.32,29,210.79,Hospital
2024-03-19,Omeprazole 20mg (28ct),Gastro,USA,231.2,21,102.63,Hospital
2024-03-19,Insulin Glargine Pen,Diabetes Care,Brazil,1761.01,27,834.53,Government Tender
2024-03-19,Atorvastatin 20mg (30ct),Cardiovascular,India,159.56,8,59.97,Retail Pharmacy
2024-03-19,Ibuprofen 400mg (30ct),Pain Relief,Brazil,27.78,4,8.76,Hospital
2024-03-19,Salbutamol Inhaler,Respiratory,USA,595.43,26,234.49,Retail Pharmacy
2024-03-19,Omeprazole 20mg (28ct),Gastro,India,128.83,12,56.11,Retail Pharmacy
2024-03-19,Omeprazole 20mg (28ct),Gastro,Germany,92.58,7,32.71,Hospital
2024-03-19,Insulin Glargine Pen,Diabetes Care,UK,1673.45,24,721.58,Retail Pharmacy
2024-03-19,Salbutamol Inhaler,Respiratory,USA,263.11,13,115.94,Retail Pharmacy
2024-03-19,Atorvastatin 20mg (30ct),Cardiovascular,India,654.71,32,236.58,Retail Pharmacy
2024-03-20,Ibuprofen 400mg (30ct),Pain Relief,USA,210.55,30,63.01,Retail Pharmacy
2024-03-20,Salbutamol Inhaler,Respiratory,USA,358.5,15,134.82,Retail Pharmacy
2024-03-20,Ibuprofen 400mg (30ct),Pain Relief,Germany,175.64,31,62.43,Retail Pharmacy
2024-03-20,Insulin Glargine Pen,Diabetes Care,Germany,2566.41,35,1128.36,Government Tender
2024-03-20,Atorvastatin 20mg (30ct),Cardiovascular,Brazil,435.98,25,173.92,Retail Pharmacy
2024-03-20,Atorvastatin 20mg (30ct),Cardiovascular,Japan,396.89,24,167.86,Government Tender
2024-03-20,Multivitamin Complex,Supplements,Japan,213.93,16,88.01,Hospital
2024-03-20,Omeprazole 20mg (28ct),Gastro,Japan,101.98,8,38.84,Government Tender
2024-03-20,Loratadine 10mg (14ct),Allergy,Germany,274.83,26,89.84,Government Tender
2024-03-20,Multivitamin Complex,Supplements,UK,359.99,22,117.33,Retail Pharmacy
2024-03-20,Omeprazole 20mg (28ct),Gastro,India,144.2,12,60.28,Hospital
2024-03-20,Multivitamin Complex,Supplements,USA,561.88,39,203.81,Hospital
2024-03-21,Amoxicillin 500mg (20ct),Antibiotics,Germany,355.8,25,145.67,Retail Pharmacy
2024-03-21,Salbutamol Inhaler,Respiratory,India,591.06,24,214.27,Retail Pharmacy
2024-03-21,Ibuprofen 400mg (30ct),Pain Relief,Japan,381.16,56,122.97,Hospital
2024-03-21,Loratadine 10mg (14ct),Allergy,UK,251.85,27,94.44,Retail Pharmacy
2024-03-21,Ibuprofen 400mg (30ct),Pain Relief,Japan,83.84,12,24.16,Retail Pharmacy
2024-03-21,Multivitamin Complex,Supplements,Germany,381.04,26,149.57,Hospital
2024-03-21,Multivitamin Complex,Supplements,UK,345.76,24,126.03,Hospital
2024-03-21,Multivitamin Complex,Supplements,Japan,234.88,18,102.39,Government Tender
2024-03-21,Omeprazole 20mg (28ct),Gastro,Japan,254.83,20,100.03,Government Tender
2024-03-21,Ibuprofen 400mg (30ct),Pain Relief,USA,96.95,15,31.94,Government Tender
2024-03-21,Atorvastatin 20mg (30ct),Cardiovascular,Germany,77.4,4,28.69,Retail Pharmacy
2024-03-21,Atorvastatin 20mg (30ct),Cardiovascular,India,404.07,21,152.16,Hospital
2024-03-22,Salbutamol Inhaler,Respiratory,Brazil,129.91,6,52.21,Retail Pharmacy
2024-03-22,Omeprazole 20mg (28ct),Gastro,UK,125.86,10,50.9,Government Tender
2024-03-22,Amoxicillin 500mg (20ct),Antibiotics,Germany,348.32,25,145.22,Government Tender
2024-03-22,Ibuprofen 400mg (30ct),Pain Relief,USA,60.17,9,18.82,Hospital
2024-03-22,Ibuprofen 400mg (30ct),Pain Relief,UK,347.63,51,103.87,Government Tender
2024-03-22,Multivitamin Complex,Supplements,Germany,244.66,17,97.14,Hospital
2024-03-22,Omeprazole 20mg (28ct),Gastro,India,443.51,39,190.86,Hospital
2024-03-22,Amoxicillin 500mg (20ct),Antibiotics,Germany,275.16,18,105.87,Retail Pharmacy
2024-03-22,Salbutamol Inhaler,Respiratory,India,161.46,8,75.62,Government Tender
2024-03-22,Amoxicillin 500mg (20ct),Antibiotics,UK,396.59,31,182.42,Government Tender
2024-03-22,Omeprazole 20mg (28ct),Gastro,Brazil,519.19,42,202.3,Hospital
2024-03-23,Salbutamol Inhaler,Respiratory,UK,333.57,17,160.87,Retail Pharmacy
2024-03-23,Atorvastatin 20mg (30ct),Cardiovascular,Brazil,707.23,38,272.77,Hospital
2024-03-23,Omeprazole 20mg (28ct),Gastro,India,231.42,17,80.78,Government Tender
2024-03-23,Omeprazole 20mg (28ct),Gastro,Brazil,255.24,19,90.18,Hospital
2024-03-23,Omeprazole 20mg (28ct),Gastro,Germany,186.19,14,71.89,Hospital
2024-03-23,Salbutamol Inhaler,Respiratory,Germany,523.78,24,210.18,Retail Pharmacy
2024-03-23,Loratadine 10mg (14ct),Allergy,India,264.8,25,82.16,Hospital
2024-03-23,Amoxicillin 500mg (20ct),Antibiotics,Germany,468.11,33,189.14,Government Tender
2024-03-23,Multivitamin Complex,Supplements,USA,274.61,21,117.39,Government Tender
2024-03-23,Insulin Glargine Pen,Diabetes Care,UK,3520.87,50,1570.08,Hospital
2024-03-23,Atorvastatin 20mg (30ct),Cardiovascular,Japan,951.11,55,379.37,Retail Pharmacy
2024-03-23,Multivitamin Complex,Supplements,Brazil,301.47,19,100.8,Retail Pharmacy
2024-03-23,Omeprazole 20mg (28ct),Gastro,Japan,167.87,14,68.48,Government Tender
2024-03-24,Atorvastatin 20mg (30ct),Cardiovascular,India,367.03,20,143.44,Retail Pharmacy
2024-03-24,Omeprazole 20mg (28ct),Gastro,India,149.1,13,62.82,Hospital
2024-03-24,Ibuprofen 400mg (30ct),Pain Relief,Germany,137.24,24,50.36,Government Tender
2024-03-24,Insulin Glargine Pen,Diabetes Care,Brazil,719.2,12,369.03,Hospital
2024-03-24,Amoxicillin 500mg (20ct),Antibiotics,India,308.15,25,143.34,Hospital
2024-03-25,Omeprazole 20mg (28ct),Gastro,UK,626.87,53,266.83,Hospital
2024-03-25,Atorvastatin 20mg (30ct),Cardiovascular,India,103.7,6,41.5,Retail Pharmacy
2024-03-25,Multivitamin Complex,Supplements,Japan,296.29,20,108.29,Government Tender
2024-03-25,Multivitamin Complex,Supplements,Brazil,598.91,39,215.42,Hospital
2024-03-25,Ibuprofen 400mg (30ct),Pain Relief,UK,96.81,16,34.5,Hospital
2024-03-25,Atorvastatin 20mg (30ct),Cardiovascular,Germany,386.38,21,153.77,Government Tender
2024-03-25,Amoxicillin 500mg (20ct),Antibiotics,India,101.64,7,41.16,Hospital
2024-03-26,Multivitamin Complex,Supplements,USA,632.75,45,239.78,Retail Pharmacy
2024-03-26,Loratadine 10mg (14ct),Allergy,India,80.06,9,29.64,Retail Pharmacy
2024-03-26,Multivitamin Complex,Supplements,Brazil,252.67,19,105.7,Hospital
2024-03-26,Loratadine 10mg (14ct),Allergy,UK,80.1,8,27.8,Government Tender
2024-03-26,Omeprazole 20mg (28ct),Gastro,Japan,735.52,62,303.83,Hospital
2024-03-26,Multivitamin Complex,Supplements,Japan,527.32,32,174.11,Retail Pharmacy
2024-03-26,Insulin Glargine Pen,Diabetes Care,India,1943.36,26,776.39,Retail Pharmacy
2024-03-26,Amoxicillin 500mg (20ct),Antibiotics,Brazil,117.43,8,47.42,Retail Pharmacy
2024-03-26,Amoxicillin 500mg (20ct),Antibiotics,USA,653.53,43,247.43,Government Tender
2024-03-26,Ibuprofen 400mg (30ct),Pain Relief,USA,28.11,5,10.99,Government Tender
2024-03-27,Multivitamin Complex,Supplements,UK,183.79,12,62.92,Government Tender
2024-03-27,Salbutamol Inhaler,Respiratory,Germany,118.39,6,56.41,Hospital
2024-03-27,Amoxicillin 500mg (20ct),Antibiotics,Japan,163.67,12,72.97,Hospital
2024-03-27,Amoxicillin 500mg (20ct),Antibiotics,India,715.08,56,324.39,Retail Pharmacy
2024-03-27,Atorvastatin 20mg (30ct),Cardiovascular,India,377.01,23,170.93,Hospital
2024-03-27,Amoxicillin 500mg (20ct),Antibiotics,Brazil,165.46,11,64.37,Hospital
2024-03-27,Omeprazole 20mg (28ct),Gastro,Japan,260.44,19,93.22,Hospital
2024-03-27,Omeprazole 20mg (28ct),Gastro,UK,141.46,11,53.27,Government Tender
2024-03-27,Insulin Glargine Pen,Diabetes Care,Brazil,3304.58,47,1483.55,Government Tender
2024-03-27,Omeprazole 20mg (28ct),Gastro,India,198.04,16,75.09,Government Tender
2024-03-27,Omeprazole 20mg (28ct),Gastro,UK,493.04,41,199.75,Hospital
2024-03-27,Omeprazole 20mg (28ct),Gastro,Brazil,331.85,25,121.51,Government Tender
2024-03-27,Salbutamol Inhaler,Respiratory,USA,817.23,38,358.52,Government Tender
2024-03-28,Multivitamin Complex,Supplements,Germany,147.06,11,62.04,Retail Pharmacy
2024-03-28,Amoxicillin 500mg (20ct),Antibiotics,India,796.29,63,364.81,Retail Pharmacy
2024-03-28,Ibuprofen 400mg (30ct),Pain Relief,Germany,137.93,20,42.35,Hospital
2024-03-28,Insulin Glargine Pen,Diabetes Care,India,4751.98,68,2022.56,Hospital
2024-03-28,Multivitamin Complex,Supplements,Japan,664.18,48,255.4,Government Tender
2024-03-28,Amoxicillin 500mg (20ct),Antibiotics,Japan,151.98,11,62.14,Retail Pharmacy
2024-03-28,Ibuprofen 400mg (30ct),Pain Relief,Brazil,106.07,16,32.93,Hospital
2024-03-28,Insulin Glargine Pen,Diabetes Care,Germany,1005.94,17,515.02,Government Tender
2024-03-28,Multivitamin Complex,Supplements,Brazil,125.15,8,41.85,Hospital
2024-03-28,Ibuprofen 400mg (30ct),Pain Relief,UK,86.37,15,30.19,Government Tender
2024-03-28,Insulin Glargine Pen,Diabetes Care,Brazil,876.17,12,358.16,Hospital
2024-03-29,Omeprazole 20mg (28ct),Gastro,India,642.64,51,261.97,Retail Pharmacy
2024-03-29,Omeprazole 20mg (28ct),Gastro,USA,234.16,21,100.01,Government Tender
2024-03-29,Ibuprofen 400mg (30ct),Pain Relief,Brazil,333.91,48,96.72,Retail Pharmacy
2024-03-29,Omeprazole 20mg (28ct),Gastro,UK,502.94,46,215.09,Government Tender
2024-03-29,Atorvastatin 20mg (30ct),Cardiovascular,India,310.57,15,107.97,Hospital
2024-03-29,Salbutamol Inhaler,Respiratory,USA,146.45,7,63.77,Government Tender
2024-03-30,Insulin Glargine Pen,Diabetes Care,USA,1250.1,19,568.14,Retail Pharmacy
2024-03-30,Ibuprofen 400mg (30ct),Pain Relief,Brazil,131.88,22,45.01,Hospital
2024-03-30,Atorvastatin 20mg (30ct),Cardiovascular,Germany,244.96,14,99.06,Government Tender
2024-03-30,Loratadine 10mg (14ct),Allergy,Japan,182.93,19,64.09,Hospital
2024-03-30,Ibuprofen 400mg (30ct),Pain Relief,Brazil,121.56,21,44.29,Retail Pharmacy
2024-03-30,Loratadine 10mg (14ct),Allergy,USA,249.58,29,95.87,Retail Pharmacy
2024-03-30,Atorvastatin 20mg (30ct),Cardiovascular,USA,248.7,15,105.01,Government Tender
2024-03-30,Omeprazole 20mg (28ct),Gastro,UK,515.44,40,198.94,Government Tender
2024-03-30,Amoxicillin 500mg (20ct),Antibiotics,USA,169.34,11,66.77,Government Tender
2024-03-30,Ibuprofen 400mg (30ct),Pain Relief,USA,47.42,8,16.63,Retail Pharmacy
2024-03-31,Loratadine 10mg (14ct),Allergy,Brazil,113.17,12,41.74,Government Tender
2024-03-31,Insulin Glargine Pen,Diabetes Care,India,2005.33,34,1035.09,Hospital
2024-03-31,Amoxicillin 500mg (20ct),Antibiotics,UK,501.37,33,188.06,Government Tender
2024-03-31,Multivitamin Complex,Supplements,India,247.45,16,85.19,Retail Pharmacy
2024-03-31,Loratadine 10mg (14ct),Allergy,USA,253.37,30,100.6,Government Tender
2024-03-31,Amoxicillin 500mg (20ct),Antibiotics,Germany,147.15,12,66.84,Retail Pharmacy
2024-03-31,Amoxicillin 500mg (20ct),Antibiotics,India,318.77,22,121.75,Government Tender
2024-03-31,Insulin Glargine Pen,Diabetes Care,India,1911.95,32,1037.98,Retail Pharmacy
2024-03-31,Multivitamin Complex,Supplements,UK,442.6,33,175.23,Retail Pharmacy
2024-03-31,Multivitamin Complex,Supplements,USA,213.61,15,83.1,Government Tender
2024-03-31,Loratadine 10mg (14ct),Allergy,India,196.07,20,68.0,Hospital
2024-03-31,Omeprazole 20mg (28ct),Gastro,India,57.65,5,23.86,Hospital
2024-03-31,Atorvastatin 20mg (30ct),Cardiovascular,Japan,531.13,26,192.91,Retail Pharmacy
2024-04-01,Loratadine 10mg (14ct),Allergy,USA,110.34,12,40.48,Hospital
2024-04-01,Amoxicillin 500mg (20ct),Antibiotics,India,266.96,21,120.82,Hospital
2024-04-01,Insulin Glargine Pen,Diabetes Care,Japan,1690.83,25,783.52,Government Tender
2024-04-01,Omeprazole 20mg (28ct),Gastro,Germany,229.62,18,91.74,Hospital
2024-04-01,Omeprazole 20mg (28ct),Gastro,Japan,419.04,38,185.56,Government Tender
2024-04-01,Omeprazole 20mg (28ct),Gastro,Japan,231.29,18,88.93,Hospital
2024-04-01,Omeprazole 20mg (28ct),Gastro,India,213.64,18,92.21,Hospital
2024-04-01,Ibuprofen 400mg (30ct),Pain Relief,USA,334.94,52,109.9,Retail Pharmacy
2024-04-02,Atorvastatin 20mg (30ct),Cardiovascular,Germany,145.48,8,59.74,Government Tender
2024-04-02,Ibuprofen 400mg (30ct),Pain Relief,USA,217.09,31,68.31,Retail Pharmacy
2024-04-02,Loratadine 10mg (14ct),Allergy,Brazil,114.87,12,41.77,Hospital
2024-04-02,Loratadine 10mg (14ct),Allergy,Germany,58.92,6,21.11,Retail Pharmacy
2024-04-02,Amoxicillin 500mg (20ct),Antibiotics,USA,389.85,28,156.62,Government Tender
2024-04-02,Loratadine 10mg (14ct),Allergy,Germany,257.95,26,90.24,Hospital
2024-04-02,Ibuprofen 400mg (30ct),Pain Relief,Japan,154.08,27,59.11,Government Tender
2024-04-02,Omeprazole 20mg (28ct),Gastro,India,287.72,26,133.21,Retail Pharmacy
2024-04-03,Loratadine 10mg (14ct),Allergy,UK,172.71,20,68.16,Hospital
2024-04-03,Salbutamol Inhaler,Respiratory,USA,737.71,35,317.69,Retail Pharmacy
2024-04-03,Ibuprofen 400mg (30ct),Pain Relief,USA,99.62,16,33.65,Government Tender
2024-04-03,Omeprazole 20mg (28ct),Gastro,India,350.37,29,148.87,Retail Pharmacy
2024-04-03,Insulin Glargine Pen,Diabetes Care,India,1441.44,23,700.57,Government Tender
2024-04-03,Omeprazole 20mg (28ct),Gastro,Japan,58.96,5,25.15,Retail Pharmacy
2024-04-03,Loratadine 10mg (14ct),Allergy,UK,237.99,24,77.56,Hospital
2024-04-03,Amoxicillin 500mg (20ct),Antibiotics,Germany,373.39,25,148.0,Government Tender
2024-04-03,Salbutamol Inhaler,Respiratory,India,710.5,37,326.08,Hospital
2024-04-03,Omeprazole 20mg (28ct),Gastro,Germany,59.1,5,24.87,Government Tender
2024-04-03,Amoxicillin 500mg (20ct),Antibiotics,India,286.0,19,113.73,Retail Pharmacy
2024-04-03,Multivitamin Complex,Supplements,India,644.75,49,259.51,Government Tender
2024-04-03,Multivitamin Complex,Supplements,India,120.84,9,48.71,Retail Pharmacy
2024-04-03,Ibuprofen 400mg (30ct),Pain Relief,Germany,143.1,25,53.73,Hospital
2024-04-04,Insulin Glargine Pen,Diabetes Care,UK,961.24,13,411.02,Hospital
2024-04-04,Amoxicillin 500mg (20ct),Antibiotics,Germany,405.06,27,148.91,Hospital
2024-04-04,Salbutamol Inhaler,Respiratory,UK,346.61,17,150.73,Hospital
2024-04-04,Omeprazole 20mg (28ct),Gastro,India,360.99,31,147.27,Government Tender
2024-04-04,Loratadine 10mg (14ct),Allergy,Brazil,447.49,51,170.17,Government Tender
2024-04-04,Loratadine 10mg (14ct),Allergy,Japan,250.92,29,95.86,Retail Pharmacy
2024-04-04,Omeprazole 20mg (28ct),Gastro,UK,131.59,10,49.33,Hospital
2024-04-04,Loratadine 10mg (14ct),Allergy,Japan,116.23,12,41.5,Hospital
2024-04-04,Atorvastatin 20mg (30ct),Cardiovascular,USA,32.79,2,14.5,Government Tender
2024-04-04,Ibuprofen 400mg (30ct),Pain Relief,UK,129.29,20,43.96,Retail Pharmacy
2024-04-04,Ibuprofen 400mg (30ct),Pain Relief,Japan,176.93,25,51.69,Retail Pharmacy
2024-04-04,Salbutamol Inhaler,Respiratory,Japan,584.69,24,225.28,Hospital
2024-04-04,Ibuprofen 400mg (30ct),Pain Relief,Germany,44.61,7,14.83,Hospital
2024-04-04,Amoxicillin 500mg (20ct),Antibiotics,India,275.83,19,108.35,Retail Pharmacy
2024-04-05,Atorvastatin 20mg (30ct),Cardiovascular,Germany,239.18,13,93.49,Hospital
2024-04-05,Multivitamin Complex,Supplements,India,439.32,28,154.67,Hospital
2024-04-05,Salbutamol Inhaler,Respiratory,India,231.54,11,99.29,Hospital
2024-04-05,Multivitamin Complex,Supplements,Germany,92.02,6,33.49,Retail Pharmacy
2024-04-05,Salbutamol Inhaler,Respiratory,USA,1331.64,60,563.38,Government Tender
2024-04-05,Omeprazole 20mg (28ct),Gastro,USA,302.28,24,119.01,Hospital
2024-04-05,Loratadine 10mg (14ct),Allergy,Japan,193.15,19,65.78,Government Tender
2024-04-05,Multivitamin Complex,Supplements,USA,493.53,31,163.38,Hospital
2024-04-05,Atorvastatin 20mg (30ct),Cardiovascular,Brazil,163.19,9,63.4,Hospital
2024-04-06,Loratadine 10mg (14ct),Allergy,India,412.26,45,149.53,Government Tender
2024-04-06,Amoxicillin 500mg (20ct),Antibiotics,India,138.29,11,61.92,Retail Pharmacy
2024-04-06,Loratadine 10mg (14ct),Allergy,Brazil,33.65,4,14.06,Retail Pharmacy
2024-04-06,Ibuprofen 400mg (30ct),Pain Relief,Germany,263.49,43,88.37,Retail Pharmacy
2024-04-06,Atorvastatin 20mg (30ct),Cardiovascular,India,320.97,19,142.19,Retail Pharmacy
2024-04-07,Multivitamin Complex,Supplements,Japan,561.38,36,192.89,Hospital
2024-04-07,Loratadine 10mg (14ct),Allergy,Brazil,75.14,8,26.99,Government Tender
2024-04-07,Amoxicillin 500mg (20ct),Antibiotics,USA,522.45,36,199.6,Hospital
2024-04-07,Salbutamol Inhaler,Respiratory,Brazil,703.8,29,260.27,Retail Pharmacy
2024-04-07,Atorvastatin 20mg (30ct),Cardiovascular,Germany,436.87,24,165.61,Government Tender
2024-04-07,Atorvastatin 20mg (30ct),Cardiovascular,Germany,710.48,38,272.84,Government Tender
2024-04-07,Loratadine 10mg (14ct),Allergy,Germany,273.73,28,94.14,Hospital
2024-04-07,Amoxicillin 500mg (20ct),Antibiotics,Japan,224.6,18,103.5,Retail Pharmacy
2024-04-07,Salbutamol Inhaler,Respiratory,Germany,473.12,23,202.68,Government Tender
2024-04-07,Amoxicillin 500mg (20ct),Antibiotics,USA,274.04,19,114.27,Government Tender
2024-04-07,Salbutamol Inhaler,Respiratory,Germany,561.79,23,214.49,Retail Pharmacy
2024-04-07,Ibuprofen 400mg (30ct),Pain Relief,Germany,118.44,19,38.73,Retail Pharmacy
2024-04-07,Salbutamol Inhaler,Respiratory,India,592.34,26,229.03,Hospital
2024-04-07,Insulin Glargine Pen,Diabetes Care,Japan,1252.29,18,562.93,Government Tender
2024-04-07,Insulin Glargine Pen,Diabetes Care,Germany,1244.98,19,588.31,Hospital
2024-04-07,Salbutamol Inhaler,Respiratory,India,289.13,15,136.94,Government Tender
2024-04-07,Loratadine 10mg (14ct),Allergy,USA,400.38,40,129.8,Retail Pharmacy
2024-04-08,Amoxicillin 500mg (20ct),Antibiotics,USA,192.46,14,84.14,Government Tender
2024-04-08,Omeprazole 20mg (28ct),Gastro,USA,85.49,7,34.71,Retail Pharmacy
2024-04-08,Atorvastatin 20mg (30ct),Cardiovascular,USA,824.49,42,288.96,Hospital
2024-04-08,Omeprazole 20mg (28ct),Gastro,UK,515.83,40,193.39,Government Tender
2024-04-08,Omeprazole 20mg (28ct),Gastro,Japan,550.33,45,218.52,Government Tender
2024-04-08,Salbutamol Inhaler,Respiratory,UK,576.95,25,233.91,Retail Pharmacy
2024-04-08,Ibuprofen 400mg (30ct),Pain Relief,Brazil,292.69,50,107.17,Government Tender
2024-04-09,Insulin Glargine Pen,Diabetes Care,Germany,1114.66,17,530.46,Government Tender
2024-04-09,Insulin Glargine Pen,Diabetes Care,UK,624.21,9,274.94,Government Tender
2024-04-09,Atorvastatin 20mg (30ct),Cardiovascular,UK,693.71,36,258.65,Government Tender
2024-04-09,Ibuprofen 400mg (30ct),Pain Relief,USA,169.56,24,50.22,Retail Pharmacy
2024-04-09,Amoxicillin 500mg (20ct),Antibiotics,India,175.72,14,79.06,Government Tender
2024-04-09,Ibuprofen 400mg (30ct),Pain Relief,Japan,105.32,17,35.48,Hospital
2024-04-09,Omeprazole 20mg (28ct),Gastro,India,221.44,19,92.47,Hospital
2024-04-09,Loratadine 10mg (14ct),Allergy,UK,169.93,20,64.61,Government Tender
2024-04-09,Amoxicillin 500mg (20ct),Antibiotics,Japan,28.59,2,12.08,Hospital
2024-04-09,Amoxicillin 500mg (20ct),Antibiotics,India,715.96,57,341.06,Hospital
2024-04-09,Omeprazole 20mg (28ct),Gastro,Brazil,260.39,20,101.57,Retail Pharmacy
2024-04-09,Insulin Glargine Pen,Diabetes Care,Brazil,1058.04,16,500.49,Hospital
2024-04-09,Salbutamol Inhaler,Respiratory,Brazil,821.26,39,358.8,Government Tender
2024-04-10,Loratadine 10mg (14ct),Allergy,USA,145.29,14,48.63,Hospital
2024-04-10,Salbutamol Inhaler,Respiratory,Brazil,824.31,36,333.84,Retail Pharmacy
2024-04-10,Insulin Glargine Pen,Diabetes Care,India,2445.84,36,1147.33,Government Tender
2024-04-10,Amoxicillin 500mg (20ct),Antibiotics,Brazil,538.13,35,197.06,Government Tender
2024-04-10,Loratadine 10mg (14ct),Allergy,Brazil,212.74,21,68.37,Retail Pharmacy
2024-04-11,Multivitamin Complex,Supplements,Germany,271.36,21,117.12,Retail Pharmacy
2024-04-11,Loratadine 10mg (14ct),Allergy,Germany,389.59,40,140.05,Government Tender
2024-04-11,Multivitamin Complex,Supplements,UK,139.6,9,47.92,Retail Pharmacy
2024-04-11,Insulin Glargine Pen,Diabetes Care,Germany,1466.89,25,738.98,Hospital
2024-04-11,Amoxicillin 500mg (20ct),Antibiotics,Germany,283.42,22,124.23,Retail Pharmacy
2024-04-11,Insulin Glargine Pen,Diabetes Care,Brazil,1639.06,23,691.12,Hospital
2024-04-11,Multivitamin Complex,Supplements,Brazil,1292.17,84,484.99,Government Tender
2024-04-11,Loratadine 10mg (14ct),Allergy,UK,197.02,21,72.31,Retail Pharmacy
2024-04-11,Amoxicillin 500mg (20ct),Antibiotics,Japan,326.47,25,147.8,Retail Pharmacy
2024-04-11,Ibuprofen 400mg (30ct),Pain Relief,India,220.8,36,72.38,Hospital
2024-04-11,Loratadine 10mg (14ct),Allergy,Brazil,277.77,27,88.69,Retail Pharmacy
2024-04-11,Omeprazole 20mg (28ct),Gastro,Japan,330.08,30,150.95,Retail Pharmacy
2024-04-11,Omeprazole 20mg (28ct),Gastro,Germany,342.16,25,119.11,Hospital
2024-04-12,Amoxicillin 500mg (20ct),Antibiotics,USA,248.3,19,115.48,Hospital
2024-04-12,Amoxicillin 500mg (20ct),Antibiotics,Germany,659.36,54,307.18,Retail Pharmacy
2024-04-12,Amoxicillin 500mg (20ct),Antibiotics,Germany,127.4,9,54.5,Government Tender
2024-04-12,Atorvastatin 20mg (30ct),Cardiovascular,UK,101.62,6,42.27,Hospital
2024-04-12,Ibuprofen 400mg (30ct),Pain Relief,Germany,156.28,24,50.88,Retail Pharmacy
2024-04-12,Omeprazole 20mg (28ct),Gastro,India,358.98,28,137.04,Government Tender
2024-04-12,Salbutamol Inhaler,Respiratory,Germany,573.93,28,251.86,Hospital
2024-04-12,Ibuprofen 400mg (30ct),Pain Relief,USA,109.5,18,37.66,Government Tender
2024-04-12,Omeprazole 20mg (28ct),Gastro,India,25.0,2,9.34,Hospital
2024-04-12,Salbutamol Inhaler,Respiratory,India,188.33,9,84.77,Retail Pharmacy
2024-04-12,Atorvastatin 20mg (30ct),Cardiovascular,Japan,383.28,22,158.16,Government Tender
2024-04-12,Salbutamol Inhaler,Respiratory,USA,302.66,15,140.47,Retail Pharmacy
2024-04-13,Omeprazole 20mg (28ct),Gastro,Japan,541.86,47,224.43,Retail Pharmacy
2024-04-13,Loratadine 10mg (14ct),Allergy,UK,560.94,56,187.65,Retail Pharmacy
2024-04-13,Atorvastatin 20mg (30ct),Cardiovascular,India,1093.58,56,390.17,Hospital
2024-04-13,Loratadine 10mg (14ct),Allergy,India,87.08,10,34.18,Retail Pharmacy
2024-04-13,Multivitamin Complex,Supplements,Japan,107.47,7,37.24,Hospital
2024-04-13,Loratadine 10mg (14ct),Allergy,India,133.76,13,44.4,Retail Pharmacy
2024-04-13,Ibuprofen 400mg (30ct),Pain Relief,Brazil,158.59,26,52.6,Government Tender
2024-04-13,Omeprazole 20mg (28ct),Gastro,UK,105.45,9,42.33,Retail Pharmacy
2024-04-13,Loratadine 10mg (14ct),Allergy,USA,218.4,25,81.71,Hospital
2024-04-14,Omeprazole 20mg (28ct),Gastro,Brazil,425.3,35,174.3,Retail Pharmacy
2024-04-14,Ibuprofen 400mg (30ct),Pain Relief,Germany,189.24,32,69.85,Retail Pharmacy
2024-04-14,Salbutamol Inhaler,Respiratory,Japan,390.72,20,181.1,Government Tender
2024-04-14,Amoxicillin 500mg (20ct),Antibiotics,Japan,60.43,4,24.27,Retail Pharmacy
2024-04-14,Multivitamin Complex,Supplements,Germany,270.08,19,103.81,Government Tender
2024-04-14,Multivitamin Complex,Supplements,Japan,271.83,17,91.56,Hospital
2024-04-14,Salbutamol Inhaler,Respiratory,India,630.65,30,263.08,Retail Pharmacy
2024-04-15,Omeprazole 20mg (28ct),Gastro,UK,237.41,21,104.49,Hospital
2024-04-15,Salbutamol Inhaler,Respiratory,India,252.55,13,114.61,Hospital
2024-04-15,Atorvastatin 20mg (30ct),Cardiovascular,UK,467.44,26,178.42,Government Tender
2024-04-15,Insulin Glargine Pen,Diabetes Care,India,1502.65,21,641.61,Retail Pharmacy
2024-04-15,Multivitamin Complex,Supplements,India,407.51,30,171.8,Government Tender
2024-04-15,Ibuprofen 400mg (30ct),Pain Relief,UK,92.07,14,30.87,Government Tender
2024-04-16,Insulin Glargine Pen,Diabetes Care,India,1889.57,26,818.32,Government Tender
2024-04-16,Loratadine 10mg (14ct),Allergy,India,143.52,17,55.7,Hospital
2024-04-16,Salbutamol Inhaler,Respiratory,India,328.41,15,138.2,Government Tender
2024-04-16,Loratadine 10mg (14ct),Allergy,Brazil,504.23,55,180.51,Retail Pharmacy
2024-04-16,Loratadine 10mg (14ct),Allergy,Brazil,308.02,30,97.95,Government Tender
2024-04-16,Amoxicillin 500mg (20ct),Antibiotics,USA,227.72,16,94.33,Retail Pharmacy
2024-04-17,Amoxicillin 500mg (20ct),Antibiotics,UK,636.6,51,288.15,Government Tender
2024-04-17,Loratadine 10mg (14ct),Allergy,Germany,578.68,69,230.07,Government Tender
2024-04-17,Insulin Glargine Pen,Diabetes Care,Japan,843.81,12,366.45,Retail Pharmacy
2024-04-17,Salbutamol Inhaler,Respiratory,Japan,176.9,8,71.6,Government Tender
2024-04-17,Atorvastatin 20mg (30ct),Cardiovascular,USA,469.7,29,201.58,Retail Pharmacy
2024-04-17,Ibuprofen 400mg (30ct),Pain Relief,Japan,289.33,52,113.33,Government Tender
2024-04-17,Ibuprofen 400mg (30ct),Pain Relief,USA,35.17,6,12.47,Retail Pharmacy
2024-04-17,Multivitamin Complex,Supplements,USA,111.8,7,39.89,Hospital
2024-04-17,Atorvastatin 20mg (30ct),Cardiovascular,Germany,372.9,23,168.49,Retail Pharmacy
2024-04-18,Multivitamin Complex,Supplements,USA,94.29,7,39.05,Government Tender
2024-04-18,Salbutamol Inhaler,Respiratory,India,1046.36,46,430.5,Retail Pharmacy
2024-04-18,Amoxicillin 500mg (20ct),Antibiotics,UK,390.21,30,170.0,Government Tender
2024-04-18,Insulin Glargine Pen,Diabetes Care,Germany,1169.12,20,630.3,Hospital
2024-04-18,Atorvastatin 20mg (30ct),Cardiovascular,Japan,296.29,15,109.52,Government Tender
2024-04-18,Ibuprofen 400mg (30ct),Pain Relief,Brazil,107.0,19,39.1,Hospital
2024-04-18,Salbutamol Inhaler,Respiratory,India,186.57,8,73.47,Hospital
2024-04-18,Atorvastatin 20mg (30ct),Cardiovascular,Japan,553.72,27,192.69,Retail Pharmacy
2024-04-18,Omeprazole 20mg (28ct),Gastro,USA,304.43,24,116.32,Hospital
2024-04-18,Multivitamin Complex,Supplements,India,441.16,29,154.97,Hospital
2024-04-19,Salbutamol Inhaler,Respiratory,Brazil,116.88,5,44.3,Retail Pharmacy
2024-04-19,Insulin Glargine Pen,Diabetes Care,USA,2326.77,40,1223.55,Hospital
2024-04-19,Atorvastatin 20mg (30ct),Cardiovascular,USA,217.45,13,98.25,Government Tender
2024-04-19,Ibuprofen 400mg (30ct),Pain Relief,Germany,141.39,21,42.56,Retail Pharmacy
2024-04-19,Amoxicillin 500mg (20ct),Antibiotics,Japan,169.14,14,78.51,Retail Pharmacy
2024-04-19,Omeprazole 20mg (28ct),Gastro,Germany,203.57,17,86.83,Hospital
2024-04-19,Omeprazole 20mg (28ct),Gastro,Germany,165.52,13,61.01,Government Tender
2024-04-19,Amoxicillin 500mg (20ct),Antibiotics,USA,58.23,4,22.79,Government Tender
2024-04-19,Loratadine 10mg (14ct),Allergy,USA,111.98,12,39.49,Retail Pharmacy
2024-04-19,Atorvastatin 20mg (30ct),Cardiovascular,Germany,114.95,7,51.05,Retail Pharmacy
2024-04-19,Insulin Glargine Pen,Diabetes Care,India,1031.17,16,481.79,Hospital
2024-04-19,Amoxicillin 500mg (20ct),Antibiotics,USA,502.72,36,212.43,Retail Pharmacy
2024-04-19,Multivitamin Complex,Supplements,Japan,325.2,23,129.6,Hospital
2024-04-20,Loratadine 10mg (14ct),Allergy,Brazil,236.33,25,82.58,Hospital
2024-04-20,Multivitamin Complex,Supplements,India,556.78,36,201.74,Retail Pharmacy
2024-04-20,Salbutamol Inhaler,Respiratory,Japan,91.6,4,37.85,Government Tender
2024-04-20,Omeprazole 20mg (28ct),Gastro,UK,612.22,48,234.91,Hospital
2024-04-20,Salbutamol Inhaler,Respiratory,India,220.37,9,77.97,Retail Pharmacy
2024-04-20,Insulin Glargine Pen,Diabetes Care,India,639.03,11,345.02,Hospital
2024-04-20,Atorvastatin 20mg (30ct),Cardiovascular,Brazil,414.64,22,161.57,Government Tender
2024-04-20,Omeprazole 20mg (28ct),Gastro,India,672.14,60,307.31,Hospital
2024-04-20,Ibuprofen 400mg (30ct),Pain Relief,UK,149.4,22,47.26,Government Tender
2024-04-21,Insulin Glargine Pen,Diabetes Care,UK,921.01,15,465.58,Retail Pharmacy
2024-04-21,Multivitamin Complex,Supplements,USA,266.62,20,106.28,Government Tender
2024-04-21,Atorvastatin 20mg (30ct),Cardiovascular,USA,836.49,41,281.01,Hospital
2024-04-21,Atorvastatin 20mg (30ct),Cardiovascular,Germany,316.8,18,133.88,Government Tender
2024-04-21,Atorvastatin 20mg (30ct),Cardiovascular,Brazil,563.59,29,204.25,Government Tender
2024-04-21,Ibuprofen 400mg (30ct),Pain Relief,Germany,131.46,19,39.3,Hospital
2024-04-22,Salbutamol Inhaler,Respiratory,USA,316.27,14,132.49,Government Tender
2024-04-22,Salbutamol Inhaler,Respiratory,Japan,151.44,7,62.13,Hospital
2024-04-22,Insulin Glargine Pen,Diabetes Care,Brazil,1868.26,30,894.99,Retail Pharmacy
2024-04-22,Ibuprofen 400mg (30ct),Pain Relief,UK,5.54,1,2.2,Hospital
2024-04-22,Salbutamol Inhaler,Respiratory,Germany,176.75,8,74.48,Hospital
2024-04-22,Insulin Glargine Pen,Diabetes Care,Japan,182.54,3,97.24,Hospital
2024-04-22,Atorvastatin 20mg (30ct),Cardiovascular,Brazil,298.47,17,122.06,Government Tender
2024-04-22,Salbutamol Inhaler,Respiratory,Japan,466.21,21,196.31,Hospital
2024-04-23,Omeprazole 20mg (28ct),Gastro,UK,402.31,30,149.96,Hospital
2024-04-23,Amoxicillin 500mg (20ct),Antibiotics,Brazil,312.85,21,124.13,Hospital
2024-04-23,Salbutamol Inhaler,Respiratory,Brazil,852.35,44,401.37,Government Tender
2024-04-23,Atorvastatin 20mg (30ct),Cardiovascular,UK,348.87,19,142.24,Retail Pharmacy
2024-04-23,Insulin Glargine Pen,Diabetes Care,UK,2341.07,37,1116.7,Retail Pharmacy
2024-04-23,Loratadine 10mg (14ct),Allergy,Brazil,469.01,50,171.02,Hospital
2024-04-23,Loratadine 10mg (14ct),Allergy,Japan,273.93,32,110.52,Hospital
2024-04-23,Loratadine 10mg (14ct),Allergy,India,727.74,84,276.06,Government Tender
2024-04-23,Amoxicillin 500mg (20ct),Antibiotics,UK,135.13,11,61.31,Government Tender
2024-04-23,Loratadine 10mg (14ct),Allergy,India,196.48,19,63.52,Government Tender
2024-04-23,Ibuprofen 400mg (30ct),Pain Relief,Germany,46.58,8,16.45,Hospital
2024-04-23,Amoxicillin 500mg (20ct),Antibiotics,UK,13.1,1,5.94,Hospital
2024-04-23,Amoxicillin 500mg (20ct),Antibiotics,India,172.41,13,74.55,Retail Pharmacy
2024-04-24,Ibuprofen 400mg (30ct),Pain Relief,Japan,131.89,21,45.56,Hospital
2024-04-24,Insulin Glargine Pen,Diabetes Care,Brazil,1067.47,17,546.78,Government Tender
2024-04-24,Ibuprofen 400mg (30ct),Pain Relief,UK,22.79,4,8.4,Retail Pharmacy
2024-04-24,Omeprazole 20mg (28ct),Gastro,India,183.16,17,80.08,Hospital
2024-04-24,Insulin Glargine Pen,Diabetes Care,Japan,1888.72,30,968.78,Hospital
2024-04-24,Amoxicillin 500mg (20ct),Antibiotics,India,184.4,15,90.32,Hospital
2024-04-24,Salbutamol Inhaler,Respiratory,UK,163.03,7,61.82,Government Tender
2024-04-24,Salbutamol Inhaler,Respiratory,UK,612.78,29,260.67,Hospital
2024-04-24,Salbutamol Inhaler,Respiratory,Japan,1034.65,49,435.7,Retail Pharmacy
2024-04-24,Amoxicillin 500mg (20ct),Antibiotics,Germany,292.21,19,114.96,Retail Pharmacy
2024-04-25,Amoxicillin 500mg (20ct),Antibiotics,Japan,154.15,12,72.57,Government Tender
2024-04-25,Salbutamol Inhaler,Respiratory,Brazil,118.64,6,54.59,Government Tender
2024-04-25,Amoxicillin 500mg (20ct),Antibiotics,UK,323.9,26,157.67,Retail Pharmacy
2024-04-25,Salbutamol Inhaler,Respiratory,UK,239.6,11,103.83,Government Tender
2024-04-25,Insulin Glargine Pen,Diabetes Care,Japan,1543.6,22,705.82,Retail Pharmacy
2024-04-25,Amoxicillin 500mg (20ct),Antibiotics,Japan,140.55,10,58.04,Retail Pharmacy
2024-04-25,Ibuprofen 400mg (30ct),Pain Relief,Brazil,119.82,20,41.52,Retail Pharmacy
2024-04-25,Atorvastatin 20mg (30ct),Cardiovascular,Germany,279.99,14,103.18,Hospital
2024-04-25,Atorvastatin 20mg (30ct),Cardiovascular,India,188.26,11,82.24,Government Tender
2024-04-25,Ibuprofen 400mg (30ct),Pain Relief,USA,203.85,34,73.69,Government Tender
2024-04-25,Multivitamin Complex,Supplements,Germany,235.14,17,98.1,Hospital
2024-04-25,Loratadine 10mg (14ct),Allergy,India,209.94,20,70.63,Retail Pharmacy
2024-04-25,Loratadine 10mg (14ct),Allergy,USA,116.34,12,41.13,Retail Pharmacy
2024-04-25,Omeprazole 20mg (28ct),Gastro,USA,311.65,25,121.41,Retail Pharmacy
2024-04-25,Loratadine 10mg (14ct),Allergy,India,324.88,31,107.17,Hospital
2024-04-25,Multivitamin Complex,Supplements,USA,272.48,18,102.36,Retail Pharmacy
2024-04-26,Insulin Glargine Pen,Diabetes Care,India,1317.75,22,697.18,Hospital
2024-04-26,Salbutamol Inhaler,Respiratory,Japan,429.99,19,175.95,Retail Pharmacy
2024-04-26,Loratadine 10mg (14ct),Allergy,India,277.52,32,104.46,Hospital
2024-04-26,Insulin Glargine Pen,Diabetes Care,UK,576.78,9,287.93,Retail Pharmacy
2024-04-26,Ibuprofen 400mg (30ct),Pain Relief,India,472.2,77,164.2,Government Tender
2024-04-26,Atorvastatin 20mg (30ct),Cardiovascular,Brazil,179.24,11,80.74,Hospital
2024-04-26,Atorvastatin 20mg (30ct),Cardiovascular,Japan,578.42,31,227.75,Government Tender
2024-04-26,Insulin Glargine Pen,Diabetes Care,Germany,1086.23,16,486.26,Hospital
2024-04-26,Loratadine 10mg (14ct),Allergy,USA,107.95,11,38.35,Government Tender
2024-04-26,Atorvastatin 20mg (30ct),Cardiovascular,Brazil,543.34,31,233.33,Government Tender
2024-04-27,Salbutamol Inhaler,Respiratory,USA,941.6,45,429.22,Government Tender
2024-04-27,Amoxicillin 500mg (20ct),Antibiotics,Brazil,153.28,11,64.16,Retail Pharmacy
2024-04-27,Insulin Glargine Pen,Diabetes Care,UK,1701.4,28,900.15,Retail Pharmacy
2024-04-27,Loratadine 10mg (14ct),Allergy,Germany,167.69,18,63.68,Retail Pharmacy
2024-04-27,Amoxicillin 500mg (20ct),Antibiotics,UK,711.29,48,291.59,Hospital
2024-04-27,Omeprazole 20mg (28ct),Gastro,Germany,534.36,46,217.84,Hospital
2024-04-27,Amoxicillin 500mg (20ct),Antibiotics,Japan,407.83,27,152.61,Government Tender
2024-04-27,Multivitamin Complex,Supplements,Brazil,305.21,22,125.34,Hospital
2024-04-27,Ibuprofen 400mg (30ct),Pain Relief,UK,328.48,54,114.99,Government Tender
2024-04-27,Insulin Glargine Pen,Diabetes Care,USA,1498.22,21,657.6,Retail Pharmacy
2024-04-28,Omeprazole 20mg (28ct),Gastro,Germany,647.29,48,245.36,Retail Pharmacy
2024-04-28,Salbutamol Inhaler,Respiratory,India,292.47,14,124.48,Retail Pharmacy
2024-04-28,Atorvastatin 20mg (30ct),Cardiovascular,UK,487.86,24,178.65,Hospital
2024-04-28,Salbutamol Inhaler,Respiratory,UK,328.03,14,131.55,Retail Pharmacy
2024-04-28,Amoxicillin 500mg (20ct),Antibiotics,UK,230.54,17,100.83,Hospital
2024-04-28,Multivitamin Complex,Supplements,Japan,731.33,52,296.75,Hospital
2024-04-28,Insulin Glargine Pen,Diabetes Care,Germany,1609.31,22,654.72,Government Tender
2024-04-28,Atorvastatin 20mg (30ct),Cardiovascular,UK,726.35,45,316.49,Government Tender
2024-04-28,Salbutamol Inhaler,Respiratory,Germany,688.19,29,257.37,Government Tender
2024-04-28,Atorvastatin 20mg (30ct),Cardiovascular,Japan,117.08,6,41.5,Hospital
2024-04-28,Atorvastatin 20mg (30ct),Cardiovascular,Germany,494.48,27,190.28,Retail Pharmacy
2024-04-29,Atorvastatin 20mg (30ct),Cardiovascular,Brazil,234.33,12,85.86,Retail Pharmacy
2024-04-29,Multivitamin Complex,Supplements,Brazil,175.76,13,68.33,Government Tender
2024-04-29,Salbutamol Inhaler,Respiratory,Brazil,476.92,24,220.99,Hospital
2024-04-29,Insulin Glargine Pen,Diabetes Care,Brazil,983.45,17,538.41,Hospital
2024-04-29,Atorvastatin 20mg (30ct),Cardiovascular,Germany,435.57,21,155.9,Retail Pharmacy
2024-04-29,Insulin Glargine Pen,Diabetes Care,India,1172.51,16,499.37,Hospital
2024-04-30,Ibuprofen 400mg (30ct),Pain Relief,USA,130.14,23,46.72,Retail Pharmacy
2024-04-30,Omeprazole 20mg (28ct),Gastro,UK,330.32,28,143.0,Hospital
2024-04-30,Salbutamol Inhaler,Respiratory,Japan,398.84,19,179.47,Hospital
2024-04-30,Salbutamol Inhaler,Respiratory,USA,447.87,20,185.69,Retail Pharmacy
2024-04-30,Ibuprofen 400mg (30ct),Pain Relief,USA,141.2,20,40.98,Retail Pharmacy
2024-04-30,Multivitamin Complex,Supplements,Brazil,160.51,10,55.53,Retail Pharmacy
2024-04-30,Insulin Glargine Pen,Diabetes Care,India,1892.49,31,952.1,Government Tender
2024-04-30,Insulin Glargine Pen,Diabetes Care,USA,1943.85,33,1036.24,Government Tender
2024-04-30,Omeprazole 20mg (28ct),Gastro,UK,516.75,39,196.16,Hospital
2024-04-30,Salbutamol Inhaler,Respiratory,India,475.1,20,182.87,Government Tender
2024-05-01,Omeprazole 20mg (28ct),Gastro,India,83.59,7,33.07,Hospital
2024-05-01,Multivitamin Complex,Supplements,Germany,324.06,20,106.84,Government Tender
2024-05-01,Atorvastatin 20mg (30ct),Cardiovascular,Japan,50.48,3,22.44,Retail Pharmacy
2024-05-01,Ibuprofen 400mg (30ct),Pain Relief,Japan,23.39,4,8.04,Hospital
2024-05-01,Ibuprofen 400mg (30ct),Pain Relief,UK,48.71,8,15.98,Government Tender
2024-05-01,Amoxicillin 500mg (20ct),Antibiotics,Brazil,355.19,25,151.3,Hospital
2024-05-02,Omeprazole 20mg (28ct),Gastro,Brazil,453.2,35,176.6,Hospital
2024-05-02,Loratadine 10mg (14ct),Allergy,Japan,238.57,24,81.05,Retail Pharmacy
2024-05-02,Loratadine 10mg (14ct),Allergy,Brazil,396.77,38,134.78,Retail Pharmacy
2024-05-02,Omeprazole 20mg (28ct),Gastro,Germany,87.46,7,33.1,Hospital
2024-05-02,Omeprazole 20mg (28ct),Gastro,Japan,217.95,18,90.97,Government Tender
2024-05-02,Atorvastatin 20mg (30ct),Cardiovascular,Germany,219.49,12,82.89,Retail Pharmacy
2024-05-02,Insulin Glargine Pen,Diabetes Care,UK,1080.5,15,476.61,Government Tender
2024-05-02,Amoxicillin 500mg (20ct),Antibiotics,India,200.39,15,89.37,Hospital
2024-05-02,Omeprazole 20mg (28ct),Gastro,India,472.73,36,168.28,Retail Pharmacy
2024-05-02,Amoxicillin 500mg (20ct),Antibiotics,Japan,200.96,16,92.9,Government Tender
2024-05-02,Loratadine 10mg (14ct),Allergy,Germany,147.15,17,60.03,Government Tender
2024-05-03,Multivitamin Complex,Supplements,Germany,227.87,15,79.98,Hospital
2024-05-03,Multivitamin Complex,Supplements,Brazil,565.15,40,222.8,Hospital
2024-05-03,Ibuprofen 400mg (30ct),Pain Relief,UK,330.29,47,97.61,Hospital
2024-05-03,Loratadine 10mg (14ct),Allergy,India,368.65,38,129.97,Hospital
2024-05-03,Atorvastatin 20mg (30ct),Cardiovascular,USA,19.0,1,7.47,Hospital
2024-05-03,Loratadine 10mg (14ct),Allergy,Germany,163.2,19,63.24,Retail Pharmacy
2024-05-03,Multivitamin Complex,Supplements,India,368.11,23,131.74,Government Tender
2024-05-03,Insulin Glargine Pen,Diabetes Care,Germany,738.48,10,314.76,Hospital
2024-05-03,Atorvastatin 20mg (30ct),Cardiovascular,Brazil,305.18,17,122.9,Retail Pharmacy
2024-05-03,Loratadine 10mg (14ct),Allergy,Brazil,388.46,46,150.64,Hospital
2024-05-03,Amoxicillin 500mg (20ct),Antibiotics,UK,512.8,35,204.36,Retail Pharmacy
2024-05-03,Omeprazole 20mg (28ct),Gastro,UK,213.22,17,80.42,Retail Pharmacy
2024-05-03,Atorvastatin 20mg (30ct),Cardiovascular,India,304.56,18,125.84,Retail Pharmacy
2024-05-03,Multivitamin Complex,Supplements,USA,236.97,18,98.52,Retail Pharmacy
2024-05-04,Insulin Glargine Pen,Diabetes Care,India,1021.97,15,471.09,Government Tender
2024-05-04,Omeprazole 20mg (28ct),Gastro,Brazil,379.6,34,163.26,Hospital
2024-05-04,Ibuprofen 400mg (30ct),Pain Relief,India,91.5,16,33.91,Hospital
2024-05-04,Ibuprofen 400mg (30ct),Pain Relief,Brazil,35.59,6,12.72,Hospital
2024-05-04,Multivitamin Complex,Supplements,UK,281.91,21,109.96,Retail Pharmacy
2024-05-04,Salbutamol Inhaler,Respiratory,India,855.78,38,340.37,Retail Pharmacy
2024-05-04,Amoxicillin 500mg (20ct),Antibiotics,India,166.57,13,73.62,Government Tender
2024-05-04,Insulin Glargine Pen,Diabetes Care,Brazil,1225.42,20,631.77,Government Tender
2024-05-04,Omeprazole 20mg (28ct),Gastro,USA,731.41,54,257.51,Hospital
2024-05-04,Omeprazole 20mg (28ct),Gastro,Germany,364.75,28,135.78,Hospital
2024-05-04,Multivitamin Complex,Supplements,India,347.33,23,126.94,Hospital
2024-05-04,Ibuprofen 400mg (30ct),Pain Relief,Japan,113.03,16,32.31,Hospital
2024-05-05,Omeprazole 20mg (28ct),Gastro,UK,228.18,21,101.9,Government Tender
2024-05-05,Atorvastatin 20mg (30ct),Cardiovascular,Brazil,218.03,13,94.8,Hospital
2024-05-05,Loratadine 10mg (14ct),Allergy,Brazil,120.3,14,49.91,Retail Pharmacy
2024-05-05,Multivitamin Complex,Supplements,Germany,485.05,37,198.57,Retail Pharmacy
2024-05-05,Insulin Glargine Pen,Diabetes Care,Japan,1604.74,27,800.06,Hospital
2024-05-05,Loratadine 10mg (14ct),Allergy,UK,189.13,22,77.71,Government Tender
2024-05-05,Omeprazole 20mg (28ct),Gastro,UK,91.61,8,38.93,Retail Pharmacy
2024-05-05,Multivitamin Complex,Supplements,Germany,398.63,28,160.85,Government Tender
2024-05-05,Multivitamin Complex,Supplements,Germany,176.09,11,62.29,Retail Pharmacy
2024-05-05,Multivitamin Complex,Supplements,Germany,142.28,11,59.31,Government Tender
2024-05-05,Insulin Glargine Pen,Diabetes Care,Brazil,1345.35,19,606.83,Government Tender
2024-05-05,Loratadine 10mg (14ct),Allergy,Japan,278.31,31,109.36,Hospital
2024-05-05,Ibuprofen 400mg (30ct),Pain Relief,USA,193.22,28,57.97,Government Tender
2024-05-05,Ibuprofen 400mg (30ct),Pain Relief,Germany,103.97,16,34.38,Retail Pharmacy
2024-05-05,Salbutamol Inhaler,Respiratory,UK,328.03,16,139.24,Hospital
2024-05-05,Atorvastatin 20mg (30ct),Cardiovascular,USA,319.88,18,131.16,Hospital
2024-05-05,Salbutamol Inhaler,Respiratory,UK,552.4,24,218.05,Government Tender
2024-05-05,Omeprazole 20mg (28ct),Gastro,UK,516.16,41,198.84,Government Tender
2024-05-05,Multivitamin Complex,Supplements,Japan,496.58,34,188.7,Government Tender
2024-05-06,Insulin Glargine Pen,Diabetes Care,USA,2983.43,41,1331.46,Government Tender
2024-05-06,Multivitamin Complex,Supplements,Germany,182.53,12,65.22,Hospital
2024-05-06,Loratadine 10mg (14ct),Allergy,Germany,193.32,19,61.82,Retail Pharmacy
2024-05-06,Atorvastatin 20mg (30ct),Cardiovascular,India,355.03,21,151.12,Retail Pharmacy
2024-05-06,Loratadine 10mg (14ct),Allergy,Brazil,361.61,41,136.88,Hospital
2024-05-06,Salbutamol Inhaler,Respiratory,UK,257.88,11,99.13,Hospital
2024-05-06,Multivitamin Complex,Supplements,India,428.69,27,155.65,Retail Pharmacy
2024-05-06,Atorvastatin 20mg (30ct),Cardiovascular,Japan,334.16,18,127.46,Hospital
2024-05-07,Atorvastatin 20mg (30ct),Cardiovascular,Japan,601.76,29,211.72,Retail Pharmacy
2024-05-07,Atorvastatin 20mg (30ct),Cardiovascular,Germany,482.86,29,209.97,Hospital
2024-05-07,Insulin Glargine Pen,Diabetes Care,USA,1363.34,23,692.23,Hospital
2024-05-07,Ibuprofen 400mg (30ct),Pain Relief,Germany,241.82,43,93.99,Hospital
2024-05-07,Multivitamin Complex,Supplements,Germany,743.43,52,273.66,Government Tender
2024-05-07,Omeprazole 20mg (28ct),Gastro,India,240.87,18,88.4,Retail Pharmacy
2024-05-07,Multivitamin Complex,Supplements,UK,435.59,33,173.19,Government Tender
2024-05-07,Multivitamin Complex,Supplements,Japan,248.19,18,97.66,Retail Pharmacy
2024-05-08,Amoxicillin 500mg (20ct),Antibiotics,Japan,280.01,22,133.22,Hospital
2024-05-08,Loratadine 10mg (14ct),Allergy,USA,176.63,21,74.01,Retail Pharmacy
2024-05-08,Ibuprofen 400mg (30ct),Pain Relief,USA,182.51,27,58.41,Government Tender
2024-05-08,Amoxicillin 500mg (20ct),Antibiotics,UK,395.79,27,158.93,Retail Pharmacy
2024-05-08,Amoxicillin 500mg (20ct),Antibiotics,USA,91.15,6,34.99,Government Tender
2024-05-08,Amoxicillin 500mg (20ct),Antibiotics,Brazil,209.25,15,90.83,Retail Pharmacy
2024-05-08,Atorvastatin 20mg (30ct),Cardiovascular,USA,322.61,16,117.67,Hospital
2024-05-08,Multivitamin Complex,Supplements,Germany,206.87,13,72.46,Hospital
2024-05-08,Salbutamol Inhaler,Respiratory,India,413.67,20,189.92,Government Tender
2024-05-08,Omeprazole 20mg (28ct),Gastro,India,747.35,63,308.53,Hospital
2024-05-08,Amoxicillin 500mg (20ct),Antibiotics,Germany,161.44,13,72.3,Retail Pharmacy
2024-05-08,Multivitamin Complex,Supplements,India,363.57,25,140.32,Hospital
2024-05-08,Loratadine 10mg (14ct),Allergy,Germany,247.58,24,79.65,Retail Pharmacy
2024-05-08,Atorvastatin 20mg (30ct),Cardiovascular,Germany,50.09,3,22.45,Government Tender
2024-05-09,Multivitamin Complex,Supplements,UK,136.88,10,54.69,Government Tender
2024-05-09,Omeprazole 20mg (28ct),Gastro,UK,146.95,12,57.65,Hospital
2024-05-09,Ibuprofen 400mg (30ct),Pain Relief,Brazil,33.22,6,12.14,Government Tender
2024-05-09,Omeprazole 20mg (28ct),Gastro,Japan,530.34,47,220.38,Government Tender
2024-05-09,Salbutamol Inhaler,Respiratory,Germany,226.27,11,96.84,Hospital
2024-05-09,Insulin Glargine Pen,Diabetes Care,India,252.38,4,128.5,Government Tender
2024-05-09,Salbutamol Inhaler,Respiratory,Brazil,345.58,15,137.9,Hospital
2024-05-09,Atorvastatin 20mg (30ct),Cardiovascular,UK,273.48,15,112.12,Retail Pharmacy
2024-05-09,Omeprazole 20mg (28ct),Gastro,Brazil,768.83,64,310.43,Retail Pharmacy
2024-05-09,Insulin Glargine Pen,Diabetes Care,Japan,350.93,5,152.72,Government Tender
2024-05-10,Multivitamin Complex,Supplements,UK,204.1,16,85.65,Hospital
2024-05-10,Multivitamin Complex,Supplements,UK,361.64,25,136.8,Retail Pharmacy
2024-05-10,Amoxicillin 500mg (20ct),Antibiotics,India,398.94,30,179.96,Government Tender
2024-05-10,Omeprazole 20mg (28ct),Gastro,Brazil,247.68,22,108.23,Government Tender
2024-05-10,Salbutamol Inhaler,Respiratory,Brazil,246.4,12,104.2,Government Tender
2024-05-10,Insulin Glargine Pen,Diabetes Care,UK,2184.77,37,1197.92,Hospital
2024-05-10,Omeprazole 20mg (28ct),Gastro,India,139.53,12,58.98,Retail Pharmacy
2024-05-10,Amoxicillin 500mg (20ct),Antibiotics,Germany,584.49,47,271.35,Retail Pharmacy
2024-05-10,Insulin Glargine Pen,Diabetes Care,Germany,2278.15,39,1258.54,Hospital
2024-05-11,Ibuprofen 400mg (30ct),Pain Relief,UK,84.89,13,27.43,Retail Pharmacy
2024-05-11,Amoxicillin 500mg (20ct),Antibiotics,Germany,119.86,8,44.64,Retail Pharmacy
2024-05-11,Insulin Glargine Pen,Diabetes Care,Japan,2271.72,31,999.27,Government Tender
2024-05-12,Omeprazole 20mg (28ct),Gastro,UK,206.74,16,77.5,Hospital
2024-05-12,Atorvastatin 20mg (30ct),Cardiovascular,India,164.51,8,56.87,Hospital
2024-05-12,Insulin Glargine Pen,Diabetes Care,USA,4350.8,61,1803.81,Retail Pharmacy
2024-05-12,Loratadine 10mg (14ct),Allergy,Germany,306.47,31,106.87,Retail Pharmacy
2024-05-12,Amoxicillin 500mg (20ct),Antibiotics,India,288.87,21,123.65,Hospital
2024-05-12,Loratadine 10mg (14ct),Allergy,India,162.54,18,63.75,Retail Pharmacy
2024-05-12,Atorvastatin 20mg (30ct),Cardiovascular,Japan,366.89,21,149.64,Retail Pharmacy
2024-05-12,Insulin Glargine Pen,Diabetes Care,Germany,1281.54,18,536.89,Hospital
2024-05-12,Loratadine 10mg (14ct),Allergy,UK,94.27,10,35.37,Government Tender
2024-05-12,Atorvastatin 20mg (30ct),Cardiovascular,UK,326.15,18,126.74,Government Tender
2024-05-12,Atorvastatin 20mg (30ct),Cardiovascular,Germany,539.44,32,229.02,Government Tender
2024-05-13,Omeprazole 20mg (28ct),Gastro,Brazil,172.95,14,67.89,Government Tender
2024-05-13,Ibuprofen 400mg (30ct),Pain Relief,USA,153.06,25,51.02,Hospital
2024-05-13,Atorvastatin 20mg (30ct),Cardiovascular,USA,644.91,40,293.37,Hospital
2024-05-13,Insulin Glargine Pen,Diabetes Care,USA,2053.5,33,1028.89,Government Tender
2024-05-13,Multivitamin Complex,Supplements,UK,28.22,2,11.49,Government Tender
2024-05-13,Ibuprofen 400mg (30ct),Pain Relief,India,187.8,29,61.21,Retail Pharmacy
2024-05-13,Loratadine 10mg (14ct),Allergy,Brazil,217.34,22,72.36,Hospital
2024-05-13,Atorvastatin 20mg (30ct),Cardiovascular,India,533.86,27,201.89,Hospital
2024-05-14,Atorvastatin 20mg (30ct),Cardiovascular,USA,725.18,42,298.27,Government Tender
2024-05-14,Omeprazole 20mg (28ct),Gastro,Japan,244.62,18,86.47,Government Tender
2024-05-14,Loratadine 10mg (14ct),Allergy,UK,51.96,5,17.12,Government Tender
2024-05-14,Amoxicillin 500mg (20ct),Antibiotics,Japan,617.5,51,307.0,Retail Pharmacy
2024-05-14,Atorvastatin 20mg (30ct),Cardiovascular,UK,898.75,50,368.91,Government Tender
2024-05-14,Atorvastatin 20mg (30ct),Cardiovascular,Germany,564.85,29,213.2,Retail Pharmacy
2024-05-14,Ibuprofen 400mg (30ct),Pain Relief,Japan,146.99,26,56.33,Government Tender
2024-05-14,Salbutamol Inhaler,Respiratory,USA,369.04,18,167.74,Retail Pharmacy
2024-05-14,Ibuprofen 400mg (30ct),Pain Relief,UK,71.37,12,24.69,Retail Pharmacy
2024-05-14,Multivitamin Complex,Supplements,India,223.12,14,76.8,Government Tender
2024-05-14,Multivitamin Complex,Supplements,India,114.86,8,42.98,Hospital
2024-05-14,Loratadine 10mg (14ct),Allergy,Germany,645.03,63,211.76,Retail Pharmacy
2024-05-14,Ibuprofen 400mg (30ct),Pain Relief,UK,158.85,23,49.72,Hospital
2024-05-14,Loratadine 10mg (14ct),Allergy,USA,277.6,32,113.89,Retail Pharmacy
2024-05-15,Ibuprofen 400mg (30ct),Pain Relief,UK,12.27,2,4.06,Hospital
2024-05-15,Ibuprofen 400mg (30ct),Pain Relief,UK,60.94,11,22.64,Hospital
2024-05-15,Loratadine 10mg (14ct),Allergy,Germany,358.44,37,122.03,Government Tender
2024-05-15,Insulin Glargine Pen,Diabetes Care,UK,1189.4,19,607.63,Hospital
2024-05-15,Amoxicillin 500mg (20ct),Antibiotics,UK,163.48,11,63.68,Government Tender
2024-05-15,Loratadine 10mg (14ct),Allergy,Brazil,320.18,37,122.97,Retail Pharmacy
2024-05-15,Multivitamin Complex,Supplements,UK,179.95,14,76.15,Hospital
2024-05-15,Insulin Glargine Pen,Diabetes Care,USA,2221.75,36,1087.96,Retail Pharmacy
2024-05-15,Omeprazole 20mg (28ct),Gastro,Japan,156.64,14,65.71,Retail Pharmacy
2024-05-15,Omeprazole 20mg (28ct),Gastro,India,231.4,21,99.89,Government Tender
2024-05-16,Loratadine 10mg (14ct),Allergy,UK,78.18,9,30.04,Hospital
2024-05-16,Amoxicillin 500mg (20ct),Antibiotics,UK,486.04,32,193.28,Government Tender
2024-05-16,Salbutamol Inhaler,Respiratory,Germany,521.55,27,243.3,Hospital
2024-05-16,Loratadine 10mg (14ct),Allergy,Japan,77.91,8,26.81,Hospital
2024-05-17,Amoxicillin 500mg (20ct),Antibiotics,Japan,225.74,16,90.29,Hospital
2024-05-17,Atorvastatin 20mg (30ct),Cardiovascular,Germany,687.43,40,279.18,Government Tender
2024-05-17,Omeprazole 20mg (28ct),Gastro,Germany,139.09,11,53.87,Hospital
2024-05-17,Loratadine 10mg (14ct),Allergy,Japan,102.37,10,32.9,Government Tender
2024-05-17,Atorvastatin 20mg (30ct),Cardiovascular,Brazil,405.9,23,172.07,Retail Pharmacy
2024-05-18,Insulin Glargine Pen,Diabetes Care,Brazil,2097.13,36,1152.05,Retail Pharmacy
2024-05-18,Ibuprofen 400mg (30ct),Pain Relief,India,119.05,17,35.16,Retail Pharmacy
2024-05-18,Loratadine 10mg (14ct),Allergy,USA,193.57,18,58.66,Hospital
2024-05-18,Omeprazole 20mg (28ct),Gastro,Germany,215.16,18,83.83,Hospital
2024-05-18,Atorvastatin 20mg (30ct),Cardiovascular,Japan,616.3,31,234.14,Hospital
2024-05-18,Omeprazole 20mg (28ct),Gastro,India,286.89,21,98.37,Hospital
2024-05-18,Salbutamol Inhaler,Respiratory,Brazil,558.41,28,262.67,Government Tender
2024-05-19,Amoxicillin 500mg (20ct),Antibiotics,India,343.56,27,157.08,Government Tender
2024-05-19,Ibuprofen 400mg (30ct),Pain Relief,USA,193.16,28,61.03,Retail Pharmacy
2024-05-19,Ibuprofen 400mg (30ct),Pain Relief,UK,245.91,40,80.58,Hospital
2024-05-19,Multivitamin Complex,Supplements,India,258.62,16,83.96,Government Tender
2024-05-19,Multivitamin Complex,Supplements,Brazil,336.19,22,116.56,Hospital
2024-05-20,Insulin Glargine Pen,Diabetes Care,India,1369.52,22,697.81,Hospital
2024-05-20,Insulin Glargine Pen,Diabetes Care,USA,1702.0,28,889.99,Retail Pharmacy
2024-05-20,Multivitamin Complex,Supplements,UK,542.29,36,207.04,Government Tender
2024-05-20,Omeprazole 20mg (28ct),Gastro,India,185.35,16,77.8,Retail Pharmacy
2024-05-20,Loratadine 10mg (14ct),Allergy,Germany,51.68,5,16.65,Hospital
2024-05-20,Insulin Glargine Pen,Diabetes Care,UK,1582.77,26,832.21,Retail Pharmacy
2024-05-20,Salbutamol Inhaler,Respiratory,UK,444.21,21,189.22,Government Tender
2024-05-20,Salbutamol Inhaler,Respiratory,UK,610.64,27,253.62,Government Tender
2024-05-20,Salbutamol Inhaler,Respiratory,UK,297.03,14,130.7,Government Tender
2024-05-20,Insulin Glargine Pen,Diabetes Care,Japan,5680.1,77,2422.71,Retail Pharmacy
2024-05-20,Ibuprofen 400mg (30ct),Pain Relief,USA,200.44,34,74.68,Government Tender
2024-05-20,Multivitamin Complex,Supplements,Japan,405.17,30,160.81,Retail Pharmacy
2024-05-21,Loratadine 10mg (14ct),Allergy,Brazil,177.43,20,69.89,Hospital
2024-05-21,Loratadine 10mg (14ct),Allergy,Germany,613.03,60,199.85,Hospital
2024-05-21,Omeprazole 20mg (28ct),Gastro,India,413.4,32,164.43,Government Tender
2024-05-21,Atorvastatin 20mg (30ct),Cardiovascular,Germany,613.04,30,222.59,Retail Pharmacy
2024-05-21,Atorvastatin 20mg (30ct),Cardiovascular,Japan,323.59,19,133.5,Hospital
2024-05-21,Amoxicillin 500mg (20ct),Antibiotics,Brazil,451.33,31,170.99,Government Tender
2024-05-21,Atorvastatin 20mg (30ct),Cardiovascular,Japan,178.75,11,78.36,Hospital
2024-05-21,Salbutamol Inhaler,Respiratory,UK,212.12,9,81.75,Government Tender
2024-05-21,Amoxicillin 500mg (20ct),Antibiotics,India,159.22,13,76.14,Hospital
2024-05-21,Omeprazole 20mg (28ct),Gastro,USA,91.53,7,33.71,Government Tender
2024-05-22,Atorvastatin 20mg (30ct),Cardiovascular,USA,497.89,30,216.53,Government Tender
2024-05-22,Ibuprofen 400mg (30ct),Pain Relief,UK,176.2,27,54.62,Government Tender
2024-05-22,Salbutamol Inhaler,Respiratory,Japan,752.12,33,291.59,Hospital
2024-05-22,Salbutamol Inhaler,Respiratory,UK,562.96,23,215.62,Retail Pharmacy
2024-05-22,Insulin Glargine Pen,Diabetes Care,Japan,1537.48,22,715.49,Retail Pharmacy
2024-05-22,Multivitamin Complex,Supplements,Germany,73.55,5,28.61,Government Tender
2024-05-22,Multivitamin Complex,Supplements,UK,462.11,30,158.92,Government Tender
2024-05-22,Ibuprofen 400mg (30ct),Pain Relief,USA,157.59,23,46.69,Retail Pharmacy
2024-05-22,Insulin Glargine Pen,Diabetes Care,Brazil,559.36,8,243.14,Government Tender
2024-05-22,Insulin Glargine Pen,Diabetes Care,Germany,1098.9,15,487.59,Government Tender
2024-05-22,Atorvastatin 20mg (30ct),Cardiovascular,UK,412.17,21,148.29,Government Tender
2024-05-22,Multivitamin Complex,Supplements,India,700.01,45,253.92,Government Tender
2024-05-23,Loratadine 10mg (14ct),Allergy,UK,306.65,30,97.43,Retail Pharmacy
2024-05-23,Ibuprofen 400mg (30ct),Pain Relief,India,75.11,11,23.11,Government Tender
2024-05-23,Multivitamin Complex,Supplements,USA,392.74,28,151.79,Retail Pharmacy
2024-05-23,Ibuprofen 400mg (30ct),Pain Relief,USA,55.14,8,16.86,Hospital
2024-05-23,Multivitamin Complex,Supplements,UK,373.61,24,126.44,Hospital
2024-05-23,Insulin Glargine Pen,Diabetes Care,Germany,2103.67,30,916.95,Hospital
2024-05-23,Ibuprofen 400mg (30ct),Pain Relief,USA,356.22,54,109.14,Retail Pharmacy
2024-05-23,Loratadine 10mg (14ct),Allergy,USA,193.54,23,79.76,Government Tender
2024-05-23,Salbutamol Inhaler,Respiratory,Germany,603.83,31,279.1,Hospital
2024-05-23,Salbutamol Inhaler,Respiratory,Japan,636.82,32,280.44,Hospital
2024-05-23,Salbutamol Inhaler,Respiratory,Japan,114.14,5,47.7,Hospital
2024-05-24,Atorvastatin 20mg (30ct),Cardiovascular,Japan,354.96,20,148.45,Hospital
2024-05-24,Ibuprofen 400mg (30ct),Pain Relief,USA,171.11,24,50.48,Hospital
2024-05-24,Loratadine 10mg (14ct),Allergy,UK,184.94,20,67.32,Retail Pharmacy
2024-05-24,Atorvastatin 20mg (30ct),Cardiovascular,Brazil,567.14,33,241.27,Government Tender
2024-05-24,Amoxicillin 500mg (20ct),Antibiotics,Brazil,462.43,31,181.62,Retail Pharmacy
2024-05-25,Atorvastatin 20mg (30ct),Cardiovascular,USA,1072.39,54,370.7,Retail Pharmacy
2024-05-25,Salbutamol Inhaler,Respiratory,Germany,169.46,7,63.58,Hospital
2024-05-25,Atorvastatin 20mg (30ct),Cardiovascular,UK,353.68,21,157.49,Retail Pharmacy
2024-05-25,Atorvastatin 20mg (30ct),Cardiovascular,UK,614.46,34,240.68,Government Tender
2024-05-25,Salbutamol Inhaler,Respiratory,USA,597.54,25,221.39,Government Tender
2024-05-25,Insulin Glargine Pen,Diabetes Care,Germany,935.62,15,446.78,Hospital
2024-05-25,Ibuprofen 400mg (30ct),Pain Relief,India,239.0,34,70.89,Government Tender
2024-05-25,Atorvastatin 20mg (30ct),Cardiovascular,USA,389.95,22,158.31,Hospital
2024-05-25,Insulin Glargine Pen,Diabetes Care,Japan,1743.69,24,766.61,Retail Pharmacy
2024-05-25,Loratadine 10mg (14ct),Allergy,Germany,415.93,49,164.3,Hospital
2024-05-26,Multivitamin Complex,Supplements,Germany,250.0,17,90.63,Hospital
2024-05-26,Multivitamin Complex,Supplements,UK,485.23,36,207.48,Government Tender
2024-05-26,Multivitamin Complex,Supplements,Brazil,368.09,26,144.48,Government Tender
2024-05-26,Atorvastatin 20mg (30ct),Cardiovascular,USA,857.31,47,337.42,Government Tender
2024-05-26,Omeprazole 20mg (28ct),Gastro,Japan,300.03,22,110.32,Hospital
2024-05-26,Atorvastatin 20mg (30ct),Cardiovascular,Germany,207.65,10,72.44,Retail Pharmacy
2024-05-26,Salbutamol Inhaler,Respiratory,Japan,329.52,15,142.48,Government Tender
2024-05-27,Loratadine 10mg (14ct),Allergy,Japan,257.99,28,99.48,Retail Pharmacy
2024-05-27,Salbutamol Inhaler,Respiratory,Germany,277.76,13,121.72,Government Tender
2024-05-27,Atorvastatin 20mg (30ct),Cardiovascular,USA,287.34,14,96.91,Government Tender
2024-05-27,Salbutamol Inhaler,Respiratory,Germany,146.32,7,62.04,Hospital
2024-05-27,Omeprazole 20mg (28ct),Gastro,Germany,134.17,10,50.11,Retail Pharmacy
2024-05-27,Amoxicillin 500mg (20ct),Antibiotics,India,76.46,6,34.01,Retail Pharmacy
2024-05-27,Atorvastatin 20mg (30ct),Cardiovascular,Japan,1320.37,64,470.48,Government Tender
2024-05-27,Multivitamin Complex,Supplements,Germany,394.92,27,152.37,Government Tender
2024-05-28,Omeprazole 20mg (28ct),Gastro,UK,274.85,22,103.16,Government Tender
2024-05-28,Amoxicillin 500mg (20ct),Antibiotics,Brazil,145.26,11,65.86,Hospital
2024-05-28,Salbutamol Inhaler,Respiratory,UK,862.52,38,347.54,Hospital
2024-05-28,Ibuprofen 400mg (30ct),Pain Relief,Brazil,153.35,25,52.33,Hospital
2024-05-28,Omeprazole 20mg (28ct),Gastro,Brazil,210.7,18,92.24,Government Tender
2024-05-28,Omeprazole 20mg (28ct),Gastro,Brazil,436.35,38,178.21,Government Tender
2024-05-28,Loratadine 10mg (14ct),Allergy,Germany,295.61,28,91.95,Retail Pharmacy
2024-05-28,Ibuprofen 400mg (30ct),Pain Relief,Brazil,42.77,6,12.41,Retail Pharmacy
2024-05-28,Loratadine 10mg (14ct),Allergy,Brazil,160.23,17,56.77,Retail Pharmacy
2024-05-28,Omeprazole 20mg (28ct),Gastro,Brazil,167.37,13,65.5,Government Tender
2024-05-28,Salbutamol Inhaler,Respiratory,Germany,511.22,24,225.21,Government Tender
2024-05-28,Omeprazole 20mg (28ct),Gastro,Japan,730.56,66,311.13,Hospital
2024-05-28,Insulin Glargine Pen,Diabetes Care,Japan,1143.43,19,574.81,Retail Pharmacy
2024-05-29,Salbutamol Inhaler,Respiratory,UK,482.85,21,183.58,Hospital
2024-05-29,Insulin Glargine Pen,Diabetes Care,India,1257.88,18,545.8,Government Tender
2024-05-29,Multivitamin Complex,Supplements,Germany,191.7,15,83.74,Hospital
2024-05-29,Omeprazole 20mg (28ct),Gastro,UK,287.89,26,133.46,Retail Pharmacy
2024-05-29,Loratadine 10mg (14ct),Allergy,India,253.8,26,91.24,Government Tender
2024-05-29,Insulin Glargine Pen,Diabetes Care,Japan,2098.76,34,1078.04,Government Tender
2024-05-29,Amoxicillin 500mg (20ct),Antibiotics,Japan,353.18,23,129.92,Government Tender
2024-05-29,Ibuprofen 400mg (30ct),Pain Relief,USA,378.76,63,133.83,Retail Pharmacy
2024-05-30,Omeprazole 20mg (28ct),Gastro,India,54.08,4,19.39,Retail Pharmacy
2024-05-30,Omeprazole 20mg (28ct),Gastro,UK,279.96,22,109.33,Retail Pharmacy
2024-05-30,Multivitamin Complex,Supplements,India,249.1,18,96.74,Retail Pharmacy
2024-05-30,Multivitamin Complex,Supplements,India,297.98,22,118.49,Retail Pharmacy
2024-05-30,Salbutamol Inhaler,Respiratory,Japan,408.59,21,182.61,Hospital
2024-05-30,Salbutamol Inhaler,Respiratory,Germany,307.12,16,150.24,Hospital
2024-05-30,Loratadine 10mg (14ct),Allergy,Germany,171.99,17,57.18,Hospital
2024-05-30,Loratadine 10mg (14ct),Allergy,Brazil,64.58,6,19.9,Retail Pharmacy
2024-05-30,Amoxicillin 500mg (20ct),Antibiotics,India,244.1,20,116.47,Hospital
2024-05-31,Multivitamin Complex,Supplements,Germany,697.67,47,265.4,Government Tender
2024-05-31,Atorvastatin 20mg (30ct),Cardiovascular,Brazil,35.13,2,14.45,Retail Pharmacy
2024-05-31,Atorvastatin 20mg (30ct),Cardiovascular,Germany,842.8,41,292.14,Government Tender
2024-05-31,Atorvastatin 20mg (30ct),Cardiovascular,Germany,676.31,34,246.01,Retail Pharmacy
2024-05-31,Omeprazole 20mg (28ct),Gastro,Brazil,398.83,30,152.94,Retail Pharmacy
2024-05-31,Amoxicillin 500mg (20ct),Antibiotics,India,245.3,19,107.77,Government Tender
2024-05-31,Atorvastatin 20mg (30ct),Cardiovascular,UK,97.99,5,37.33,Retail Pharmacy
2024-05-31,Loratadine 10mg (14ct),Allergy,UK,173.53,17,58.87,Government Tender
2024-06-01,Multivitamin Complex,Supplements,Brazil,248.18,19,102.86,Hospital
2024-06-01,Salbutamol Inhaler,Respiratory,India,404.05,20,184.21,Retail Pharmacy
2024-06-01,Atorvastatin 20mg (30ct),Cardiovascular,Brazil,489.35,27,198.44,Government Tender
2024-06-01,Atorvastatin 20mg (30ct),Cardiovascular,India,361.15,19,133.02,Hospital
2024-06-01,Omeprazole 20mg (28ct),Gastro,USA,136.19,11,55.41,Retail Pharmacy
2024-06-01,Omeprazole 20mg (28ct),Gastro,Japan,589.42,48,232.25,Retail Pharmacy
2024-06-02,Amoxicillin 500mg (20ct),Antibiotics,Japan,317.47,24,140.15,Government Tender
2024-06-02,Insulin Glargine Pen,Diabetes Care,India,882.23,15,445.22,Hospital
2024-06-02,Salbutamol Inhaler,Respiratory,India,521.38,24,212.84,Retail Pharmacy
2024-06-02,Salbutamol Inhaler,Respiratory,Germany,1181.81,54,482.88,Hospital
2024-06-02,Atorvastatin 20mg (30ct),Cardiovascular,India,432.36,26,183.93,Hospital
2024-06-02,Loratadine 10mg (14ct),Allergy,India,209.81,23,78.41,Government Tender
2024-06-02,Amoxicillin 500mg (20ct),Antibiotics,India,98.31,8,45.07,Retail Pharmacy
2024-06-02,Salbutamol Inhaler,Respiratory,UK,205.21,9,84.55,Retail Pharmacy
2024-06-02,Multivitamin Complex,Supplements,UK,407.84,30,168.21,Hospital
2024-06-02,Omeprazole 20mg (28ct),Gastro,USA,252.52,20,98.09,Government Tender
2024-06-02,Atorvastatin 20mg (30ct),Cardiovascular,Germany,352.36,17,123.85,Hospital
2024-06-02,Omeprazole 20mg (28ct),Gastro,India,208.32,16,78.33,Government Tender
2024-06-02,Loratadine 10mg (14ct),Allergy,USA,229.98,25,85.54,Hospital
2024-06-02,Atorvastatin 20mg (30ct),Cardiovascular,Japan,187.41,11,75.78,Government Tender
2024-06-02,Atorvastatin 20mg (30ct),Cardiovascular,Japan,503.28,30,209.46,Hospital
2024-06-02,Amoxicillin 500mg (20ct),Antibiotics,USA,273.4,21,116.47,Hospital
2024-06-02,Omeprazole 20mg (28ct),Gastro,Germany,272.57,20,93.87,Government Tender
2024-06-03,Atorvastatin 20mg (30ct),Cardiovascular,USA,447.97,22,159.62,Government Tender
2024-06-03,Multivitamin Complex,Supplements,Germany,182.26,14,74.55,Retail Pharmacy
2024-06-03,Atorvastatin 20mg (30ct),Cardiovascular,USA,495.73,29,206.5,Retail Pharmacy
2024-06-03,Insulin Glargine Pen,Diabetes Care,India,1324.59,21,625.1,Hospital
2024-06-03,Amoxicillin 500mg (20ct),Antibiotics,UK,450.31,30,181.16,Hospital
2024-06-03,Insulin Glargine Pen,Diabetes Care,Brazil,2672.75,37,1112.04,Retail Pharmacy
2024-06-03,Multivitamin Complex,Supplements,USA,308.95,22,119.79,Retail Pharmacy
2024-06-03,Insulin Glargine Pen,Diabetes Care,UK,1261.05,17,534.02,Hospital
2024-06-03,Insulin Glargine Pen,Diabetes Care,Brazil,1873.28,27,804.7,Hospital
2024-06-03,Loratadine 10mg (14ct),Allergy,Germany,225.25,24,82.9,Hospital
2024-06-03,Omeprazole 20mg (28ct),Gastro,Japan,221.66,19,88.56,Retail Pharmacy
2024-06-03,Loratadine 10mg (14ct),Allergy,Japan,233.74,23,82.07,Government Tender
2024-06-04,Omeprazole 20mg (28ct),Gastro,Germany,53.59,5,23.69,Hospital
2024-06-04,Atorvastatin 20mg (30ct),Cardiovascular,Japan,206.09,11,76.61,Hospital
2024-06-04,Omeprazole 20mg (28ct),Gastro,USA,208.65,17,86.5,Government Tender
2024-06-04,Salbutamol Inhaler,Respiratory,Germany,121.62,6,54.87,Hospital
2024-06-04,Ibuprofen 400mg (30ct),Pain Relief,UK,113.02,20,42.8,Government Tender
2024-06-04,Amoxicillin 500mg (20ct),Antibiotics,Japan,328.11,23,138.19,Government Tender
2024-06-04,Multivitamin Complex,Supplements,Brazil,217.1,14,75.42,Government Tender
2024-06-04,Loratadine 10mg (14ct),Allergy,USA,780.87,93,322.61,Hospital
2024-06-05,Omeprazole 20mg (28ct),Gastro,Germany,293.3,23,111.57,Retail Pharmacy
2024-06-05,Loratadine 10mg (14ct),Allergy,Japan,112.59,13,44.01,Government Tender
2024-06-05,Multivitamin Complex,Supplements,India,361.2,22,123.06,Retail Pharmacy
2024-06-05,Ibuprofen 400mg (30ct),Pain Relief,UK,142.83,25,52.69,Retail Pharmacy
2024-06-05,Atorvastatin 20mg (30ct),Cardiovascular,Brazil,895.72,48,348.59,Hospital
2024-06-05,Omeprazole 20mg (28ct),Gastro,Germany,119.62,10,47.64,Hospital
2024-06-05,Ibuprofen 400mg (30ct),Pain Relief,India,161.96,29,62.8,Retail Pharmacy
2024-06-05,Multivitamin Complex,Supplements,India,792.12,56,320.52,Retail Pharmacy
2024-06-05,Loratadine 10mg (14ct),Allergy,Japan,164.39,18,59.28,Retail Pharmacy
2024-06-05,Ibuprofen 400mg (30ct),Pain Relief,India,103.82,15,32.0,Retail Pharmacy
2024-06-05,Multivitamin Complex,Supplements,Brazil,251.85,18,94.46,Retail Pharmacy
2024-06-05,Ibuprofen 400mg (30ct),Pain Relief,USA,118.85,18,38.17,Hospital
2024-06-05,Loratadine 10mg (14ct),Allergy,Japan,122.22,12,39.77,Government Tender
2024-06-06,Salbutamol Inhaler,Respiratory,UK,1102.06,48,429.96,Government Tender
2024-06-06,Multivitamin Complex,Supplements,Brazil,258.14,16,91.42,Retail Pharmacy
2024-06-06,Salbutamol Inhaler,Respiratory,Germany,139.48,7,62.64,Retail Pharmacy
2024-06-06,Amoxicillin 500mg (20ct),Antibiotics,UK,524.02,37,210.42,Government Tender
2024-06-07,Loratadine 10mg (14ct),Allergy,USA,182.62,17,56.64,Retail Pharmacy
2024-06-07,Atorvastatin 20mg (30ct),Cardiovascular,Germany,66.77,4,29.69,Hospital
2024-06-07,Salbutamol Inhaler,Respiratory,USA,704.99,29,273.28,Hospital
2024-06-07,Amoxicillin 500mg (20ct),Antibiotics,Germany,135.51,10,60.44,Retail Pharmacy
2024-06-07,Insulin Glargine Pen,Diabetes Care,UK,3070.67,44,1324.67,Hospital
2024-06-07,Omeprazole 20mg (28ct),Gastro,USA,162.07,13,60.76,Retail Pharmacy
2024-06-07,Loratadine 10mg (14ct),Allergy,Brazil,234.53,28,98.22,Government Tender
2024-06-08,Ibuprofen 400mg (30ct),Pain Relief,Japan,100.3,18,37.29,Retail Pharmacy
2024-06-08,Insulin Glargine Pen,Diabetes Care,Japan,1619.31,23,698.47,Government Tender
2024-06-08,Insulin Glargine Pen,Diabetes Care,Germany,1313.74,20,650.1,Retail Pharmacy
2024-06-08,Omeprazole 20mg (28ct),Gastro,India,145.11,12,59.44,Government Tender
2024-06-08,Insulin Glargine Pen,Diabetes Care,Japan,1811.98,31,969.32,Government Tender
2024-06-08,Amoxicillin 500mg (20ct),Antibiotics,UK,305.95,25,138.25,Retail Pharmacy
2024-06-08,Ibuprofen 400mg (30ct),Pain Relief,Germany,60.49,9,18.09,Hospital
2024-06-08,Amoxicillin 500mg (20ct),Antibiotics,Germany,158.14,13,75.31,Retail Pharmacy
2024-06-08,Ibuprofen 400mg (30ct),Pain Relief,UK,365.37,52,108.35,Retail Pharmacy
2024-06-08,Atorvastatin 20mg (30ct),Cardiovascular,Japan,547.99,27,184.77,Retail Pharmacy
2024-06-08,Amoxicillin 500mg (20ct),Antibiotics,Japan,153.94,11,61.98,Hospital
2024-06-08,Amoxicillin 500mg (20ct),Antibiotics,USA,332.26,25,151.59,Government Tender
2024-06-08,Atorvastatin 20mg (30ct),Cardiovascular,Brazil,241.11,13,90.11,Retail Pharmacy
2024-06-08,Multivitamin Complex,Supplements,USA,153.55,10,55.98,Government Tender
2024-06-08,Omeprazole 20mg (28ct),Gastro,Germany,150.94,13,61.11,Government Tender
2024-06-09,Ibuprofen 400mg (30ct),Pain Relief,Japan,179.26,27,55.5,Retail Pharmacy
2024-06-09,Amoxicillin 500mg (20ct),Antibiotics,UK,323.45,23,138.91,Retail Pharmacy
2024-06-09,Atorvastatin 20mg (30ct),Cardiovascular,India,69.22,4,28.23,Hospital
2024-06-09,Loratadine 10mg (14ct),Allergy,Japan,134.1,16,53.48,Government Tender
2024-06-09,Loratadine 10mg (14ct),Allergy,Brazil,161.65,18,62.28,Hospital
2024-06-09,Multivitamin Complex,Supplements,Germany,272.77,18,95.36,Government Tender
2024-06-09,Atorvastatin 20mg (30ct),Cardiovascular,Brazil,223.31,11,75.28,Retail Pharmacy
2024-06-09,Loratadine 10mg (14ct),Allergy,Brazil,176.32,18,63.97,Retail Pharmacy
2024-06-09,Loratadine 10mg (14ct),Allergy,Japan,91.98,11,36.23,Retail Pharmacy
2024-06-10,Amoxicillin 500mg (20ct),Antibiotics,UK,382.41,26,148.76,Government Tender
2024-06-10,Salbutamol Inhaler,Respiratory,Japan,223.28,11,102.38,Government Tender
2024-06-10,Atorvastatin 20mg (30ct),Cardiovascular,Japan,306.03,15,103.3,Retail Pharmacy
2024-06-10,Loratadine 10mg (14ct),Allergy,Japan,45.94,5,16.72,Hospital
2024-06-10,Omeprazole 20mg (28ct),Gastro,Brazil,235.51,20,96.37,Hospital
2024-06-10,Insulin Glargine Pen,Diabetes Care,UK,2844.55,45,1330.84,Retail Pharmacy
2024-06-10,Atorvastatin 20mg (30ct),Cardiovascular,Brazil,356.48,22,155.11,Hospital
2024-06-10,Omeprazole 20mg (28ct),Gastro,UK,165.0,13,63.8,Government Tender
2024-06-11,Ibuprofen 400mg (30ct),Pain Relief,UK,27.84,4,8.1,Government Tender
2024-06-11,Omeprazole 20mg (28ct),Gastro,Germany,435.32,35,178.38,Government Tender
2024-06-11,Atorvastatin 20mg (30ct),Cardiovascular,USA,384.56,23,170.01,Hospital
2024-06-11,Salbutamol Inhaler,Respiratory,USA,232.62,12,107.0,Government Tender
2024-06-11,Insulin Glargine Pen,Diabetes Care,UK,1129.11,19,604.62,Government Tender
2024-06-11,Salbutamol Inhaler,Respiratory,USA,298.41,15,138.91,Government Tender
2024-06-11,Ibuprofen 400mg (30ct),Pain Relief,Germany,180.46,31,65.26,Government Tender
2024-06-12,Multivitamin Complex,Supplements,Japan,307.11,21,113.47,Government Tender
2024-06-12,Insulin Glargine Pen,Diabetes Care,USA,269.34,4,128.74,Government Tender
2024-06-12,Omeprazole 20mg (28ct),Gastro,Germany,426.06,32,157.22,Retail Pharmacy
2024-06-12,Ibuprofen 400mg (30ct),Pain Relief,Brazil,149.88,24,48.55,Hospital
2024-06-12,Loratadine 10mg (14ct),Allergy,USA,136.04,13,43.85,Retail Pharmacy
2024-06-12,Ibuprofen 400mg (30ct),Pain Relief,India,64.85,10,20.5,Retail Pharmacy
2024-06-12,Multivitamin Complex,Supplements,Japan,306.34,23,127.07,Government Tender
2024-06-13,Loratadine 10mg (14ct),Allergy,UK,133.76,15,51.92,Government Tender
2024-06-13,Atorvastatin 20mg (30ct),Cardiovascular,Germany,1095.44,56,412.79,Government Tender
2024-06-13,Amoxicillin 500mg (20ct),Antibiotics,USA,421.54,29,170.86,Hospital
2024-06-13,Insulin Glargine Pen,Diabetes Care,India,1066.69,16,498.2,Hospital
2024-06-13,Omeprazole 20mg (28ct),Gastro,India,115.12,9,43.89,Retail Pharmacy
2024-06-14,Amoxicillin 500mg (20ct),Antibiotics,India,507.19,40,221.77,Retail Pharmacy
2024-06-14,Atorvastatin 20mg (30ct),Cardiovascular,India,204.88,12,85.52,Government Tender
2024-06-14,Multivitamin Complex,Supplements,Brazil,710.58,52,286.07,Retail Pharmacy
2024-06-14,Atorvastatin 20mg (30ct),Cardiovascular,UK,1211.41,67,486.94,Hospital
2024-06-14,Omeprazole 20mg (28ct),Gastro,Brazil,346.21,26,130.45,Hospital
2024-06-14,Atorvastatin 20mg (30ct),Cardiovascular,USA,379.32,20,142.98,Hospital
2024-06-14,Loratadine 10mg (14ct),Allergy,Japan,115.81,13,45.17,Hospital
2024-06-15,Ibuprofen 400mg (30ct),Pain Relief,India,131.05,21,45.19,Hospital
2024-06-15,Omeprazole 20mg (28ct),Gastro,Brazil,186.76,15,74.22,Hospital
2024-06-15,Omeprazole 20mg (28ct),Gastro,UK,334.4,28,134.61,Retail Pharmacy
2024-06-15,Ibuprofen 400mg (30ct),Pain Relief,UK,100.53,15,33.01,Government Tender
2024-06-15,Amoxicillin 500mg (20ct),Antibiotics,Germany,157.09,12,67.47,Government Tender
2024-06-15,Multivitamin Complex,Supplements,USA,96.63,6,34.42,Hospital
2024-06-15,Salbutamol Inhaler,Respiratory,Germany,339.36,15,133.12,Government Tender
2024-06-15,Multivitamin Complex,Supplements,Germany,200.09,15,83.71,Government Tender
2024-06-15,Omeprazole 20mg (28ct),Gastro,USA,144.92,11,54.77,Government Tender
2024-06-16,Amoxicillin 500mg (20ct),Antibiotics,Germany,308.08,21,115.76,Hospital
2024-06-16,Amoxicillin 500mg (20ct),Antibiotics,Germany,195.94,13,77.52,Hospital
2024-06-16,Insulin Glargine Pen,Diabetes Care,Japan,1410.21,24,710.48,Hospital
2024-06-16,Ibuprofen 400mg (30ct),Pain Relief,Germany,115.75,17,35.92,Hospital
2024-06-16,Amoxicillin 500mg (20ct),Antibiotics,Brazil,306.06,23,133.54,Government Tender
2024-06-16,Loratadine 10mg (14ct),Allergy,UK,126.38,12,38.82,Hospital
2024-06-16,Amoxicillin 500mg (20ct),Antibiotics,Germany,178.94,13,71.79,Hospital
2024-06-16,Atorvastatin 20mg (30ct),Cardiovascular,Germany,713.17,35,244.03,Retail Pharmacy
2024-06-16,Salbutamol Inhaler,Respiratory,Germany,594.7,30,270.49,Retail Pharmacy
2024-06-16,Insulin Glargine Pen,Diabetes Care,Japan,1322.29,20,602.73,Hospital
2024-06-16,Atorvastatin 20mg (30ct),Cardiovascular,Germany,368.79,19,137.24,Government Tender
2024-06-17,Multivitamin Complex,Supplements,India,142.81,9,51.45,Retail Pharmacy
2024-06-17,Loratadine 10mg (14ct),Allergy,India,267.5,27,89.64,Hospital
2024-06-17,Insulin Glargine Pen,Diabetes Care,USA,968.57,13,406.48,Government Tender
2024-06-17,Omeprazole 20mg (28ct),Gastro,India,197.83,17,81.01,Government Tender
2024-06-17,Multivitamin Complex,Supplements,Brazil,361.54,24,136.78,Hospital
2024-06-17,Omeprazole 20mg (28ct),Gastro,UK,206.39,16,82.0,Hospital
2024-06-18,Insulin Glargine Pen,Diabetes Care,Brazil,1016.0,14,432.71,Hospital
2024-06-18,Atorvastatin 20mg (30ct),Cardiovascular,Brazil,663.08,40,291.94,Hospital
2024-06-18,Amoxicillin 500mg (20ct),Antibiotics,Brazil,395.28,26,149.24,Hospital
2024-06-18,Ibuprofen 400mg (30ct),Pain Relief,USA,322.77,48,95.87,Retail Pharmacy
2024-06-18,Loratadine 10mg (14ct),Allergy,India,536.98,53,188.52,Government Tender
2024-06-18,Insulin Glargine Pen,Diabetes Care,USA,807.78,13,391.19,Retail Pharmacy
2024-06-18,Amoxicillin 500mg (20ct),Antibiotics,Brazil,252.81,19,104.99,Government Tender
2024-06-18,Salbutamol Inhaler,Respiratory,Germany,217.82,11,101.88,Government Tender
2024-06-18,Insulin Glargine Pen,Diabetes Care,Germany,2017.42,33,1030.23,Government Tender
2024-06-19,Loratadine 10mg (14ct),Allergy,Germany,227.09,23,75.01,Retail Pharmacy
2024-06-19,Loratadine 10mg (14ct),Allergy,USA,117.56,11,35.83,Government Tender
2024-06-19,Amoxicillin 500mg (20ct),Antibiotics,Japan,330.06,24,143.53,Hospital
2024-06-19,Salbutamol Inhaler,Respiratory,India,384.43,18,169.37,Government Tender
2024-06-19,Multivitamin Complex,Supplements,India,663.37,42,231.84,Retail Pharmacy
2024-06-19,Multivitamin Complex,Supplements,India,454.82,34,193.19,Retail Pharmacy
2024-06-19,Omeprazole 20mg (28ct),Gastro,Brazil,220.33,19,94.17,Retail Pharmacy
2024-06-19,Loratadine 10mg (14ct),Allergy,UK,34.63,4,13.43,Hospital
2024-06-19,Ibuprofen 400mg (30ct),Pain Relief,India,103.38,17,37.33,Retail Pharmacy
2024-06-19,Salbutamol Inhaler,Respiratory,Japan,1065.64,44,391.75,Government Tender
2024-06-19,Amoxicillin 500mg (20ct),Antibiotics,UK,293.92,23,128.1,Hospital
2024-06-19,Ibuprofen 400mg (30ct),Pain Relief,Brazil,204.37,29,58.36,Retail Pharmacy
2024-06-20,Multivitamin Complex,Supplements,India,122.9,9,51.0,Government Tender
2024-06-20,Atorvastatin 20mg (30ct),Cardiovascular,Brazil,233.54,13,91.6,Government Tender
2024-06-20,Loratadine 10mg (14ct),Allergy,Brazil,267.35,30,99.18,Government Tender
2024-06-20,Loratadine 10mg (14ct),Allergy,USA,53.79,6,21.39,Hospital
2024-06-20,Salbutamol Inhaler,Respiratory,Germany,236.7,10,95.37,Hospital
2024-06-20,Omeprazole 20mg (28ct),Gastro,Brazil,285.01,21,98.47,Retail Pharmacy
2024-06-20,Multivitamin Complex,Supplements,Germany,214.83,16,88.51,Government Tender
2024-06-20,Atorvastatin 20mg (30ct),Cardiovascular,Brazil,762.99,38,268.04,Retail Pharmacy
2024-06-20,Salbutamol Inhaler,Respiratory,Japan,96.21,4,36.36,Hospital
2024-06-20,Omeprazole 20mg (28ct),Gastro,USA,255.52,24,113.45,Hospital
2024-06-20,Insulin Glargine Pen,Diabetes Care,India,2026.65,29,911.24,Retail Pharmacy
2024-06-21,Atorvastatin 20mg (30ct),Cardiovascular,India,340.35,19,130.1,Retail Pharmacy
2024-06-21,Insulin Glargine Pen,Diabetes Care,Germany,1117.51,17,516.24,Hospital
2024-06-21,Amoxicillin 500mg (20ct),Antibiotics,India,879.73,61,366.03,Government Tender
2024-06-21,Ibuprofen 400mg (30ct),Pain Relief,Germany,235.11,42,91.46,Retail Pharmacy
2024-06-21,Atorvastatin 20mg (30ct),Cardiovascular,Brazil,35.65,2,14.91,Hospital
2024-06-21,Atorvastatin 20mg (30ct),Cardiovascular,Brazil,702.96,40,280.84,Retail Pharmacy
2024-06-21,Amoxicillin 500mg (20ct),Antibiotics,UK,353.69,25,149.45,Retail Pharmacy
2024-06-21,Amoxicillin 500mg (20ct),Antibiotics,UK,217.48,18,104.44,Retail Pharmacy
2024-06-21,Loratadine 10mg (14ct),Allergy,Germany,269.89,31,105.9,Hospital
2024-06-21,Omeprazole 20mg (28ct),Gastro,Germany,255.98,22,105.34,Retail Pharmacy
2024-06-22,Ibuprofen 400mg (30ct),Pain Relief,Germany,94.39,16,33.74,Government Tender
2024-06-22,Omeprazole 20mg (28ct),Gastro,Germany,214.59,19,88.66,Hospital
2024-06-22,Insulin Glargine Pen,Diabetes Care,UK,558.43,9,284.18,Hospital
2024-06-22,Salbutamol Inhaler,Respiratory,Japan,424.44,19,176.29,Hospital
2024-06-22,Atorvastatin 20mg (30ct),Cardiovascular,Germany,642.73,38,284.86,Hospital
2024-06-22,Atorvastatin 20mg (30ct),Cardiovascular,India,96.04,5,35.98,Retail Pharmacy
2024-06-22,Atorvastatin 20mg (30ct),Cardiovascular,Germany,297.27,15,107.3,Government Tender
2024-06-22,Multivitamin Complex,Supplements,Germany,743.34,51,268.61,Retail Pharmacy
2024-06-22,Amoxicillin 500mg (20ct),Antibiotics,Brazil,330.36,23,132.45,Hospital
2024-06-22,Amoxicillin 500mg (20ct),Antibiotics,Germany,331.85,26,144.0,Retail Pharmacy
2024-06-22,Insulin Glargine Pen,Diabetes Care,USA,2150.73,30,936.06,Retail Pharmacy
2024-06-22,Loratadine 10mg (14ct),Allergy,India,59.5,6,21.2,Retail Pharmacy
2024-06-22,Insulin Glargine Pen,Diabetes Care,UK,563.55,8,250.26,Government Tender
2024-06-23,Multivitamin Complex,Supplements,Brazil,535.4,33,185.79,Retail Pharmacy
2024-06-23,Omeprazole 20mg (28ct),Gastro,Brazil,463.57,38,182.18,Retail Pharmacy
2024-06-23,Atorvastatin 20mg (30ct),Cardiovascular,USA,561.8,31,233.01,Government Tender
2024-06-23,Amoxicillin 500mg (20ct),Antibiotics,Germany,553.99,42,243.75,Government Tender
2024-06-23,Omeprazole 20mg (28ct),Gastro,Germany,64.07,6,29.04,Retail Pharmacy
2024-06-24,Omeprazole 20mg (28ct),Gastro,USA,45.57,4,19.93,Retail Pharmacy
2024-06-24,Ibuprofen 400mg (30ct),Pain Relief,India,38.31,6,12.69,Government Tender
2024-06-24,Salbutamol Inhaler,Respiratory,Germany,426.46,20,182.12,Government Tender
2024-06-24,Loratadine 10mg (14ct),Allergy,Japan,183.66,18,61.23,Government Tender
2024-06-24,Omeprazole 20mg (28ct),Gastro,India,109.45,9,45.53,Retail Pharmacy
2024-06-24,Loratadine 10mg (14ct),Allergy,India,477.82,57,193.94,Retail Pharmacy
2024-06-24,Insulin Glargine Pen,Diabetes Care,USA,64.3,1,30.18,Hospital
2024-06-24,Amoxicillin 500mg (20ct),Antibiotics,UK,304.87,21,124.36,Government Tender
2024-06-24,Insulin Glargine Pen,Diabetes Care,India,1279.45,21,658.81,Government Tender
2024-06-25,Ibuprofen 400mg (30ct),Pain Relief,India,101.58,18,36.02,Hospital
2024-06-25,Insulin Glargine Pen,Diabetes Care,USA,712.63,11,349.74,Retail Pharmacy
2024-06-25,Salbutamol Inhaler,Respiratory,Germany,668.35,29,268.41,Government Tender
2024-06-25,Omeprazole 20mg (28ct),Gastro,Brazil,172.6,15,70.28,Government Tender
2024-06-25,Ibuprofen 400mg (30ct),Pain Relief,India,230.64,34,68.29,Hospital
2024-06-25,Loratadine 10mg (14ct),Allergy,Brazil,292.36,28,99.14,Hospital
2024-06-25,Omeprazole 20mg (28ct),Gastro,UK,486.37,45,223.26,Government Tender
2024-06-25,Salbutamol Inhaler,Respiratory,India,634.92,30,263.19,Retail Pharmacy
2024-06-25,Insulin Glargine Pen,Diabetes Care,UK,640.02,10,311.51,Retail Pharmacy
2024-06-25,Ibuprofen 400mg (30ct),Pain Relief,Japan,227.46,37,75.02,Retail Pharmacy
2024-06-26,Multivitamin Complex,Supplements,Brazil,182.67,13,72.99,Retail Pharmacy
2024-06-26,Ibuprofen 400mg (30ct),Pain Relief,Germany,261.94,44,95.4,Retail Pharmacy
2024-06-26,Multivitamin Complex,Supplements,India,219.44,17,91.77,Retail Pharmacy
2024-06-26,Insulin Glargine Pen,Diabetes Care,India,590.71,10,309.96,Retail Pharmacy
2024-06-26,Atorvastatin 20mg (30ct),Cardiovascular,UK,673.61,37,261.67,Retail Pharmacy
2024-06-26,Insulin Glargine Pen,Diabetes Care,Germany,1602.84,27,810.86,Retail Pharmacy
2024-06-26,Loratadine 10mg (14ct),Allergy,Japan,519.81,49,170.41,Retail Pharmacy
2024-06-26,Insulin Glargine Pen,Diabetes Care,Japan,894.55,13,387.72,Government Tender
2024-06-26,Multivitamin Complex,Supplements,USA,76.52,6,32.59,Government Tender
2024-06-26,Insulin Glargine Pen,Diabetes Care,UK,2827.32,39,1217.53,Government Tender
2024-06-26,Multivitamin Complex,Supplements,USA,160.77,11,60.09,Retail Pharmacy
2024-06-26,Omeprazole 20mg (28ct),Gastro,Japan,474.9,42,201.18,Retail Pharmacy
2024-06-26,Salbutamol Inhaler,Respiratory,Brazil,528.14,27,243.04,Hospital
2024-06-27,Omeprazole 20mg (28ct),Gastro,Germany,280.5,22,108.87,Government Tender
2024-06-27,Loratadine 10mg (14ct),Allergy,USA,244.61,28,91.24,Retail Pharmacy
2024-06-27,Omeprazole 20mg (28ct),Gastro,USA,197.7,18,85.55,Government Tender
2024-06-27,Insulin Glargine Pen,Diabetes Care,Brazil,1299.55,18,585.3,Government Tender
2024-06-27,Loratadine 10mg (14ct),Allergy,Japan,469.07,45,148.37,Retail Pharmacy
2024-06-27,Salbutamol Inhaler,Respiratory,India,374.98,19,170.42,Government Tender
2024-06-27,Ibuprofen 400mg (30ct),Pain Relief,India,307.65,45,98.91,Hospital
2024-06-27,Ibuprofen 400mg (30ct),Pain Relief,UK,61.69,9,18.24,Retail Pharmacy
2024-06-27,Salbutamol Inhaler,Respiratory,Germany,318.95,14,122.13,Hospital
2024-06-27,Atorvastatin 20mg (30ct),Cardiovascular,UK,327.77,19,134.77,Retail Pharmacy
2024-06-27,Multivitamin Complex,Supplements,Germany,159.33,11,59.92,Hospital
2024-06-27,Amoxicillin 500mg (20ct),Antibiotics,USA,227.31,17,94.69,Hospital
2024-06-27,Loratadine 10mg (14ct),Allergy,Germany,281.85,31,108.72,Hospital
2024-06-28,Insulin Glargine Pen,Diabetes Care,USA,1097.07,17,532.39,Hospital
2024-06-28,Loratadine 10mg (14ct),Allergy,Germany,327.0,34,119.58,Retail Pharmacy
2024-06-28,Amoxicillin 500mg (20ct),Antibiotics,Germany,402.32,28,162.23,Government Tender
2024-06-28,Multivitamin Complex,Supplements,Germany,211.16,16,89.85,Hospital
2024-06-28,Multivitamin Complex,Supplements,India,497.78,31,173.13,Hospital
2024-06-28,Amoxicillin 500mg (20ct),Antibiotics,Germany,314.89,23,127.06,Retail Pharmacy
2024-06-28,Multivitamin Complex,Supplements,Brazil,166.91,13,73.11,Government Tender
2024-06-28,Omeprazole 20mg (28ct),Gastro,Germany,440.96,36,171.06,Retail Pharmacy
2024-06-28,Salbutamol Inhaler,Respiratory,Germany,620.31,32,299.09,Government Tender
2024-06-28,Omeprazole 20mg (28ct),Gastro,Japan,324.07,29,137.52,Government Tender
2024-06-29,Atorvastatin 20mg (30ct),Cardiovascular,Germany,306.24,17,119.15,Retail Pharmacy
2024-06-29,Omeprazole 20mg (28ct),Gastro,India,122.23,9,42.37,Hospital
2024-06-29,Amoxicillin 500mg (20ct),Antibiotics,Japan,326.11,25,144.24,Government Tender
2024-06-29,Loratadine 10mg (14ct),Allergy,UK,339.27,36,119.67,Government Tender
2024-06-29,Ibuprofen 400mg (30ct),Pain Relief,India,146.27,21,43.86,Government Tender
2024-06-29,Insulin Glargine Pen,Diabetes Care,India,4066.86,60,1793.49,Government Tender
2024-06-29,Ibuprofen 400mg (30ct),Pain Relief,Germany,108.45,16,32.49,Retail Pharmacy
2024-06-29,Multivitamin Complex,Supplements,Brazil,178.13,12,65.12,Hospital
2024-06-29,Ibuprofen 400mg (30ct),Pain Relief,Japan,264.35,46,92.72,Retail Pharmacy
2024-06-30,Salbutamol Inhaler,Respiratory,Brazil,467.49,19,174.3,Government Tender
2024-06-30,Atorvastatin 20mg (30ct),Cardiovascular,Germany,324.6,18,133.89,Retail Pharmacy
2024-06-30,Salbutamol Inhaler,Respiratory,Japan,255.9,13,120.59,Hospital
2024-06-30,Loratadine 10mg (14ct),Allergy,USA,343.97,37,121.43,Government Tender
2024-06-30,Ibuprofen 400mg (30ct),Pain Relief,UK,123.28,20,39.98,Government Tender
2024-07-01,Insulin Glargine Pen,Diabetes Care,Japan,1551.74,21,671.54,Hospital
2024-07-01,Atorvastatin 20mg (30ct),Cardiovascular,UK,321.89,17,119.18,Government Tender
2024-07-01,Ibuprofen 400mg (30ct),Pain Relief,USA,298.82,48,99.72,Retail Pharmacy
2024-07-01,Salbutamol Inhaler,Respiratory,Japan,505.04,24,220.69,Retail Pharmacy
2024-07-01,Loratadine 10mg (14ct),Allergy,Germany,258.88,28,91.71,Retail Pharmacy
2024-07-01,Amoxicillin 500mg (20ct),Antibiotics,UK,253.16,19,108.91,Government Tender
2024-07-01,Amoxicillin 500mg (20ct),Antibiotics,Japan,445.38,33,188.38,Hospital
2024-07-01,Omeprazole 20mg (28ct),Gastro,India,156.45,12,58.83,Retail Pharmacy
2024-07-01,Atorvastatin 20mg (30ct),Cardiovascular,UK,356.93,21,146.62,Government Tender
2024-07-01,Ibuprofen 400mg (30ct),Pain Relief,Germany,122.2,18,36.34,Government Tender
2024-07-02,Amoxicillin 500mg (20ct),Antibiotics,India,200.24,14,79.48,Hospital
2024-07-02,Insulin Glargine Pen,Diabetes Care,Japan,951.85,13,396.38,Government Tender
2024-07-02,Salbutamol Inhaler,Respiratory,Japan,1477.53,64,608.2,Government Tender
2024-07-02,Omeprazole 20mg (28ct),Gastro,Germany,311.95,29,135.02,Retail Pharmacy
2024-07-02,Omeprazole 20mg (28ct),Gastro,Brazil,68.09,5,25.14,Hospital
2024-07-02,Atorvastatin 20mg (30ct),Cardiovascular,India,632.06,36,253.29,Hospital
2024-07-03,Loratadine 10mg (14ct),Allergy,Japan,195.57,21,69.44,Government Tender
2024-07-03,Amoxicillin 500mg (20ct),Antibiotics,Japan,233.19,15,90.89,Government Tender
2024-07-03,Salbutamol Inhaler,Respiratory,UK,352.6,17,150.61,Hospital
2024-07-03,Atorvastatin 20mg (30ct),Cardiovascular,UK,832.8,51,354.77,Retail Pharmacy
2024-07-03,Ibuprofen 400mg (30ct),Pain Relief,Brazil,125.92,21,43.21,Government Tender
2024-07-03,Multivitamin Complex,Supplements,Brazil,372.05,29,151.86,Hospital
2024-07-04,Omeprazole 20mg (28ct),Gastro,USA,471.64,38,182.14,Government Tender
2024-07-04,Amoxicillin 500mg (20ct),Antibiotics,Japan,87.26,6,34.31,Retail Pharmacy
2024-07-04,Ibuprofen 400mg (30ct),Pain Relief,USA,38.44,6,13.05,Hospital
2024-07-04,Loratadine 10mg (14ct),Allergy,Japan,95.32,9,32.02,Retail Pharmacy
2024-07-04,Loratadine 10mg (14ct),Allergy,Germany,44.0,5,16.41,Retail Pharmacy
2024-07-05,Atorvastatin 20mg (30ct),Cardiovascular,India,561.27,30,223.29,Retail Pharmacy
2024-07-05,Insulin Glargine Pen,Diabetes Care,India,1207.68,17,521.64,Hospital
2024-07-05,Amoxicillin 500mg (20ct),Antibiotics,USA,509.92,36,200.2,Hospital
2024-07-05,Atorvastatin 20mg (30ct),Cardiovascular,Japan,388.3,23,165.82,Government Tender
2024-07-05,Insulin Glargine Pen,Diabetes Care,India,1497.94,23,679.09,Hospital
2024-07-05,Omeprazole 20mg (28ct),Gastro,UK,377.15,34,167.69,Retail Pharmacy
2024-07-05,Omeprazole 20mg (28ct),Gastro,Germany,125.62,11,55.61,Government Tender
2024-07-05,Multivitamin Complex,Supplements,Japan,185.92,12,68.85,Retail Pharmacy
2024-07-05,Loratadine 10mg (14ct),Allergy,India,71.73,8,26.29,Retail Pharmacy
2024-07-05,Ibuprofen 400mg (30ct),Pain Relief,Japan,272.16,40,80.33,Retail Pharmacy
2024-07-05,Multivitamin Complex,Supplements,Germany,223.2,16,89.18,Retail Pharmacy
2024-07-05,Amoxicillin 500mg (20ct),Antibiotics,USA,278.44,18,104.42,Government Tender
2024-07-05,Atorvastatin 20mg (30ct),Cardiovascular,USA,517.43,26,185.14,Retail Pharmacy
2024-07-05,Omeprazole 20mg (28ct),Gastro,Brazil,282.71,21,104.05,Hospital
2024-07-06,Ibuprofen 400mg (30ct),Pain Relief,USA,221.85,36,76.6,Hospital
2024-07-06,Amoxicillin 500mg (20ct),Antibiotics,India,269.38,18,103.83,Retail Pharmacy
2024-07-06,Multivitamin Complex,Supplements,Germany,90.25,6,32.22,Hospital
2024-07-06,Insulin Glargine Pen,Diabetes Care,UK,695.19,12,353.76,Retail Pharmacy
2024-07-06,Loratadine 10mg (14ct),Allergy,USA,177.52,20,70.63,Retail Pharmacy
2024-07-06,Multivitamin Complex,Supplements,Japan,454.69,32,178.17,Government Tender
2024-07-06,Insulin Glargine Pen,Diabetes Care,Japan,1514.73,22,686.65,Retail Pharmacy
2024-07-06,Salbutamol Inhaler,Respiratory,India,1154.71,52,453.74,Government Tender
2024-07-07,Loratadine 10mg (14ct),Allergy,Germany,71.22,8,27.18,Hospital
2024-07-07,Atorvastatin 20mg (30ct),Cardiovascular,Japan,330.28,17,117.02,Retail Pharmacy
2024-07-07,Atorvastatin 20mg (30ct),Cardiovascular,Brazil,373.67,22,159.1,Retail Pharmacy
2024-07-07,Amoxicillin 500mg (20ct),Antibiotics,Germany,231.83,18,105.94,Hospital
2024-07-07,Ibuprofen 400mg (30ct),Pain Relief,Japan,156.88,23,45.96,Retail Pharmacy
2024-07-07,Salbutamol Inhaler,Respiratory,Germany,1166.5,60,529.36,Retail Pharmacy
2024-07-08,Amoxicillin 500mg (20ct),Antibiotics,Brazil,54.09,4,23.99,Hospital
2024-07-08,Loratadine 10mg (14ct),Allergy,USA,63.22,7,22.64,Hospital
2024-07-08,Amoxicillin 500mg (20ct),Antibiotics,Germany,543.08,44,264.23,Government Tender
2024-07-08,Omeprazole 20mg (28ct),Gastro,Germany,94.1,8,37.75,Retail Pharmacy
2024-07-08,Amoxicillin 500mg (20ct),Antibiotics,India,389.87,31,177.63,Hospital
2024-07-08,Insulin Glargine Pen,Diabetes Care,Japan,1636.48,24,743.29,Hospital
2024-07-08,Atorvastatin 20mg (30ct),Cardiovascular,Brazil,1005.87,50,351.01,Hospital
2024-07-08,Loratadine 10mg (14ct),Allergy,Brazil,252.62,25,88.26,Retail Pharmacy
2024-07-08,Multivitamin Complex,Supplements,Japan,78.38,5,27.26,Hospital
2024-07-08,Multivitamin Complex,Supplements,Germany,342.26,22,120.02,Hospital
2024-07-08,Omeprazole 20mg (28ct),Gastro,Japan,198.38,16,77.59,Hospital
2024-07-08,Atorvastatin 20mg (30ct),Cardiovascular,USA,827.13,40,279.64,Hospital
2024-07-08,Ibuprofen 400mg (30ct),Pain Relief,UK,327.97,47,98.49,Government Tender
2024-07-08,Insulin Glargine Pen,Diabetes Care,Germany,886.08,12,382.86,Government Tender
2024-07-08,Amoxicillin 500mg (20ct),Antibiotics,Brazil,70.37,5,28.38,Hospital
2024-07-09,Ibuprofen 400mg (30ct),Pain Relief,USA,57.12,8,16.57,Retail Pharmacy
2024-07-09,Insulin Glargine Pen,Diabetes Care,USA,1244.88,20,621.3,Government Tender
2024-07-09,Amoxicillin 500mg (20ct),Antibiotics,UK,89.26,6,34.22,Retail Pharmacy
2024-07-09,Ibuprofen 400mg (30ct),Pain Relief,Germany,53.25,9,19.15,Retail Pharmacy
2024-07-09,Amoxicillin 500mg (20ct),Antibiotics,Japan,327.0,23,128.75,Hospital
2024-07-09,Amoxicillin 500mg (20ct),Antibiotics,UK,341.72,22,128.68,Retail Pharmacy
2024-07-09,Loratadine 10mg (14ct),Allergy,Brazil,219.38,21,74.9,Hospital
2024-07-09,Salbutamol Inhaler,Respiratory,India,425.69,20,185.52,Hospital
2024-07-09,Salbutamol Inhaler,Respiratory,USA,1046.08,51,461.99,Hospital
2024-07-10,Salbutamol Inhaler,Respiratory,Germany,640.87,33,291.92,Retail Pharmacy
2024-07-10,Ibuprofen 400mg (30ct),Pain Relief,Germany,182.83,30,60.7,Retail Pharmacy
2024-07-10,Salbutamol Inhaler,Respiratory,India,964.24,42,388.01,Hospital
2024-07-10,Insulin Glargine Pen,Diabetes Care,Japan,1137.83,19,616.12,Government Tender
2024-07-10,Amoxicillin 500mg (20ct),Antibiotics,Japan,387.7,31,179.72,Retail Pharmacy
2024-07-10,Multivitamin Complex,Supplements,Brazil,239.95,15,82.22,Government Tender
2024-07-10,Amoxicillin 500mg (20ct),Antibiotics,Brazil,183.22,14,83.81,Hospital
2024-07-10,Omeprazole 20mg (28ct),Gastro,Brazil,369.15,31,148.77,Government Tender
2024-07-10,Atorvastatin 20mg (30ct),Cardiovascular,India,517.68,25,187.36,Retail Pharmacy
2024-07-10,Amoxicillin 500mg (20ct),Antibiotics,Japan,189.97,13,76.08,Hospital
2024-07-10,Insulin Glargine Pen,Diabetes Care,UK,1271.18,18,540.95,Hospital
2024-07-10,Insulin Glargine Pen,Diabetes Care,Japan,2551.64,36,1077.76,Retail Pharmacy
2024-07-10,Multivitamin Complex,Supplements,USA,875.32,62,349.6,Government Tender
2024-07-11,Omeprazole 20mg (28ct),Gastro,India,135.44,10,49.52,Retail Pharmacy
2024-07-11,Multivitamin Complex,Supplements,India,1192.29,75,407.53,Hospital
2024-07-11,Amoxicillin 500mg (20ct),Antibiotics,USA,64.52,5,28.58,Government Tender
2024-07-11,Amoxicillin 500mg (20ct),Antibiotics,Japan,185.76,13,72.23,Government Tender
2024-07-11,Loratadine 10mg (14ct),Allergy,UK,304.41,31,103.0,Hospital
2024-07-11,Loratadine 10mg (14ct),Allergy,Japan,275.5,26,86.15,Hospital
2024-07-11,Salbutamol Inhaler,Respiratory,Japan,409.5,20,173.53,Government Tender
2024-07-11,Ibuprofen 400mg (30ct),Pain Relief,India,156.35,22,47.9,Retail Pharmacy
2024-07-11,Ibuprofen 400mg (30ct),Pain Relief,Germany,264.55,38,77.36,Hospital
2024-07-11,Insulin Glargine Pen,Diabetes Care,Japan,1087.11,15,481.0,Hospital
2024-07-11,Atorvastatin 20mg (30ct),Cardiovascular,UK,160.68,8,55.43,Hospital
2024-07-11,Salbutamol Inhaler,Respiratory,India,768.47,38,346.64,Hospital
2024-07-11,Atorvastatin 20mg (30ct),Cardiovascular,USA,553.26,33,236.65,Retail Pharmacy
2024-07-12,Omeprazole 20mg (28ct),Gastro,Japan,175.39,16,80.93,Retail Pharmacy
2024-07-12,Insulin Glargine Pen,Diabetes Care,India,844.22,14,422.2,Government Tender
2024-07-12,Multivitamin Complex,Supplements,Germany,319.53,21,114.36,Government Tender
2024-07-12,Omeprazole 20mg (28ct),Gastro,Germany,309.84,29,139.26,Hospital
2024-07-12,Insulin Glargine Pen,Diabetes Care,USA,1415.33,19,601.48,Hospital
2024-07-12,Multivitamin Complex,Supplements,India,205.44,14,74.42,Retail Pharmacy
2024-07-12,Multivitamin Complex,Supplements,India,204.04,16,85.67,Retail Pharmacy
2024-07-12,Amoxicillin 500mg (20ct),Antibiotics,Japan,664.59,44,267.42,Retail Pharmacy
2024-07-12,Atorvastatin 20mg (30ct),Cardiovascular,India,154.6,9,62.37,Hospital
2024-07-12,Multivitamin Complex,Supplements,India,416.37,27,146.42,Hospital
2024-07-12,Ibuprofen 400mg (30ct),Pain Relief,Germany,87.82,13,26.18,Retail Pharmacy
2024-07-12,Loratadine 10mg (14ct),Allergy,Japan,114.74,12,40.56,Retail Pharmacy
2024-07-12,Ibuprofen 400mg (30ct),Pain Relief,Japan,128.29,21,45.8,Government Tender
2024-07-13,Multivitamin Complex,Supplements,Brazil,354.08,25,133.12,Retail Pharmacy
2024-07-13,Ibuprofen 400mg (30ct),Pain Relief,UK,62.16,10,20.62,Retail Pharmacy
2024-07-13,Amoxicillin 500mg (20ct),Antibiotics,USA,207.73,14,79.86,Government Tender
2024-07-13,Ibuprofen 400mg (30ct),Pain Relief,Japan,118.17,21,44.31,Hospital
2024-07-13,Loratadine 10mg (14ct),Allergy,Brazil,184.3,18,62.64,Government Tender
2024-07-13,Loratadine 10mg (14ct),Allergy,Brazil,502.15,59,205.32,Government Tender
2024-07-13,Salbutamol Inhaler,Respiratory,UK,384.81,16,150.51,Hospital
2024-07-13,Multivitamin Complex,Supplements,Brazil,372.39,29,165.53,Hospital
2024-07-13,Multivitamin Complex,Supplements,USA,329.32,20,111.77,Retail Pharmacy
2024-07-14,Loratadine 10mg (14ct),Allergy,UK,143.32,14,48.82,Government Tender
2024-07-14,Atorvastatin 20mg (30ct),Cardiovascular,Japan,552.15,29,209.31,Hospital
2024-07-14,Salbutamol Inhaler,Respiratory,Japan,95.8,5,45.6,Government Tender
2024-07-14,Atorvastatin 20mg (30ct),Cardiovascular,Japan,320.91,16,111.42,Retail Pharmacy
2024-07-14,Ibuprofen 400mg (30ct),Pain Relief,USA,321.53,47,97.74,Retail Pharmacy
2024-07-14,Atorvastatin 20mg (30ct),Cardiovascular,Brazil,562.93,34,233.75,Hospital
2024-07-14,Salbutamol Inhaler,Respiratory,UK,673.48,31,273.71,Government Tender
2024-07-15,Salbutamol Inhaler,Respiratory,USA,639.04,28,262.03,Government Tender
2024-07-15,Salbutamol Inhaler,Respiratory,Germany,199.85,10,90.04,Retail Pharmacy
2024-07-15,Ibuprofen 400mg (30ct),Pain Relief,Brazil,136.65,21,43.61,Hospital
2024-07-15,Amoxicillin 500mg (20ct),Antibiotics,India,154.21,12,70.73,Government Tender
2024-07-15,Amoxicillin 500mg (20ct),Antibiotics,USA,224.85,17,100.83,Retail Pharmacy
2024-07-15,Multivitamin Complex,Supplements,USA,146.37,10,54.28,Retail Pharmacy
2024-07-15,Salbutamol Inhaler,Respiratory,UK,363.81,18,157.54,Hospital
2024-07-15,Amoxicillin 500mg (20ct),Antibiotics,USA,684.15,45,269.64,Government Tender
2024-07-16,Insulin Glargine Pen,Diabetes Care,Germany,2482.05,36,1087.6,Hospital
2024-07-16,Ibuprofen 400mg (30ct),Pain Relief,India,70.01,11,23.16,Retail Pharmacy
2024-07-16,Omeprazole 20mg (28ct),Gastro,Germany,472.09,36,170.21,Hospital
2024-07-16,Atorvastatin 20mg (30ct),Cardiovascular,UK,179.97,11,80.3,Retail Pharmacy
2024-07-16,Atorvastatin 20mg (30ct),Cardiovascular,India,98.33,5,34.66,Retail Pharmacy
2024-07-16,Omeprazole 20mg (28ct),Gastro,India,397.15,36,171.42,Government Tender
2024-07-16,Atorvastatin 20mg (30ct),Cardiovascular,UK,455.36,26,184.37,Hospital
2024-07-16,Omeprazole 20mg (28ct),Gastro,Japan,473.4,38,177.93,Hospital
2024-07-16,Multivitamin Complex,Supplements,UK,221.59,17,95.95,Hospital
2024-07-17,Insulin Glargine Pen,Diabetes Care,Germany,522.17,7,221.31,Retail Pharmacy
2024-07-17,Loratadine 10mg (14ct),Allergy,USA,265.15,29,95.99,Hospital
2024-07-17,Loratadine 10mg (14ct),Allergy,Germany,171.21,16,54.19,Hospital
2024-07-17,Omeprazole 20mg (28ct),Gastro,USA,209.79,17,84.92,Hospital
2024-07-17,Omeprazole 20mg (28ct),Gastro,Japan,115.54,10,49.86,Hospital
2024-07-17,Salbutamol Inhaler,Respiratory,USA,498.0,23,216.3,Retail Pharmacy
2024-07-17,Omeprazole 20mg (28ct),Gastro,Germany,63.04,5,25.71,Retail Pharmacy
2024-07-17,Omeprazole 20mg (28ct),Gastro,Brazil,265.43,20,100.05,Government Tender
2024-07-17,Omeprazole 20mg (28ct),Gastro,Japan,423.87,35,163.5,Government Tender
2024-07-17,Atorvastatin 20mg (30ct),Cardiovascular,UK,649.55,34,240.34,Government Tender
2024-07-17,Amoxicillin 500mg (20ct),Antibiotics,Japan,276.44,21,117.2,Hospital
2024-07-18,Multivitamin Complex,Supplements,Japan,676.48,48,263.2,Retail Pharmacy
2024-07-18,Multivitamin Complex,Supplements,India,685.28,48,275.16,Retail Pharmacy
2024-07-18,Ibuprofen 400mg (30ct),Pain Relief,USA,94.97,16,33.83,Retail Pharmacy
2024-07-18,Salbutamol Inhaler,Respiratory,India,838.77,37,341.15,Government Tender
2024-07-18,Multivitamin Complex,Supplements,UK,549.41,37,200.97,Retail Pharmacy
2024-07-18,Salbutamol Inhaler,Respiratory,Japan,1045.37,44,410.48,Hospital
2024-07-18,Insulin Glargine Pen,Diabetes Care,Germany,1305.55,19,602.61,Retail Pharmacy
2024-07-18,Omeprazole 20mg (28ct),Gastro,UK,361.78,29,135.76,Retail Pharmacy
2024-07-18,Multivitamin Complex,Supplements,Brazil,215.06,14,79.28,Hospital
2024-07-18,Multivitamin Complex,Supplements,India,391.25,28,150.18,Hospital
2024-07-18,Atorvastatin 20mg (30ct),Cardiovascular,Germany,570.6,32,225.42,Government Tender
2024-07-18,Insulin Glargine Pen,Diabetes Care,UK,1492.29,23,696.11,Retail Pharmacy
2024-07-18,Loratadine 10mg (14ct),Allergy,India,325.7,37,121.88,Government Tender
2024-07-18,Multivitamin Complex,Supplements,Brazil,248.43,19,104.14,Hospital
2024-07-19,Insulin Glargine Pen,Diabetes Care,Germany,1526.92,23,687.63,Retail Pharmacy
2024-07-19,Ibuprofen 400mg (30ct),Pain Relief,India,39.61,7,14.6,Retail Pharmacy
2024-07-19,Loratadine 10mg (14ct),Allergy,Germany,81.99,9,31.4,Retail Pharmacy
2024-07-19,Omeprazole 20mg (28ct),Gastro,Germany,294.59,23,117.92,Hospital
2024-07-19,Atorvastatin 20mg (30ct),Cardiovascular,USA,426.72,25,181.57,Hospital
2024-07-19,Ibuprofen 400mg (30ct),Pain Relief,USA,139.88,25,51.31,Hospital
2024-07-19,Insulin Glargine Pen,Diabetes Care,Germany,2509.4,40,1258.49,Hospital
2024-07-19,Ibuprofen 400mg (30ct),Pain Relief,Brazil,157.7,24,49.51,Retail Pharmacy
2024-07-19,Ibuprofen 400mg (30ct),Pain Relief,USA,69.41,10,20.7,Government Tender
2024-07-19,Ibuprofen 400mg (30ct),Pain Relief,Brazil,40.91,7,14.56,Government Tender
2024-07-20,Insulin Glargine Pen,Diabetes Care,Brazil,3452.23,51,1582.15,Retail Pharmacy
2024-07-20,Salbutamol Inhaler,Respiratory,Brazil,453.24,20,176.52,Retail Pharmacy
2024-07-20,Salbutamol Inhaler,Respiratory,Japan,825.06,36,314.25,Hospital
2024-07-20,Salbutamol Inhaler,Respiratory,UK,267.07,13,116.76,Retail Pharmacy
2024-07-20,Amoxicillin 500mg (20ct),Antibiotics,UK,516.62,36,207.11,Government Tender
2024-07-20,Omeprazole 20mg (28ct),Gastro,Japan,433.49,33,163.45,Hospital
2024-07-20,Loratadine 10mg (14ct),Allergy,Japan,289.05,30,106.27,Hospital
2024-07-20,Amoxicillin 500mg (20ct),Antibiotics,UK,466.26,32,185.09,Retail Pharmacy
2024-07-21,Insulin Glargine Pen,Diabetes Care,Japan,1316.28,22,686.53,Government Tender
2024-07-21,Omeprazole 20mg (28ct),Gastro,Japan,257.09,21,102.06,Hospital
2024-07-21,Ibuprofen 400mg (30ct),Pain Relief,Japan,212.6,38,81.69,Government Tender
2024-07-21,Atorvastatin 20mg (30ct),Cardiovascular,Japan,579.74,29,215.06,Government Tender
2024-07-21,Omeprazole 20mg (28ct),Gastro,Germany,152.92,14,65.52,Retail Pharmacy
2024-07-21,Omeprazole 20mg (28ct),Gastro,USA,453.63,35,170.52,Retail Pharmacy
2024-07-21,Salbutamol Inhaler,Respiratory,Brazil,519.01,22,193.1,Government Tender
2024-07-21,Ibuprofen 400mg (30ct),Pain Relief,Brazil,213.1,32,64.83,Government Tender
2024-07-21,Atorvastatin 20mg (30ct),Cardiovascular,India,267.47,14,103.75,Government Tender
2024-07-22,Ibuprofen 400mg (30ct),Pain Relief,UK,45.01,7,14.53,Retail Pharmacy
2024-07-22,Loratadine 10mg (14ct),Allergy,USA,217.76,23,79.93,Retail Pharmacy
2024-07-22,Amoxicillin 500mg (20ct),Antibiotics,Brazil,119.37,9,53.72,Government Tender
2024-07-22,Salbutamol Inhaler,Respiratory,Brazil,477.24,20,183.53,Government Tender
2024-07-22,Atorvastatin 20mg (30ct),Cardiovascular,Japan,83.31,5,34.78,Government Tender
2024-07-22,Loratadine 10mg (14ct),Allergy,India,451.1,45,145.75,Government Tender
2024-07-22,Salbutamol Inhaler,Respiratory,Brazil,121.82,6,56.63,Retail Pharmacy
2024-07-22,Multivitamin Complex,Supplements,India,130.6,10,55.29,Hospital
2024-07-22,Salbutamol Inhaler,Respiratory,USA,309.18,13,114.28,Government Tender
2024-07-23,Loratadine 10mg (14ct),Allergy,India,252.98,27,96.05,Retail Pharmacy
2024-07-23,Omeprazole 20mg (28ct),Gastro,Brazil,148.11,11,55.56,Retail Pharmacy
2024-07-23,Multivitamin Complex,Supplements,Japan,529.02,35,192.45,Government Tender
2024-07-23,Ibuprofen 400mg (30ct),Pain Relief,Germany,23.81,4,8.8,Hospital
2024-07-23,Amoxicillin 500mg (20ct),Antibiotics,Brazil,387.71,26,145.65,Government Tender
2024-07-23,Atorvastatin 20mg (30ct),Cardiovascular,Brazil,1049.35,56,395.47,Government Tender
2024-07-23,Atorvastatin 20mg (30ct),Cardiovascular,India,754.17,37,276.39,Retail Pharmacy
2024-07-23,Multivitamin Complex,Supplements,USA,127.33,9,51.31,Hospital
2024-07-23,Loratadine 10mg (14ct),Allergy,India,366.13,34,120.54,Hospital
2024-07-23,Salbutamol Inhaler,Respiratory,Germany,667.07,34,312.78,Government Tender
2024-07-24,Omeprazole 20mg (28ct),Gastro,Brazil,128.11,11,55.15,Retail Pharmacy
2024-07-24,Omeprazole 20mg (28ct),Gastro,India,82.72,7,35.06,Retail Pharmacy
2024-07-24,Loratadine 10mg (14ct),Allergy,USA,374.67,39,135.3,Government Tender
2024-07-24,Loratadine 10mg (14ct),Allergy,USA,174.33,19,66.36,Hospital
2024-07-24,Amoxicillin 500mg (20ct),Antibiotics,UK,380.59,26,144.67,Government Tender
2024-07-24,Atorvastatin 20mg (30ct),Cardiovascular,Germany,245.89,14,105.57,Government Tender
2024-07-24,Insulin Glargine Pen,Diabetes Care,India,478.78,8,243.26,Hospital
2024-07-25,Insulin Glargine Pen,Diabetes Care,USA,3454.95,51,1658.68,Government Tender
2024-07-25,Atorvastatin 20mg (30ct),Cardiovascular,Germany,152.91,8,59.84,Retail Pharmacy
2024-07-25,Omeprazole 20mg (28ct),Gastro,India,485.73,40,201.88,Retail Pharmacy
2024-07-25,Amoxicillin 500mg (20ct),Antibiotics,UK,298.69,22,125.87,Retail Pharmacy
2024-07-25,Ibuprofen 400mg (30ct),Pain Relief,USA,173.23,25,53.35,Hospital
2024-07-25,Atorvastatin 20mg (30ct),Cardiovascular,UK,931.74,53,363.18,Hospital
2024-07-25,Insulin Glargine Pen,Diabetes Care,Brazil,541.44,9,290.37,Government Tender
2024-07-25,Atorvastatin 20mg (30ct),Cardiovascular,Brazil,273.36,17,123.45,Hospital
2024-07-25,Omeprazole 20mg (28ct),Gastro,UK,205.71,18,84.62,Government Tender
2024-07-25,Multivitamin Complex,Supplements,India,142.34,11,61.31,Retail Pharmacy
2024-07-25,Insulin Glargine Pen,Diabetes Care,USA,361.9,5,153.47,Retail Pharmacy
2024-07-25,Multivitamin Complex,Supplements,USA,87.76,6,34.37,Retail Pharmacy
2024-07-25,Atorvastatin 20mg (30ct),Cardiovascular,Brazil,536.0,30,224.99,Retail Pharmacy
2024-07-25,Salbutamol Inhaler,Respiratory,India,460.79,23,215.33,Government Tender
2024-07-25,Ibuprofen 400mg (30ct),Pain Relief,Germany,290.16,41,87.02,Hospital
2024-07-26,Atorvastatin 20mg (30ct),Cardiovascular,UK,340.18,19,139.66,Hospital
2024-07-26,Salbutamol Inhaler,Respiratory,India,260.15,12,105.77,Hospital
2024-07-26,Ibuprofen 400mg (30ct),Pain Relief,Japan,182.77,27,56.3,Retail Pharmacy
2024-07-26,Ibuprofen 400mg (30ct),Pain Relief,Japan,271.42,38,81.53,Hospital
2024-07-26,Amoxicillin 500mg (20ct),Antibiotics,USA,241.43,16,92.85,Retail Pharmacy
2024-07-26,Atorvastatin 20mg (30ct),Cardiovascular,Germany,536.94,33,226.53,Hospital
2024-07-26,Salbutamol Inhaler,Respiratory,Brazil,220.82,9,85.02,Retail Pharmacy
2024-07-26,Ibuprofen 400mg (30ct),Pain Relief,USA,25.22,4,8.02,Hospital
2024-07-26,Multivitamin Complex,Supplements,UK,446.39,34,183.08,Hospital
2024-07-26,Atorvastatin 20mg (30ct),Cardiovascular,India,418.25,22,153.85,Hospital
2024-07-27,Salbutamol Inhaler,Respiratory,USA,285.82,15,136.31,Government Tender
2024-07-27,Amoxicillin 500mg (20ct),Antibiotics,USA,307.78,22,132.33,Government Tender
2024-07-27,Amoxicillin 500mg (20ct),Antibiotics,Brazil,308.6,20,115.92,Retail Pharmacy
2024-07-27,Amoxicillin 500mg (20ct),Antibiotics,Germany,167.43,11,65.59,Retail Pharmacy
2024-07-27,Ibuprofen 400mg (30ct),Pain Relief,USA,268.41,43,92.76,Government Tender
2024-07-27,Amoxicillin 500mg (20ct),Antibiotics,USA,556.3,37,212.22,Hospital
2024-07-27,Multivitamin Complex,Supplements,Germany,485.66,33,184.05,Government Tender
2024-07-27,Atorvastatin 20mg (30ct),Cardiovascular,Japan,294.91,18,134.68,Retail Pharmacy
2024-07-28,Loratadine 10mg (14ct),Allergy,Japan,99.0,10,34.79,Retail Pharmacy
2024-07-28,Loratadine 10mg (14ct),Allergy,Japan,89.76,9,31.07,Retail Pharmacy
2024-07-28,Amoxicillin 500mg (20ct),Antibiotics,Japan,530.38,37,204.37,Retail Pharmacy
2024-07-28,Atorvastatin 20mg (30ct),Cardiovascular,USA,398.87,21,153.18,Retail Pharmacy
2024-07-28,Omeprazole 20mg (28ct),Gastro,Japan,175.89,15,73.85,Hospital
2024-07-28,Amoxicillin 500mg (20ct),Antibiotics,USA,170.05,11,61.01,Retail Pharmacy
2024-07-28,Loratadine 10mg (14ct),Allergy,India,239.02,23,82.02,Hospital
2024-07-28,Salbutamol Inhaler,Respiratory,India,635.87,28,265.06,Hospital
2024-07-28,Loratadine 10mg (14ct),Allergy,Japan,310.52,29,102.73,Government Tender
2024-07-28,Insulin Glargine Pen,Diabetes Care,Germany,2009.14,34,1062.39,Hospital
2024-07-28,Salbutamol Inhaler,Respiratory,UK,228.88,12,111.38,Government Tender
2024-07-29,Omeprazole 20mg (28ct),Gastro,Germany,116.84,10,50.12,Retail Pharmacy
2024-07-29,Insulin Glargine Pen,Diabetes Care,USA,1490.83,23,716.23,Retail Pharmacy
2024-07-29,Multivitamin Complex,Supplements,Japan,77.0,6,33.28,Retail Pharmacy
2024-07-29,Salbutamol Inhaler,Respiratory,USA,671.78,29,275.93,Retail Pharmacy
2024-07-29,Omeprazole 20mg (28ct),Gastro,India,200.07,17,82.63,Government Tender
2024-07-29,Salbutamol Inhaler,Respiratory,India,1491.27,68,610.37,Hospital
2024-07-29,Omeprazole 20mg (28ct),Gastro,Japan,314.26,25,124.06,Retail Pharmacy
2024-07-29,Omeprazole 20mg (28ct),Gastro,Japan,145.76,13,65.96,Hospital
2024-07-30,Amoxicillin 500mg (20ct),Antibiotics,Germany,369.62,25,145.65,Government Tender
2024-07-30,Loratadine 10mg (14ct),Allergy,Brazil,117.41,12,42.25,Hospital
2024-07-30,Ibuprofen 400mg (30ct),Pain Relief,Japan,166.95,26,52.08,Hospital
2024-07-30,Ibuprofen 400mg (30ct),Pain Relief,Brazil,106.21,16,34.86,Government Tender
2024-07-30,Multivitamin Complex,Supplements,India,472.01,36,196.29,Retail Pharmacy
2024-07-30,Insulin Glargine Pen,Diabetes Care,Brazil,2447.59,35,1039.25,Government Tender
2024-07-30,Ibuprofen 400mg (30ct),Pain Relief,Germany,165.5,24,51.92,Retail Pharmacy
2024-07-30,Ibuprofen 400mg (30ct),Pain Relief,India,272.86,41,89.48,Hospital
2024-07-31,Loratadine 10mg (14ct),Allergy,Japan,202.1,22,71.87,Retail Pharmacy
2024-07-31,Insulin Glargine Pen,Diabetes Care,USA,142.92,2,64.14,Retail Pharmacy
2024-07-31,Amoxicillin 500mg (20ct),Antibiotics,UK,245.16,18,107.31,Hospital
2024-07-31,Atorvastatin 20mg (30ct),Cardiovascular,UK,711.44,41,286.41,Hospital
2024-07-31,Multivitamin Complex,Supplements,UK,152.89,10,57.57,Hospital
2024-07-31,Omeprazole 20mg (28ct),Gastro,Germany,362.94,33,163.38,Retail Pharmacy
2024-07-31,Omeprazole 20mg (28ct),Gastro,Brazil,148.79,14,68.6,Retail Pharmacy
2024-07-31,Amoxicillin 500mg (20ct),Antibiotics,UK,309.58,24,134.04,Retail Pharmacy
2024-07-31,Loratadine 10mg (14ct),Allergy,Germany,59.68,7,23.57,Government Tender
2024-07-31,Multivitamin Complex,Supplements,Brazil,534.17,34,191.27,Hospital
2024-07-31,Ibuprofen 400mg (30ct),Pain Relief,India,68.19,12,25.6,Hospital
2024-07-31,Omeprazole 20mg (28ct),Gastro,India,306.21,23,117.06,Hospital
2024-07-31,Ibuprofen 400mg (30ct),Pain Relief,India,150.26,22,45.94,Hospital
2024-07-31,Amoxicillin 500mg (20ct),Antibiotics,Germany,222.97,18,103.67,Government Tender
2024-07-31,Ibuprofen 400mg (30ct),Pain Relief,Brazil,191.63,34,73.69,Retail Pharmacy
2024-08-01,Ibuprofen 400mg (30ct),Pain Relief,UK,286.64,45,96.45,Government Tender
2024-08-01,Omeprazole 20mg (28ct),Gastro,Japan,350.62,30,141.48,Hospital
2024-08-01,Ibuprofen 400mg (30ct),Pain Relief,USA,261.23,38,80.09,Government Tender
2024-08-01,Multivitamin Complex,Supplements,UK,311.12,19,109.6,Government Tender
2024-08-01,Salbutamol Inhaler,Respiratory,India,42.29,2,17.44,Hospital
2024-08-01,Ibuprofen 400mg (30ct),Pain Relief,India,87.12,13,27.51,Retail Pharmacy
2024-08-01,Atorvastatin 20mg (30ct),Cardiovascular,India,615.94,37,264.37,Hospital
2024-08-02,Omeprazole 20mg (28ct),Gastro,Brazil,274.99,24,115.19,Government Tender
2024-08-02,Atorvastatin 20mg (30ct),Cardiovascular,Brazil,533.53,30,206.28,Retail Pharmacy
2024-08-02,Ibuprofen 400mg (30ct),Pain Relief,Germany,121.24,17,34.78,Government Tender
2024-08-02,Atorvastatin 20mg (30ct),Cardiovascular,Brazil,371.44,22,150.84,Retail Pharmacy
2024-08-02,Atorvastatin 20mg (30ct),Cardiovascular,UK,219.42,11,80.05,Government Tender
2024-08-02,Omeprazole 20mg (28ct),Gastro,Brazil,265.77,23,109.44,Government Tender
2024-08-02,Salbutamol Inhaler,Respiratory,UK,614.26,32,292.68,Hospital
2024-08-02,Loratadine 10mg (14ct),Allergy,Brazil,274.45,26,85.99,Hospital
2024-08-02,Insulin Glargine Pen,Diabetes Care,Brazil,1016.36,17,536.52,Retail Pharmacy
2024-08-02,Atorvastatin 20mg (30ct),Cardiovascular,UK,294.2,15,110.19,Government Tender
2024-08-02,Insulin Glargine Pen,Diabetes Care,USA,586.32,10,314.18,Hospital
2024-08-03,Salbutamol Inhaler,Respiratory,UK,403.49,20,182.6,Government Tender
2024-08-03,Multivitamin Complex,Supplements,UK,513.75,32,184.43,Government Tender
2024-08-03,Omeprazole 20mg (28ct),Gastro,India,249.26,19,94.96,Government Tender
2024-08-03,Amoxicillin 500mg (20ct),Antibiotics,India,293.34,23,128.42,Government Tender
2024-08-03,Omeprazole 20mg (28ct),Gastro,India,341.95,25,121.66,Retail Pharmacy
2024-08-03,Loratadine 10mg (14ct),Allergy,UK,110.1,13,44.71,Hospital
2024-08-03,Loratadine 10mg (14ct),Allergy,Brazil,200.87,23,79.88,Retail Pharmacy
2024-08-04,Insulin Glargine Pen,Diabetes Care,Germany,654.44,10,311.66,Government Tender
2024-08-04,Salbutamol Inhaler,Respiratory,Brazil,385.64,19,165.77,Hospital
2024-08-04,Omeprazole 20mg (28ct),Gastro,Germany,203.28,16,81.51,Government Tender
2024-08-04,Multivitamin Complex,Supplements,Germany,219.94,14,75.05,Hospital
2024-08-04,Amoxicillin 500mg (20ct),Antibiotics,USA,518.54,35,200.14,Government Tender
2024-08-04,Ibuprofen 400mg (30ct),Pain Relief,USA,100.94,15,32.2,Retail Pharmacy
2024-08-04,Insulin Glargine Pen,Diabetes Care,Germany,1098.39,17,549.5,Government Tender
2024-08-04,Insulin Glargine Pen,Diabetes Care,Brazil,129.28,2,62.12,Government Tender
2024-08-04,Multivitamin Complex,Supplements,Germany,604.38,39,212.17,Government Tender
2024-08-04,Loratadine 10mg (14ct),Allergy,Japan,220.75,22,74.37,Retail Pharmacy
2024-08-04,Amoxicillin 500mg (20ct),Antibiotics,Brazil,169.99,11,61.24,Hospital
2024-08-04,Multivitamin Complex,Supplements,Germany,421.7,31,169.33,Retail Pharmacy
2024-08-05,Atorvastatin 20mg (30ct),Cardiovascular,USA,528.61,32,236.98,Government Tender
2024-08-05,Omeprazole 20mg (28ct),Gastro,USA,211.72,19,91.21,Government Tender
2024-08-05,Salbutamol Inhaler,Respiratory,Japan,529.64,27,245.92,Government Tender
2024-08-06,Amoxicillin 500mg (20ct),Antibiotics,India,562.5,39,216.82,Government Tender
2024-08-06,Insulin Glargine Pen,Diabetes Care,USA,982.9,15,446.29,Hospital
2024-08-06,Ibuprofen 400mg (30ct),Pain Relief,Japan,186.5,28,60.11,Retail Pharmacy
2024-08-06,Omeprazole 20mg (28ct),Gastro,Brazil,842.03,76,388.76,Hospital
2024-08-06,Insulin Glargine Pen,Diabetes Care,Germany,651.68,10,312.46,Retail Pharmacy
2024-08-06,Ibuprofen 400mg (30ct),Pain Relief,USA,39.64,7,15.04,Retail Pharmacy
2024-08-06,Ibuprofen 400mg (30ct),Pain Relief,Japan,65.38,11,22.48,Hospital
2024-08-06,Ibuprofen 400mg (30ct),Pain Relief,Japan,240.19,36,74.15,Government Tender
2024-08-06,Salbutamol Inhaler,Respiratory,UK,215.57,10,89.73,Retail Pharmacy
2024-08-06,Omeprazole 20mg (28ct),Gastro,USA,154.29,12,60.75,Retail Pharmacy
2024-08-06,Salbutamol Inhaler,Respiratory,USA,173.49,8,69.39,Retail Pharmacy
2024-08-06,Omeprazole 20mg (28ct),Gastro,USA,223.66,19,94.6,Government Tender
2024-08-07,Insulin Glargine Pen,Diabetes Care,Japan,929.67,15,444.09,Hospital
2024-08-07,Insulin Glargine Pen,Diabetes Care,Japan,210.29,3,95.86,Government Tender
2024-08-07,Atorvastatin 20mg (30ct),Cardiovascular,Japan,296.41,16,112.88,Retail Pharmacy
2024-08-07,Loratadine 10mg (14ct),Allergy,USA,95.67,9,31.79,Government Tender
2024-08-07,Omeprazole 20mg (28ct),Gastro,India,437.31,40,197.12,Government Tender
2024-08-08,Insulin Glargine Pen,Diabetes Care,India,536.03,9,279.85,Hospital
2024-08-08,Omeprazole 20mg (28ct),Gastro,USA,650.5,61,305.04,Retail Pharmacy
2024-08-08,Omeprazole 20mg (28ct),Gastro,USA,135.24,10,51.34,Retail Pharmacy
2024-08-08,Amoxicillin 500mg (20ct),Antibiotics,Germany,299.03,20,112.53,Government Tender
2024-08-08,Loratadine 10mg (14ct),Allergy,Japan,93.53,10,32.56,Hospital
2024-08-08,Multivitamin Complex,Supplements,USA,153.95,10,55.42,Government Tender
2024-08-08,Insulin Glargine Pen,Diabetes Care,UK,989.39,14,439.05,Government Tender
2024-08-08,Ibuprofen 400mg (30ct),Pain Relief,UK,282.14,46,94.48,Hospital
2024-08-08,Omeprazole 20mg (28ct),Gastro,Germany,196.35,18,88.87,Government Tender
2024-08-09,Amoxicillin 500mg (20ct),Antibiotics,USA,259.1,21,119.67,Retail Pharmacy
2024-08-09,Loratadine 10mg (14ct),Allergy,India,150.3,15,52.2,Retail Pharmacy
2024-08-09,Ibuprofen 400mg (30ct),Pain Relief,Brazil,254.71,38,78.24,Retail Pharmacy
2024-08-09,Multivitamin Complex,Supplements,Brazil,190.34,13,72.03,Retail Pharmacy
2024-08-09,Amoxicillin 500mg (20ct),Antibiotics,India,177.09,13,76.06,Hospital
2024-08-09,Omeprazole 20mg (28ct),Gastro,UK,350.69,27,132.25,Retail Pharmacy
2024-08-09,Omeprazole 20mg (28ct),Gastro,Japan,515.53,44,217.31,Hospital
2024-08-10,Amoxicillin 500mg (20ct),Antibiotics,Brazil,441.06,32,190.55,Hospital
2024-08-10,Ibuprofen 400mg (30ct),Pain Relief,Germany,89.81,16,33.44,Retail Pharmacy
2024-08-10,Atorvastatin 20mg (30ct),Cardiovascular,Brazil,192.02,11,78.06,Retail Pharmacy
2024-08-10,Amoxicillin 500mg (20ct),Antibiotics,Brazil,115.38,9,52.71,Hospital
2024-08-10,Atorvastatin 20mg (30ct),Cardiovascular,India,498.32,28,202.94,Retail Pharmacy
2024-08-10,Ibuprofen 400mg (30ct),Pain Relief,Germany,194.55,29,63.2,Hospital
2024-08-10,Atorvastatin 20mg (30ct),Cardiovascular,Japan,196.3,12,86.42,Retail Pharmacy
2024-08-10,Ibuprofen 400mg (30ct),Pain Relief,Brazil,28.88,5,10.82,Retail Pharmacy
2024-08-10,Atorvastatin 20mg (30ct),Cardiovascular,USA,757.88,41,293.35,Retail Pharmacy
2024-08-10,Multivitamin Complex,Supplements,Brazil,97.56,6,33.3,Hospital
2024-08-10,Insulin Glargine Pen,Diabetes Care,USA,1736.55,30,924.17,Government Tender
2024-08-10,Salbutamol Inhaler,Respiratory,Japan,713.13,34,318.75,Government Tender
2024-08-10,Omeprazole 20mg (28ct),Gastro,UK,173.97,16,79.26,Hospital
2024-08-10,Omeprazole 20mg (28ct),Gastro,Japan,548.5,42,202.04,Hospital
2024-08-11,Omeprazole 20mg (28ct),Gastro,Germany,260.45,24,122.08,Government Tender
2024-08-11,Loratadine 10mg (14ct),Allergy,Germany,309.5,37,121.11,Retail Pharmacy
2024-08-11,Salbutamol Inhaler,Respiratory,India,333.55,16,148.85,Retail Pharmacy
2024-08-11,Insulin Glargine Pen,Diabetes Care,Japan,3186.4,49,1553.34,Retail Pharmacy
2024-08-11,Amoxicillin 500mg (20ct),Antibiotics,UK,315.57,23,127.76,Hospital
2024-08-11,Omeprazole 20mg (28ct),Gastro,Japan,316.85,24,116.89,Government Tender
2024-08-11,Omeprazole 20mg (28ct),Gastro,Germany,219.14,20,99.13,Retail Pharmacy
2024-08-11,Omeprazole 20mg (28ct),Gastro,Germany,330.61,26,132.6,Retail Pharmacy
2024-08-11,Insulin Glargine Pen,Diabetes Care,India,1331.51,21,661.58,Hospital
2024-08-11,Amoxicillin 500mg (20ct),Antibiotics,India,344.21,23,134.96,Hospital
2024-08-11,Atorvastatin 20mg (30ct),Cardiovascular,Japan,847.47,42,312.52,Government Tender
2024-08-12,Omeprazole 20mg (28ct),Gastro,UK,373.22,31,153.55,Hospital
2024-08-12,Amoxicillin 500mg (20ct),Antibiotics,Germany,458.77,31,183.95,Retail Pharmacy
2024-08-12,Amoxicillin 500mg (20ct),Antibiotics,Japan,460.44,37,214.29,Hospital
2024-08-12,Salbutamol Inhaler,Respiratory,Germany,466.13,21,191.48,Government Tender
2024-08-12,Atorvastatin 20mg (30ct),Cardiovascular,India,403.96,25,182.61,Hospital
2024-08-12,Salbutamol Inhaler,Respiratory,UK,284.49,12,105.96,Retail Pharmacy
2024-08-12,Salbutamol Inhaler,Respiratory,USA,506.83,21,198.2,Retail Pharmacy
2024-08-12,Amoxicillin 500mg (20ct),Antibiotics,Brazil,271.2,19,111.6,Government Tender
2024-08-13,Loratadine 10mg (14ct),Allergy,Germany,247.85,27,94.85,Government Tender
2024-08-13,Amoxicillin 500mg (20ct),Antibiotics,Brazil,380.45,25,147.13,Government Tender
2024-08-13,Insulin Glargine Pen,Diabetes Care,UK,856.45,12,387.93,Hospital
2024-08-13,Omeprazole 20mg (28ct),Gastro,Brazil,134.99,11,56.43,Government Tender
2024-08-13,Insulin Glargine Pen,Diabetes Care,India,2877.43,39,1236.84,Hospital
2024-08-13,Salbutamol Inhaler,Respiratory,Germany,286.1,15,138.87,Retail Pharmacy
2024-08-13,Atorvastatin 20mg (30ct),Cardiovascular,Japan,416.86,23,172.51,Hospital
2024-08-13,Multivitamin Complex,Supplements,India,400.82,27,154.33,Retail Pharmacy
2024-08-13,Insulin Glargine Pen,Diabetes Care,Brazil,1154.68,19,565.89,Retail Pharmacy
2024-08-13,Loratadine 10mg (14ct),Allergy,India,138.52,16,52.16,Hospital
2024-08-13,Insulin Glargine Pen,Diabetes Care,Japan,1554.97,26,819.01,Retail Pharmacy
2024-08-13,Atorvastatin 20mg (30ct),Cardiovascular,USA,285.41,17,125.79,Hospital
2024-08-13,Amoxicillin 500mg (20ct),Antibiotics,Brazil,498.31,32,178.95,Retail Pharmacy
2024-08-13,Omeprazole 20mg (28ct),Gastro,Brazil,178.12,13,63.03,Retail Pharmacy
2024-08-13,Amoxicillin 500mg (20ct),Antibiotics,UK,689.17,47,269.69,Retail Pharmacy
2024-08-13,Insulin Glargine Pen,Diabetes Care,Brazil,1651.22,28,846.78,Government Tender
2024-08-14,Multivitamin Complex,Supplements,Germany,104.42,7,39.11,Government Tender
2024-08-14,Insulin Glargine Pen,Diabetes Care,Brazil,1840.93,25,807.06,Hospital
2024-08-14,Amoxicillin 500mg (20ct),Antibiotics,Germany,323.3,23,138.55,Government Tender
2024-08-14,Salbutamol Inhaler,Respiratory,Japan,926.75,38,357.13,Government Tender
2024-08-14,Salbutamol Inhaler,Respiratory,UK,213.81,9,84.77,Hospital
2024-08-14,Insulin Glargine Pen,Diabetes Care,Germany,1190.76,20,616.37,Hospital
2024-08-14,Loratadine 10mg (14ct),Allergy,Brazil,143.31,15,51.17,Hospital
2024-08-14,Insulin Glargine Pen,Diabetes Care,Brazil,1106.94,18,536.95,Government Tender
2024-08-14,Atorvastatin 20mg (30ct),Cardiovascular,Germany,148.23,9,67.14,Government Tender
2024-08-14,Loratadine 10mg (14ct),Allergy,India,135.51,14,47.36,Government Tender
2024-08-14,Atorvastatin 20mg (30ct),Cardiovascular,UK,404.25,25,187.55,Retail Pharmacy
2024-08-14,Atorvastatin 20mg (30ct),Cardiovascular,UK,282.94,15,109.26,Retail Pharmacy
2024-08-15,Amoxicillin 500mg (20ct),Antibiotics,Brazil,413.34,27,161.61,Hospital
2024-08-15,Omeprazole 20mg (28ct),Gastro,USA,39.51,3,14.65,Hospital
2024-08-15,Multivitamin Complex,Supplements,UK,476.53,37,200.29,Hospital
2024-08-15,Amoxicillin 500mg (20ct),Antibiotics,India,458.0,31,187.8,Government Tender
2024-08-15,Loratadine 10mg (14ct),Allergy,Germany,284.57,27,92.5,Government Tender
2024-08-15,Omeprazole 20mg (28ct),Gastro,India,197.78,17,81.83,Hospital
2024-08-15,Atorvastatin 20mg (30ct),Cardiovascular,Germany,609.63,30,220.09,Government Tender
2024-08-15,Insulin Glargine Pen,Diabetes Care,India,1323.53,20,630.01,Government Tender
2024-08-15,Amoxicillin 500mg (20ct),Antibiotics,Japan,102.78,7,38.63,Government Tender
2024-08-16,Atorvastatin 20mg (30ct),Cardiovascular,Brazil,1171.16,71,518.22,Retail Pharmacy
2024-08-16,Amoxicillin 500mg (20ct),Antibiotics,UK,254.51,19,111.38,Government Tender
2024-08-16,Amoxicillin 500mg (20ct),Antibiotics,India,864.63,57,328.58,Hospital
2024-08-16,Loratadine 10mg (14ct),Allergy,Brazil,229.06,24,79.74,Retail Pharmacy
2024-08-16,Omeprazole 20mg (28ct),Gastro,USA,155.05,14,70.05,Retail Pharmacy
2024-08-16,Omeprazole 20mg (28ct),Gastro,Brazil,178.38,15,72.81,Government Tender
2024-08-16,Atorvastatin 20mg (30ct),Cardiovascular,UK,69.19,4,28.91,Retail Pharmacy
2024-08-16,Insulin Glargine Pen,Diabetes Care,Germany,1261.83,19,608.34,Retail Pharmacy
2024-08-16,Salbutamol Inhaler,Respiratory,Brazil,610.38,27,237.26,Hospital
2024-08-16,Amoxicillin 500mg (20ct),Antibiotics,Brazil,601.03,44,248.96,Government Tender
2024-08-16,Atorvastatin 20mg (30ct),Cardiovascular,India,1214.53,74,534.83,Retail Pharmacy
2024-08-16,Salbutamol Inhaler,Respiratory,Brazil,400.99,18,165.62,Hospital
2024-08-16,Salbutamol Inhaler,Respiratory,India,582.31,26,237.19,Government Tender
2024-08-17,Multivitamin Complex,Supplements,Germany,467.69,33,181.83,Government Tender
2024-08-17,Amoxicillin 500mg (20ct),Antibiotics,Germany,510.69,35,198.7,Government Tender
2024-08-17,Omeprazole 20mg (28ct),Gastro,UK,446.8,39,197.33,Government Tender
2024-08-17,Multivitamin Complex,Supplements,USA,604.22,45,254.19,Retail Pharmacy
2024-08-17,Ibuprofen 400mg (30ct),Pain Relief,Japan,313.68,46,93.66,Government Tender
2024-08-17,Multivitamin Complex,Supplements,Germany,295.54,22,115.53,Government Tender
2024-08-17,Loratadine 10mg (14ct),Allergy,Japan,171.59,18,62.02,Hospital
2024-08-17,Loratadine 10mg (14ct),Allergy,UK,333.03,34,120.29,Government Tender
2024-08-17,Amoxicillin 500mg (20ct),Antibiotics,Japan,42.0,3,17.98,Government Tender
2024-08-18,Omeprazole 20mg (28ct),Gastro,UK,258.31,21,101.92,Hospital
2024-08-18,Loratadine 10mg (14ct),Allergy,USA,70.46,8,26.43,Retail Pharmacy
2024-08-18,Atorvastatin 20mg (30ct),Cardiovascular,Brazil,617.36,33,242.45,Government Tender
2024-08-18,Ibuprofen 400mg (30ct),Pain Relief,UK,153.59,24,49.42,Hospital
2024-08-18,Salbutamol Inhaler,Respiratory,Germany,806.33,37,344.64,Retail Pharmacy
2024-08-18,Multivitamin Complex,Supplements,India,1013.35,78,447.03,Government Tender
2024-08-18,Omeprazole 20mg (28ct),Gastro,India,282.64,24,120.74,Government Tender
2024-08-18,Atorvastatin 20mg (30ct),Cardiovascular,Germany,422.65,22,155.43,Retail Pharmacy
2024-08-18,Omeprazole 20mg (28ct),Gastro,Germany,173.68,14,68.36,Government Tender
2024-08-18,Omeprazole 20mg (28ct),Gastro,UK,623.28,47,239.67,Retail Pharmacy
2024-08-18,Insulin Glargine Pen,Diabetes Care,UK,2785.66,41,1296.7,Retail Pharmacy
2024-08-18,Ibuprofen 400mg (30ct),Pain Relief,UK,487.95,69,140.27,Hospital
2024-08-18,Insulin Glargine Pen,Diabetes Care,USA,1249.32,18,562.25,Retail Pharmacy
2024-08-18,Salbutamol Inhaler,Respiratory,Brazil,119.69,5,43.53,Retail Pharmacy
2024-08-19,Insulin Glargine Pen,Diabetes Care,India,475.08,7,212.93,Hospital
2024-08-19,Amoxicillin 500mg (20ct),Antibiotics,UK,587.04,41,235.14,Government Tender
2024-08-19,Multivitamin Complex,Supplements,Germany,348.25,23,126.51,Hospital
2024-08-19,Multivitamin Complex,Supplements,Japan,127.08,9,49.42,Retail Pharmacy
2024-08-19,Amoxicillin 500mg (20ct),Antibiotics,Brazil,256.47,18,104.15,Hospital
2024-08-19,Salbutamol Inhaler,Respiratory,Japan,515.14,21,196.19,Government Tender
2024-08-19,Omeprazole 20mg (28ct),Gastro,UK,118.03,9,43.93,Retail Pharmacy
2024-08-19,Insulin Glargine Pen,Diabetes Care,India,1700.23,23,712.73,Hospital
2024-08-19,Insulin Glargine Pen,Diabetes Care,Germany,182.74,3,95.11,Retail Pharmacy
2024-08-19,Atorvastatin 20mg (30ct),Cardiovascular,UK,341.1,19,140.78,Hospital
2024-08-19,Amoxicillin 500mg (20ct),Antibiotics,Germany,432.27,35,208.76,Retail Pharmacy
2024-08-19,Loratadine 10mg (14ct),Allergy,India,212.36,20,67.25,Retail Pharmacy
2024-08-19,Loratadine 10mg (14ct),Allergy,UK,94.41,11,38.5,Hospital
2024-08-19,Salbutamol Inhaler,Respiratory,India,515.9,23,216.16,Government Tender
2024-08-20,Atorvastatin 20mg (30ct),Cardiovascular,UK,475.62,27,185.2,Government Tender
2024-08-20,Ibuprofen 400mg (30ct),Pain Relief,Brazil,46.82,8,17.6,Government Tender
2024-08-20,Amoxicillin 500mg (20ct),Antibiotics,UK,139.45,11,61.04,Government Tender
2024-08-20,Loratadine 10mg (14ct),Allergy,Germany,87.58,9,31.06,Hospital
2024-08-20,Multivitamin Complex,Supplements,UK,109.25,8,45.0,Government Tender
2024-08-20,Salbutamol Inhaler,Respiratory,Japan,204.53,9,80.6,Government Tender
2024-08-20,Insulin Glargine Pen,Diabetes Care,Germany,655.14,10,307.92,Government Tender
2024-08-20,Omeprazole 20mg (28ct),Gastro,USA,346.06,30,142.43,Government Tender
2024-08-20,Amoxicillin 500mg (20ct),Antibiotics,Germany,163.75,11,64.53,Hospital
2024-08-20,Amoxicillin 500mg (20ct),Antibiotics,Germany,244.02,19,110.29,Government Tender
2024-08-20,Atorvastatin 20mg (30ct),Cardiovascular,India,184.75,10,75.12,Hospital
2024-08-20,Omeprazole 20mg (28ct),Gastro,Japan,244.99,22,105.61,Hospital
2024-08-21,Insulin Glargine Pen,Diabetes Care,USA,1505.04,21,654.02,Retail Pharmacy
2024-08-21,Salbutamol Inhaler,Respiratory,USA,464.32,23,199.82,Retail Pharmacy
2024-08-22,Omeprazole 20mg (28ct),Gastro,UK,170.7,13,65.71,Hospital
2024-08-22,Ibuprofen 400mg (30ct),Pain Relief,India,263.13,41,82.63,Hospital
2024-08-22,Atorvastatin 20mg (30ct),Cardiovascular,Brazil,157.93,8,59.3,Hospital
2024-08-22,Loratadine 10mg (14ct),Allergy,India,243.47,26,91.04,Government Tender
2024-08-22,Amoxicillin 500mg (20ct),Antibiotics,Brazil,464.47,34,195.62,Hospital
2024-08-22,Amoxicillin 500mg (20ct),Antibiotics,Germany,465.8,33,193.27,Hospital
2024-08-22,Loratadine 10mg (14ct),Allergy,UK,246.28,28,99.51,Government Tender
2024-08-23,Ibuprofen 400mg (30ct),Pain Relief,UK,202.97,33,68.96,Retail Pharmacy
2024-08-23,Ibuprofen 400mg (30ct),Pain Relief,Japan,106.62,16,34.99,Retail Pharmacy
2024-08-23,Salbutamol Inhaler,Respiratory,UK,222.98,11,96.34,Hospital
2024-08-23,Amoxicillin 500mg (20ct),Antibiotics,India,151.95,10,55.16,Government Tender
2024-08-23,Omeprazole 20mg (28ct),Gastro,Germany,141.6,12,59.69,Government Tender
2024-08-23,Insulin Glargine Pen,Diabetes Care,India,745.7,12,358.48,Hospital
2024-08-23,Amoxicillin 500mg (20ct),Antibiotics,Japan,718.96,52,312.82,Retail Pharmacy
2024-08-23,Omeprazole 20mg (28ct),Gastro,Germany,169.59,13,62.23,Hospital
2024-08-24,Amoxicillin 500mg (20ct),Antibiotics,UK,468.7,32,194.24,Hospital
2024-08-24,Omeprazole 20mg (28ct),Gastro,India,221.41,20,102.34,Government Tender
2024-08-24,Atorvastatin 20mg (30ct),Cardiovascular,USA,806.6,42,301.85,Hospital
2024-08-24,Omeprazole 20mg (28ct),Gastro,India,354.22,31,157.28,Government Tender
2024-08-24,Amoxicillin 500mg (20ct),Antibiotics,Japan,173.79,13,75.32,Government Tender
2024-08-24,Atorvastatin 20mg (30ct),Cardiovascular,Brazil,371.67,19,137.89,Government Tender
2024-08-24,Omeprazole 20mg (28ct),Gastro,Brazil,360.23,30,146.8,Hospital
2024-08-24,Amoxicillin 500mg (20ct),Antibiotics,India,248.56,19,109.96,Retail Pharmacy
2024-08-24,Salbutamol Inhaler,Respiratory,Brazil,332.08,15,143.05,Hospital
2024-08-24,Loratadine 10mg (14ct),Allergy,USA,132.14,15,49.67,Retail Pharmacy
2024-08-24,Loratadine 10mg (14ct),Allergy,Japan,136.55,15,53.54,Hospital
2024-08-24,Ibuprofen 400mg (30ct),Pain Relief,Japan,175.55,26,55.66,Government Tender
2024-08-25,Atorvastatin 20mg (30ct),Cardiovascular,India,1653.07,100,749.47,Government Tender
2024-08-25,Atorvastatin 20mg (30ct),Cardiovascular,USA,590.74,34,243.42,Hospital
2024-08-25,Atorvastatin 20mg (30ct),Cardiovascular,USA,76.27,4,29.27,Retail Pharmacy
2024-08-25,Atorvastatin 20mg (30ct),Cardiovascular,Japan,204.56,10,71.28,Hospital
2024-08-25,Ibuprofen 400mg (30ct),Pain Relief,India,138.01,24,52.76,Government Tender
2024-08-25,Omeprazole 20mg (28ct),Gastro,Japan,191.28,18,85.43,Retail Pharmacy
2024-08-25,Omeprazole 20mg (28ct),Gastro,Germany,656.36,49,242.33,Government Tender
2024-08-25,Loratadine 10mg (14ct),Allergy,USA,383.91,37,128.24,Government Tender
2024-08-26,Ibuprofen 400mg (30ct),Pain Relief,Germany,191.11,29,58.93,Hospital
2024-08-26,Atorvastatin 20mg (30ct),Cardiovascular,Brazil,270.1,13,90.75,Retail Pharmacy
2024-08-26,Ibuprofen 400mg (30ct),Pain Relief,India,36.95,6,12.32,Hospital
2024-08-26,Omeprazole 20mg (28ct),Gastro,Brazil,128.75,11,54.17,Hospital
2024-08-26,Omeprazole 20mg (28ct),Gastro,Brazil,417.98,33,160.8,Government Tender
2024-08-26,Omeprazole 20mg (28ct),Gastro,Germany,249.02,19,89.28,Retail Pharmacy
2024-08-26,Loratadine 10mg (14ct),Allergy,UK,258.47,29,97.38,Hospital
2024-08-26,Insulin Glargine Pen,Diabetes Care,UK,1841.99,30,906.47,Hospital
2024-08-26,Salbutamol Inhaler,Respiratory,Brazil,113.47,5,47.66,Government Tender
2024-08-26,Omeprazole 20mg (28ct),Gastro,India,399.72,31,144.86,Government Tender
2024-08-27,Salbutamol Inhaler,Respiratory,Japan,1104.01,49,459.12,Retail Pharmacy
2024-08-27,Omeprazole 20mg (28ct),Gastro,UK,191.54,15,70.03,Hospital
2024-08-27,Atorvastatin 20mg (30ct),Cardiovascular,USA,714.27,44,324.94,Hospital
2024-08-27,Ibuprofen 400mg (30ct),Pain Relief,UK,137.83,23,46.28,Retail Pharmacy
2024-08-27,Atorvastatin 20mg (30ct),Cardiovascular,India,640.92,37,265.68,Hospital
2024-08-27,Ibuprofen 400mg (30ct),Pain Relief,India,340.49,48,96.53,Government Tender
2024-08-27,Multivitamin Complex,Supplements,Brazil,308.42,21,118.08,Retail Pharmacy
2024-08-27,Amoxicillin 500mg (20ct),Antibiotics,India,280.14,19,107.69,Retail Pharmacy
2024-08-27,Multivitamin Complex,Supplements,USA,302.78,20,109.29,Government Tender
2024-08-27,Ibuprofen 400mg (30ct),Pain Relief,Japan,79.45,13,27.66,Government Tender
2024-08-27,Atorvastatin 20mg (30ct),Cardiovascular,Japan,438.91,24,180.2,Retail Pharmacy
2024-08-27,Amoxicillin 500mg (20ct),Antibiotics,Brazil,202.84,14,83.98,Hospital
2024-08-27,Insulin Glargine Pen,Diabetes Care,UK,1275.34,20,645.24,Retail Pharmacy
2024-08-27,Insulin Glargine Pen,Diabetes Care,USA,2018.71,28,882.71,Government Tender
2024-08-28,Salbutamol Inhaler,Respiratory,Japan,409.2,18,171.95,Retail Pharmacy
2024-08-28,Insulin Glargine Pen,Diabetes Care,UK,2246.83,33,1007.71,Retail Pharmacy
2024-08-28,Omeprazole 20mg (28ct),Gastro,Germany,178.84,14,71.75,Hospital
2024-08-28,Loratadine 10mg (14ct),Allergy,USA,186.31,18,64.22,Retail Pharmacy
2024-08-28,Multivitamin Complex,Supplements,Germany,324.46,22,122.65,Hospital
2024-08-28,Multivitamin Complex,Supplements,Japan,28.43,2,10.47,Government Tender
2024-08-28,Omeprazole 20mg (28ct),Gastro,UK,364.87,34,174.0,Retail Pharmacy
2024-08-28,Insulin Glargine Pen,Diabetes Care,Germany,1122.11,19,605.68,Retail Pharmacy
2024-08-28,Amoxicillin 500mg (20ct),Antibiotics,India,352.38,26,152.51,Government Tender
2024-08-28,Amoxicillin 500mg (20ct),Antibiotics,Japan,224.64,15,89.29,Government Tender
2024-08-28,Atorvastatin 20mg (30ct),Cardiovascular,Japan,181.97,9,61.84,Government Tender
2024-08-29,Amoxicillin 500mg (20ct),Antibiotics,Brazil,356.83,25,142.87,Retail Pharmacy
2024-08-29,Amoxicillin 500mg (20ct),Antibiotics,Brazil,191.97,14,80.17,Hospital
2024-08-29,Multivitamin Complex,Supplements,USA,257.48,19,108.76,Retail Pharmacy
2024-08-29,Multivitamin Complex,Supplements,Brazil,134.51,9,47.38,Hospital
2024-08-29,Atorvastatin 20mg (30ct),Cardiovascular,India,152.19,9,66.68,Hospital
2024-08-30,Loratadine 10mg (14ct),Allergy,USA,187.93,21,68.42,Hospital
2024-08-30,Omeprazole 20mg (28ct),Gastro,Germany,183.65,14,67.48,Government Tender
2024-08-30,Loratadine 10mg (14ct),Allergy,Japan,355.64,37,127.0,Government Tender
2024-08-30,Atorvastatin 20mg (30ct),Cardiovascular,UK,751.8,40,284.76,Retail Pharmacy
2024-08-30,Omeprazole 20mg (28ct),Gastro,India,67.17,5,24.59,Government Tender
2024-08-30,Multivitamin Complex,Supplements,India,280.97,20,108.34,Hospital
2024-08-30,Ibuprofen 400mg (30ct),Pain Relief,Germany,180.26,28,60.62,Hospital
2024-08-30,Amoxicillin 500mg (20ct),Antibiotics,Japan,161.2,12,71.65,Retail Pharmacy
2024-08-31,Amoxicillin 500mg (20ct),Antibiotics,Japan,48.64,4,22.55,Retail Pharmacy
2024-08-31,Amoxicillin 500mg (20ct),Antibiotics,USA,368.21,28,163.76,Hospital
2024-08-31,Loratadine 10mg (14ct),Allergy,India,360.58,37,128.69,Government Tender
2024-08-31,Multivitamin Complex,Supplements,Brazil,259.34,17,93.12,Government Tender
2024-08-31,Insulin Glargine Pen,Diabetes Care,Germany,290.62,5,157.18,Hospital
2024-08-31,Omeprazole 20mg (28ct),Gastro,Japan,520.15,41,202.83,Government Tender
2024-08-31,Salbutamol Inhaler,Respiratory,Brazil,744.69,31,284.63,Hospital
2024-08-31,Atorvastatin 20mg (30ct),Cardiovascular,Brazil,242.05,13,92.97,Hospital
2024-08-31,Loratadine 10mg (14ct),Allergy,India,181.12,19,65.25,Retail Pharmacy
2024-08-31,Ibuprofen 400mg (30ct),Pain Relief,Germany,184.16,26,56.85,Government Tender
2024-08-31,Amoxicillin 500mg (20ct),Antibiotics,Japan,300.56,20,116.89,Government Tender
2024-08-31,Amoxicillin 500mg (20ct),Antibiotics,Germany,336.67,26,157.16,Retail Pharmacy
2024-08-31,Salbutamol Inhaler,Respiratory,India,849.22,40,359.23,Government Tender
2024-09-01,Ibuprofen 400mg (30ct),Pain Relief,Germany,35.74,5,10.53,Retail Pharmacy
2024-09-01,Ibuprofen 400mg (30ct),Pain Relief,Germany,147.4,24,51.07,Government Tender
2024-09-01,Insulin Glargine Pen,Diabetes Care,India,1284.96,20,648.66,Retail Pharmacy
2024-09-01,Ibuprofen 400mg (30ct),Pain Relief,USA,344.55,52,106.55,Government Tender
2024-09-01,Loratadine 10mg (14ct),Allergy,Germany,340.51,32,108.28,Government Tender
2024-09-02,Insulin Glargine Pen,Diabetes Care,USA,2371.5,35,1086.97,Retail Pharmacy
2024-09-02,Amoxicillin 500mg (20ct),Antibiotics,Germany,205.93,16,96.59,Hospital
2024-09-02,Multivitamin Complex,Supplements,India,147.23,10,52.49,Retail Pharmacy
2024-09-02,Salbutamol Inhaler,Respiratory,USA,736.34,30,263.75,Retail Pharmacy
2024-09-02,Loratadine 10mg (14ct),Allergy,Brazil,380.65,39,130.36,Hospital
2024-09-02,Amoxicillin 500mg (20ct),Antibiotics,USA,211.43,17,97.56,Retail Pharmacy
2024-09-02,Salbutamol Inhaler,Respiratory,USA,306.39,13,120.27,Government Tender
2024-09-02,Omeprazole 20mg (28ct),Gastro,USA,161.06,12,57.4,Retail Pharmacy
2024-09-03,Salbutamol Inhaler,Respiratory,USA,207.04,9,78.73,Retail Pharmacy
2024-09-03,Multivitamin Complex,Supplements,India,338.2,22,124.23,Government Tender
2024-09-03,Loratadine 10mg (14ct),Allergy,UK,132.09,13,42.24,Hospital
2024-09-03,Atorvastatin 20mg (30ct),Cardiovascular,Japan,1325.29,65,455.08,Retail Pharmacy
2024-09-03,Insulin Glargine Pen,Diabetes Care,India,295.58,5,153.03,Retail Pharmacy
2024-09-03,Ibuprofen 400mg (30ct),Pain Relief,UK,90.41,16,33.74,Hospital
2024-09-03,Ibuprofen 400mg (30ct),Pain Relief,Brazil,165.68,25,49.93,Government Tender
2024-09-03,Ibuprofen 400mg (30ct),Pain Relief,USA,72.02,12,25.62,Hospital
2024-09-03,Insulin Glargine Pen,Diabetes Care,Germany,5019.55,70,2173.92,Retail Pharmacy
2024-09-04,Omeprazole 20mg (28ct),Gastro,India,151.05,12,61.43,Government Tender
2024-09-04,Amoxicillin 500mg (20ct),Antibiotics,Japan,294.92,23,131.15,Retail Pharmacy
2024-09-04,Omeprazole 20mg (28ct),Gastro,India,413.85,32,158.53,Retail Pharmacy
2024-09-04,Insulin Glargine Pen,Diabetes Care,Brazil,638.21,11,345.12,Retail Pharmacy
2024-09-04,Salbutamol Inhaler,Respiratory,Brazil,293.43,13,118.84,Hospital
2024-09-04,Multivitamin Complex,Supplements,USA,86.28,6,32.07,Retail Pharmacy
2024-09-04,Amoxicillin 500mg (20ct),Antibiotics,India,148.65,12,72.69,Government Tender
2024-09-04,Omeprazole 20mg (28ct),Gastro,India,37.64,3,14.19,Government Tender
2024-09-05,Salbutamol Inhaler,Respiratory,Germany,847.91,35,314.14,Hospital
2024-09-05,Salbutamol Inhaler,Respiratory,Germany,248.86,12,107.98,Government Tender
2024-09-05,Atorvastatin 20mg (30ct),Cardiovascular,UK,173.41,10,74.53,Hospital
2024-09-05,Insulin Glargine Pen,Diabetes Care,India,905.12,14,438.6,Government Tender
2024-09-05,Loratadine 10mg (14ct),Allergy,USA,211.03,24,84.79,Hospital
2024-09-05,Ibuprofen 400mg (30ct),Pain Relief,India,217.78,31,65.03,Hospital
2024-09-05,Amoxicillin 500mg (20ct),Antibiotics,UK,247.19,16,89.77,Retail Pharmacy
2024-09-06,Loratadine 10mg (14ct),Allergy,Brazil,120.1,12,39.32,Retail Pharmacy
2024-09-06,Omeprazole 20mg (28ct),Gastro,USA,142.16,11,51.4,Hospital
2024-09-06,Amoxicillin 500mg (20ct),Antibiotics,Brazil,306.33,21,123.32,Government Tender
2024-09-06,Salbutamol Inhaler,Respiratory,USA,294.57,15,140.01,Retail Pharmacy
2024-09-06,Multivitamin Complex,Supplements,Brazil,587.92,37,207.05,Hospital
2024-09-06,Omeprazole 20mg (28ct),Gastro,UK,845.97,70,341.4,Retail Pharmacy
2024-09-06,Insulin Glargine Pen,Diabetes Care,UK,1211.67,17,526.47,Retail Pharmacy
2024-09-07,Salbutamol Inhaler,Respiratory,India,340.79,15,132.87,Retail Pharmacy
2024-09-07,Loratadine 10mg (14ct),Allergy,UK,164.17,19,67.6,Retail Pharmacy
2024-09-07,Salbutamol Inhaler,Respiratory,Brazil,726.06,33,310.04,Retail Pharmacy
2024-09-07,Amoxicillin 500mg (20ct),Antibiotics,USA,124.2,10,56.42,Hospital
2024-09-07,Omeprazole 20mg (28ct),Gastro,Japan,266.59,23,111.65,Retail Pharmacy
2024-09-07,Omeprazole 20mg (28ct),Gastro,USA,235.29,19,93.25,Hospital
2024-09-07,Salbutamol Inhaler,Respiratory,Germany,411.35,17,149.72,Government Tender
2024-09-07,Loratadine 10mg (14ct),Allergy,USA,414.64,40,140.54,Government Tender
2024-09-07,Atorvastatin 20mg (30ct),Cardiovascular,Germany,339.17,20,136.98,Government Tender
2024-09-07,Atorvastatin 20mg (30ct),Cardiovascular,India,531.63,32,224.65,Government Tender
2024-09-07,Amoxicillin 500mg (20ct),Antibiotics,UK,199.06,14,81.28,Retail Pharmacy
2024-09-07,Insulin Glargine Pen,Diabetes Care,Germany,1254.54,18,533.87,Government Tender
2024-09-08,Multivitamin Complex,Supplements,USA,457.73,28,155.59,Hospital
2024-09-08,Multivitamin Complex,Supplements,India,227.64,17,91.39,Government Tender
2024-09-08,Loratadine 10mg (14ct),Allergy,USA,352.74,39,134.33,Hospital
2024-09-08,Omeprazole 20mg (28ct),Gastro,USA,286.49,25,124.07,Government Tender
2024-09-08,Ibuprofen 400mg (30ct),Pain Relief,UK,586.92,85,169.91,Retail Pharmacy
2024-09-08,Atorvastatin 20mg (30ct),Cardiovascular,India,170.16,10,69.55,Hospital
2024-09-08,Omeprazole 20mg (28ct),Gastro,Japan,494.83,42,214.88,Hospital
2024-09-08,Loratadine 10mg (14ct),Allergy,Japan,261.95,25,81.46,Retail Pharmacy
2024-09-08,Salbutamol Inhaler,Respiratory,Brazil,1051.63,48,421.1,Hospital
2024-09-09,Salbutamol Inhaler,Respiratory,USA,239.93,12,114.13,Government Tender
2024-09-09,Salbutamol Inhaler,Respiratory,USA,1139.03,52,473.07,Government Tender
2024-09-09,Atorvastatin 20mg (30ct),Cardiovascular,Brazil,246.86,13,94.9,Government Tender
2024-09-09,Ibuprofen 400mg (30ct),Pain Relief,Japan,48.79,8,16.71,Hospital
2024-09-09,Salbutamol Inhaler,Respiratory,UK,720.42,37,331.57,Retail Pharmacy
2024-09-09,Omeprazole 20mg (28ct),Gastro,Germany,128.85,10,49.75,Government Tender
2024-09-09,Insulin Glargine Pen,Diabetes Care,UK,1338.96,19,607.13,Retail Pharmacy
2024-09-09,Multivitamin Complex,Supplements,Brazil,344.16,22,116.32,Hospital
2024-09-09,Atorvastatin 20mg (30ct),Cardiovascular,India,418.0,25,181.94,Retail Pharmacy
2024-09-09,Amoxicillin 500mg (20ct),Antibiotics,India,811.82,66,397.01,Hospital
2024-09-09,Atorvastatin 20mg (30ct),Cardiovascular,Japan,702.82,34,244.64,Government Tender
2024-09-10,Salbutamol Inhaler,Respiratory,Brazil,230.39,11,103.19,Government Tender
2024-09-10,Insulin Glargine Pen,Diabetes Care,USA,880.11,12,376.72,Hospital
2024-09-10,Amoxicillin 500mg (20ct),Antibiotics,India,170.87,14,78.61,Hospital
2024-09-10,Salbutamol Inhaler,Respiratory,USA,156.47,7,62.42,Government Tender
2024-09-10,Salbutamol Inhaler,Respiratory,India,900.17,45,415.85,Government Tender
2024-09-10,Insulin Glargine Pen,Diabetes Care,USA,1140.61,19,611.82,Retail Pharmacy
2024-09-10,Multivitamin Complex,Supplements,India,559.27,41,216.43,Government Tender
2024-09-11,Insulin Glargine Pen,Diabetes Care,USA,617.15,9,272.75,Hospital
2024-09-11,Loratadine 10mg (14ct),Allergy,USA,178.14,20,66.17,Government Tender
2024-09-11,Multivitamin Complex,Supplements,India,571.86,43,226.5,Hospital
2024-09-11,Insulin Glargine Pen,Diabetes Care,India,1533.92,22,652.66,Government Tender
2024-09-11,Atorvastatin 20mg (30ct),Cardiovascular,USA,177.95,11,80.81,Hospital
2024-09-11,Multivitamin Complex,Supplements,UK,552.27,40,214.01,Retail Pharmacy
2024-09-12,Atorvastatin 20mg (30ct),Cardiovascular,Brazil,522.3,31,228.86,Government Tender
2024-09-12,Insulin Glargine Pen,Diabetes Care,Brazil,811.43,11,354.54,Government Tender
2024-09-12,Salbutamol Inhaler,Respiratory,USA,379.35,17,154.23,Retail Pharmacy
2024-09-12,Insulin Glargine Pen,Diabetes Care,Japan,3269.9,49,1530.88,Government Tender
2024-09-12,Multivitamin Complex,Supplements,Brazil,342.81,25,131.83,Retail Pharmacy
2024-09-12,Amoxicillin 500mg (20ct),Antibiotics,Brazil,315.72,24,133.11,Retail Pharmacy
2024-09-13,Ibuprofen 400mg (30ct),Pain Relief,Japan,110.79,18,39.1,Hospital
2024-09-13,Salbutamol Inhaler,Respiratory,USA,628.88,29,258.92,Retail Pharmacy
2024-09-13,Atorvastatin 20mg (30ct),Cardiovascular,UK,536.57,27,193.97,Retail Pharmacy
2024-09-13,Atorvastatin 20mg (30ct),Cardiovascular,Brazil,126.27,7,51.25,Government Tender
2024-09-13,Loratadine 10mg (14ct),Allergy,Japan,130.31,13,45.65,Retail Pharmacy
2024-09-13,Ibuprofen 400mg (30ct),Pain Relief,Germany,62.33,10,21.44,Government Tender
2024-09-13,Salbutamol Inhaler,Respiratory,Germany,815.26,38,343.57,Retail Pharmacy
2024-09-13,Amoxicillin 500mg (20ct),Antibiotics,USA,245.7,16,95.39,Retail Pharmacy
2024-09-13,Ibuprofen 400mg (30ct),Pain Relief,USA,198.36,28,60.0,Hospital
2024-09-13,Salbutamol Inhaler,Respiratory,Japan,277.74,14,125.46,Government Tender
2024-09-13,Multivitamin Complex,Supplements,Japan,542.9,42,239.17,Government Tender
2024-09-14,Salbutamol Inhaler,Respiratory,UK,705.43,33,307.5,Retail Pharmacy
2024-09-14,Amoxicillin 500mg (20ct),Antibiotics,USA,128.06,10,58.58,Government Tender
2024-09-14,Atorvastatin 20mg (30ct),Cardiovascular,Brazil,844.73,46,319.81,Government Tender
2024-09-14,Ibuprofen 400mg (30ct),Pain Relief,Brazil,91.85,14,28.47,Retail Pharmacy
2024-09-14,Multivitamin Complex,Supplements,Brazil,669.43,43,239.52,Hospital
2024-09-14,Amoxicillin 500mg (20ct),Antibiotics,Brazil,650.36,43,242.52,Retail Pharmacy
2024-09-14,Salbutamol Inhaler,Respiratory,Japan,281.05,14,125.98,Government Tender
2024-09-14,Amoxicillin 500mg (20ct),Antibiotics,UK,643.18,48,282.45,Retail Pharmacy
2024-09-14,Insulin Glargine Pen,Diabetes Care,Japan,1994.57,33,1054.06,Hospital
2024-09-14,Ibuprofen 400mg (30ct),Pain Relief,Japan,195.02,29,60.78,Hospital
2024-09-15,Atorvastatin 20mg (30ct),Cardiovascular,India,678.58,42,307.62,Hospital
2024-09-15,Loratadine 10mg (14ct),Allergy,UK,222.79,24,83.18,Government Tender
2024-09-15,Amoxicillin 500mg (20ct),Antibiotics,Brazil,216.85,14,83.77,Retail Pharmacy
2024-09-15,Multivitamin Complex,Supplements,UK,477.53,31,176.74,Government Tender
2024-09-15,Salbutamol Inhaler,Respiratory,Germany,1112.02,46,404.23,Government Tender
2024-09-15,Atorvastatin 20mg (30ct),Cardiovascular,India,395.45,22,165.7,Government Tender
2024-09-15,Insulin Glargine Pen,Diabetes Care,India,843.58,12,363.63,Retail Pharmacy
2024-09-15,Salbutamol Inhaler,Respiratory,Brazil,276.58,13,112.47,Government Tender
2024-09-15,Salbutamol Inhaler,Respiratory,USA,205.57,9,79.07,Government Tender
2024-09-15,Atorvastatin 20mg (30ct),Cardiovascular,India,638.86,34,248.44,Government Tender
2024-09-15,Atorvastatin 20mg (30ct),Cardiovascular,India,117.84,6,44.16,Retail Pharmacy
2024-09-15,Multivitamin Complex,Supplements,Japan,295.69,19,99.66,Retail Pharmacy
2024-09-15,Salbutamol Inhaler,Respiratory,Germany,322.08,16,146.44,Retail Pharmacy
2024-09-15,Amoxicillin 500mg (20ct),Antibiotics,Japan,367.37,30,176.57,Retail Pharmacy
2024-09-15,Salbutamol Inhaler,Respiratory,UK,462.05,20,183.07,Retail Pharmacy
2024-09-15,Multivitamin Complex,Supplements,India,117.27,8,44.42,Retail Pharmacy
2024-09-15,Insulin Glargine Pen,Diabetes Care,UK,1441.91,24,748.71,Retail Pharmacy
2024-09-15,Amoxicillin 500mg (20ct),Antibiotics,India,449.88,33,192.91,Government Tender
2024-09-15,Salbutamol Inhaler,Respiratory,USA,800.94,35,331.61,Retail Pharmacy
2024-09-16,Loratadine 10mg (14ct),Allergy,UK,134.9,13,43.36,Hospital
2024-09-16,Ibuprofen 400mg (30ct),Pain Relief,USA,426.72,65,135.73,Retail Pharmacy
2024-09-16,Amoxicillin 500mg (20ct),Antibiotics,Germany,233.13,18,102.43,Retail Pharmacy
2024-09-16,Salbutamol Inhaler,Respiratory,UK,473.13,24,217.66,Retail Pharmacy
2024-09-16,Amoxicillin 500mg (20ct),Antibiotics,India,521.81,39,232.84,Retail Pharmacy
2024-09-16,Multivitamin Complex,Supplements,Brazil,81.27,6,31.35,Retail Pharmacy
2024-09-16,Atorvastatin 20mg (30ct),Cardiovascular,India,219.98,12,85.64,Government Tender
2024-09-16,Atorvastatin 20mg (30ct),Cardiovascular,India,799.22,42,299.63,Government Tender
2024-09-16,Ibuprofen 400mg (30ct),Pain Relief,India,109.81,18,37.84,Hospital
2024-09-17,Multivitamin Complex,Supplements,India,513.98,33,181.69,Government Tender
2024-09-17,Atorvastatin 20mg (30ct),Cardiovascular,Japan,226.53,11,78.94,Hospital
2024-09-17,Omeprazole 20mg (28ct),Gastro,Germany,553.48,46,234.89,Hospital
2024-09-17,Loratadine 10mg (14ct),Allergy,USA,94.06,10,32.42,Government Tender
2024-09-17,Insulin Glargine Pen,Diabetes Care,Japan,391.74,6,183.4,Government Tender
2024-09-17,Loratadine 10mg (14ct),Allergy,Brazil,329.23,34,111.98,Retail Pharmacy
2024-09-17,Loratadine 10mg (14ct),Allergy,Germany,156.3,16,53.13,Government Tender
2024-09-17,Atorvastatin 20mg (30ct),Cardiovascular,India,473.57,25,179.29,Government Tender
2024-09-17,Ibuprofen 400mg (30ct),Pain Relief,UK,72.92,11,22.54,Government Tender
2024-09-17,Omeprazole 20mg (28ct),Gastro,USA,230.62,20,101.31,Government Tender
2024-09-17,Omeprazole 20mg (28ct),Gastro,India,366.28,32,160.04,Hospital
2024-09-17,Multivitamin Complex,Supplements,India,44.41,3,16.2,Hospital
2024-09-17,Salbutamol Inhaler,Respiratory,Germany,308.37,14,131.41,Retail Pharmacy
2024-09-18,Amoxicillin 500mg (20ct),Antibiotics,UK,382.14,26,148.38,Government Tender
2024-09-18,Amoxicillin 500mg (20ct),Antibiotics,Germany,579.35,38,229.96,Government Tender
2024-09-18,Omeprazole 20mg (28ct),Gastro,USA,639.39,57,278.23,Hospital
2024-09-18,Atorvastatin 20mg (30ct),Cardiovascular,Germany,17.45,1,7.27,Government Tender
2024-09-18,Omeprazole 20mg (28ct),Gastro,Japan,139.0,12,55.9,Hospital
2024-09-18,Atorvastatin 20mg (30ct),Cardiovascular,Brazil,256.32,14,96.99,Hospital
2024-09-18,Omeprazole 20mg (28ct),Gastro,Germany,442.92,38,177.16,Retail Pharmacy
2024-09-19,Omeprazole 20mg (28ct),Gastro,India,264.78,20,99.09,Government Tender
2024-09-19,Loratadine 10mg (14ct),Allergy,Brazil,168.85,17,60.0,Retail Pharmacy
2024-09-19,Atorvastatin 20mg (30ct),Cardiovascular,India,248.14,12,90.44,Government Tender
2024-09-19,Salbutamol Inhaler,Respiratory,Germany,581.94,25,226.87,Retail Pharmacy
2024-09-19,Insulin Glargine Pen,Diabetes Care,UK,1546.18,26,770.65,Hospital
2024-09-19,Multivitamin Complex,Supplements,Germany,197.21,12,63.16,Government Tender
2024-09-19,Amoxicillin 500mg (20ct),Antibiotics,Brazil,105.3,7,40.24,Government Tender
2024-09-19,Salbutamol Inhaler,Respiratory,Japan,555.87,29,262.36,Retail Pharmacy
2024-09-19,Salbutamol Inhaler,Respiratory,UK,1047.72,49,467.41,Hospital
2024-09-19,Omeprazole 20mg (28ct),Gastro,India,718.54,58,297.35,Government Tender
2024-09-19,Salbutamol Inhaler,Respiratory,India,893.55,38,356.26,Retail Pharmacy
2024-09-19,Ibuprofen 400mg (30ct),Pain Relief,India,6.08,1,2.12,Retail Pharmacy
2024-09-19,Salbutamol Inhaler,Respiratory,Germany,516.4,23,204.92,Hospital
2024-09-19,Loratadine 10mg (14ct),Allergy,USA,39.46,4,13.19,Retail Pharmacy
2024-09-20,Salbutamol Inhaler,Respiratory,USA,801.6,34,309.77,Government Tender
2024-09-20,Omeprazole 20mg (28ct),Gastro,USA,26.06,2,9.4,Government Tender
2024-09-20,Ibuprofen 400mg (30ct),Pain Relief,UK,28.84,5,10.02,Government Tender
2024-09-20,Ibuprofen 400mg (30ct),Pain Relief,India,116.72,18,38.79,Government Tender
2024-09-20,Insulin Glargine Pen,Diabetes Care,USA,2211.61,30,896.63,Hospital
2024-09-20,Omeprazole 20mg (28ct),Gastro,Germany,241.64,19,94.01,Retail Pharmacy
2024-09-20,Atorvastatin 20mg (30ct),Cardiovascular,Japan,252.75,15,105.51,Government Tender
2024-09-20,Ibuprofen 400mg (30ct),Pain Relief,USA,28.94,5,10.07,Retail Pharmacy
2024-09-20,Omeprazole 20mg (28ct),Gastro,USA,580.73,46,232.3,Government Tender
2024-09-21,Insulin Glargine Pen,Diabetes Care,USA,2041.83,28,896.01,Hospital
2024-09-21,Multivitamin Complex,Supplements,India,295.69,23,121.23,Hospital
2024-09-21,Loratadine 10mg (14ct),Allergy,Brazil,135.98,14,46.67,Government Tender
2024-09-21,Multivitamin Complex,Supplements,USA,770.95,53,286.92,Government Tender
2024-09-21,Atorvastatin 20mg (30ct),Cardiovascular,Brazil,757.49,44,310.29,Government Tender
2024-09-21,Multivitamin Complex,Supplements,UK,279.81,19,104.65,Government Tender
2024-09-21,Ibuprofen 400mg (30ct),Pain Relief,India,136.68,23,48.88,Government Tender
2024-09-21,Insulin Glargine Pen,Diabetes Care,Germany,1516.85,21,675.42,Hospital
2024-09-22,Loratadine 10mg (14ct),Allergy,Japan,56.58,6,20.27,Retail Pharmacy
2024-09-22,Loratadine 10mg (14ct),Allergy,India,437.42,52,168.45,Government Tender
2024-09-22,Salbutamol Inhaler,Respiratory,India,542.96,26,243.7,Hospital
2024-09-22,Multivitamin Complex,Supplements,UK,539.57,38,201.36,Hospital
2024-09-22,Atorvastatin 20mg (30ct),Cardiovascular,Germany,155.78,8,57.17,Retail Pharmacy
2024-09-23,Loratadine 10mg (14ct),Allergy,Germany,225.14,23,75.62,Retail Pharmacy
2024-09-23,Multivitamin Complex,Supplements,USA,294.24,18,100.07,Government Tender
2024-09-23,Salbutamol Inhaler,Respiratory,Germany,499.42,22,209.94,Government Tender
2024-09-23,Insulin Glargine Pen,Diabetes Care,India,877.12,15,452.22,Retail Pharmacy
2024-09-23,Omeprazole 20mg (28ct),Gastro,UK,206.59,19,94.72,Hospital
2024-09-23,Omeprazole 20mg (28ct),Gastro,USA,246.77,18,92.47,Retail Pharmacy
2024-09-23,Atorvastatin 20mg (30ct),Cardiovascular,Japan,421.12,26,189.85,Hospital
2024-09-23,Insulin Glargine Pen,Diabetes Care,Germany,3577.95,50,1571.18,Hospital
2024-09-23,Omeprazole 20mg (28ct),Gastro,UK,147.47,13,66.76,Hospital
2024-09-23,Salbutamol Inhaler,Respiratory,Japan,330.07,17,158.55,Government Tender
2024-09-24,Amoxicillin 500mg (20ct),Antibiotics,Japan,549.49,36,209.28,Hospital
2024-09-24,Ibuprofen 400mg (30ct),Pain Relief,Germany,227.76,36,77.76,Retail Pharmacy
2024-09-24,Ibuprofen 400mg (30ct),Pain Relief,Brazil,320.6,46,93.75,Government Tender
2024-09-24,Omeprazole 20mg (28ct),Gastro,Brazil,154.03,12,61.45,Government Tender
2024-09-24,Loratadine 10mg (14ct),Allergy,India,128.28,14,47.63,Retail Pharmacy
2024-09-24,Ibuprofen 400mg (30ct),Pain Relief,Germany,65.93,11,24.01,Government Tender
2024-09-24,Loratadine 10mg (14ct),Allergy,UK,51.62,6,21.36,Retail Pharmacy
2024-09-25,Omeprazole 20mg (28ct),Gastro,Japan,109.54,8,40.72,Hospital
2024-09-25,Salbutamol Inhaler,Respiratory,Germany,127.95,6,54.31,Hospital
2024-09-25,Salbutamol Inhaler,Respiratory,Brazil,243.55,12,111.08,Retail Pharmacy
2024-09-25,Ibuprofen 400mg (30ct),Pain Relief,Germany,90.12,16,35.03,Retail Pharmacy
2024-09-25,Atorvastatin 20mg (30ct),Cardiovascular,UK,200.81,10,70.44,Hospital
2024-09-25,Insulin Glargine Pen,Diabetes Care,Brazil,4785.94,69,2137.16,Government Tender
2024-09-25,Multivitamin Complex,Supplements,Brazil,268.91,21,118.74,Retail Pharmacy
2024-09-25,Ibuprofen 400mg (30ct),Pain Relief,Japan,181.9,29,61.0,Hospital
2024-09-25,Atorvastatin 20mg (30ct),Cardiovascular,Japan,511.53,25,173.5,Hospital
2024-09-25,Amoxicillin 500mg (20ct),Antibiotics,Brazil,102.58,8,47.33,Hospital
2024-09-25,Insulin Glargine Pen,Diabetes Care,Germany,854.74,14,450.2,Government Tender
2024-09-25,Loratadine 10mg (14ct),Allergy,Japan,234.48,24,83.99,Hospital
2024-09-25,Omeprazole 20mg (28ct),Gastro,USA,120.37,11,53.83,Retail Pharmacy
2024-09-26,Multivitamin Complex,Supplements,USA,152.21,10,55.76,Hospital
2024-09-26,Amoxicillin 500mg (20ct),Antibiotics,Japan,886.51,61,346.62,Government Tender
2024-09-26,Amoxicillin 500mg (20ct),Antibiotics,India,243.79,16,89.19,Retail Pharmacy
2024-09-26,Atorvastatin 20mg (30ct),Cardiovascular,UK,260.64,15,105.4,Hospital
2024-09-26,Ibuprofen 400mg (30ct),Pain Relief,Germany,240.62,34,71.05,Retail Pharmacy
2024-09-26,Salbutamol Inhaler,Respiratory,UK,521.72,26,226.38,Retail Pharmacy
2024-09-26,Amoxicillin 500mg (20ct),Antibiotics,India,419.51,30,180.4,Government Tender
2024-09-26,Multivitamin Complex,Supplements,India,428.59,30,170.15,Hospital
2024-09-26,Loratadine 10mg (14ct),Allergy,Brazil,342.4,36,116.52,Government Tender
2024-09-26,Ibuprofen 400mg (30ct),Pain Relief,USA,71.39,12,25.78,Retail Pharmacy
2024-09-27,Omeprazole 20mg (28ct),Gastro,Brazil,159.82,13,62.88,Hospital
2024-09-27,Amoxicillin 500mg (20ct),Antibiotics,Germany,310.2,23,130.0,Hospital
2024-09-27,Amoxicillin 500mg (20ct),Antibiotics,UK,307.2,20,119.17,Hospital
2024-09-27,Amoxicillin 500mg (20ct),Antibiotics,Germany,393.38,28,166.7,Government Tender
2024-09-27,Loratadine 10mg (14ct),Allergy,Germany,447.78,43,148.24,Retail Pharmacy
2024-09-27,Multivitamin Complex,Supplements,Germany,527.44,33,189.46,Retail Pharmacy
2024-09-27,Atorvastatin 20mg (30ct),Cardiovascular,Japan,497.69,29,211.28,Government Tender
2024-09-27,Insulin Glargine Pen,Diabetes Care,UK,2206.23,33,1057.1,Retail Pharmacy
2024-09-27,Atorvastatin 20mg (30ct),Cardiovascular,India,262.99,15,104.79,Retail Pharmacy
2024-09-28,Insulin Glargine Pen,Diabetes Care,Brazil,2082.48,36,1106.78,Retail Pharmacy
2024-09-28,Ibuprofen 400mg (30ct),Pain Relief,UK,135.94,22,47.43,Retail Pharmacy
2024-09-28,Loratadine 10mg (14ct),Allergy,India,17.01,2,6.99,Government Tender
2024-09-28,Salbutamol Inhaler,Respiratory,USA,454.75,23,203.83,Hospital
2024-09-28,Insulin Glargine Pen,Diabetes Care,Japan,1743.55,27,806.56,Retail Pharmacy
2024-09-28,Salbutamol Inhaler,Respiratory,Brazil,313.05,14,130.23,Hospital
2024-09-28,Atorvastatin 20mg (30ct),Cardiovascular,Germany,545.73,31,217.94,Hospital
2024-09-28,Loratadine 10mg (14ct),Allergy,USA,110.44,13,43.92,Retail Pharmacy
2024-09-28,Amoxicillin 500mg (20ct),Antibiotics,India,368.93,29,159.85,Retail Pharmacy
2024-09-29,Multivitamin Complex,Supplements,Brazil,402.87,31,168.29,Government Tender
2024-09-29,Amoxicillin 500mg (20ct),Antibiotics,UK,928.7,65,374.63,Hospital
2024-09-29,Insulin Glargine Pen,Diabetes Care,India,842.23,12,385.25,Government Tender
2024-09-29,Multivitamin Complex,Supplements,Germany,85.88,6,31.68,Government Tender
2024-09-29,Ibuprofen 400mg (30ct),Pain Relief,India,139.73,21,45.76,Retail Pharmacy
2024-09-29,Insulin Glargine Pen,Diabetes Care,India,2084.88,30,910.52,Retail Pharmacy
2024-09-29,Loratadine 10mg (14ct),Allergy,USA,247.63,24,80.59,Government Tender
2024-09-29,Atorvastatin 20mg (30ct),Cardiovascular,USA,327.03,20,145.14,Retail Pharmacy
2024-09-29,Salbutamol Inhaler,Respiratory,Germany,606.61,26,243.35,Government Tender
2024-09-29,Loratadine 10mg (14ct),Allergy,India,499.51,49,169.39,Retail Pharmacy
2024-09-29,Insulin Glargine Pen,Diabetes Care,Germany,1069.43,18,556.32,Retail Pharmacy
2024-09-29,Salbutamol Inhaler,Respiratory,Germany,513.52,22,198.65,Retail Pharmacy
2024-09-29,Multivitamin Complex,Supplements,Brazil,348.49,23,131.35,Retail Pharmacy
2024-09-30,Salbutamol Inhaler,Respiratory,India,648.78,32,301.43,Hospital
2024-09-30,Amoxicillin 500mg (20ct),Antibiotics,USA,221.01,17,97.68,Hospital
2024-09-30,Loratadine 10mg (14ct),Allergy,Germany,323.76,34,120.68,Government Tender
2024-09-30,Salbutamol Inhaler,Respiratory,UK,250.78,13,120.08,Hospital
2024-09-30,Amoxicillin 500mg (20ct),Antibiotics,Japan,318.73,21,122.5,Hospital
2024-09-30,Omeprazole 20mg (28ct),Gastro,Germany,299.74,26,130.1,Hospital
2024-09-30,Omeprazole 20mg (28ct),Gastro,India,138.53,13,63.02,Hospital
2024-10-01,Insulin Glargine Pen,Diabetes Care,USA,676.23,11,353.44,Government Tender
2024-10-01,Atorvastatin 20mg (30ct),Cardiovascular,Brazil,109.02,6,41.71,Hospital
2024-10-01,Omeprazole 20mg (28ct),Gastro,India,167.18,15,76.34,Government Tender
2024-10-01,Multivitamin Complex,Supplements,Japan,247.82,16,89.07,Retail Pharmacy
2024-10-01,Omeprazole 20mg (28ct),Gastro,Germany,125.54,11,51.4,Hospital
2024-10-01,Salbutamol Inhaler,Respiratory,Japan,420.85,21,182.89,Hospital
2024-10-01,Omeprazole 20mg (28ct),Gastro,Germany,337.43,26,121.34,Retail Pharmacy
2024-10-01,Multivitamin Complex,Supplements,India,503.69,31,171.35,Hospital
2024-10-01,Omeprazole 20mg (28ct),Gastro,UK,593.27,46,218.17,Retail Pharmacy
2024-10-01,Amoxicillin 500mg (20ct),Antibiotics,Germany,460.56,30,167.16,Government Tender
2024-10-02,Amoxicillin 500mg (20ct),Antibiotics,Brazil,200.45,16,92.31,Retail Pharmacy
2024-10-02,Atorvastatin 20mg (30ct),Cardiovascular,Germany,549.89,27,195.05,Hospital
2024-10-02,Insulin Glargine Pen,Diabetes Care,Japan,1067.16,15,472.96,Retail Pharmacy
2024-10-02,Salbutamol Inhaler,Respiratory,Japan,695.6,29,270.33,Hospital
2024-10-02,Amoxicillin 500mg (20ct),Antibiotics,UK,382.44,25,144.21,Retail Pharmacy
2024-10-02,Loratadine 10mg (14ct),Allergy,India,199.78,21,68.36,Government Tender
2024-10-02,Insulin Glargine Pen,Diabetes Care,Germany,1410.65,21,678.02,Government Tender
2024-10-02,Salbutamol Inhaler,Respiratory,UK,451.17,20,185.37,Retail Pharmacy
2024-10-02,Omeprazole 20mg (28ct),Gastro,USA,193.48,17,86.12,Retail Pharmacy
2024-10-02,Omeprazole 20mg (28ct),Gastro,USA,619.3,47,236.79,Hospital
2024-10-03,Salbutamol Inhaler,Respiratory,Japan,361.58,17,162.22,Government Tender
2024-10-03,Atorvastatin 20mg (30ct),Cardiovascular,USA,687.16,40,300.77,Hospital
2024-10-03,Ibuprofen 400mg (30ct),Pain Relief,USA,99.33,16,33.11,Government Tender
2024-10-03,Salbutamol Inhaler,Respiratory,India,531.11,27,241.74,Hospital
2024-10-04,Omeprazole 20mg (28ct),Gastro,UK,71.3,6,30.12,Retail Pharmacy
2024-10-04,Amoxicillin 500mg (20ct),Antibiotics,Brazil,934.35,64,376.72,Hospital
2024-10-04,Ibuprofen 400mg (30ct),Pain Relief,Japan,217.51,37,73.93,Government Tender
2024-10-04,Amoxicillin 500mg (20ct),Antibiotics,USA,247.53,18,105.78,Government Tender
2024-10-04,Salbutamol Inhaler,Respiratory,India,361.19,18,164.47,Hospital
2024-10-05,Ibuprofen 400mg (30ct),Pain Relief,Japan,241.27,41,89.44,Government Tender
2024-10-05,Salbutamol Inhaler,Respiratory,Germany,230.75,11,96.08,Government Tender
2024-10-05,Salbutamol Inhaler,Respiratory,India,849.16,37,352.37,Government Tender
2024-10-05,Loratadine 10mg (14ct),Allergy,UK,77.77,9,30.23,Government Tender
2024-10-05,Salbutamol Inhaler,Respiratory,USA,353.68,18,165.78,Government Tender
2024-10-05,Insulin Glargine Pen,Diabetes Care,Brazil,978.84,14,420.58,Hospital
2024-10-05,Multivitamin Complex,Supplements,USA,359.72,25,144.14,Government Tender
2024-10-05,Salbutamol Inhaler,Respiratory,India,200.15,9,80.75,Retail Pharmacy
2024-10-05,Atorvastatin 20mg (30ct),Cardiovascular,Japan,243.79,15,106.08,Government Tender
2024-10-05,Multivitamin Complex,Supplements,India,266.57,20,106.68,Hospital
2024-10-05,Salbutamol Inhaler,Respiratory,UK,758.7,31,279.23,Hospital
2024-10-06,Loratadine 10mg (14ct),Allergy,Germany,171.07,19,63.7,Government Tender
2024-10-06,Salbutamol Inhaler,Respiratory,India,210.08,10,86.66,Retail Pharmacy
2024-10-06,Insulin Glargine Pen,Diabetes Care,UK,938.9,14,420.26,Retail Pharmacy
2024-10-06,Salbutamol Inhaler,Respiratory,UK,412.87,21,191.92,Retail Pharmacy
2024-10-06,Amoxicillin 500mg (20ct),Antibiotics,Germany,171.27,13,76.33,Retail Pharmacy
2024-10-06,Loratadine 10mg (14ct),Allergy,UK,329.21,31,105.94,Hospital
2024-10-06,Insulin Glargine Pen,Diabetes Care,UK,1222.79,17,503.01,Retail Pharmacy
2024-10-06,Insulin Glargine Pen,Diabetes Care,UK,2309.74,34,1070.22,Government Tender
2024-10-06,Multivitamin Complex,Supplements,Brazil,118.17,9,47.66,Government Tender
2024-10-06,Ibuprofen 400mg (30ct),Pain Relief,Japan,68.88,11,22.64,Retail Pharmacy
2024-10-06,Amoxicillin 500mg (20ct),Antibiotics,Japan,310.6,23,137.43,Retail Pharmacy
2024-10-07,Ibuprofen 400mg (30ct),Pain Relief,UK,284.71,42,89.87,Retail Pharmacy
2024-10-07,Loratadine 10mg (14ct),Allergy,India,222.4,22,76.3,Retail Pharmacy
2024-10-07,Multivitamin Complex,Supplements,UK,146.26,9,48.56,Hospital
2024-10-07,Atorvastatin 20mg (30ct),Cardiovascular,USA,423.32,24,174.43,Government Tender
2024-10-07,Atorvastatin 20mg (30ct),Cardiovascular,UK,560.27,27,200.33,Government Tender
2024-10-07,Salbutamol Inhaler,Respiratory,UK,1185.12,55,522.45,Government Tender
2024-10-07,Salbutamol Inhaler,Respiratory,Brazil,884.96,38,333.97,Retail Pharmacy
2024-10-07,Omeprazole 20mg (28ct),Gastro,USA,178.24,16,78.88,Government Tender
2024-10-07,Insulin Glargine Pen,Diabetes Care,Germany,1950.31,29,859.99,Hospital
2024-10-08,Salbutamol Inhaler,Respiratory,Germany,299.2,15,134.42,Retail Pharmacy
2024-10-08,Atorvastatin 20mg (30ct),Cardiovascular,India,645.0,33,247.29,Government Tender
2024-10-08,Amoxicillin 500mg (20ct),Antibiotics,UK,186.03,14,79.95,Government Tender
2024-10-08,Amoxicillin 500mg (20ct),Antibiotics,Brazil,500.64,37,222.6,Hospital
2024-10-08,Loratadine 10mg (14ct),Allergy,Germany,115.98,11,36.41,Hospital
2024-10-08,Atorvastatin 20mg (30ct),Cardiovascular,USA,260.84,13,98.08,Retail Pharmacy
2024-10-09,Omeprazole 20mg (28ct),Gastro,Germany,209.36,16,79.76,Government Tender
2024-10-09,Insulin Glargine Pen,Diabetes Care,USA,2298.39,34,1090.7,Hospital
2024-10-09,Loratadine 10mg (14ct),Allergy,Brazil,44.49,5,17.72,Hospital
2024-10-09,Atorvastatin 20mg (30ct),Cardiovascular,USA,283.44,17,125.23,Government Tender
2024-10-09,Ibuprofen 400mg (30ct),Pain Relief,UK,78.03,11,22.35,Retail Pharmacy
2024-10-09,Insulin Glargine Pen,Diabetes Care,Brazil,937.47,15,455.94,Retail Pharmacy
2024-10-09,Insulin Glargine Pen,Diabetes Care,Germany,3094.16,47,1485.3,Retail Pharmacy
2024-10-09,Ibuprofen 400mg (30ct),Pain Relief,USA,176.51,30,62.23,Government Tender
2024-10-09,Multivitamin Complex,Supplements,Germany,426.89,30,168.4,Retail Pharmacy
2024-10-09,Multivitamin Complex,Supplements,UK,94.66,6,32.79,Retail Pharmacy
2024-10-09,Insulin Glargine Pen,Diabetes Care,Germany,3492.68,49,1467.96,Retail Pharmacy
2024-10-09,Omeprazole 20mg (28ct),Gastro,Germany,245.37,18,84.89,Hospital
2024-10-10,Insulin Glargine Pen,Diabetes Care,Germany,1148.46,17,517.18,Government Tender
2024-10-10,Atorvastatin 20mg (30ct),Cardiovascular,Brazil,482.97,26,193.8,Hospital
2024-10-10,Omeprazole 20mg (28ct),Gastro,India,359.09,31,159.03,Retail Pharmacy
2024-10-10,Omeprazole 20mg (28ct),Gastro,UK,112.18,9,46.03,Retail Pharmacy
2024-10-10,Insulin Glargine Pen,Diabetes Care,Germany,2196.88,36,1171.42,Retail Pharmacy
2024-10-10,Omeprazole 20mg (28ct),Gastro,Germany,179.23,14,65.26,Hospital
2024-10-10,Omeprazole 20mg (28ct),Gastro,Japan,314.9,28,134.87,Retail Pharmacy
2024-10-10,Omeprazole 20mg (28ct),Gastro,Japan,116.19,10,47.79,Hospital
2024-10-10,Insulin Glargine Pen,Diabetes Care,Japan,2000.65,29,857.82,Government Tender
2024-10-10,Atorvastatin 20mg (30ct),Cardiovascular,USA,657.15,32,229.23,Hospital
2024-10-11,Ibuprofen 400mg (30ct),Pain Relief,India,143.45,23,47.52,Retail Pharmacy
2024-10-11,Amoxicillin 500mg (20ct),Antibiotics,USA,236.21,18,109.61,Government Tender
2024-10-11,Insulin Glargine Pen,Diabetes Care,UK,188.69,3,91.74,Hospital
2024-10-11,Amoxicillin 500mg (20ct),Antibiotics,Germany,481.81,34,205.64,Hospital
2024-10-11,Insulin Glargine Pen,Diabetes Care,Brazil,1126.7,19,615.63,Retail Pharmacy
2024-10-12,Amoxicillin 500mg (20ct),Antibiotics,Japan,134.12,9,53.32,Hospital
2024-10-12,Amoxicillin 500mg (20ct),Antibiotics,Brazil,61.72,5,29.71,Hospital
2024-10-12,Salbutamol Inhaler,Respiratory,USA,796.59,33,311.18,Retail Pharmacy
2024-10-12,Atorvastatin 20mg (30ct),Cardiovascular,India,456.01,26,186.36,Hospital
2024-10-12,Insulin Glargine Pen,Diabetes Care,UK,3674.38,53,1582.64,Hospital
2024-10-12,Loratadine 10mg (14ct),Allergy,Japan,171.04,18,62.99,Hospital
2024-10-12,Omeprazole 20mg (28ct),Gastro,Brazil,318.25,28,139.62,Retail Pharmacy
2024-10-12,Multivitamin Complex,Supplements,USA,84.66,6,32.8,Retail Pharmacy
2024-10-13,Loratadine 10mg (14ct),Allergy,Germany,297.49,28,93.66,Hospital
2024-10-13,Omeprazole 20mg (28ct),Gastro,USA,151.19,13,63.25,Government Tender
2024-10-13,Salbutamol Inhaler,Respiratory,Japan,418.71,17,150.8,Government Tender
2024-10-13,Loratadine 10mg (14ct),Allergy,USA,333.12,38,132.02,Government Tender
2024-10-13,Salbutamol Inhaler,Respiratory,Germany,701.3,29,273.67,Retail Pharmacy
2024-10-13,Salbutamol Inhaler,Respiratory,Germany,454.0,23,212.67,Retail Pharmacy
2024-10-13,Amoxicillin 500mg (20ct),Antibiotics,USA,193.66,15,84.31,Hospital
2024-10-13,Omeprazole 20mg (28ct),Gastro,Brazil,490.79,40,202.65,Hospital
2024-10-13,Amoxicillin 500mg (20ct),Antibiotics,Brazil,449.39,34,204.25,Retail Pharmacy
2024-10-13,Salbutamol Inhaler,Respiratory,USA,387.75,18,164.81,Government Tender
2024-10-13,Omeprazole 20mg (28ct),Gastro,USA,298.36,22,102.44,Government Tender
2024-10-13,Loratadine 10mg (14ct),Allergy,Japan,247.42,27,89.95,Hospital
2024-10-14,Salbutamol Inhaler,Respiratory,Brazil,321.66,16,142.19,Retail Pharmacy
2024-10-14,Insulin Glargine Pen,Diabetes Care,Brazil,1220.62,20,592.63,Retail Pharmacy
2024-10-14,Loratadine 10mg (14ct),Allergy,Japan,254.07,30,104.97,Hospital
2024-10-14,Amoxicillin 500mg (20ct),Antibiotics,Brazil,246.6,20,120.65,Government Tender
2024-10-14,Omeprazole 20mg (28ct),Gastro,USA,225.59,21,99.4,Government Tender
2024-10-14,Atorvastatin 20mg (30ct),Cardiovascular,Brazil,641.8,31,221.7,Hospital
2024-10-14,Amoxicillin 500mg (20ct),Antibiotics,UK,287.91,20,118.67,Government Tender
2024-10-14,Multivitamin Complex,Supplements,Germany,394.26,27,143.61,Retail Pharmacy
2024-10-14,Atorvastatin 20mg (30ct),Cardiovascular,Germany,231.25,14,102.89,Hospital
2024-10-14,Amoxicillin 500mg (20ct),Antibiotics,India,274.0,19,112.2,Retail Pharmacy
2024-10-14,Salbutamol Inhaler,Respiratory,India,596.99,27,235.42,Government Tender
2024-10-14,Omeprazole 20mg (28ct),Gastro,USA,249.25,21,102.93,Retail Pharmacy
2024-10-14,Salbutamol Inhaler,Respiratory,Germany,437.96,19,179.45,Retail Pharmacy
2024-10-14,Amoxicillin 500mg (20ct),Antibiotics,Japan,74.94,6,36.09,Hospital
2024-10-14,Atorvastatin 20mg (30ct),Cardiovascular,Japan,349.43,19,143.4,Retail Pharmacy
2024-10-15,Atorvastatin 20mg (30ct),Cardiovascular,UK,211.5,13,96.0,Government Tender
2024-10-15,Amoxicillin 500mg (20ct),Antibiotics,USA,278.46,22,131.33,Hospital
2024-10-15,Loratadine 10mg (14ct),Allergy,Germany,188.9,19,65.47,Retail Pharmacy
2024-10-15,Amoxicillin 500mg (20ct),Antibiotics,USA,583.11,39,220.97,Hospital
2024-10-15,Ibuprofen 400mg (30ct),Pain Relief,UK,146.8,26,53.93,Hospital
2024-10-15,Insulin Glargine Pen,Diabetes Care,UK,2461.36,40,1294.27,Retail Pharmacy
2024-10-15,Omeprazole 20mg (28ct),Gastro,Germany,104.46,9,44.08,Retail Pharmacy
2024-10-15,Atorvastatin 20mg (30ct),Cardiovascular,Brazil,958.11,47,353.24,Government Tender
2024-10-15,Insulin Glargine Pen,Diabetes Care,Germany,528.61,9,275.53,Retail Pharmacy
2024-10-15,Salbutamol Inhaler,Respiratory,UK,39.28,2,17.33,Hospital
2024-10-15,Ibuprofen 400mg (30ct),Pain Relief,Japan,200.61,34,69.26,Hospital
2024-10-15,Loratadine 10mg (14ct),Allergy,Japan,328.88,34,116.19,Hospital
2024-10-15,Ibuprofen 400mg (30ct),Pain Relief,UK,76.81,13,28.64,Retail Pharmacy
2024-10-15,Insulin Glargine Pen,Diabetes Care,Germany,1606.71,26,825.08,Government Tender
2024-10-15,Loratadine 10mg (14ct),Allergy,UK,111.77,13,44.03,Retail Pharmacy
2024-10-15,Omeprazole 20mg (28ct),Gastro,USA,161.69,12,60.37,Retail Pharmacy
2024-10-16,Ibuprofen 400mg (30ct),Pain Relief,USA,48.7,8,16.47,Retail Pharmacy
2024-10-16,Ibuprofen 400mg (30ct),Pain Relief,Japan,165.27,24,51.66,Government Tender
2024-10-16,Multivitamin Complex,Supplements,Brazil,495.6,38,206.88,Retail Pharmacy
2024-10-16,Loratadine 10mg (14ct),Allergy,USA,133.05,13,42.73,Hospital
2024-10-16,Amoxicillin 500mg (20ct),Antibiotics,Japan,1174.59,80,484.35,Retail Pharmacy
2024-10-16,Multivitamin Complex,Supplements,Japan,665.99,52,287.83,Retail Pharmacy
2024-10-16,Loratadine 10mg (14ct),Allergy,Brazil,203.59,22,74.78,Government Tender
2024-10-16,Multivitamin Complex,Supplements,USA,374.41,28,158.15,Government Tender
2024-10-16,Multivitamin Complex,Supplements,USA,380.89,25,131.58,Retail Pharmacy
2024-10-16,Loratadine 10mg (14ct),Allergy,UK,73.73,7,22.76,Retail Pharmacy
2024-10-16,Amoxicillin 500mg (20ct),Antibiotics,UK,418.53,28,164.86,Hospital
2024-10-16,Omeprazole 20mg (28ct),Gastro,Brazil,68.07,6,28.17,Hospital
2024-10-16,Insulin Glargine Pen,Diabetes Care,Germany,1240.08,19,594.92,Retail Pharmacy
2024-10-16,Atorvastatin 20mg (30ct),Cardiovascular,Japan,123.94,6,44.47,Retail Pharmacy
2024-10-16,Salbutamol Inhaler,Respiratory,Brazil,625.42,27,235.26,Retail Pharmacy
2024-10-17,Salbutamol Inhaler,Respiratory,UK,529.43,23,207.51,Hospital
2024-10-17,Loratadine 10mg (14ct),Allergy,Germany,105.16,12,39.63,Government Tender
2024-10-17,Salbutamol Inhaler,Respiratory,UK,669.45,35,314.97,Hospital
2024-10-17,Insulin Glargine Pen,Diabetes Care,USA,951.47,13,388.9,Government Tender
2024-10-17,Multivitamin Complex,Supplements,Germany,334.57,22,124.63,Government Tender
2024-10-17,Insulin Glargine Pen,Diabetes Care,Japan,608.73,10,313.54,Hospital
2024-10-17,Loratadine 10mg (14ct),Allergy,USA,292.92,31,105.43,Government Tender
2024-10-17,Omeprazole 20mg (28ct),Gastro,India,296.94,24,121.1,Retail Pharmacy
2024-10-17,Multivitamin Complex,Supplements,Germany,274.12,20,111.7,Retail Pharmacy
2024-10-17,Multivitamin Complex,Supplements,India,512.07,39,217.75,Hospital
2024-10-17,Multivitamin Complex,Supplements,USA,551.38,42,222.89,Government Tender
2024-10-17,Loratadine 10mg (14ct),Allergy,USA,258.42,29,94.57,Government Tender
2024-10-18,Insulin Glargine Pen,Diabetes Care,Brazil,565.24,8,260.08,Government Tender
2024-10-18,Insulin Glargine Pen,Diabetes Care,UK,1025.12,16,475.39,Government Tender
2024-10-18,Loratadine 10mg (14ct),Allergy,USA,76.64,9,31.73,Government Tender
2024-10-18,Amoxicillin 500mg (20ct),Antibiotics,Brazil,262.34,17,101.47,Retail Pharmacy
2024-10-19,Multivitamin Complex,Supplements,USA,502.48,36,196.12,Hospital
2024-10-19,Omeprazole 20mg (28ct),Gastro,Brazil,364.55,31,153.11,Government Tender
2024-10-19,Multivitamin Complex,Supplements,Japan,202.84,13,71.76,Retail Pharmacy
2024-10-19,Omeprazole 20mg (28ct),Gastro,India,72.5,6,29.74,Retail Pharmacy
2024-10-19,Salbutamol Inhaler,Respiratory,Japan,490.27,20,188.77,Government Tender
2024-10-19,Amoxicillin 500mg (20ct),Antibiotics,UK,264.32,18,104.44,Government Tender
2024-10-19,Loratadine 10mg (14ct),Allergy,UK,176.58,21,71.81,Government Tender
2024-10-20,Insulin Glargine Pen,Diabetes Care,UK,526.73,8,242.82,Retail Pharmacy
2024-10-20,Atorvastatin 20mg (30ct),Cardiovascular,Brazil,112.6,6,41.32,Government Tender
2024-10-20,Multivitamin Complex,Supplements,Brazil,158.31,12,63.99,Hospital
2024-10-20,Loratadine 10mg (14ct),Allergy,USA,208.27,22,78.52,Retail Pharmacy
2024-10-20,Omeprazole 20mg (28ct),Gastro,USA,277.24,23,114.02,Government Tender
2024-10-21,Insulin Glargine Pen,Diabetes Care,India,810.57,12,387.78,Government Tender
2024-10-21,Ibuprofen 400mg (30ct),Pain Relief,Germany,115.94,20,41.16,Government Tender
2024-10-21,Loratadine 10mg (14ct),Allergy,Brazil,183.91,18,64.16,Retail Pharmacy
2024-10-21,Multivitamin Complex,Supplements,Brazil,452.76,31,169.03,Government Tender
2024-10-21,Atorvastatin 20mg (30ct),Cardiovascular,UK,302.29,16,113.62,Government Tender
2024-10-21,Salbutamol Inhaler,Respiratory,USA,536.0,24,222.07,Retail Pharmacy
2024-10-21,Ibuprofen 400mg (30ct),Pain Relief,UK,117.67,20,43.78,Hospital
2024-10-21,Insulin Glargine Pen,Diabetes Care,Brazil,881.22,14,431.24,Government Tender
2024-10-21,Loratadine 10mg (14ct),Allergy,UK,206.84,22,75.09,Government Tender
2024-10-21,Amoxicillin 500mg (20ct),Antibiotics,India,358.26,24,135.86,Hospital
2024-10-21,Atorvastatin 20mg (30ct),Cardiovascular,UK,292.23,15,112.75,Retail Pharmacy
2024-10-21,Ibuprofen 400mg (30ct),Pain Relief,India,173.33,27,54.8,Hospital
2024-10-21,Loratadine 10mg (14ct),Allergy,India,137.49,14,48.82,Government Tender
2024-10-21,Omeprazole 20mg (28ct),Gastro,USA,453.56,36,184.01,Hospital
2024-10-21,Omeprazole 20mg (28ct),Gastro,Germany,116.04,9,45.11,Government Tender
2024-10-21,Ibuprofen 400mg (30ct),Pain Relief,Japan,174.24,31,64.31,Hospital
2024-10-21,Amoxicillin 500mg (20ct),Antibiotics,Brazil,383.41,25,140.14,Hospital
2024-10-21,Loratadine 10mg (14ct),Allergy,Germany,121.25,12,39.71,Retail Pharmacy
2024-10-22,Salbutamol Inhaler,Respiratory,Japan,588.36,29,251.03,Retail Pharmacy
2024-10-22,Multivitamin Complex,Supplements,USA,354.78,27,151.61,Hospital
2024-10-22,Atorvastatin 20mg (30ct),Cardiovascular,Brazil,314.24,18,133.7,Retail Pharmacy
2024-10-22,Ibuprofen 400mg (30ct),Pain Relief,Japan,79.48,12,25.33,Government Tender
2024-10-22,Ibuprofen 400mg (30ct),Pain Relief,UK,85.17,12,25.3,Government Tender
2024-10-22,Loratadine 10mg (14ct),Allergy,Japan,193.96,21,70.34,Hospital
2024-10-22,Insulin Glargine Pen,Diabetes Care,India,200.65,3,89.19,Retail Pharmacy
2024-10-22,Multivitamin Complex,Supplements,Japan,109.02,7,37.99,Retail Pharmacy
2024-10-22,Multivitamin Complex,Supplements,India,65.73,5,27.45,Retail Pharmacy
2024-10-22,Salbutamol Inhaler,Respiratory,Germany,38.26,2,17.71,Retail Pharmacy
2024-10-22,Amoxicillin 500mg (20ct),Antibiotics,India,230.61,16,94.86,Government Tender
2024-10-22,Salbutamol Inhaler,Respiratory,USA,136.27,7,61.88,Government Tender
2024-10-22,Loratadine 10mg (14ct),Allergy,Brazil,195.2,20,64.66,Government Tender
2024-10-22,Ibuprofen 400mg (30ct),Pain Relief,UK,224.21,34,68.49,Government Tender
2024-10-23,Salbutamol Inhaler,Respiratory,UK,460.67,19,169.53,Retail Pharmacy
2024-10-23,Multivitamin Complex,Supplements,Japan,201.91,14,74.81,Hospital
2024-10-23,Omeprazole 20mg (28ct),Gastro,Germany,294.68,25,122.16,Hospital
2024-10-23,Loratadine 10mg (14ct),Allergy,Japan,76.86,8,26.11,Hospital
2024-10-23,Salbutamol Inhaler,Respiratory,Brazil,788.54,34,321.47,Government Tender
2024-10-23,Omeprazole 20mg (28ct),Gastro,India,277.95,21,107.11,Hospital
2024-10-23,Insulin Glargine Pen,Diabetes Care,India,1648.6,28,857.53,Government Tender
2024-10-23,Ibuprofen 400mg (30ct),Pain Relief,Japan,188.0,29,63.91,Government Tender
2024-10-23,Salbutamol Inhaler,Respiratory,Japan,528.69,27,254.82,Retail Pharmacy
2024-10-24,Loratadine 10mg (14ct),Allergy,Brazil,210.04,23,81.81,Retail Pharmacy
2024-10-24,Loratadine 10mg (14ct),Allergy,Brazil,52.52,6,20.16,Hospital
2024-10-24,Amoxicillin 500mg (20ct),Antibiotics,USA,1024.85,79,446.28,Retail Pharmacy
2024-10-24,Atorvastatin 20mg (30ct),Cardiovascular,Brazil,265.26,16,109.46,Government Tender
2024-10-24,Salbutamol Inhaler,Respiratory,UK,1176.03,49,447.94,Hospital
2024-10-24,Multivitamin Complex,Supplements,USA,218.82,15,78.52,Retail Pharmacy
2024-10-24,Insulin Glargine Pen,Diabetes Care,UK,913.64,14,437.96,Government Tender
2024-10-24,Loratadine 10mg (14ct),Allergy,Brazil,319.83,33,115.71,Retail Pharmacy
2024-10-24,Ibuprofen 400mg (30ct),Pain Relief,USA,135.58,20,40.2,Hospital
2024-10-24,Atorvastatin 20mg (30ct),Cardiovascular,Brazil,209.72,11,75.31,Government Tender
2024-10-24,Insulin Glargine Pen,Diabetes Care,UK,1617.62,27,852.89,Government Tender
2024-10-25,Salbutamol Inhaler,Respiratory,India,66.64,3,26.16,Government Tender
2024-10-25,Salbutamol Inhaler,Respiratory,India,488.17,23,206.06,Hospital
2024-10-25,Multivitamin Complex,Supplements,India,711.87,46,254.95,Hospital
2024-10-25,Amoxicillin 500mg (20ct),Antibiotics,Japan,125.66,9,54.35,Retail Pharmacy
2024-10-25,Salbutamol Inhaler,Respiratory,USA,875.1,37,335.82,Hospital
2024-10-25,Ibuprofen 400mg (30ct),Pain Relief,India,155.78,27,59.27,Government Tender
2024-10-25,Loratadine 10mg (14ct),Allergy,UK,405.73,42,140.72,Government Tender
2024-10-26,Salbutamol Inhaler,Respiratory,Germany,769.44,32,297.31,Hospital
2024-10-26,Omeprazole 20mg (28ct),Gastro,Brazil,366.33,31,149.38,Government Tender
2024-10-26,Loratadine 10mg (14ct),Allergy,USA,241.18,25,81.37,Government Tender
2024-10-26,Insulin Glargine Pen,Diabetes Care,UK,2239.57,34,1028.39,Retail Pharmacy
2024-10-26,Atorvastatin 20mg (30ct),Cardiovascular,India,722.24,35,260.0,Hospital
2024-10-26,Omeprazole 20mg (28ct),Gastro,UK,137.56,12,56.73,Retail Pharmacy
2024-10-26,Amoxicillin 500mg (20ct),Antibiotics,UK,635.04,47,276.39,Retail Pharmacy
2024-10-26,Multivitamin Complex,Supplements,Japan,310.61,21,118.27,Hospital
2024-10-26,Amoxicillin 500mg (20ct),Antibiotics,UK,165.27,12,72.52,Government Tender
2024-10-27,Loratadine 10mg (14ct),Allergy,UK,284.67,31,107.53,Government Tender
2024-10-27,Amoxicillin 500mg (20ct),Antibiotics,UK,322.6,23,128.68,Retail Pharmacy
2024-10-27,Loratadine 10mg (14ct),Allergy,Brazil,341.39,32,105.53,Retail Pharmacy
2024-10-27,Insulin Glargine Pen,Diabetes Care,Japan,1222.28,19,574.86,Retail Pharmacy
2024-10-27,Loratadine 10mg (14ct),Allergy,USA,284.46,32,109.87,Retail Pharmacy
2024-10-27,Ibuprofen 400mg (30ct),Pain Relief,Brazil,174.9,27,55.14,Retail Pharmacy
2024-10-27,Omeprazole 20mg (28ct),Gastro,Japan,95.04,7,33.61,Government Tender
2024-10-27,Insulin Glargine Pen,Diabetes Care,UK,648.16,10,308.74,Government Tender
2024-10-27,Amoxicillin 500mg (20ct),Antibiotics,Japan,271.54,22,131.5,Hospital
2024-10-28,Salbutamol Inhaler,Respiratory,Brazil,591.59,25,218.86,Government Tender
2024-10-28,Atorvastatin 20mg (30ct),Cardiovascular,USA,726.3,35,262.05,Retail Pharmacy
2024-10-28,Omeprazole 20mg (28ct),Gastro,Brazil,469.71,36,174.25,Hospital
2024-10-28,Ibuprofen 400mg (30ct),Pain Relief,India,35.08,5,10.31,Retail Pharmacy
2024-10-28,Ibuprofen 400mg (30ct),Pain Relief,Japan,48.01,7,14.51,Hospital
2024-10-28,Salbutamol Inhaler,Respiratory,Germany,419.84,18,163.25,Government Tender
2024-10-28,Salbutamol Inhaler,Respiratory,Brazil,403.42,17,150.23,Government Tender
2024-10-28,Atorvastatin 20mg (30ct),Cardiovascular,Japan,448.11,25,188.19,Government Tender
2024-10-28,Multivitamin Complex,Supplements,Japan,215.88,15,86.39,Retail Pharmacy
2024-10-28,Ibuprofen 400mg (30ct),Pain Relief,India,105.92,18,36.38,Hospital
2024-10-28,Insulin Glargine Pen,Diabetes Care,India,483.11,7,214.39,Government Tender
2024-10-28,Salbutamol Inhaler,Respiratory,UK,493.75,24,218.95,Hospital
2024-10-29,Loratadine 10mg (14ct),Allergy,Japan,304.72,34,112.44,Hospital
2024-10-29,Ibuprofen 400mg (30ct),Pain Relief,UK,256.15,43,89.59,Hospital
2024-10-29,Amoxicillin 500mg (20ct),Antibiotics,Germany,139.42,9,49.93,Government Tender
2024-10-29,Amoxicillin 500mg (20ct),Antibiotics,Japan,477.61,35,199.08,Hospital
2024-10-29,Atorvastatin 20mg (30ct),Cardiovascular,Japan,280.95,17,124.99,Government Tender
2024-10-30,Loratadine 10mg (14ct),Allergy,Japan,68.86,8,26.96,Hospital
2024-10-30,Insulin Glargine Pen,Diabetes Care,UK,2663.77,41,1298.17,Hospital
2024-10-30,Insulin Glargine Pen,Diabetes Care,UK,935.76,13,406.54,Government Tender
2024-10-30,Omeprazole 20mg (28ct),Gastro,Japan,193.85,15,72.7,Hospital
2024-10-30,Salbutamol Inhaler,Respiratory,Japan,425.16,18,163.68,Retail Pharmacy
2024-10-30,Insulin Glargine Pen,Diabetes Care,Japan,2002.9,32,993.98,Hospital
2024-10-30,Multivitamin Complex,Supplements,UK,396.76,31,178.57,Government Tender
2024-10-30,Atorvastatin 20mg (30ct),Cardiovascular,USA,269.06,15,107.45,Retail Pharmacy
2024-10-30,Ibuprofen 400mg (30ct),Pain Relief,Japan,52.42,8,17.13,Hospital
2024-10-30,Salbutamol Inhaler,Respiratory,India,59.61,3,26.03,Retail Pharmacy
2024-10-30,Insulin Glargine Pen,Diabetes Care,Japan,765.25,11,329.01,Government Tender
2024-10-30,Omeprazole 20mg (28ct),Gastro,Germany,405.91,33,156.1,Government Tender
2024-10-30,Atorvastatin 20mg (30ct),Cardiovascular,India,333.93,20,137.83,Government Tender
2024-10-30,Omeprazole 20mg (28ct),Gastro,India,182.11,14,69.76,Government Tender
2024-10-31,Salbutamol Inhaler,Respiratory,USA,340.51,16,140.51,Hospital
2024-10-31,Amoxicillin 500mg (20ct),Antibiotics,India,286.65,21,118.94,Retail Pharmacy
2024-10-31,Amoxicillin 500mg (20ct),Antibiotics,Brazil,90.16,7,42.33,Retail Pharmacy
2024-10-31,Ibuprofen 400mg (30ct),Pain Relief,Japan,194.34,33,69.89,Government Tender
2024-10-31,Atorvastatin 20mg (30ct),Cardiovascular,India,48.46,3,20.95,Retail Pharmacy
2024-10-31,Omeprazole 20mg (28ct),Gastro,Brazil,194.22,15,77.02,Retail Pharmacy
2024-10-31,Insulin Glargine Pen,Diabetes Care,India,4087.37,68,2124.51,Hospital
2024-10-31,Amoxicillin 500mg (20ct),Antibiotics,Japan,682.19,44,246.24,Government Tender
2024-11-01,Salbutamol Inhaler,Respiratory,USA,135.66,7,62.06,Government Tender
2024-11-01,Multivitamin Complex,Supplements,India,231.78,18,102.5,Retail Pharmacy
2024-11-01,Salbutamol Inhaler,Respiratory,UK,486.92,22,195.57,Government Tender
2024-11-01,Ibuprofen 400mg (30ct),Pain Relief,Japan,234.14,36,76.26,Government Tender
2024-11-01,Omeprazole 20mg (28ct),Gastro,UK,563.7,44,211.58,Retail Pharmacy
2024-11-01,Salbutamol Inhaler,Respiratory,USA,455.76,21,186.3,Retail Pharmacy
2024-11-01,Loratadine 10mg (14ct),Allergy,India,160.1,18,63.29,Retail Pharmacy
2024-11-01,Insulin Glargine Pen,Diabetes Care,Brazil,1947.52,32,995.08,Government Tender
2024-11-01,Salbutamol Inhaler,Respiratory,UK,19.23,1,9.32,Retail Pharmacy
2024-11-01,Insulin Glargine Pen,Diabetes Care,India,2056.84,30,913.77,Hospital
2024-11-01,Multivitamin Complex,Supplements,Germany,159.39,10,57.41,Government Tender
2024-11-01,Atorvastatin 20mg (30ct),Cardiovascular,UK,149.27,8,59.55,Hospital
2024-11-01,Atorvastatin 20mg (30ct),Cardiovascular,Japan,139.57,7,49.64,Retail Pharmacy
2024-11-01,Insulin Glargine Pen,Diabetes Care,Japan,921.48,13,402.33,Retail Pharmacy
2024-11-02,Omeprazole 20mg (28ct),Gastro,Japan,263.84,20,97.72,Hospital
2024-11-02,Salbutamol Inhaler,Respiratory,Germany,525.61,24,228.8,Hospital
2024-11-02,Atorvastatin 20mg (30ct),Cardiovascular,UK,896.97,44,312.22,Government Tender
2024-11-02,Salbutamol Inhaler,Respiratory,Brazil,434.87,19,166.67,Retail Pharmacy
2024-11-02,Omeprazole 20mg (28ct),Gastro,UK,302.22,27,134.7,Government Tender
2024-11-02,Atorvastatin 20mg (30ct),Cardiovascular,Germany,203.68,11,75.38,Government Tender
2024-11-02,Amoxicillin 500mg (20ct),Antibiotics,USA,753.79,60,346.12,Government Tender
2024-11-03,Insulin Glargine Pen,Diabetes Care,Japan,2483.39,41,1229.72,Government Tender
2024-11-03,Omeprazole 20mg (28ct),Gastro,Brazil,268.3,23,108.84,Hospital
2024-11-03,Insulin Glargine Pen,Diabetes Care,USA,2359.77,33,983.94,Government Tender
2024-11-03,Salbutamol Inhaler,Respiratory,USA,288.49,14,129.02,Hospital
2024-11-03,Ibuprofen 400mg (30ct),Pain Relief,Germany,77.23,13,26.66,Retail Pharmacy
2024-11-03,Ibuprofen 400mg (30ct),Pain Relief,Brazil,67.55,12,25.02,Government Tender
2024-11-04,Atorvastatin 20mg (30ct),Cardiovascular,Germany,766.27,37,277.27,Hospital
2024-11-04,Insulin Glargine Pen,Diabetes Care,Japan,725.12,11,346.58,Hospital
2024-11-04,Amoxicillin 500mg (20ct),Antibiotics,USA,119.4,8,46.35,Government Tender
2024-11-04,Insulin Glargine Pen,Diabetes Care,USA,1926.3,28,850.87,Hospital
2024-11-04,Salbutamol Inhaler,Respiratory,UK,612.7,28,265.81,Hospital
2024-11-04,Insulin Glargine Pen,Diabetes Care,India,1151.46,16,489.94,Hospital
2024-11-04,Ibuprofen 400mg (30ct),Pain Relief,USA,266.91,44,92.8,Retail Pharmacy
2024-11-04,Amoxicillin 500mg (20ct),Antibiotics,USA,461.49,33,185.78,Retail Pharmacy
2024-11-04,Loratadine 10mg (14ct),Allergy,Japan,42.94,5,16.7,Retail Pharmacy
2024-11-04,Loratadine 10mg (14ct),Allergy,Japan,269.1,28,97.59,Government Tender
2024-11-04,Multivitamin Complex,Supplements,Germany,116.71,8,44.23,Government Tender
2024-11-05,Omeprazole 20mg (28ct),Gastro,Germany,151.1,12,60.37,Hospital
2024-11-05,Salbutamol Inhaler,Respiratory,Brazil,529.62,25,226.23,Hospital
2024-11-05,Salbutamol Inhaler,Respiratory,UK,1612.56,82,741.15,Government Tender
2024-11-05,Atorvastatin 20mg (30ct),Cardiovascular,India,353.9,18,135.74,Retail Pharmacy
2024-11-05,Multivitamin Complex,Supplements,India,243.71,15,81.18,Government Tender
2024-11-05,Ibuprofen 400mg (30ct),Pain Relief,UK,142.88,23,47.77,Hospital
2024-11-05,Omeprazole 20mg (28ct),Gastro,Germany,361.42,32,155.74,Hospital
2024-11-05,Insulin Glargine Pen,Diabetes Care,Brazil,527.72,9,268.17,Hospital
2024-11-06,Ibuprofen 400mg (30ct),Pain Relief,UK,134.2,20,41.16,Government Tender
2024-11-06,Atorvastatin 20mg (30ct),Cardiovascular,India,326.65,19,140.17,Government Tender
2024-11-06,Atorvastatin 20mg (30ct),Cardiovascular,Germany,532.77,28,201.72,Retail Pharmacy
2024-11-06,Omeprazole 20mg (28ct),Gastro,UK,73.0,6,28.34,Government Tender
2024-11-06,Loratadine 10mg (14ct),Allergy,Germany,60.01,6,21.31,Government Tender
2024-11-06,Salbutamol Inhaler,Respiratory,Germany,1728.71,73,644.31,Hospital
2024-11-07,Atorvastatin 20mg (30ct),Cardiovascular,USA,923.61,52,382.2,Hospital
2024-11-07,Ibuprofen 400mg (30ct),Pain Relief,Japan,97.07,16,35.22,Retail Pharmacy
2024-11-07,Amoxicillin 500mg (20ct),Antibiotics,UK,181.54,12,71.06,Retail Pharmacy
2024-11-07,Multivitamin Complex,Supplements,India,636.48,41,221.25,Hospital
2024-11-07,Loratadine 10mg (14ct),Allergy,USA,435.23,47,161.59,Hospital
2024-11-07,Amoxicillin 500mg (20ct),Antibiotics,USA,359.09,24,136.79,Retail Pharmacy
2024-11-07,Ibuprofen 400mg (30ct),Pain Relief,Brazil,108.04,19,38.79,Government Tender
2024-11-07,Omeprazole 20mg (28ct),Gastro,Germany,385.57,30,153.72,Government Tender
2024-11-07,Loratadine 10mg (14ct),Allergy,USA,324.33,38,128.56,Hospital
2024-11-08,Multivitamin Complex,Supplements,Germany,211.02,15,83.46,Government Tender
2024-11-08,Atorvastatin 20mg (30ct),Cardiovascular,Brazil,753.31,39,289.17,Hospital
2024-11-08,Ibuprofen 400mg (30ct),Pain Relief,Japan,192.18,34,70.42,Retail Pharmacy
2024-11-08,Amoxicillin 500mg (20ct),Antibiotics,Germany,98.19,7,41.83,Retail Pharmacy
2024-11-09,Salbutamol Inhaler,Respiratory,UK,165.17,8,74.74,Retail Pharmacy
2024-11-09,Ibuprofen 400mg (30ct),Pain Relief,Brazil,256.81,37,78.08,Hospital
2024-11-09,Insulin Glargine Pen,Diabetes Care,UK,4080.4,66,1980.56,Government Tender
2024-11-09,Loratadine 10mg (14ct),Allergy,Germany,47.36,5,17.04,Government Tender
2024-11-09,Atorvastatin 20mg (30ct),Cardiovascular,Germany,490.8,24,176.46,Retail Pharmacy
2024-11-09,Insulin Glargine Pen,Diabetes Care,Brazil,2239.4,30,974.27,Retail Pharmacy
2024-11-09,Insulin Glargine Pen,Diabetes Care,Brazil,963.59,14,453.5,Hospital
2024-11-09,Insulin Glargine Pen,Diabetes Care,USA,515.18,7,210.63,Government Tender
2024-11-09,Amoxicillin 500mg (20ct),Antibiotics,India,732.86,51,290.61,Hospital
2024-11-10,Salbutamol Inhaler,Respiratory,Japan,1613.31,66,610.67,Hospital
2024-11-10,Ibuprofen 400mg (30ct),Pain Relief,Japan,56.62,8,16.78,Hospital
2024-11-10,Insulin Glargine Pen,Diabetes Care,Brazil,1493.64,23,683.99,Government Tender
2024-11-10,Loratadine 10mg (14ct),Allergy,UK,106.01,10,35.21,Hospital
2024-11-10,Loratadine 10mg (14ct),Allergy,India,309.06,33,115.29,Retail Pharmacy
2024-11-10,Omeprazole 20mg (28ct),Gastro,UK,161.67,13,61.8,Government Tender
2024-11-10,Omeprazole 20mg (28ct),Gastro,UK,172.31,14,66.69,Hospital
2024-11-10,Loratadine 10mg (14ct),Allergy,Brazil,106.76,10,33.59,Government Tender
2024-11-10,Salbutamol Inhaler,Respiratory,USA,988.53,48,433.41,Hospital
2024-11-10,Atorvastatin 20mg (30ct),Cardiovascular,USA,268.14,16,111.13,Hospital
2024-11-10,Atorvastatin 20mg (30ct),Cardiovascular,Brazil,438.12,23,166.5,Hospital
2024-11-11,Loratadine 10mg (14ct),Allergy,UK,60.88,7,23.15,Government Tender
2024-11-11,Salbutamol Inhaler,Respiratory,UK,673.0,31,285.38,Government Tender
2024-11-11,Multivitamin Complex,Supplements,India,207.9,16,87.24,Retail Pharmacy
2024-11-11,Insulin Glargine Pen,Diabetes Care,Germany,973.41,16,502.69,Hospital
2024-11-11,Insulin Glargine Pen,Diabetes Care,USA,201.94,3,94.35,Government Tender
2024-11-11,Atorvastatin 20mg (30ct),Cardiovascular,India,744.06,46,329.67,Government Tender
2024-11-11,Salbutamol Inhaler,Respiratory,USA,342.66,15,143.17,Retail Pharmacy
2024-11-11,Atorvastatin 20mg (30ct),Cardiovascular,Japan,532.85,29,210.69,Retail Pharmacy
2024-11-11,Insulin Glargine Pen,Diabetes Care,UK,822.59,11,341.04,Hospital
2024-11-11,Omeprazole 20mg (28ct),Gastro,India,78.52,7,34.82,Government Tender
2024-11-11,Amoxicillin 500mg (20ct),Antibiotics,Germany,184.72,12,69.33,Hospital
2024-11-11,Salbutamol Inhaler,Respiratory,India,885.15,36,342.45,Government Tender
2024-11-11,Omeprazole 20mg (28ct),Gastro,Brazil,351.65,27,128.47,Hospital
2024-11-11,Loratadine 10mg (14ct),Allergy,India,293.52,28,96.63,Hospital
2024-11-12,Loratadine 10mg (14ct),Allergy,Brazil,170.57,18,64.03,Hospital
2024-11-12,Amoxicillin 500mg (20ct),Antibiotics,Japan,128.77,10,56.15,Hospital
2024-11-12,Multivitamin Complex,Supplements,UK,417.47,32,180.27,Hospital
2024-11-12,Amoxicillin 500mg (20ct),Antibiotics,India,290.6,24,145.74,Government Tender
2024-11-13,Amoxicillin 500mg (20ct),Antibiotics,Brazil,392.5,28,167.16,Hospital
2024-11-13,Loratadine 10mg (14ct),Allergy,Brazil,337.13,39,127.75,Government Tender
2024-11-13,Omeprazole 20mg (28ct),Gastro,Germany,273.15,23,115.02,Retail Pharmacy
2024-11-13,Insulin Glargine Pen,Diabetes Care,India,971.63,16,491.92,Government Tender
2024-11-13,Ibuprofen 400mg (30ct),Pain Relief,Japan,79.04,12,24.31,Government Tender
2024-11-13,Omeprazole 20mg (28ct),Gastro,Brazil,319.37,30,148.7,Government Tender
2024-11-13,Insulin Glargine Pen,Diabetes Care,Germany,1474.11,21,646.19,Hospital
2024-11-13,Loratadine 10mg (14ct),Allergy,India,303.52,34,111.66,Retail Pharmacy
2024-11-14,Loratadine 10mg (14ct),Allergy,USA,149.9,17,58.28,Retail Pharmacy
2024-11-14,Ibuprofen 400mg (30ct),Pain Relief,India,48.83,8,17.13,Hospital
2024-11-14,Multivitamin Complex,Supplements,Germany,75.42,5,28.71,Retail Pharmacy
2024-11-14,Ibuprofen 400mg (30ct),Pain Relief,Japan,188.91,32,67.84,Government Tender
2024-11-14,Salbutamol Inhaler,Respiratory,USA,375.33,16,149.34,Government Tender
2024-11-14,Omeprazole 20mg (28ct),Gastro,Japan,251.02,22,104.65,Government Tender
2024-11-15,Atorvastatin 20mg (30ct),Cardiovascular,UK,75.29,4,29.71,Government Tender
2024-11-15,Multivitamin Complex,Supplements,UK,616.75,39,221.14,Retail Pharmacy
2024-11-15,Ibuprofen 400mg (30ct),Pain Relief,Germany,62.09,10,20.62,Government Tender
2024-11-15,Multivitamin Complex,Supplements,Germany,244.07,19,107.33,Government Tender
2024-11-15,Loratadine 10mg (14ct),Allergy,USA,296.48,33,110.75,Government Tender
2024-11-15,Insulin Glargine Pen,Diabetes Care,Germany,1970.12,29,934.74,Hospital
2024-11-15,Omeprazole 20mg (28ct),Gastro,USA,331.9,28,133.76,Government Tender
2024-11-15,Omeprazole 20mg (28ct),Gastro,Brazil,199.77,16,81.13,Government Tender
2024-11-15,Atorvastatin 20mg (30ct),Cardiovascular,India,367.65,21,157.17,Government Tender
2024-11-15,Multivitamin Complex,Supplements,India,371.3,23,131.0,Government Tender
2024-11-15,Omeprazole 20mg (28ct),Gastro,Brazil,530.34,40,197.53,Hospital
2024-11-15,Omeprazole 20mg (28ct),Gastro,UK,280.38,24,119.6,Government Tender
2024-11-15,Ibuprofen 400mg (30ct),Pain Relief,USA,76.53,13,27.53,Government Tender
2024-11-15,Omeprazole 20mg (28ct),Gastro,Germany,96.47,8,38.8,Government Tender
2024-11-16,Salbutamol Inhaler,Respiratory,USA,559.23,26,227.68,Hospital
2024-11-16,Salbutamol Inhaler,Respiratory,Germany,357.76,15,134.25,Hospital
2024-11-16,Salbutamol Inhaler,Respiratory,India,297.35,13,112.44,Government Tender
2024-11-16,Multivitamin Complex,Supplements,UK,159.93,12,68.72,Government Tender
2024-11-16,Atorvastatin 20mg (30ct),Cardiovascular,UK,207.16,12,89.9,Retail Pharmacy
2024-11-16,Ibuprofen 400mg (30ct),Pain Relief,USA,12.43,2,4.31,Retail Pharmacy
2024-11-16,Salbutamol Inhaler,Respiratory,UK,426.9,22,190.42,Government Tender
2024-11-16,Atorvastatin 20mg (30ct),Cardiovascular,Brazil,508.3,28,207.81,Retail Pharmacy
2024-11-17,Omeprazole 20mg (28ct),Gastro,Japan,560.08,42,211.25,Retail Pharmacy
2024-11-17,Insulin Glargine Pen,Diabetes Care,Japan,600.76,10,320.35,Government Tender
2024-11-17,Loratadine 10mg (14ct),Allergy,India,512.99,48,157.04,Government Tender
2024-11-17,Omeprazole 20mg (28ct),Gastro,Japan,338.53,26,130.62,Retail Pharmacy
2024-11-17,Amoxicillin 500mg (20ct),Antibiotics,Germany,576.32,40,223.31,Retail Pharmacy
2024-11-17,Ibuprofen 400mg (30ct),Pain Relief,India,122.68,20,40.39,Retail Pharmacy
2024-11-17,Atorvastatin 20mg (30ct),Cardiovascular,USA,422.59,25,183.71,Hospital
2024-11-17,Salbutamol Inhaler,Respiratory,Germany,642.04,30,260.74,Hospital
2024-11-17,Insulin Glargine Pen,Diabetes Care,Germany,873.07,14,412.39,Hospital
2024-11-17,Insulin Glargine Pen,Diabetes Care,USA,695.28,11,349.97,Retail Pharmacy
2024-11-17,Loratadine 10mg (14ct),Allergy,Germany,94.79,10,32.46,Government Tender
2024-11-17,Omeprazole 20mg (28ct),Gastro,Japan,200.07,18,84.27,Government Tender
2024-11-18,Insulin Glargine Pen,Diabetes Care,India,1178.09,16,518.01,Retail Pharmacy
2024-11-18,Loratadine 10mg (14ct),Allergy,USA,251.87,30,97.54,Retail Pharmacy
2024-11-18,Omeprazole 20mg (28ct),Gastro,Germany,285.4,21,105.5,Retail Pharmacy
2024-11-18,Loratadine 10mg (14ct),Allergy,Japan,203.47,24,85.29,Government Tender
2024-11-18,Amoxicillin 500mg (20ct),Antibiotics,India,574.67,43,256.56,Retail Pharmacy
2024-11-18,Omeprazole 20mg (28ct),Gastro,UK,419.24,31,155.92,Hospital
2024-11-18,Loratadine 10mg (14ct),Allergy,Brazil,101.09,10,34.62,Hospital
2024-11-18,Atorvastatin 20mg (30ct),Cardiovascular,USA,213.54,13,93.81,Retail Pharmacy
2024-11-18,Omeprazole 20mg (28ct),Gastro,Japan,298.33,26,131.65,Government Tender
2024-11-19,Amoxicillin 500mg (20ct),Antibiotics,India,408.87,29,171.38,Retail Pharmacy
2024-11-19,Ibuprofen 400mg (30ct),Pain Relief,Brazil,155.9,25,54.03,Retail Pharmacy
2024-11-19,Ibuprofen 400mg (30ct),Pain Relief,Brazil,399.21,70,153.34,Government Tender
2024-11-19,Salbutamol Inhaler,Respiratory,India,268.38,13,114.08,Hospital
2024-11-19,Omeprazole 20mg (28ct),Gastro,Germany,293.46,22,103.32,Retail Pharmacy
2024-11-19,Ibuprofen 400mg (30ct),Pain Relief,Germany,104.93,18,39.68,Retail Pharmacy
2024-11-19,Atorvastatin 20mg (30ct),Cardiovascular,USA,396.56,20,141.59,Government Tender
2024-11-19,Omeprazole 20mg (28ct),Gastro,Japan,326.18,29,136.15,Retail Pharmacy
2024-11-19,Ibuprofen 400mg (30ct),Pain Relief,UK,170.47,26,54.87,Government Tender
2024-11-20,Loratadine 10mg (14ct),Allergy,Japan,450.12,49,174.8,Retail Pharmacy
2024-11-20,Multivitamin Complex,Supplements,USA,14.95,1,5.5,Hospital
2024-11-20,Omeprazole 20mg (28ct),Gastro,Germany,335.36,26,126.45,Retail Pharmacy
2024-11-20,Salbutamol Inhaler,Respiratory,Japan,510.02,22,192.73,Hospital
2024-11-20,Loratadine 10mg (14ct),Allergy,Germany,512.83,61,215.68,Hospital
2024-11-20,Atorvastatin 20mg (30ct),Cardiovascular,Japan,1066.21,54,399.1,Hospital
2024-11-20,Multivitamin Complex,Supplements,UK,352.99,24,128.06,Retail Pharmacy
2024-11-20,Ibuprofen 400mg (30ct),Pain Relief,USA,106.02,17,34.59,Hospital
2024-11-20,Salbutamol Inhaler,Respiratory,UK,745.79,36,311.6,Government Tender
2024-11-20,Multivitamin Complex,Supplements,Brazil,410.04,27,141.48,Hospital
2024-11-21,Insulin Glargine Pen,Diabetes Care,India,2688.64,39,1164.14,Government Tender
2024-11-21,Insulin Glargine Pen,Diabetes Care,Germany,883.16,13,387.99,Hospital
2024-11-21,Loratadine 10mg (14ct),Allergy,USA,147.83,17,60.39,Government Tender
2024-11-21,Insulin Glargine Pen,Diabetes Care,Brazil,616.35,9,281.82,Hospital
2024-11-21,Ibuprofen 400mg (30ct),Pain Relief,USA,132.54,21,46.26,Hospital
2024-11-21,Atorvastatin 20mg (30ct),Cardiovascular,USA,411.2,22,153.4,Hospital
2024-11-21,Omeprazole 20mg (28ct),Gastro,India,168.78,15,69.93,Government Tender
2024-11-21,Omeprazole 20mg (28ct),Gastro,Germany,228.92,20,98.81,Retail Pharmacy
2024-11-22,Omeprazole 20mg (28ct),Gastro,UK,306.14,25,127.45,Government Tender
2024-11-22,Salbutamol Inhaler,Respiratory,Brazil,1655.65,83,757.54,Retail Pharmacy
2024-11-22,Insulin Glargine Pen,Diabetes Care,USA,408.61,7,209.35,Government Tender
2024-11-22,Insulin Glargine Pen,Diabetes Care,Japan,1738.7,24,730.38,Retail Pharmacy
2024-11-22,Atorvastatin 20mg (30ct),Cardiovascular,UK,571.4,32,237.14,Hospital
2024-11-22,Multivitamin Complex,Supplements,Germany,297.49,19,107.73,Government Tender
2024-11-22,Atorvastatin 20mg (30ct),Cardiovascular,Brazil,249.29,14,104.61,Hospital
2024-11-22,Omeprazole 20mg (28ct),Gastro,USA,275.29,22,110.43,Retail Pharmacy
2024-11-22,Insulin Glargine Pen,Diabetes Care,Brazil,1219.49,17,532.69,Government Tender
2024-11-23,Omeprazole 20mg (28ct),Gastro,UK,516.35,44,214.44,Retail Pharmacy
2024-11-23,Amoxicillin 500mg (20ct),Antibiotics,UK,624.1,42,244.49,Retail Pharmacy
2024-11-23,Omeprazole 20mg (28ct),Gastro,Brazil,158.89,13,61.87,Government Tender
2024-11-23,Omeprazole 20mg (28ct),Gastro,USA,164.73,12,56.92,Government Tender
2024-11-23,Amoxicillin 500mg (20ct),Antibiotics,USA,302.76,21,123.23,Retail Pharmacy
2024-11-23,Ibuprofen 400mg (30ct),Pain Relief,Germany,88.98,14,28.94,Government Tender
2024-11-23,Atorvastatin 20mg (30ct),Cardiovascular,USA,481.98,28,194.38,Government Tender
2024-11-23,Loratadine 10mg (14ct),Allergy,Brazil,198.41,23,75.81,Hospital
2024-11-23,Insulin Glargine Pen,Diabetes Care,USA,2520.29,35,1066.36,Retail Pharmacy
2024-11-23,Omeprazole 20mg (28ct),Gastro,Brazil,91.4,8,39.19,Hospital
2024-11-23,Omeprazole 20mg (28ct),Gastro,UK,495.65,43,206.43,Government Tender
2024-11-24,Insulin Glargine Pen,Diabetes Care,UK,691.53,11,344.94,Retail Pharmacy
2024-11-24,Loratadine 10mg (14ct),Allergy,UK,117.67,11,37.7,Retail Pharmacy
2024-11-24,Atorvastatin 20mg (30ct),Cardiovascular,UK,247.84,15,106.01,Hospital
2024-11-24,Multivitamin Complex,Supplements,Brazil,164.38,11,60.3,Retail Pharmacy
2024-11-24,Salbutamol Inhaler,Respiratory,Japan,662.28,28,256.43,Retail Pharmacy
2024-11-24,Omeprazole 20mg (28ct),Gastro,Germany,148.05,12,59.95,Hospital
2024-11-24,Amoxicillin 500mg (20ct),Antibiotics,Germany,420.51,30,173.95,Hospital
2024-11-24,Ibuprofen 400mg (30ct),Pain Relief,USA,63.97,9,18.28,Government Tender
2024-11-24,Atorvastatin 20mg (30ct),Cardiovascular,Japan,415.43,24,172.72,Government Tender
2024-11-24,Multivitamin Complex,Supplements,Germany,419.39,29,152.21,Government Tender
2024-11-24,Amoxicillin 500mg (20ct),Antibiotics,UK,309.84,22,128.63,Hospital
2024-11-24,Omeprazole 20mg (28ct),Gastro,India,451.36,34,166.2,Government Tender
2024-11-24,Amoxicillin 500mg (20ct),Antibiotics,Germany,294.14,24,138.51,Government Tender
2024-11-24,Omeprazole 20mg (28ct),Gastro,UK,192.06,14,67.2,Retail Pharmacy
2024-11-25,Multivitamin Complex,Supplements,Brazil,200.0,15,85.19,Hospital
2024-11-25,Atorvastatin 20mg (30ct),Cardiovascular,Japan,412.76,23,164.02,Government Tender
2024-11-25,Omeprazole 20mg (28ct),Gastro,India,548.76,41,198.7,Retail Pharmacy
2024-11-25,Multivitamin Complex,Supplements,UK,491.23,33,175.75,Hospital
2024-11-25,Insulin Glargine Pen,Diabetes Care,Japan,399.48,6,191.65,Government Tender
2024-11-25,Atorvastatin 20mg (30ct),Cardiovascular,Germany,467.8,28,203.32,Hospital
2024-11-25,Amoxicillin 500mg (20ct),Antibiotics,Brazil,445.38,30,168.71,Retail Pharmacy
2024-11-25,Amoxicillin 500mg (20ct),Antibiotics,UK,630.93,42,238.99,Retail Pharmacy
2024-11-25,Ibuprofen 400mg (30ct),Pain Relief,Japan,220.4,33,72.02,Hospital
2024-11-26,Omeprazole 20mg (28ct),Gastro,USA,106.29,8,38.36,Retail Pharmacy
2024-11-26,Atorvastatin 20mg (30ct),Cardiovascular,UK,56.19,3,20.58,Government Tender
2024-11-26,Ibuprofen 400mg (30ct),Pain Relief,Germany,244.93,37,79.71,Retail Pharmacy
2024-11-26,Omeprazole 20mg (28ct),Gastro,Brazil,526.37,41,195.15,Hospital
2024-11-26,Atorvastatin 20mg (30ct),Cardiovascular,India,671.93,33,233.42,Retail Pharmacy
2024-11-26,Ibuprofen 400mg (30ct),Pain Relief,Japan,106.56,17,37.19,Retail Pharmacy
2024-11-26,Amoxicillin 500mg (20ct),Antibiotics,USA,433.78,32,182.47,Hospital
2024-11-26,Insulin Glargine Pen,Diabetes Care,India,1416.14,24,717.82,Retail Pharmacy
2024-11-26,Ibuprofen 400mg (30ct),Pain Relief,USA,216.06,32,67.61,Hospital
2024-11-26,Amoxicillin 500mg (20ct),Antibiotics,UK,173.93,12,71.32,Government Tender
2024-11-26,Atorvastatin 20mg (30ct),Cardiovascular,Germany,502.16,28,193.56,Government Tender
2024-11-26,Amoxicillin 500mg (20ct),Antibiotics,USA,584.35,48,291.51,Government Tender
2024-11-26,Multivitamin Complex,Supplements,India,444.07,27,146.49,Government Tender
2024-11-26,Insulin Glargine Pen,Diabetes Care,UK,194.34,3,94.83,Government Tender
2024-11-26,Ibuprofen 400mg (30ct),Pain Relief,UK,99.52,17,35.87,Government Tender
2024-11-26,Loratadine 10mg (14ct),Allergy,Brazil,85.31,10,32.38,Hospital
2024-11-27,Salbutamol Inhaler,Respiratory,India,1266.2,56,502.94,Hospital
2024-11-27,Multivitamin Complex,Supplements,India,232.94,15,83.31,Hospital
2024-11-27,Atorvastatin 20mg (30ct),Cardiovascular,USA,476.59,28,194.91,Retail Pharmacy
2024-11-27,Omeprazole 20mg (28ct),Gastro,USA,434.97,37,179.52,Hospital
2024-11-28,Amoxicillin 500mg (20ct),Antibiotics,UK,281.38,23,138.78,Retail Pharmacy
2024-11-28,Loratadine 10mg (14ct),Allergy,Germany,293.69,30,105.13,Government Tender
2024-11-28,Ibuprofen 400mg (30ct),Pain Relief,Japan,85.56,14,28.73,Hospital
2024-11-28,Ibuprofen 400mg (30ct),Pain Relief,Japan,189.26,33,66.8,Retail Pharmacy
2024-11-28,Ibuprofen 400mg (30ct),Pain Relief,USA,337.34,53,110.68,Retail Pharmacy
2024-11-28,Amoxicillin 500mg (20ct),Antibiotics,India,339.53,28,159.55,Hospital
2024-11-28,Amoxicillin 500mg (20ct),Antibiotics,Japan,591.87,41,238.87,Hospital
2024-11-28,Ibuprofen 400mg (30ct),Pain Relief,UK,134.89,23,50.54,Government Tender
2024-11-28,Salbutamol Inhaler,Respiratory,Brazil,332.17,16,148.16,Hospital
2024-11-29,Ibuprofen 400mg (30ct),Pain Relief,Germany,160.21,23,46.85,Government Tender
2024-11-29,Atorvastatin 20mg (30ct),Cardiovascular,Japan,481.55,29,216.31,Government Tender
2024-11-29,Loratadine 10mg (14ct),Allergy,UK,53.25,5,16.87,Government Tender
2024-11-29,Loratadine 10mg (14ct),Allergy,Japan,152.66,16,56.13,Hospital
2024-11-29,Omeprazole 20mg (28ct),Gastro,USA,385.8,31,152.79,Government Tender
2024-11-29,Ibuprofen 400mg (30ct),Pain Relief,UK,62.63,10,20.65,Hospital
2024-11-29,Insulin Glargine Pen,Diabetes Care,Brazil,1209.81,18,583.12,Government Tender
2024-11-30,Multivitamin Complex,Supplements,USA,485.48,30,168.4,Hospital
2024-11-30,Amoxicillin 500mg (20ct),Antibiotics,UK,351.38,27,160.55,Government Tender
2024-11-30,Insulin Glargine Pen,Diabetes Care,India,2620.87,39,1244.31,Hospital
2024-11-30,Multivitamin Complex,Supplements,Japan,244.91,17,96.85,Hospital
2024-11-30,Insulin Glargine Pen,Diabetes Care,India,1624.04,27,860.23,Hospital
2024-11-30,Multivitamin Complex,Supplements,Brazil,423.31,30,170.55,Retail Pharmacy
2024-11-30,Loratadine 10mg (14ct),Allergy,India,168.7,18,60.15,Hospital
2024-11-30,Atorvastatin 20mg (30ct),Cardiovascular,Brazil,190.04,11,77.44,Retail Pharmacy
2024-12-01,Insulin Glargine Pen,Diabetes Care,Japan,642.36,10,309.26,Retail Pharmacy
2024-12-01,Atorvastatin 20mg (30ct),Cardiovascular,USA,73.12,4,28.95,Retail Pharmacy
2024-12-01,Amoxicillin 500mg (20ct),Antibiotics,USA,738.1,61,345.72,Government Tender
2024-12-01,Ibuprofen 400mg (30ct),Pain Relief,India,173.25,28,58.0,Retail Pharmacy
2024-12-01,Salbutamol Inhaler,Respiratory,India,405.92,21,181.83,Government Tender
2024-12-01,Insulin Glargine Pen,Diabetes Care,UK,1383.56,22,698.5,Government Tender
2024-12-01,Loratadine 10mg (14ct),Allergy,India,375.75,36,127.5,Retail Pharmacy
2024-12-01,Salbutamol Inhaler,Respiratory,Japan,281.92,14,132.13,Government Tender
2024-12-01,Omeprazole 20mg (28ct),Gastro,India,153.0,12,58.13,Hospital
2024-12-01,Amoxicillin 500mg (20ct),Antibiotics,India,214.09,17,102.76,Government Tender
2024-12-01,Salbutamol Inhaler,Respiratory,India,207.82,9,79.92,Hospital
2024-12-01,Insulin Glargine Pen,Diabetes Care,UK,1133.32,16,473.33,Government Tender
2024-12-02,Ibuprofen 400mg (30ct),Pain Relief,Brazil,70.57,11,23.95,Hospital
2024-12-02,Atorvastatin 20mg (30ct),Cardiovascular,Japan,210.39,11,82.53,Retail Pharmacy
2024-12-02,Omeprazole 20mg (28ct),Gastro,Japan,480.14,35,172.81,Hospital
2024-12-02,Loratadine 10mg (14ct),Allergy,USA,268.98,27,90.67,Retail Pharmacy
2024-12-02,Loratadine 10mg (14ct),Allergy,Germany,233.73,26,89.15,Government Tender
2024-12-02,Amoxicillin 500mg (20ct),Antibiotics,Germany,499.69,33,193.79,Retail Pharmacy
2024-12-02,Insulin Glargine Pen,Diabetes Care,Brazil,791.61,12,360.39,Retail Pharmacy
2024-12-02,Salbutamol Inhaler,Respiratory,India,174.66,9,81.88,Government Tender
2024-12-03,Salbutamol Inhaler,Respiratory,UK,507.87,22,203.31,Hospital
2024-12-03,Atorvastatin 20mg (30ct),Cardiovascular,USA,348.77,21,148.78,Retail Pharmacy
2024-12-03,Amoxicillin 500mg (20ct),Antibiotics,Japan,166.96,12,66.5,Hospital
2024-12-03,Ibuprofen 400mg (30ct),Pain Relief,India,99.05,16,33.14,Hospital
2024-12-03,Ibuprofen 400mg (30ct),Pain Relief,Brazil,162.92,26,52.44,Hospital
2024-12-03,Loratadine 10mg (14ct),Allergy,USA,25.4,3,9.83,Hospital
2024-12-03,Amoxicillin 500mg (20ct),Antibiotics,India,199.21,15,90.99,Government Tender
2024-12-03,Ibuprofen 400mg (30ct),Pain Relief,Japan,64.79,10,21.98,Retail Pharmacy
2024-12-03,Loratadine 10mg (14ct),Allergy,Japan,365.34,37,125.37,Hospital
2024-12-03,Omeprazole 20mg (28ct),Gastro,India,311.35,25,127.12,Government Tender
2024-12-03,Salbutamol Inhaler,Respiratory,Brazil,829.3,40,372.29,Hospital
2024-12-04,Multivitamin Complex,Supplements,USA,158.6,11,59.11,Retail Pharmacy
2024-12-04,Atorvastatin 20mg (30ct),Cardiovascular,UK,602.54,29,208.75,Retail Pharmacy
2024-12-04,Ibuprofen 400mg (30ct),Pain Relief,Germany,120.87,20,40.15,Hospital
2024-12-04,Loratadine 10mg (14ct),Allergy,UK,182.62,20,66.88,Government Tender
2024-12-04,Loratadine 10mg (14ct),Allergy,Germany,123.83,13,45.93,Government Tender
2024-12-04,Amoxicillin 500mg (20ct),Antibiotics,USA,261.7,19,111.34,Hospital
2024-12-04,Ibuprofen 400mg (30ct),Pain Relief,UK,158.25,24,50.55,Government Tender
2024-12-05,Omeprazole 20mg (28ct),Gastro,India,270.68,20,96.79,Government Tender
2024-12-05,Salbutamol Inhaler,Respiratory,India,709.75,29,269.57,Hospital
2024-12-05,Insulin Glargine Pen,Diabetes Care,UK,1545.59,26,772.46,Hospital
2024-12-05,Amoxicillin 500mg (20ct),Antibiotics,Brazil,201.89,14,82.54,Retail Pharmacy
2024-12-05,Loratadine 10mg (14ct),Allergy,India,271.82,27,94.19,Hospital
2024-12-05,Amoxicillin 500mg (20ct),Antibiotics,USA,369.37,30,171.54,Government Tender
2024-12-05,Salbutamol Inhaler,Respiratory,Japan,446.73,22,201.5,Retail Pharmacy
2024-12-06,Insulin Glargine Pen,Diabetes Care,USA,2113.81,36,1137.64,Retail Pharmacy
2024-12-06,Ibuprofen 400mg (30ct),Pain Relief,USA,139.89,22,47.69,Government Tender
2024-12-06,Omeprazole 20mg (28ct),Gastro,USA,105.25,9,43.59,Government Tender
2024-12-06,Omeprazole 20mg (28ct),Gastro,India,340.42,26,122.06,Retail Pharmacy
2024-12-06,Insulin Glargine Pen,Diabetes Care,Brazil,802.62,13,391.36,Hospital
2024-12-06,Insulin Glargine Pen,Diabetes Care,Brazil,368.46,5,157.83,Hospital
2024-12-06,Ibuprofen 400mg (30ct),Pain Relief,Brazil,214.29,32,64.02,Government Tender
2024-12-06,Insulin Glargine Pen,Diabetes Care,Japan,663.72,9,279.86,Retail Pharmacy
2024-12-06,Salbutamol Inhaler,Respiratory,India,568.22,24,213.93,Retail Pharmacy
2024-12-06,Omeprazole 20mg (28ct),Gastro,Japan,331.14,28,143.12,Retail Pharmacy
2024-12-06,Salbutamol Inhaler,Respiratory,USA,982.68,42,367.63,Retail Pharmacy
2024-12-06,Multivitamin Complex,Supplements,USA,653.1,43,231.96,Government Tender
2024-12-07,Ibuprofen 400mg (30ct),Pain Relief,Germany,43.05,7,14.96,Hospital
2024-12-07,Multivitamin Complex,Supplements,India,175.92,12,63.25,Hospital
2024-12-07,Atorvastatin 20mg (30ct),Cardiovascular,Japan,177.14,9,63.5,Government Tender
2024-12-07,Ibuprofen 400mg (30ct),Pain Relief,Germany,288.19,52,108.73,Retail Pharmacy
2024-12-07,Salbutamol Inhaler,Respiratory,Germany,1312.07,58,526.35,Retail Pharmacy
2024-12-07,Salbutamol Inhaler,Respiratory,Japan,582.35,28,249.59,Government Tender
2024-12-07,Atorvastatin 20mg (30ct),Cardiovascular,Germany,196.69,10,73.65,Government Tender
2024-12-07,Atorvastatin 20mg (30ct),Cardiovascular,India,413.8,22,153.02,Retail Pharmacy
2024-12-07,Salbutamol Inhaler,Respiratory,Japan,492.85,25,218.15,Retail Pharmacy
2024-12-07,Loratadine 10mg (14ct),Allergy,Germany,255.6,24,80.52,Hospital
2024-12-08,Atorvastatin 20mg (30ct),Cardiovascular,Japan,435.66,23,164.32,Retail Pharmacy
2024-12-08,Salbutamol Inhaler,Respiratory,Japan,385.89,17,147.83,Government Tender
2024-12-08,Salbutamol Inhaler,Respiratory,Germany,470.34,20,179.02,Hospital
2024-12-08,Ibuprofen 400mg (30ct),Pain Relief,Germany,73.5,12,25.0,Retail Pharmacy
2024-12-08,Atorvastatin 20mg (30ct),Cardiovascular,USA,367.01,20,149.09,Hospital
2024-12-08,Multivitamin Complex,Supplements,Japan,382.22,25,141.07,Hospital
2024-12-08,Ibuprofen 400mg (30ct),Pain Relief,USA,233.06,36,76.83,Government Tender
2024-12-08,Omeprazole 20mg (28ct),Gastro,Brazil,214.12,20,94.51,Retail Pharmacy
2024-12-08,Insulin Glargine Pen,Diabetes Care,USA,705.61,12,379.14,Government Tender
2024-12-09,Atorvastatin 20mg (30ct),Cardiovascular,India,264.7,13,96.42,Government Tender
2024-12-09,Omeprazole 20mg (28ct),Gastro,Brazil,431.53,36,170.45,Government Tender
2024-12-09,Ibuprofen 400mg (30ct),Pain Relief,USA,172.86,31,65.89,Government Tender
2024-12-09,Amoxicillin 500mg (20ct),Antibiotics,Brazil,576.27,41,238.57,Government Tender
2024-12-09,Atorvastatin 20mg (30ct),Cardiovascular,India,620.05,32,241.68,Retail Pharmacy
2024-12-09,Insulin Glargine Pen,Diabetes Care,Japan,2868.12,46,1368.45,Hospital
2024-12-10,Loratadine 10mg (14ct),Allergy,Germany,26.62,3,10.52,Hospital
2024-12-10,Atorvastatin 20mg (30ct),Cardiovascular,Japan,183.72,11,75.5,Government Tender
2024-12-10,Amoxicillin 500mg (20ct),Antibiotics,UK,207.92,16,89.73,Retail Pharmacy
2024-12-10,Amoxicillin 500mg (20ct),Antibiotics,UK,286.12,21,124.11,Retail Pharmacy
2024-12-10,Ibuprofen 400mg (30ct),Pain Relief,India,74.57,13,26.73,Hospital
2024-12-10,Ibuprofen 400mg (30ct),Pain Relief,Germany,147.81,23,46.98,Hospital
2024-12-10,Loratadine 10mg (14ct),Allergy,Japan,140.53,14,47.05,Hospital
2024-12-10,Amoxicillin 500mg (20ct),Antibiotics,USA,111.71,8,44.61,Retail Pharmacy
2024-12-10,Omeprazole 20mg (28ct),Gastro,Japan,76.74,7,34.94,Retail Pharmacy
2024-12-10,Multivitamin Complex,Supplements,India,538.76,41,231.75,Retail Pharmacy
2024-12-11,Loratadine 10mg (14ct),Allergy,UK,110.95,11,36.94,Hospital
2024-12-11,Omeprazole 20mg (28ct),Gastro,Japan,316.29,29,143.35,Hospital
2024-12-11,Salbutamol Inhaler,Respiratory,India,743.17,31,285.97,Government Tender
2024-12-11,Amoxicillin 500mg (20ct),Antibiotics,India,226.94,15,86.47,Government Tender
2024-12-11,Atorvastatin 20mg (30ct),Cardiovascular,Japan,259.16,15,111.84,Hospital
2024-12-11,Amoxicillin 500mg (20ct),Antibiotics,Germany,175.95,14,79.39,Retail Pharmacy
2024-12-11,Amoxicillin 500mg (20ct),Antibiotics,USA,271.14,21,124.16,Retail Pharmacy
2024-12-11,Omeprazole 20mg (28ct),Gastro,India,121.3,10,46.83,Retail Pharmacy
2024-12-11,Multivitamin Complex,Supplements,India,304.46,20,110.21,Government Tender
2024-12-11,Salbutamol Inhaler,Respiratory,USA,701.12,33,307.25,Government Tender
2024-12-11,Insulin Glargine Pen,Diabetes Care,Japan,1935.47,32,948.35,Government Tender
2024-12-11,Loratadine 10mg (14ct),Allergy,Germany,105.24,11,36.53,Hospital
2024-12-11,Amoxicillin 500mg (20ct),Antibiotics,India,128.02,9,53.08,Government Tender
2024-12-11,Multivitamin Complex,Supplements,Germany,433.62,29,162.78,Government Tender
2024-12-12,Insulin Glargine Pen,Diabetes Care,Germany,2016.81,30,955.77,Retail Pharmacy
2024-12-12,Ibuprofen 400mg (30ct),Pain Relief,Japan,80.66,13,28.62,Retail Pharmacy
2024-12-12,Insulin Glargine Pen,Diabetes Care,UK,1414.14,23,709.42,Retail Pharmacy
2024-12-12,Insulin Glargine Pen,Diabetes Care,Brazil,1406.62,20,621.53,Government Tender
2024-12-12,Insulin Glargine Pen,Diabetes Care,USA,3461.35,51,1615.14,Government Tender
2024-12-12,Amoxicillin 500mg (20ct),Antibiotics,Germany,198.26,16,90.8,Hospital
2024-12-12,Salbutamol Inhaler,Respiratory,India,552.06,25,222.75,Hospital
2024-12-12,Amoxicillin 500mg (20ct),Antibiotics,UK,190.58,15,84.83,Retail Pharmacy
2024-12-12,Salbutamol Inhaler,Respiratory,Japan,596.28,27,247.36,Hospital
2024-12-12,Atorvastatin 20mg (30ct),Cardiovascular,USA,259.15,15,106.24,Hospital
2024-12-12,Omeprazole 20mg (28ct),Gastro,UK,121.6,10,50.31,Hospital
2024-12-13,Ibuprofen 400mg (30ct),Pain Relief,USA,162.66,24,48.72,Hospital
2024-12-13,Ibuprofen 400mg (30ct),Pain Relief,Germany,95.59,17,34.13,Government Tender
2024-12-13,Ibuprofen 400mg (30ct),Pain Relief,UK,186.33,30,65.64,Retail Pharmacy
2024-12-13,Insulin Glargine Pen,Diabetes Care,USA,2292.26,33,1009.45,Government Tender
2024-12-13,Omeprazole 20mg (28ct),Gastro,USA,449.01,38,178.18,Government Tender
2024-12-13,Amoxicillin 500mg (20ct),Antibiotics,Germany,365.25,28,156.69,Retail Pharmacy
2024-12-13,Multivitamin Complex,Supplements,USA,249.21,17,89.71,Government Tender
2024-12-13,Insulin Glargine Pen,Diabetes Care,Germany,372.63,5,153.65,Government Tender
2024-12-13,Atorvastatin 20mg (30ct),Cardiovascular,Germany,422.1,23,167.99,Government Tender
2024-12-13,Salbutamol Inhaler,Respiratory,UK,637.79,26,247.43,Retail Pharmacy
2024-12-13,Omeprazole 20mg (28ct),Gastro,Japan,426.89,33,169.05,Government Tender
2024-12-13,Insulin Glargine Pen,Diabetes Care,USA,123.33,2,63.69,Government Tender
2024-12-14,Atorvastatin 20mg (30ct),Cardiovascular,Germany,310.59,18,133.07,Hospital
2024-12-14,Insulin Glargine Pen,Diabetes Care,India,2269.42,39,1209.45,Government Tender
2024-12-14,Salbutamol Inhaler,Respiratory,Brazil,379.71,19,172.39,Government Tender
2024-12-14,Amoxicillin 500mg (20ct),Antibiotics,UK,60.28,4,22.54,Government Tender
2024-12-15,Ibuprofen 400mg (30ct),Pain Relief,Japan,68.89,12,24.61,Hospital
2024-12-15,Ibuprofen 400mg (30ct),Pain Relief,India,109.58,19,38.31,Hospital
2024-12-15,Multivitamin Complex,Supplements,Germany,150.08,11,60.84,Government Tender
2024-12-15,Loratadine 10mg (14ct),Allergy,Germany,202.03,21,72.49,Government Tender
2024-12-15,Amoxicillin 500mg (20ct),Antibiotics,Germany,146.3,12,66.8,Hospital
2024-12-15,Amoxicillin 500mg (20ct),Antibiotics,Japan,222.95,16,90.26,Government Tender
2024-12-15,Ibuprofen 400mg (30ct),Pain Relief,Brazil,273.26,49,99.43,Retail Pharmacy
2024-12-15,Insulin Glargine Pen,Diabetes Care,India,305.71,5,149.67,Government Tender
2024-12-16,Omeprazole 20mg (28ct),Gastro,Germany,162.11,12,59.3,Government Tender
2024-12-16,Amoxicillin 500mg (20ct),Antibiotics,UK,274.19,21,118.5,Government Tender
2024-12-16,Omeprazole 20mg (28ct),Gastro,India,246.55,18,90.35,Government Tender
2024-12-16,Insulin Glargine Pen,Diabetes Care,Germany,3365.37,57,1712.99,Government Tender
2024-12-16,Omeprazole 20mg (28ct),Gastro,Japan,427.0,39,189.81,Hospital
2024-12-16,Amoxicillin 500mg (20ct),Antibiotics,UK,193.42,14,83.84,Hospital
2024-12-16,Omeprazole 20mg (28ct),Gastro,Japan,129.15,10,50.63,Government Tender
2024-12-16,Loratadine 10mg (14ct),Allergy,Germany,77.58,8,28.05,Hospital
2024-12-16,Ibuprofen 400mg (30ct),Pain Relief,Japan,301.18,46,100.46,Retail Pharmacy
2024-12-16,Insulin Glargine Pen,Diabetes Care,USA,3003.48,49,1462.5,Retail Pharmacy
2024-12-16,Amoxicillin 500mg (20ct),Antibiotics,Japan,224.1,16,89.24,Retail Pharmacy
2024-12-16,Atorvastatin 20mg (30ct),Cardiovascular,USA,395.08,23,159.85,Government Tender
2024-12-16,Atorvastatin 20mg (30ct),Cardiovascular,UK,455.02,27,194.96,Government Tender
2024-12-16,Loratadine 10mg (14ct),Allergy,Germany,193.1,22,76.78,Government Tender
2024-12-17,Omeprazole 20mg (28ct),Gastro,India,405.54,38,177.22,Government Tender
2024-12-17,Atorvastatin 20mg (30ct),Cardiovascular,India,123.72,6,44.93,Retail Pharmacy
2024-12-17,Amoxicillin 500mg (20ct),Antibiotics,UK,486.61,33,182.97,Retail Pharmacy
2024-12-17,Ibuprofen 400mg (30ct),Pain Relief,India,188.29,32,64.43,Hospital
2024-12-17,Amoxicillin 500mg (20ct),Antibiotics,Germany,343.27,26,143.53,Government Tender
2024-12-18,Insulin Glargine Pen,Diabetes Care,India,1303.15,21,640.4,Hospital
2024-12-18,Atorvastatin 20mg (30ct),Cardiovascular,USA,209.77,13,96.32,Retail Pharmacy
2024-12-18,Amoxicillin 500mg (20ct),Antibiotics,Japan,528.55,36,210.78,Retail Pharmacy
2024-12-18,Loratadine 10mg (14ct),Allergy,USA,340.13,33,115.34,Hospital
2024-12-19,Amoxicillin 500mg (20ct),Antibiotics,Japan,280.64,20,118.11,Hospital
2024-12-19,Salbutamol Inhaler,Respiratory,India,843.14,37,345.99,Retail Pharmacy
2024-12-19,Salbutamol Inhaler,Respiratory,India,451.09,23,211.22,Government Tender
2024-12-19,Multivitamin Complex,Supplements,USA,358.07,26,141.01,Government Tender
2024-12-19,Ibuprofen 400mg (30ct),Pain Relief,Brazil,150.71,26,54.98,Hospital
2024-12-19,Salbutamol Inhaler,Respiratory,Germany,196.98,10,91.89,Hospital
2024-12-19,Amoxicillin 500mg (20ct),Antibiotics,Brazil,130.67,9,52.33,Retail Pharmacy
2024-12-19,Atorvastatin 20mg (30ct),Cardiovascular,UK,513.07,30,223.81,Government Tender
2024-12-19,Salbutamol Inhaler,Respiratory,India,324.36,17,158.56,Retail Pharmacy
2024-12-19,Amoxicillin 500mg (20ct),Antibiotics,USA,534.91,40,224.53,Retail Pharmacy
2024-12-19,Insulin Glargine Pen,Diabetes Care,Japan,547.23,9,267.4,Government Tender
2024-12-19,Omeprazole 20mg (28ct),Gastro,USA,256.95,21,102.48,Hospital
2024-12-20,Omeprazole 20mg (28ct),Gastro,Japan,373.34,29,138.86,Government Tender
2024-12-20,Atorvastatin 20mg (30ct),Cardiovascular,USA,473.3,23,163.5,Government Tender
2024-12-20,Amoxicillin 500mg (20ct),Antibiotics,USA,294.18,22,123.85,Hospital
2024-12-20,Multivitamin Complex,Supplements,USA,245.19,16,86.16,Hospital
2024-12-20,Loratadine 10mg (14ct),Allergy,Brazil,105.07,12,40.99,Hospital
2024-12-20,Omeprazole 20mg (28ct),Gastro,UK,225.4,19,94.87,Government Tender
2024-12-20,Multivitamin Complex,Supplements,UK,364.61,23,124.96,Retail Pharmacy
2024-12-20,Multivitamin Complex,Supplements,India,361.37,25,143.67,Hospital
2024-12-20,Insulin Glargine Pen,Diabetes Care,UK,1292.03,21,634.32,Retail Pharmacy
2024-12-21,Insulin Glargine Pen,Diabetes Care,Japan,1580.48,26,821.17,Retail Pharmacy
2024-12-21,Atorvastatin 20mg (30ct),Cardiovascular,USA,707.5,36,266.06,Government Tender
2024-12-21,Atorvastatin 20mg (30ct),Cardiovascular,Japan,109.38,6,43.12,Hospital
2024-12-21,Ibuprofen 400mg (30ct),Pain Relief,India,140.58,21,43.8,Government Tender
2024-12-21,Omeprazole 20mg (28ct),Gastro,Japan,340.62,32,162.88,Government Tender
2024-12-22,Amoxicillin 500mg (20ct),Antibiotics,UK,178.17,12,71.93,Retail Pharmacy
2024-12-22,Loratadine 10mg (14ct),Allergy,USA,164.59,19,63.67,Hospital
2024-12-22,Ibuprofen 400mg (30ct),Pain Relief,UK,189.23,27,57.24,Government Tender
2024-12-22,Multivitamin Complex,Supplements,India,322.26,20,112.97,Government Tender
2024-12-22,Salbutamol Inhaler,Respiratory,Germany,569.88,25,218.17,Retail Pharmacy
2024-12-22,Amoxicillin 500mg (20ct),Antibiotics,Brazil,110.77,8,46.73,Government Tender
2024-12-22,Insulin Glargine Pen,Diabetes Care,USA,269.33,4,120.12,Hospital
2024-12-22,Loratadine 10mg (14ct),Allergy,India,330.2,38,129.75,Hospital
2024-12-22,Insulin Glargine Pen,Diabetes Care,USA,1061.38,17,550.93,Government Tender
2024-12-22,Atorvastatin 20mg (30ct),Cardiovascular,UK,460.23,28,197.94,Retail Pharmacy
2024-12-22,Salbutamol Inhaler,Respiratory,USA,855.72,37,334.68,Hospital
2024-12-23,Omeprazole 20mg (28ct),Gastro,USA,386.3,32,162.24,Retail Pharmacy
2024-12-24,Salbutamol Inhaler,Respiratory,Brazil,1334.31,55,488.32,Retail Pharmacy
2024-12-24,Omeprazole 20mg (28ct),Gastro,Brazil,181.9,15,73.01,Hospital
2024-12-24,Amoxicillin 500mg (20ct),Antibiotics,UK,100.95,7,40.9,Hospital
2024-12-24,Salbutamol Inhaler,Respiratory,Brazil,1099.64,45,427.33,Hospital
2024-12-24,Amoxicillin 500mg (20ct),Antibiotics,Japan,254.84,17,102.67,Government Tender
2024-12-24,Atorvastatin 20mg (30ct),Cardiovascular,India,472.82,24,168.81,Retail Pharmacy
2024-12-25,Insulin Glargine Pen,Diabetes Care,UK,133.33,2,59.57,Hospital
2024-12-25,Insulin Glargine Pen,Diabetes Care,Germany,1092.96,16,503.19,Retail Pharmacy
2024-12-25,Multivitamin Complex,Supplements,Japan,155.8,10,56.0,Government Tender
2024-12-25,Insulin Glargine Pen,Diabetes Care,Japan,1601.53,22,648.9,Retail Pharmacy
2024-12-25,Atorvastatin 20mg (30ct),Cardiovascular,India,612.62,31,218.77,Hospital
2024-12-25,Loratadine 10mg (14ct),Allergy,USA,251.95,26,85.83,Hospital
2024-12-25,Multivitamin Complex,Supplements,India,380.34,27,154.29,Retail Pharmacy
2024-12-25,Insulin Glargine Pen,Diabetes Care,Germany,1105.91,15,470.07,Government Tender
2024-12-25,Amoxicillin 500mg (20ct),Antibiotics,India,15.15,1,5.94,Retail Pharmacy
2024-12-25,Salbutamol Inhaler,Respiratory,USA,663.16,32,282.37,Government Tender
2024-12-25,Amoxicillin 500mg (20ct),Antibiotics,India,501.69,35,212.85,Government Tender
2024-12-25,Atorvastatin 20mg (30ct),Cardiovascular,Germany,527.07,27,199.71,Government Tender
2024-12-26,Loratadine 10mg (14ct),Allergy,USA,458.45,48,163.59,Hospital
2024-12-26,Amoxicillin 500mg (20ct),Antibiotics,Germany,184.52,13,73.64,Government Tender
2024-12-26,Omeprazole 20mg (28ct),Gastro,Brazil,406.52,30,150.34,Government Tender
2024-12-26,Multivitamin Complex,Supplements,Brazil,1289.03,80,452.29,Government Tender
2024-12-26,Ibuprofen 400mg (30ct),Pain Relief,Japan,22.5,4,8.19,Hospital
2024-12-26,Amoxicillin 500mg (20ct),Antibiotics,Brazil,332.8,27,160.43,Retail Pharmacy
2024-12-26,Ibuprofen 400mg (30ct),Pain Relief,Brazil,59.32,9,18.35,Retail Pharmacy
2024-12-26,Omeprazole 20mg (28ct),Gastro,India,551.43,45,223.01,Government Tender
2024-12-26,Amoxicillin 500mg (20ct),Antibiotics,Brazil,256.08,19,110.29,Hospital
2024-12-28,Omeprazole 20mg (28ct),Gastro,India,130.55,10,47.2,Hospital
2024-12-28,Amoxicillin 500mg (20ct),Antibiotics,UK,144.87,11,64.81,Retail Pharmacy
2024-12-28,Insulin Glargine Pen,Diabetes Care,Japan,474.32,8,237.66,Retail Pharmacy
2024-12-28,Atorvastatin 20mg (30ct),Cardiovascular,Germany,364.14,22,156.23,Hospital
2024-12-28,Ibuprofen 400mg (30ct),Pain Relief,Brazil,133.52,20,40.15,Hospital
2024-12-28,Amoxicillin 500mg (20ct),Antibiotics,Japan,245.64,20,111.46,Retail Pharmacy
2024-12-28,Omeprazole 20mg (28ct),Gastro,USA,203.89,16,75.42,Hospital
2024-12-28,Loratadine 10mg (14ct),Allergy,UK,416.84,49,165.01,Retail Pharmacy
2024-12-28,Atorvastatin 20mg (30ct),Cardiovascular,Germany,1047.07,55,399.67,Retail Pharmacy
2024-12-28,Multivitamin Complex,Supplements,Japan,499.55,34,179.72,Hospital
2024-12-28,Atorvastatin 20mg (30ct),Cardiovascular,Germany,54.91,3,20.52,Hospital
2024-12-28,Atorvastatin 20mg (30ct),Cardiovascular,India,96.88,6,44.96,Government Tender
2024-12-29,Multivitamin Complex,Supplements,Germany,343.25,23,120.82,Retail Pharmacy
2024-12-29,Ibuprofen 400mg (30ct),Pain Relief,USA,64.76,10,21.59,Hospital
2024-12-29,Amoxicillin 500mg (20ct),Antibiotics,Germany,610.67,42,250.96,Retail Pharmacy
2024-12-29,Insulin Glargine Pen,Diabetes Care,UK,2111.63,36,1106.99,Government Tender
2024-12-30,Insulin Glargine Pen,Diabetes Care,Brazil,695.61,10,309.43,Retail Pharmacy
2024-12-30,Atorvastatin 20mg (30ct),Cardiovascular,UK,958.12,53,386.02,Retail Pharmacy
2024-12-30,Multivitamin Complex,Supplements,Japan,434.34,32,184.24,Hospital
2024-12-30,Loratadine 10mg (14ct),Allergy,India,52.43,5,17.29,Retail Pharmacy
2024-12-30,Salbutamol Inhaler,Respiratory,Brazil,1032.27,53,478.56,Retail Pharmacy
2024-12-30,Atorvastatin 20mg (30ct),Cardiovascular,India,183.99,10,72.81,Government Tender
2024-12-30,Loratadine 10mg (14ct),Allergy,India,186.43,20,68.49,Hospital
2024-12-30,Loratadine 10mg (14ct),Allergy,UK,283.28,31,108.85,Government Tender
2024-12-30,Ibuprofen 400mg (30ct),Pain Relief,Germany,64.62,11,23.68,Government Tender
2024-12-31,Insulin Glargine Pen,Diabetes Care,India,423.13,7,214.69,Government Tender
2024-12-31,Atorvastatin 20mg (30ct),Cardiovascular,Germany,277.27,17,128.07,Retail Pharmacy
2024-12-31,Amoxicillin 500mg (20ct),Antibiotics,USA,364.7,29,165.5,Retail Pharmacy
2024-12-31,Salbutamol Inhaler,Respiratory,USA,543.43,27,247.86,Government Tender
2024-12-31,Amoxicillin 500mg (20ct),Antibiotics,UK,262.72,19,106.61,Retail Pharmacy
2024-12-31,Salbutamol Inhaler,Respiratory,UK,299.19,13,123.16,Retail Pharmacy
2024-12-31,Salbutamol Inhaler,Respiratory,UK,542.73,23,204.75,Hospital
2024-12-31,Insulin Glargine Pen,Diabetes Care,Germany,1850.5,25,745.23,Government Tender
