Date,Product,Category,Country,Revenue,Quantity,Cost,Customer_Segment
2023-01-01,Smartwatch Lite,Electronics,Portugal,3654.75,23,1741.54,In-Store
2023-01-01,Adjustable Dumbbells,Fitness,Italy,2076.14,9,1006.77,In-Store
2023-01-01,Trail Sneakers,Footwear,Netherlands,2056.49,28,1009.34,Online
2023-01-01,Yoga Mat,Fitness,France,1493.65,40,533.33,Online
2023-01-01,Denim Jacket,Apparel,Netherlands,1363.7,15,751.89,In-Store
2023-01-01,Running Shoes Pro,Footwear,France,5913.72,71,2983.89,Wholesale
2023-01-01,Smartwatch Lite,Electronics,Spain,4451.88,28,2110.63,Wholesale
2023-01-01,Trail Sneakers,Footwear,France,668.19,10,360.2,Online
2023-01-01,Trail Sneakers,Footwear,France,4863.51,65,2326.44,Online
2023-01-02,Yoga Mat,Fitness,Netherlands,525.47,14,188.34,Wholesale
2023-01-02,Yoga Mat,Fitness,Germany,1142.72,32,444.45,Online
2023-01-02,Smartwatch Lite,Electronics,Spain,4236.55,30,2228.54,Wholesale
2023-01-02,Cotton T-Shirt,Apparel,Italy,84.43,4,31.96,Wholesale
2023-01-02,Adjustable Dumbbells,Fitness,Portugal,5976.25,31,3396.37,Online
2023-01-02,Yoga Mat,Fitness,France,559.69,17,228.91,Online
2023-01-02,Cotton T-Shirt,Apparel,Netherlands,837.02,35,293.03,Online
2023-01-03,Wireless Earbuds,Electronics,Germany,6147.29,44,2725.0,Online
2023-01-03,Trail Sneakers,Footwear,Portugal,1459.18,20,665.12,Wholesale
2023-01-03,Trail Sneakers,Footwear,Italy,1648.71,24,831.93,Online
2023-01-03,Adjustable Dumbbells,Fitness,Spain,3392.96,15,1651.02,In-Store
2023-01-03,Denim Jacket,Apparel,Italy,1715.15,21,962.5,In-Store
2023-01-03,Cotton T-Shirt,Apparel,Portugal,637.69,29,224.51,Online
2023-01-03,Cotton T-Shirt,Apparel,Netherlands,1047.49,54,449.16,Online
2023-01-03,Wireless Earbuds,Electronics,Portugal,1521.38,11,652.6,Online
2023-01-03,Wireless Earbuds,Electronics,Spain,235.69,2,122.32,Wholesale
2023-01-03,Cotton T-Shirt,Apparel,France,85.12,4,33.42,In-Store
2023-01-03,Cotton T-Shirt,Apparel,Germany,142.52,7,58.75,Online
2023-01-03,Cotton T-Shirt,Apparel,Germany,959.19,41,324.62,In-Store
2023-01-03,Cotton T-Shirt,Apparel,Portugal,203.0,9,74.52,In-Store
2023-01-03,Trail Sneakers,Footwear,Germany,365.58,5,166.79,Wholesale
2023-01-03,Trail Sneakers,Footwear,Italy,1573.77,21,738.48,In-Store
2023-01-04,Running Shoes Pro,Footwear,Netherlands,3562.78,44,1937.95,Online
2023-01-04,Adjustable Dumbbells,Fitness,Netherlands,4720.5,23,2592.6,Online
2023-01-04,Denim Jacket,Apparel,Italy,1454.85,16,793.6,Wholesale
2023-01-04,Running Shoes Pro,Footwear,Spain,323.83,4,173.87,Online
2023-01-04,Adjustable Dumbbells,Fitness,Italy,2570.62,12,1316.91,Wholesale
2023-01-04,Trail Sneakers,Footwear,Italy,2666.81,39,1349.85,In-Store
2023-01-04,Yoga Mat,Fitness,Italy,1252.77,36,498.94,Wholesale
2023-01-04,Yoga Mat,Fitness,Italy,754.61,20,280.95,In-Store
2023-01-04,Adjustable Dumbbells,Fitness,Netherlands,2032.61,10,1098.46,Wholesale
2023-01-04,Running Shoes Pro,Footwear,Portugal,1317.41,14,614.24,In-Store
2023-01-04,Running Shoes Pro,Footwear,Germany,3360.65,35,1456.17,Online
2023-01-04,Yoga Mat,Fitness,Italy,1645.71,46,652.81,Online
2023-01-04,Denim Jacket,Apparel,France,5351.79,54,2684.14,Wholesale
2023-01-04,Yoga Mat,Fitness,Italy,603.07,19,266.33,Online
2023-01-05,Cotton T-Shirt,Apparel,Netherlands,329.9,15,122.17,Online
2023-01-05,Running Shoes Pro,Footwear,Portugal,3723.94,40,1623.25,Wholesale
2023-01-05,Cotton T-Shirt,Apparel,Germany,464.28,21,164.66,Online
2023-01-05,Adjustable Dumbbells,Fitness,Germany,1305.45,7,765.99,Wholesale
2023-01-05,Trail Sneakers,Footwear,Germany,482.4,7,239.09,Online
2023-01-05,Adjustable Dumbbells,Fitness,Netherlands,5020.27,28,3185.47,Online
2023-01-05,Running Shoes Pro,Footwear,Germany,815.8,9,385.06,In-Store
2023-01-05,Denim Jacket,Apparel,Germany,4347.76,42,1915.77,Wholesale
2023-01-05,Smartwatch Lite,Electronics,France,10139.03,58,4270.45,Wholesale
2023-01-06,Wireless Earbuds,Electronics,France,5917.95,47,2889.35,Online
2023-01-06,Denim Jacket,Apparel,Italy,1961.05,24,1136.37,In-Store
2023-01-06,Denim Jacket,Apparel,France,3736.1,43,2131.68,In-Store
2023-01-06,Trail Sneakers,Footwear,Italy,2568.67,32,1138.55,Wholesale
2023-01-06,Cotton T-Shirt,Apparel,France,787.38,34,260.11,Online
2023-01-07,Running Shoes Pro,Footwear,Germany,1677.54,18,737.2,Online
2023-01-07,Yoga Mat,Fitness,Germany,855.15,25,360.18,Wholesale
2023-01-07,Running Shoes Pro,Footwear,Netherlands,1226.44,13,558.99,Online
2023-01-07,Running Shoes Pro,Footwear,Netherlands,2963.26,39,1639.45,In-Store
2023-01-07,Wireless Earbuds,Electronics,Netherlands,2336.86,19,1148.49,In-Store
2023-01-07,Denim Jacket,Apparel,Italy,3213.82,31,1502.12,Online
2023-01-07,Smartwatch Lite,Electronics,Portugal,2524.57,16,1201.97,Wholesale
2023-01-07,Yoga Mat,Fitness,Portugal,368.4,10,140.19,Wholesale
2023-01-07,Yoga Mat,Fitness,Germany,754.12,21,295.83,In-Store
2023-01-07,Running Shoes Pro,Footwear,Germany,1504.02,16,705.52,In-Store
2023-01-08,Wireless Earbuds,Electronics,Italy,5018.29,36,2172.28,Wholesale
2023-01-08,Yoga Mat,Fitness,Italy,796.86,24,333.9,Online
2023-01-08,Cotton T-Shirt,Apparel,France,344.99,15,122.27,Wholesale
2023-01-08,Adjustable Dumbbells,Fitness,Italy,3534.68,19,2148.15,In-Store
2023-01-08,Denim Jacket,Apparel,Netherlands,520.02,6,284.18,Wholesale
2023-01-08,Denim Jacket,Apparel,Spain,1646.07,18,847.79,In-Store
2023-01-08,Wireless Earbuds,Electronics,Spain,812.46,7,417.44,In-Store
2023-01-09,Adjustable Dumbbells,Fitness,Portugal,7646.34,37,4054.92,Wholesale
2023-01-09,Running Shoes Pro,Footwear,Italy,443.49,5,218.71,In-Store
2023-01-09,Trail Sneakers,Footwear,France,2042.8,29,1019.44,Wholesale
2023-01-09,Denim Jacket,Apparel,Germany,1694.57,19,903.82,In-Store
2023-01-09,Cotton T-Shirt,Apparel,Spain,441.7,23,186.6,Wholesale
2023-01-09,Wireless Earbuds,Electronics,Portugal,3065.02,22,1318.24,Wholesale
2023-01-09,Adjustable Dumbbells,Fitness,France,4144.16,23,2535.45,Online
2023-01-09,Cotton T-Shirt,Apparel,Spain,1365.17,58,445.74,Wholesale
2023-01-10,Cotton T-Shirt,Apparel,Germany,1326.54,58,473.54,In-Store
2023-01-10,Adjustable Dumbbells,Fitness,Germany,7583.47,40,4506.2,In-Store
2023-01-10,Wireless Earbuds,Electronics,France,1858.42,16,979.19,Wholesale
2023-01-10,Yoga Mat,Fitness,Spain,368.39,10,143.08,Online
2023-01-10,Denim Jacket,Apparel,Portugal,444.43,5,243.42,In-Store
2023-01-10,Adjustable Dumbbells,Fitness,Spain,4402.53,24,2742.87,Wholesale
2023-01-10,Cotton T-Shirt,Apparel,Portugal,452.51,22,171.6,In-Store
2023-01-10,Smartwatch Lite,Electronics,Netherlands,6022.49,36,2764.67,In-Store
2023-01-11,Trail Sneakers,Footwear,Portugal,4702.79,71,2538.7,Online
2023-01-11,Wireless Earbuds,Electronics,Germany,4623.95,34,2093.74,Wholesale
2023-01-11,Running Shoes Pro,Footwear,Spain,2342.83,24,1002.16,Wholesale
2023-01-11,Denim Jacket,Apparel,Spain,1969.29,20,934.64,In-Store
2023-01-11,Wireless Earbuds,Electronics,France,1134.54,9,565.77,Wholesale
2023-01-11,Adjustable Dumbbells,Fitness,France,1483.34,7,764.48,In-Store
2023-01-11,Adjustable Dumbbells,Fitness,France,3759.33,20,2224.99,Online
2023-01-11,Trail Sneakers,Footwear,Spain,556.62,7,242.3,Online
2023-01-12,Trail Sneakers,Footwear,France,696.0,11,371.81,Online
2023-01-12,Adjustable Dumbbells,Fitness,Germany,5984.57,29,3157.16,Online
2023-01-12,Trail Sneakers,Footwear,Spain,2871.05,40,1466.93,In-Store
2023-01-12,Yoga Mat,Fitness,Germany,1335.96,36,493.86,In-Store
2023-01-12,Wireless Earbuds,Electronics,France,3110.31,23,1325.14,In-Store
2023-01-12,Yoga Mat,Fitness,Italy,330.22,9,128.97,Wholesale
2023-01-12,Wireless Earbuds,Electronics,Spain,4603.34,37,2200.87,Wholesale
2023-01-12,Smartwatch Lite,Electronics,Italy,6720.46,41,3158.31,Wholesale
2023-01-12,Yoga Mat,Fitness,Spain,310.62,9,127.77,Online
2023-01-12,Smartwatch Lite,Electronics,Italy,4732.04,30,2261.74,In-Store
2023-01-12,Adjustable Dumbbells,Fitness,France,2503.23,12,1281.61,In-Store
2023-01-13,Wireless Earbuds,Electronics,Netherlands,3464.82,26,1498.47,Online
2023-01-13,Trail Sneakers,Footwear,Portugal,3050.94,40,1469.12,Wholesale
2023-01-13,Adjustable Dumbbells,Fitness,France,1999.07,10,1130.55,In-Store
2023-01-13,Smartwatch Lite,Electronics,Spain,2159.68,13,987.34,Wholesale
2023-01-13,Adjustable Dumbbells,Fitness,Germany,4798.05,24,2632.69,Online
2023-01-14,Yoga Mat,Fitness,Italy,954.04,31,415.29,In-Store
2023-01-14,Wireless Earbuds,Electronics,Spain,3310.05,28,1641.61,Wholesale
2023-01-15,Yoga Mat,Fitness,Netherlands,766.3,22,319.64,Online
2023-01-16,Wireless Earbuds,Electronics,Portugal,242.4,2,121.45,Wholesale
2023-01-16,Denim Jacket,Apparel,Spain,3514.45,34,1703.89,In-Store
2023-01-16,Trail Sneakers,Footwear,France,996.58,13,447.37,Wholesale
2023-01-16,Denim Jacket,Apparel,France,2981.43,31,1466.93,In-Store
2023-01-16,Yoga Mat,Fitness,Spain,874.67,26,361.92,Wholesale
2023-01-16,Smartwatch Lite,Electronics,Portugal,5356.17,36,2649.75,In-Store
2023-01-17,Yoga Mat,Fitness,Spain,880.37,24,350.85,In-Store
2023-01-17,Cotton T-Shirt,Apparel,Spain,176.28,9,72.01,Online
2023-01-17,Denim Jacket,Apparel,Netherlands,1273.66,13,639.9,In-Store
2023-01-17,Trail Sneakers,Footwear,France,679.03,9,322.27,Online
2023-01-17,Denim Jacket,Apparel,France,2590.31,25,1150.89,Online
2023-01-17,Yoga Mat,Fitness,Spain,763.99,20,279.2,Online
2023-01-18,Smartwatch Lite,Electronics,Spain,2306.89,17,1265.43,Online
2023-01-18,Cotton T-Shirt,Apparel,Germany,149.61,7,53.77,Online
2023-01-18,Yoga Mat,Fitness,Italy,150.69,4,57.25,Online
2023-01-18,Denim Jacket,Apparel,Portugal,6453.27,64,3110.03,Online
2023-01-19,Wireless Earbuds,Electronics,Netherlands,1097.84,10,574.23,In-Store
2023-01-19,Denim Jacket,Apparel,Germany,1873.01,20,992.4,Wholesale
2023-01-19,Wireless Earbuds,Electronics,Netherlands,7713.34,55,3149.78,Online
2023-01-19,Denim Jacket,Apparel,Spain,2170.83,23,1124.35,In-Store
2023-01-19,Yoga Mat,Fitness,France,1415.27,37,533.14,Online
2023-01-19,Denim Jacket,Apparel,France,1846.61,20,959.56,Online
2023-01-19,Cotton T-Shirt,Apparel,France,479.29,21,171.96,In-Store
2023-01-19,Wireless Earbuds,Electronics,Spain,1518.9,12,728.28,Online
2023-01-19,Running Shoes Pro,Footwear,Spain,1623.84,17,691.72,Online
2023-01-19,Cotton T-Shirt,Apparel,Spain,379.92,19,147.46,Online
2023-01-19,Adjustable Dumbbells,Fitness,France,7804.32,37,4142.57,Online
2023-01-19,Yoga Mat,Fitness,France,583.46,18,263.12,In-Store
2023-01-19,Trail Sneakers,Footwear,Italy,2777.1,41,1450.93,Wholesale
2023-01-19,Yoga Mat,Fitness,Spain,810.11,24,348.74,Online
2023-01-19,Running Shoes Pro,Footwear,Spain,1176.0,14,563.04,In-Store
2023-01-19,Running Shoes Pro,Footwear,Spain,2669.01,30,1294.89,In-Store
2023-01-19,Wireless Earbuds,Electronics,Portugal,988.17,8,468.66,In-Store
2023-01-19,Cotton T-Shirt,Apparel,Germany,262.89,14,117.24,Online
2023-01-20,Adjustable Dumbbells,Fitness,Germany,3394.53,16,1704.55,Online
2023-01-20,Wireless Earbuds,Electronics,Portugal,2071.12,15,912.19,Online
2023-01-20,Denim Jacket,Apparel,France,4527.18,56,2673.29,Wholesale
2023-01-20,Denim Jacket,Apparel,Italy,782.36,9,428.49,Online
2023-01-20,Denim Jacket,Apparel,Portugal,475.26,5,235.1,Online
2023-01-20,Yoga Mat,Fitness,Italy,63.0,2,26.64,Online
2023-01-20,Smartwatch Lite,Electronics,Germany,2187.6,16,1236.32,Online
2023-01-20,Denim Jacket,Apparel,Portugal,3318.13,37,1710.84,Online
2023-01-21,Adjustable Dumbbells,Fitness,Germany,2637.23,13,1384.06,In-Store
2023-01-21,Cotton T-Shirt,Apparel,Germany,1244.68,54,415.16,Online
2023-01-21,Wireless Earbuds,Electronics,Spain,2943.86,21,1235.03,Wholesale
2023-01-21,Running Shoes Pro,Footwear,Portugal,176.18,2,83.42,Wholesale
2023-01-21,Wireless Earbuds,Electronics,France,4200.95,30,1755.85,In-Store
2023-01-21,Adjustable Dumbbells,Fitness,Germany,8446.89,37,3937.87,Online
2023-01-21,Smartwatch Lite,Electronics,Portugal,1350.52,8,579.63,Online
2023-01-21,Adjustable Dumbbells,Fitness,Germany,1428.22,7,807.4,In-Store
2023-01-21,Yoga Mat,Fitness,Netherlands,1238.27,38,535.39,Wholesale
2023-01-21,Denim Jacket,Apparel,Germany,2003.58,22,1100.7,In-Store
2023-01-22,Trail Sneakers,Footwear,Germany,1188.98,16,544.84,In-Store
2023-01-22,Cotton T-Shirt,Apparel,France,593.56,25,202.61,In-Store
2023-01-22,Yoga Mat,Fitness,Portugal,510.03,17,228.96,In-Store
2023-01-22,Denim Jacket,Apparel,Italy,4125.46,44,2153.4,Online
2023-01-22,Trail Sneakers,Footwear,Spain,1318.49,17,600.42,Wholesale
2023-01-22,Cotton T-Shirt,Apparel,Netherlands,580.89,28,225.7,Online
2023-01-22,Denim Jacket,Apparel,Netherlands,1119.1,11,517.47,Online
2023-01-22,Running Shoes Pro,Footwear,Germany,1696.54,22,943.82,In-Store
2023-01-23,Smartwatch Lite,Electronics,Portugal,3640.8,21,1637.75,Wholesale
2023-01-23,Yoga Mat,Fitness,Germany,241.99,7,100.91,Wholesale
2023-01-23,Smartwatch Lite,Electronics,Netherlands,3860.32,23,1663.09,In-Store
2023-01-24,Cotton T-Shirt,Apparel,Italy,410.51,19,157.65,Wholesale
2023-01-24,Denim Jacket,Apparel,Spain,5794.12,60,2837.15,Online
2023-01-24,Smartwatch Lite,Electronics,Portugal,4852.47,33,2592.37,In-Store
2023-01-24,Denim Jacket,Apparel,Portugal,4442.18,45,2196.69,In-Store
2023-01-25,Wireless Earbuds,Electronics,Netherlands,1858.35,15,892.66,In-Store
2023-01-25,Smartwatch Lite,Electronics,France,1755.65,11,849.48,In-Store
2023-01-25,Trail Sneakers,Footwear,Netherlands,529.95,8,284.1,Online
2023-01-25,Adjustable Dumbbells,Fitness,Germany,1624.96,8,921.82,Wholesale
2023-01-25,Running Shoes Pro,Footwear,Netherlands,1105.87,12,505.14,Wholesale
2023-01-25,Trail Sneakers,Footwear,Italy,917.08,13,460.64,In-Store
2023-01-25,Denim Jacket,Apparel,Netherlands,165.63,2,96.46,In-Store
2023-01-25,Denim Jacket,Apparel,Italy,3140.88,34,1583.1,Online
2023-01-25,Trail Sneakers,Footwear,Netherlands,1022.95,15,535.76,Online
2023-01-26,Wireless Earbuds,Electronics,France,1547.82,12,741.48,Wholesale
2023-01-26,Yoga Mat,Fitness,Germany,283.74,8,111.93,Wholesale
2023-01-26,Running Shoes Pro,Footwear,France,881.29,10,409.67,Wholesale
2023-01-27,Trail Sneakers,Footwear,Germany,471.43,6,202.52,In-Store
2023-01-27,Smartwatch Lite,Electronics,Italy,3540.94,22,1649.62,In-Store
2023-01-27,Yoga Mat,Fitness,Netherlands,842.18,22,316.35,Wholesale
2023-01-27,Smartwatch Lite,Electronics,France,8035.82,55,4289.49,In-Store
2023-01-27,Adjustable Dumbbells,Fitness,France,11887.58,57,6311.24,In-Store
2023-01-27,Trail Sneakers,Footwear,Portugal,270.07,4,134.66,In-Store
2023-01-27,Adjustable Dumbbells,Fitness,Spain,2003.21,11,1185.19,Wholesale
2023-01-27,Wireless Earbuds,Electronics,France,5289.41,45,2671.27,Wholesale
2023-01-27,Smartwatch Lite,Electronics,Spain,4286.33,27,2090.71,In-Store
2023-01-27,Smartwatch Lite,Electronics,Germany,2035.59,15,1171.4,Online
2023-01-28,Adjustable Dumbbells,Fitness,Germany,2769.75,14,1563.42,Online
2023-01-28,Denim Jacket,Apparel,Netherlands,1174.06,14,674.69,In-Store
2023-01-28,Smartwatch Lite,Electronics,Spain,6958.16,48,3469.56,Online
2023-01-28,Cotton T-Shirt,Apparel,Portugal,306.91,16,134.34,Wholesale
2023-01-28,Wireless Earbuds,Electronics,Netherlands,2967.06,23,1384.28,Online
2023-01-28,Running Shoes Pro,Footwear,Portugal,2391.29,25,1028.2,In-Store
2023-01-28,Cotton T-Shirt,Apparel,Portugal,287.21,13,100.97,Wholesale
2023-01-28,Wireless Earbuds,Electronics,Portugal,8827.99,67,3989.91,Wholesale
2023-01-28,Trail Sneakers,Footwear,Italy,2848.05,36,1217.51,In-Store
2023-01-28,Smartwatch Lite,Electronics,Netherlands,3794.42,28,2043.26,Wholesale
2023-01-28,Wireless Earbuds,Electronics,France,3118.52,28,1667.09,Online
2023-01-29,Trail Sneakers,Footwear,Spain,1300.1,17,616.74,In-Store
2023-01-29,Trail Sneakers,Footwear,Italy,676.13,10,337.49,Wholesale
2023-01-29,Yoga Mat,Fitness,Germany,813.64,25,360.07,Online
2023-01-29,Adjustable Dumbbells,Fitness,France,7376.85,34,3659.34,Wholesale
2023-01-29,Adjustable Dumbbells,Fitness,Spain,623.79,3,329.36,Online
2023-01-29,Denim Jacket,Apparel,Netherlands,659.3,8,377.39,Wholesale
2023-01-29,Trail Sneakers,Footwear,Netherlands,3380.79,50,1663.85,Wholesale
2023-01-29,Smartwatch Lite,Electronics,Italy,2301.0,17,1284.58,Online
2023-01-29,Running Shoes Pro,Footwear,Spain,1956.58,20,807.39,In-Store
2023-01-30,Adjustable Dumbbells,Fitness,France,5131.32,28,3041.03,In-Store
2023-01-30,Wireless Earbuds,Electronics,Netherlands,3540.89,25,1504.71,In-Store
2023-01-30,Adjustable Dumbbells,Fitness,Germany,3844.61,19,2169.11,Online
2023-01-30,Trail Sneakers,Footwear,Netherlands,1099.72,15,515.5,Online
2023-01-30,Running Shoes Pro,Footwear,Italy,3003.78,37,1553.8,Online
2023-01-30,Denim Jacket,Apparel,Germany,4442.43,44,2039.18,Online
2023-01-30,Adjustable Dumbbells,Fitness,Netherlands,4502.5,21,2411.15,Wholesale
2023-01-31,Smartwatch Lite,Electronics,Germany,4009.97,27,2123.75,In-Store
2023-01-31,Smartwatch Lite,Electronics,Portugal,5202.42,30,2274.78,Wholesale
2023-01-31,Smartwatch Lite,Electronics,Italy,4826.83,35,2683.64,Wholesale
2023-01-31,Trail Sneakers,Footwear,Italy,2209.35,28,939.49,Wholesale
2023-01-31,Smartwatch Lite,Electronics,Germany,1502.87,11,810.48,Online
2023-01-31,Trail Sneakers,Footwear,Germany,1564.79,20,684.32,In-Store
2023-01-31,Wireless Earbuds,Electronics,Italy,846.87,6,352.79,In-Store
2023-01-31,Smartwatch Lite,Electronics,Portugal,7947.14,49,3576.13,Online
2023-01-31,Cotton T-Shirt,Apparel,Germany,570.4,24,190.81,Online
2023-01-31,Wireless Earbuds,Electronics,France,3385.45,25,1463.47,Wholesale
2023-02-01,Trail Sneakers,Footwear,Spain,423.93,6,219.4,Online
2023-02-01,Wireless Earbuds,Electronics,Germany,3851.81,31,1783.32,In-Store
2023-02-01,Trail Sneakers,Footwear,Portugal,2104.76,31,1094.65,Wholesale
2023-02-01,Trail Sneakers,Footwear,Spain,914.32,13,462.07,Online
2023-02-01,Yoga Mat,Fitness,Germany,1840.08,49,673.44,Online
2023-02-01,Cotton T-Shirt,Apparel,Germany,512.19,23,182.7,In-Store
2023-02-01,Running Shoes Pro,Footwear,Spain,668.51,8,341.89,Online
2023-02-01,Denim Jacket,Apparel,Italy,879.09,10,465.29,Online
2023-02-01,Wireless Earbuds,Electronics,Germany,4186.2,37,2261.7,In-Store
2023-02-01,Adjustable Dumbbells,Fitness,Netherlands,924.97,5,558.15,Online
2023-02-02,Smartwatch Lite,Electronics,Portugal,5378.6,33,2580.46,In-Store
2023-02-02,Cotton T-Shirt,Apparel,France,136.45,7,56.62,In-Store
2023-02-02,Yoga Mat,Fitness,Germany,712.96,21,301.8,In-Store
2023-02-02,Yoga Mat,Fitness,Italy,129.04,4,53.53,Online
2023-02-02,Trail Sneakers,Footwear,France,2634.56,33,1160.87,Wholesale
2023-02-02,Wireless Earbuds,Electronics,Netherlands,1663.56,14,845.28,Wholesale
2023-02-02,Cotton T-Shirt,Apparel,Portugal,138.08,6,48.48,In-Store
2023-02-02,Wireless Earbuds,Electronics,Portugal,1553.55,11,681.66,Online
2023-02-02,Cotton T-Shirt,Apparel,Netherlands,418.77,19,149.08,Online
2023-02-03,Cotton T-Shirt,Apparel,Italy,338.4,17,132.02,Online
2023-02-03,Yoga Mat,Fitness,Spain,1746.19,52,705.88,In-Store
2023-02-03,Smartwatch Lite,Electronics,Spain,2289.11,15,1141.2,In-Store
2023-02-03,Adjustable Dumbbells,Fitness,France,5473.59,24,2669.47,Wholesale
2023-02-03,Yoga Mat,Fitness,Germany,974.88,29,408.71,In-Store
2023-02-03,Running Shoes Pro,Footwear,Italy,1472.07,18,753.77,Wholesale
2023-02-03,Smartwatch Lite,Electronics,Netherlands,3228.86,21,1602.85,Online
2023-02-03,Trail Sneakers,Footwear,Spain,2306.14,32,1076.4,In-Store
2023-02-03,Denim Jacket,Apparel,Italy,1765.44,19,952.07,Online
2023-02-03,Trail Sneakers,Footwear,Germany,1168.44,15,542.33,Online
2023-02-04,Running Shoes Pro,Footwear,Spain,974.34,11,459.75,In-Store
2023-02-04,Adjustable Dumbbells,Fitness,Netherlands,5939.62,27,3113.2,In-Store
2023-02-04,Adjustable Dumbbells,Fitness,Portugal,6970.27,39,4291.81,Online
2023-02-04,Running Shoes Pro,Footwear,Netherlands,1247.0,14,588.97,Wholesale
2023-02-04,Wireless Earbuds,Electronics,France,2893.08,25,1429.69,Online
2023-02-04,Cotton T-Shirt,Apparel,Portugal,780.66,40,309.74,In-Store
2023-02-05,Denim Jacket,Apparel,Netherlands,584.98,6,296.51,Online
2023-02-05,Denim Jacket,Apparel,Netherlands,3719.42,46,2211.23,Online
2023-02-06,Smartwatch Lite,Electronics,Portugal,2547.68,18,1285.46,Wholesale
2023-02-06,Running Shoes Pro,Footwear,Italy,1165.03,12,514.13,Wholesale
2023-02-06,Denim Jacket,Apparel,Italy,1887.76,22,1022.17,In-Store
2023-02-06,Yoga Mat,Fitness,France,300.74,9,122.5,Online
2023-02-06,Yoga Mat,Fitness,Netherlands,597.05,16,224.19,Online
2023-02-06,Running Shoes Pro,Footwear,Portugal,1624.14,20,866.99,Online
2023-02-06,Smartwatch Lite,Electronics,Germany,7489.21,46,3480.79,In-Store
2023-02-06,Running Shoes Pro,Footwear,Netherlands,1340.79,14,567.48,In-Store
2023-02-06,Wireless Earbuds,Electronics,Spain,4129.65,34,1997.88,Online
2023-02-06,Running Shoes Pro,Footwear,Spain,2418.82,26,1117.03,Wholesale
2023-02-06,Adjustable Dumbbells,Fitness,Spain,2503.92,11,1250.06,In-Store
2023-02-07,Cotton T-Shirt,Apparel,Netherlands,272.87,13,108.55,Wholesale
2023-02-07,Smartwatch Lite,Electronics,Netherlands,5055.2,33,2511.4,Online
2023-02-07,Wireless Earbuds,Electronics,Portugal,1381.2,11,638.31,In-Store
2023-02-07,Denim Jacket,Apparel,Portugal,692.94,8,397.79,Wholesale
2023-02-07,Running Shoes Pro,Footwear,Portugal,1521.74,19,800.03,Wholesale
2023-02-07,Trail Sneakers,Footwear,France,2679.82,33,1200.84,In-Store
2023-02-07,Cotton T-Shirt,Apparel,Portugal,639.99,34,273.7,Wholesale
2023-02-07,Wireless Earbuds,Electronics,Netherlands,129.41,1,60.94,In-Store
2023-02-07,Cotton T-Shirt,Apparel,Portugal,351.38,15,115.13,Wholesale
2023-02-07,Trail Sneakers,Footwear,Germany,704.65,9,325.12,Wholesale
2023-02-08,Smartwatch Lite,Electronics,Portugal,4149.14,25,1881.51,Wholesale
2023-02-08,Smartwatch Lite,Electronics,Netherlands,1156.42,7,529.39,Online
2023-02-08,Running Shoes Pro,Footwear,Italy,2072.23,22,941.35,In-Store
2023-02-08,Wireless Earbuds,Electronics,Spain,2466.48,20,1218.33,Wholesale
2023-02-08,Wireless Earbuds,Electronics,France,1329.28,12,730.96,Online
2023-02-08,Adjustable Dumbbells,Fitness,Italy,8819.71,40,4227.81,Online
2023-02-08,Yoga Mat,Fitness,France,1317.14,40,559.4,In-Store
2023-02-09,Smartwatch Lite,Electronics,Spain,2516.55,18,1292.92,In-Store
2023-02-09,Wireless Earbuds,Electronics,Spain,3710.95,28,1625.09,In-Store
2023-02-09,Denim Jacket,Apparel,Portugal,1151.65,13,652.29,Wholesale
2023-02-09,Smartwatch Lite,Electronics,Italy,3442.44,22,1668.63,Online
2023-02-09,Trail Sneakers,Footwear,France,2183.88,31,1115.13,Online
2023-02-09,Trail Sneakers,Footwear,Germany,1649.55,23,786.03,Online
2023-02-09,Yoga Mat,Fitness,Germany,1203.7,37,518.23,In-Store
2023-02-09,Cotton T-Shirt,Apparel,Netherlands,399.66,17,136.45,Wholesale
2023-02-09,Trail Sneakers,Footwear,Netherlands,1390.38,20,725.2,Online
2023-02-09,Running Shoes Pro,Footwear,Germany,6399.23,69,2899.75,Wholesale
2023-02-09,Cotton T-Shirt,Apparel,France,447.84,20,156.77,Online
2023-02-09,Cotton T-Shirt,Apparel,Spain,807.36,36,275.81,In-Store
2023-02-09,Smartwatch Lite,Electronics,Italy,282.61,2,143.0,Online
2023-02-09,Running Shoes Pro,Footwear,France,2531.83,26,1038.0,Online
2023-02-09,Denim Jacket,Apparel,France,970.79,10,456.24,Wholesale
2023-02-10,Running Shoes Pro,Footwear,Portugal,863.88,11,472.87,Wholesale
2023-02-10,Cotton T-Shirt,Apparel,France,372.97,16,128.11,Wholesale
2023-02-10,Wireless Earbuds,Electronics,Netherlands,5858.59,45,2708.37,Online
2023-02-10,Yoga Mat,Fitness,Netherlands,832.1,24,326.74,Wholesale
2023-02-10,Smartwatch Lite,Electronics,Germany,1702.86,10,717.39,In-Store
2023-02-10,Trail Sneakers,Footwear,Germany,300.72,4,142.5,Online
2023-02-10,Wireless Earbuds,Electronics,Italy,2972.41,26,1625.82,Online
2023-02-10,Wireless Earbuds,Electronics,Germany,5506.16,42,2496.7,Wholesale
2023-02-11,Cotton T-Shirt,Apparel,Spain,189.92,9,72.74,Wholesale
2023-02-11,Trail Sneakers,Footwear,Portugal,1288.86,17,615.11,Wholesale
2023-02-11,Yoga Mat,Fitness,Spain,944.75,25,357.59,Online
2023-02-11,Cotton T-Shirt,Apparel,Germany,112.9,6,45.99,Online
2023-02-12,Yoga Mat,Fitness,Germany,781.94,22,312.02,Wholesale
2023-02-12,Wireless Earbuds,Electronics,Netherlands,2906.65,23,1420.97,Online
2023-02-12,Yoga Mat,Fitness,Netherlands,1072.99,29,407.15,In-Store
2023-02-12,Adjustable Dumbbells,Fitness,Germany,3733.78,20,2164.83,In-Store
2023-02-12,Smartwatch Lite,Electronics,Germany,6841.14,41,3165.38,In-Store
2023-02-12,Running Shoes Pro,Footwear,Germany,773.91,8,334.18,Wholesale
2023-02-12,Trail Sneakers,Footwear,France,1096.83,15,511.52,In-Store
2023-02-12,Cotton T-Shirt,Apparel,Spain,250.38,13,108.57,Wholesale
2023-02-12,Running Shoes Pro,Footwear,Italy,2277.91,28,1129.53,Wholesale
2023-02-12,Denim Jacket,Apparel,Spain,1534.56,19,917.27,Wholesale
2023-02-12,Smartwatch Lite,Electronics,Italy,2595.73,16,1163.03,Wholesale
2023-02-12,Trail Sneakers,Footwear,Portugal,2832.8,37,1257.77,In-Store
2023-02-13,Trail Sneakers,Footwear,Italy,1785.53,22,759.18,Online
2023-02-13,Yoga Mat,Fitness,Italy,458.81,12,166.0,Online
2023-02-13,Smartwatch Lite,Electronics,France,4209.22,26,1992.5,Wholesale
2023-02-13,Running Shoes Pro,Footwear,Germany,4274.57,46,1877.16,Online
2023-02-13,Trail Sneakers,Footwear,Netherlands,3371.14,53,1876.88,Online
2023-02-13,Running Shoes Pro,Footwear,Italy,986.3,13,551.66,Wholesale
2023-02-13,Wireless Earbuds,Electronics,Italy,3606.27,30,1866.73,Wholesale
2023-02-14,Yoga Mat,Fitness,Germany,998.13,26,354.72,In-Store
2023-02-14,Running Shoes Pro,Footwear,France,2535.53,29,1278.03,Wholesale
2023-02-14,Wireless Earbuds,Electronics,Spain,2293.24,17,1056.44,In-Store
2023-02-14,Wireless Earbuds,Electronics,Germany,1443.04,12,736.63,In-Store
2023-02-14,Adjustable Dumbbells,Fitness,Italy,4030.29,19,2026.55,Online
2023-02-14,Wireless Earbuds,Electronics,France,2258.25,16,979.98,Wholesale
2023-02-14,Adjustable Dumbbells,Fitness,Portugal,3480.95,19,2001.16,In-Store
2023-02-14,Wireless Earbuds,Electronics,Italy,3733.62,32,1877.14,In-Store
2023-02-14,Cotton T-Shirt,Apparel,Portugal,198.39,9,70.75,In-Store
2023-02-14,Wireless Earbuds,Electronics,Germany,5715.2,43,2586.48,Wholesale
2023-02-14,Wireless Earbuds,Electronics,Spain,2228.56,18,1105.29,Online
2023-02-15,Adjustable Dumbbells,Fitness,Germany,4445.59,21,2285.27,In-Store
2023-02-15,Trail Sneakers,Footwear,Netherlands,1852.54,26,895.56,Online
2023-02-15,Running Shoes Pro,Footwear,France,1153.05,14,571.93,Online
2023-02-15,Smartwatch Lite,Electronics,Italy,1593.88,11,854.66,In-Store
2023-02-15,Yoga Mat,Fitness,Germany,438.54,14,188.84,Wholesale
2023-02-15,Trail Sneakers,Footwear,France,682.86,9,324.16,Online
2023-02-15,Adjustable Dumbbells,Fitness,Netherlands,5237.3,23,2645.63,In-Store
2023-02-15,Smartwatch Lite,Electronics,Germany,3693.77,27,1927.12,Online
2023-02-15,Denim Jacket,Apparel,France,2190.89,26,1231.17,Online
2023-02-15,Smartwatch Lite,Electronics,Germany,1869.6,11,833.42,Online
2023-02-15,Yoga Mat,Fitness,Portugal,416.66,12,165.27,Online
2023-02-16,Adjustable Dumbbells,Fitness,Portugal,6132.51,27,2825.61,Online
2023-02-16,Cotton T-Shirt,Apparel,Italy,72.43,3,23.02,In-Store
2023-02-16,Denim Jacket,Apparel,Spain,1773.99,20,938.41,In-Store
2023-02-16,Cotton T-Shirt,Apparel,Portugal,669.13,31,244.82,Online
2023-02-16,Cotton T-Shirt,Apparel,Netherlands,648.84,29,225.36,In-Store
2023-02-16,Yoga Mat,Fitness,France,379.02,10,138.66,Wholesale
2023-02-16,Denim Jacket,Apparel,France,1637.03,18,834.03,Wholesale
2023-02-16,Running Shoes Pro,Footwear,Portugal,762.15,8,333.93,Wholesale
2023-02-16,Running Shoes Pro,Footwear,Italy,1961.5,24,1005.59,Wholesale
2023-02-16,Wireless Earbuds,Electronics,Portugal,4235.66,31,1832.89,In-Store
2023-02-16,Cotton T-Shirt,Apparel,Germany,407.29,18,144.71,In-Store
2023-02-17,Smartwatch Lite,Electronics,Italy,4584.44,27,1956.16,In-Store
2023-02-17,Running Shoes Pro,Footwear,Italy,1605.97,18,734.22,Wholesale
2023-02-17,Denim Jacket,Apparel,Netherlands,2155.58,21,1008.74,Wholesale
2023-02-17,Trail Sneakers,Footwear,Spain,2517.85,33,1113.88,In-Store
2023-02-17,Running Shoes Pro,Footwear,Germany,1350.3,16,644.39,Online
2023-02-17,Trail Sneakers,Footwear,Germany,1839.15,24,854.11,Online
2023-02-17,Adjustable Dumbbells,Fitness,France,2021.83,9,970.47,In-Store
2023-02-17,Cotton T-Shirt,Apparel,Netherlands,726.3,35,275.43,In-Store
2023-02-17,Trail Sneakers,Footwear,Italy,866.05,13,477.23,Wholesale
2023-02-17,Yoga Mat,Fitness,Spain,829.6,23,316.38,Online
2023-02-18,Cotton T-Shirt,Apparel,Spain,528.72,24,196.82,Wholesale
2023-02-18,Wireless Earbuds,Electronics,Italy,3190.75,23,1368.24,In-Store
2023-02-18,Yoga Mat,Fitness,Germany,1662.5,52,733.41,Online
2023-02-18,Adjustable Dumbbells,Fitness,Italy,2512.33,13,1455.72,Online
2023-02-18,Adjustable Dumbbells,Fitness,Portugal,8333.76,46,5303.58,In-Store
2023-02-18,Trail Sneakers,Footwear,France,1955.81,31,1081.28,In-Store
2023-02-18,Trail Sneakers,Footwear,Italy,3115.73,42,1482.34,Wholesale
2023-02-18,Adjustable Dumbbells,Fitness,France,3323.23,18,1937.92,Online
2023-02-19,Cotton T-Shirt,Apparel,Netherlands,770.81,41,312.42,In-Store
2023-02-19,Wireless Earbuds,Electronics,France,2063.15,16,989.2,Wholesale
2023-02-19,Adjustable Dumbbells,Fitness,Spain,2018.3,10,1115.35,In-Store
2023-02-19,Trail Sneakers,Footwear,Netherlands,693.53,9,302.3,Wholesale
2023-02-19,Trail Sneakers,Footwear,Italy,2310.94,34,1240.41,Wholesale
2023-02-19,Yoga Mat,Fitness,France,320.42,9,129.33,Wholesale
2023-02-20,Wireless Earbuds,Electronics,Germany,4096.15,30,1712.34,Wholesale
2023-02-20,Trail Sneakers,Footwear,Italy,864.61,12,403.4,Wholesale
2023-02-20,Smartwatch Lite,Electronics,Netherlands,5915.14,37,2780.52,In-Store
2023-02-20,Running Shoes Pro,Footwear,Spain,909.12,10,416.61,In-Store
2023-02-20,Cotton T-Shirt,Apparel,Spain,499.71,22,180.37,In-Store
2023-02-20,Cotton T-Shirt,Apparel,France,586.33,25,207.9,In-Store
2023-02-20,Cotton T-Shirt,Apparel,Portugal,427.37,22,175.55,In-Store
2023-02-20,Smartwatch Lite,Electronics,Germany,1800.01,11,789.87,Wholesale
2023-02-21,Trail Sneakers,Footwear,Spain,1508.28,19,679.26,Wholesale
2023-02-21,Running Shoes Pro,Footwear,France,285.32,3,129.67,Wholesale
2023-02-21,Yoga Mat,Fitness,Italy,715.05,20,270.99,Online
2023-02-21,Yoga Mat,Fitness,Portugal,376.6,11,158.05,Online
2023-02-21,Running Shoes Pro,Footwear,Portugal,1146.39,14,609.17,In-Store
2023-02-21,Yoga Mat,Fitness,Italy,883.63,26,349.82,In-Store
2023-02-21,Denim Jacket,Apparel,Portugal,3498.04,39,1859.0,Wholesale
2023-02-22,Denim Jacket,Apparel,Germany,1404.07,16,753.78,Wholesale
2023-02-22,Cotton T-Shirt,Apparel,Spain,157.91,8,65.69,In-Store
2023-02-22,Cotton T-Shirt,Apparel,Italy,391.76,20,156.84,In-Store
2023-02-22,Running Shoes Pro,Footwear,Germany,3008.83,31,1295.57,In-Store
2023-02-22,Denim Jacket,Apparel,Spain,3915.49,39,1887.02,Wholesale
2023-02-22,Denim Jacket,Apparel,Spain,2091.38,24,1176.14,Wholesale
2023-02-22,Smartwatch Lite,Electronics,Italy,2526.37,18,1294.58,Wholesale
2023-02-22,Cotton T-Shirt,Apparel,France,488.22,26,204.56,Wholesale
2023-02-22,Denim Jacket,Apparel,Germany,2124.8,25,1248.47,Wholesale
2023-02-23,Yoga Mat,Fitness,Netherlands,618.88,17,231.68,In-Store
2023-02-23,Running Shoes Pro,Footwear,Italy,5589.55,64,2736.52,In-Store
2023-02-23,Smartwatch Lite,Electronics,Netherlands,1199.53,7,520.0,In-Store
2023-02-23,Adjustable Dumbbells,Fitness,Germany,224.64,1,109.17,Online
2023-02-24,Yoga Mat,Fitness,Italy,220.17,6,82.32,Wholesale
2023-02-24,Running Shoes Pro,Footwear,Italy,951.46,12,494.02,Online
2023-02-24,Running Shoes Pro,Footwear,France,1220.11,15,629.41,In-Store
2023-02-24,Adjustable Dumbbells,Fitness,Germany,2731.66,14,1610.94,Online
2023-02-24,Yoga Mat,Fitness,Portugal,515.99,17,245.96,Online
2023-02-24,Running Shoes Pro,Footwear,Italy,2823.73,32,1362.83,In-Store
2023-02-25,Cotton T-Shirt,Apparel,Netherlands,192.56,10,80.62,Wholesale
2023-02-25,Running Shoes Pro,Footwear,Netherlands,3030.99,39,1703.62,Online
2023-02-25,Wireless Earbuds,Electronics,Portugal,3120.0,27,1596.42,Wholesale
2023-02-25,Yoga Mat,Fitness,Netherlands,321.76,10,142.92,In-Store
2023-02-25,Adjustable Dumbbells,Fitness,France,882.22,4,445.5,Online
2023-02-25,Yoga Mat,Fitness,Italy,573.6,15,201.75,In-Store
2023-02-25,Wireless Earbuds,Electronics,Portugal,3391.1,24,1464.77,Wholesale
2023-02-26,Wireless Earbuds,Electronics,Netherlands,1172.28,9,553.89,In-Store
2023-02-26,Wireless Earbuds,Electronics,Germany,3516.5,27,1576.11,Online
2023-02-26,Smartwatch Lite,Electronics,Portugal,5854.07,34,2533.19,Wholesale
2023-02-26,Running Shoes Pro,Footwear,Netherlands,462.61,5,210.09,Online
2023-02-26,Yoga Mat,Fitness,Portugal,1073.76,31,427.91,In-Store
2023-02-26,Adjustable Dumbbells,Fitness,Netherlands,3220.01,15,1717.62,Wholesale
2023-02-26,Smartwatch Lite,Electronics,Italy,1754.34,11,786.65,Wholesale
2023-02-27,Running Shoes Pro,Footwear,Germany,1353.11,17,735.89,Wholesale
2023-02-27,Denim Jacket,Apparel,Spain,2815.47,27,1247.06,Wholesale
2023-02-27,Yoga Mat,Fitness,Italy,642.24,19,259.0,In-Store
2023-02-27,Wireless Earbuds,Electronics,Netherlands,1473.09,11,671.6,Online
2023-02-27,Denim Jacket,Apparel,Spain,3563.34,36,1795.37,Online
2023-02-27,Denim Jacket,Apparel,France,1493.18,16,735.49,Online
2023-02-28,Denim Jacket,Apparel,Spain,4170.0,44,2118.58,Wholesale
2023-02-28,Trail Sneakers,Footwear,Germany,577.71,8,274.9,In-Store
2023-02-28,Trail Sneakers,Footwear,Portugal,1840.05,27,920.72,In-Store
2023-03-01,Yoga Mat,Fitness,Netherlands,573.7,16,220.19,Online
2023-03-01,Cotton T-Shirt,Apparel,Italy,1058.41,47,363.93,In-Store
2023-03-01,Yoga Mat,Fitness,Netherlands,538.29,16,226.03,In-Store
2023-03-01,Cotton T-Shirt,Apparel,Portugal,371.71,16,125.0,Online
2023-03-01,Cotton T-Shirt,Apparel,Netherlands,702.51,36,280.13,Online
2023-03-01,Denim Jacket,Apparel,Spain,3621.31,38,1827.39,In-Store
2023-03-02,Trail Sneakers,Footwear,Spain,1742.86,24,798.36,Online
2023-03-02,Adjustable Dumbbells,Fitness,France,4255.16,19,1988.29,In-Store
2023-03-02,Yoga Mat,Fitness,Netherlands,472.6,13,178.75,In-Store
2023-03-02,Adjustable Dumbbells,Fitness,France,5143.22,26,2971.4,In-Store
2023-03-02,Denim Jacket,Apparel,France,696.89,7,336.24,Wholesale
2023-03-02,Yoga Mat,Fitness,Netherlands,2094.58,59,841.4,In-Store
2023-03-02,Trail Sneakers,Footwear,Netherlands,1056.5,16,543.63,Wholesale
2023-03-02,Yoga Mat,Fitness,Portugal,1233.28,36,527.97,In-Store
2023-03-03,Running Shoes Pro,Footwear,Spain,861.68,10,407.91,In-Store
2023-03-03,Wireless Earbuds,Electronics,Italy,2709.57,20,1211.24,Wholesale
2023-03-03,Smartwatch Lite,Electronics,Netherlands,2139.23,15,1116.43,Online
2023-03-03,Adjustable Dumbbells,Fitness,France,4059.05,18,2037.44,Online
2023-03-03,Adjustable Dumbbells,Fitness,Germany,6368.18,29,3082.43,Online
2023-03-03,Adjustable Dumbbells,Fitness,Spain,7976.18,42,4850.42,Wholesale
2023-03-03,Trail Sneakers,Footwear,Italy,1227.37,18,611.49,Online
2023-03-03,Trail Sneakers,Footwear,France,778.77,10,346.6,Online
2023-03-03,Trail Sneakers,Footwear,Netherlands,1063.17,14,465.51,Wholesale
2023-03-04,Cotton T-Shirt,Apparel,Portugal,378.42,19,155.42,Wholesale
2023-03-04,Adjustable Dumbbells,Fitness,Netherlands,3325.47,15,1658.87,Online
2023-03-04,Smartwatch Lite,Electronics,Germany,3165.96,19,1364.79,Online
2023-03-04,Wireless Earbuds,Electronics,France,1807.71,16,937.63,Wholesale
2023-03-04,Adjustable Dumbbells,Fitness,Spain,2452.84,11,1152.83,Wholesale
2023-03-04,Smartwatch Lite,Electronics,Portugal,2358.63,15,1093.15,In-Store
2023-03-04,Smartwatch Lite,Electronics,Netherlands,3167.86,22,1701.95,Online
2023-03-04,Running Shoes Pro,Footwear,France,2294.61,29,1164.83,Online
2023-03-04,Denim Jacket,Apparel,Netherlands,562.11,6,296.0,In-Store
2023-03-04,Cotton T-Shirt,Apparel,Portugal,372.03,17,130.08,Online
2023-03-04,Cotton T-Shirt,Apparel,Italy,478.3,23,181.38,In-Store
2023-03-04,Cotton T-Shirt,Apparel,Spain,323.2,15,114.52,Online
2023-03-05,Denim Jacket,Apparel,Netherlands,3320.1,32,1510.58,Wholesale
2023-03-05,Yoga Mat,Fitness,Spain,988.47,33,451.78,Wholesale
2023-03-05,Running Shoes Pro,Footwear,France,734.47,8,340.04,In-Store
2023-03-05,Denim Jacket,Apparel,Spain,1773.67,18,899.07,Wholesale
2023-03-05,Smartwatch Lite,Electronics,Netherlands,4252.78,27,2036.66,Wholesale
2023-03-05,Adjustable Dumbbells,Fitness,Spain,1028.81,5,565.32,In-Store
2023-03-05,Adjustable Dumbbells,Fitness,France,4986.11,25,2693.08,Wholesale
2023-03-06,Adjustable Dumbbells,Fitness,Netherlands,3961.31,20,2137.74,Online
2023-03-06,Wireless Earbuds,Electronics,Netherlands,1190.8,10,606.64,In-Store
2023-03-06,Denim Jacket,Apparel,Portugal,7466.08,78,3684.65,Wholesale
2023-03-06,Smartwatch Lite,Electronics,Spain,901.16,6,462.43,Wholesale
2023-03-06,Wireless Earbuds,Electronics,Spain,3610.03,27,1567.63,Online
2023-03-07,Trail Sneakers,Footwear,Spain,633.67,8,277.43,Wholesale
2023-03-07,Adjustable Dumbbells,Fitness,Italy,2745.94,14,1473.69,Online
2023-03-07,Smartwatch Lite,Electronics,Spain,2137.63,14,1025.53,Online
2023-03-07,Yoga Mat,Fitness,Spain,1069.21,30,428.09,Wholesale
2023-03-07,Running Shoes Pro,Footwear,France,1240.41,16,696.76,Online
2023-03-07,Denim Jacket,Apparel,Italy,2352.66,24,1110.93,Wholesale
2023-03-08,Adjustable Dumbbells,Fitness,Spain,7431.71,39,4125.6,Online
2023-03-08,Smartwatch Lite,Electronics,Netherlands,1787.47,12,909.88,Wholesale
2023-03-08,Wireless Earbuds,Electronics,Netherlands,1458.55,13,815.27,Online
2023-03-08,Cotton T-Shirt,Apparel,Portugal,680.56,36,274.39,In-Store
2023-03-08,Trail Sneakers,Footwear,Portugal,1668.05,21,730.19,Online
2023-03-08,Cotton T-Shirt,Apparel,Germany,582.82,25,200.19,Wholesale
2023-03-09,Yoga Mat,Fitness,Portugal,163.43,5,66.59,In-Store
2023-03-09,Running Shoes Pro,Footwear,Spain,1311.26,17,730.46,In-Store
2023-03-09,Yoga Mat,Fitness,Netherlands,1182.51,35,504.35,In-Store
2023-03-09,Adjustable Dumbbells,Fitness,Spain,2016.04,9,999.37,Wholesale
2023-03-09,Cotton T-Shirt,Apparel,Portugal,230.12,10,81.09,Online
2023-03-09,Running Shoes Pro,Footwear,France,1028.04,12,514.08,In-Store
2023-03-09,Wireless Earbuds,Electronics,Portugal,2386.12,20,1145.69,In-Store
2023-03-10,Yoga Mat,Fitness,Germany,1052.18,30,406.47,Online
2023-03-10,Running Shoes Pro,Footwear,France,970.01,11,444.36,Online
2023-03-10,Denim Jacket,Apparel,Portugal,3335.51,40,1949.51,Wholesale
2023-03-10,Cotton T-Shirt,Apparel,Italy,79.78,4,33.28,Online
2023-03-10,Cotton T-Shirt,Apparel,Germany,465.91,21,169.62,In-Store
2023-03-10,Trail Sneakers,Footwear,France,2144.12,32,1066.71,In-Store
2023-03-11,Wireless Earbuds,Electronics,Spain,1605.77,13,759.17,Online
2023-03-11,Adjustable Dumbbells,Fitness,Spain,3827.9,18,2034.41,Wholesale
2023-03-11,Running Shoes Pro,Footwear,Portugal,3092.83,36,1500.63,Wholesale
2023-03-12,Denim Jacket,Apparel,Portugal,1016.11,12,561.79,Wholesale
2023-03-12,Yoga Mat,Fitness,Germany,1549.89,42,581.76,In-Store
2023-03-12,Running Shoes Pro,Footwear,Germany,2803.56,34,1439.31,Wholesale
2023-03-12,Adjustable Dumbbells,Fitness,Spain,12558.39,61,6951.65,Wholesale
2023-03-12,Smartwatch Lite,Electronics,Netherlands,3469.46,22,1695.15,In-Store
2023-03-12,Trail Sneakers,Footwear,Italy,2564.25,32,1141.21,In-Store
2023-03-12,Trail Sneakers,Footwear,Netherlands,1131.71,17,587.68,Wholesale
2023-03-12,Denim Jacket,Apparel,Italy,1716.09,21,969.74,In-Store
2023-03-12,Yoga Mat,Fitness,Italy,1166.37,38,543.74,Wholesale
2023-03-12,Wireless Earbuds,Electronics,Portugal,3476.21,28,1673.58,Online
2023-03-13,Wireless Earbuds,Electronics,France,598.18,5,292.57,Wholesale
2023-03-13,Trail Sneakers,Footwear,Netherlands,4369.21,66,2221.83,Wholesale
2023-03-13,Cotton T-Shirt,Apparel,Portugal,505.02,23,188.93,Wholesale
2023-03-13,Denim Jacket,Apparel,Italy,1593.15,16,755.09,Wholesale
2023-03-13,Running Shoes Pro,Footwear,Netherlands,1612.6,19,830.23,Online
2023-03-13,Wireless Earbuds,Electronics,Portugal,3101.16,22,1284.41,Wholesale
2023-03-13,Denim Jacket,Apparel,Portugal,2220.45,24,1165.52,In-Store
2023-03-13,Adjustable Dumbbells,Fitness,Spain,3220.3,18,1974.49,Online
2023-03-13,Running Shoes Pro,Footwear,Italy,1551.84,18,723.43,Wholesale
2023-03-13,Trail Sneakers,Footwear,Germany,2176.84,27,903.43,In-Store
2023-03-13,Wireless Earbuds,Electronics,Netherlands,3199.39,28,1687.53,Online
2023-03-13,Trail Sneakers,Footwear,Germany,1668.43,23,793.36,In-Store
2023-03-14,Adjustable Dumbbells,Fitness,Netherlands,4215.97,23,2447.02,Wholesale
2023-03-14,Denim Jacket,Apparel,Netherlands,2105.79,23,1078.67,Online
2023-03-14,Denim Jacket,Apparel,France,1862.41,20,935.44,Online
2023-03-14,Running Shoes Pro,Footwear,Italy,3985.72,42,1847.98,In-Store
2023-03-15,Adjustable Dumbbells,Fitness,Portugal,3152.28,14,1586.27,Wholesale
2023-03-15,Smartwatch Lite,Electronics,Portugal,2032.29,13,964.38,In-Store
2023-03-15,Running Shoes Pro,Footwear,Spain,2176.53,28,1157.02,In-Store
2023-03-15,Wireless Earbuds,Electronics,Italy,2790.43,22,1254.37,Online
2023-03-15,Cotton T-Shirt,Apparel,Spain,519.79,23,180.51,Wholesale
2023-03-15,Wireless Earbuds,Electronics,Germany,1289.83,10,590.15,Wholesale
2023-03-15,Adjustable Dumbbells,Fitness,Netherlands,12287.08,60,6402.14,Wholesale
2023-03-16,Wireless Earbuds,Electronics,Italy,2517.86,21,1264.68,Wholesale
2023-03-16,Denim Jacket,Apparel,Germany,2111.03,24,1177.31,In-Store
2023-03-16,Yoga Mat,Fitness,Italy,1847.75,50,699.03,Online
2023-03-16,Yoga Mat,Fitness,France,959.13,25,333.07,In-Store
2023-03-16,Smartwatch Lite,Electronics,Netherlands,4028.19,28,2113.41,Wholesale
2023-03-16,Trail Sneakers,Footwear,France,1895.81,24,854.13,In-Store
2023-03-16,Adjustable Dumbbells,Fitness,Portugal,6955.0,33,3719.36,Online
2023-03-16,Running Shoes Pro,Footwear,Portugal,2245.03,29,1241.89,Online
2023-03-16,Adjustable Dumbbells,Fitness,Germany,9183.07,44,4976.12,In-Store
2023-03-16,Denim Jacket,Apparel,Portugal,3256.81,35,1637.57,In-Store
2023-03-16,Yoga Mat,Fitness,France,594.37,17,244.82,In-Store
2023-03-16,Running Shoes Pro,Footwear,Netherlands,4953.86,59,2466.63,Online
2023-03-17,Running Shoes Pro,Footwear,Portugal,2129.5,24,972.1,In-Store
2023-03-17,Smartwatch Lite,Electronics,France,2019.42,13,993.73,Online
2023-03-17,Running Shoes Pro,Footwear,Italy,2247.02,25,1052.26,Online
2023-03-17,Yoga Mat,Fitness,Portugal,869.39,25,337.4,Online
2023-03-17,Adjustable Dumbbells,Fitness,Spain,4762.58,22,2441.15,Online
2023-03-17,Yoga Mat,Fitness,Spain,587.71,18,262.12,In-Store
2023-03-17,Denim Jacket,Apparel,Germany,711.38,7,346.06,In-Store
2023-03-17,Denim Jacket,Apparel,Germany,1229.41,12,563.11,Online
2023-03-17,Yoga Mat,Fitness,Italy,597.69,16,229.87,Wholesale
2023-03-17,Smartwatch Lite,Electronics,France,329.36,2,153.54,Wholesale
2023-03-18,Wireless Earbuds,Electronics,Portugal,6837.12,53,3239.24,Online
2023-03-18,Adjustable Dumbbells,Fitness,Portugal,15565.72,68,7598.53,Online
2023-03-18,Wireless Earbuds,Electronics,Germany,4594.0,36,2253.03,In-Store
2023-03-18,Denim Jacket,Apparel,Portugal,997.46,12,558.97,Wholesale
2023-03-18,Smartwatch Lite,Electronics,Portugal,2795.11,18,1290.55,Online
2023-03-18,Denim Jacket,Apparel,Portugal,1404.2,15,687.84,Online
2023-03-18,Wireless Earbuds,Electronics,Italy,1207.54,9,547.97,Wholesale
2023-03-19,Running Shoes Pro,Footwear,Portugal,958.55,12,485.02,In-Store
2023-03-19,Adjustable Dumbbells,Fitness,Germany,7544.5,38,4153.64,Online
2023-03-19,Smartwatch Lite,Electronics,France,1653.12,10,753.18,Online
2023-03-19,Yoga Mat,Fitness,France,894.82,25,337.71,In-Store
2023-03-19,Yoga Mat,Fitness,Portugal,1358.52,40,579.39,Wholesale
2023-03-19,Adjustable Dumbbells,Fitness,Italy,20628.22,96,10913.53,In-Store
2023-03-19,Wireless Earbuds,Electronics,Portugal,5310.26,43,2470.51,Online
2023-03-19,Wireless Earbuds,Electronics,Portugal,5506.16,45,2631.41,Online
2023-03-20,Running Shoes Pro,Footwear,France,1155.45,15,609.58,In-Store
2023-03-20,Running Shoes Pro,Footwear,France,876.03,10,421.61,In-Store
2023-03-20,Cotton T-Shirt,Apparel,Netherlands,280.89,14,107.47,Wholesale
2023-03-20,Trail Sneakers,Footwear,Germany,1169.53,15,508.25,Online
2023-03-20,Trail Sneakers,Footwear,Germany,3464.72,44,1491.26,In-Store
2023-03-21,Smartwatch Lite,Electronics,Portugal,2980.58,21,1596.87,In-Store
2023-03-21,Wireless Earbuds,Electronics,Portugal,3293.02,28,1633.35,Online
2023-03-21,Yoga Mat,Fitness,Germany,1626.71,49,707.29,Online
2023-03-21,Denim Jacket,Apparel,France,2514.85,28,1390.51,Wholesale
2023-03-21,Trail Sneakers,Footwear,Portugal,1044.45,13,469.61,Online
2023-03-21,Wireless Earbuds,Electronics,Portugal,1990.93,15,855.15,Online
2023-03-21,Denim Jacket,Apparel,Portugal,6156.79,59,2925.37,Wholesale
2023-03-21,Running Shoes Pro,Footwear,Germany,1855.45,22,896.42,In-Store
2023-03-21,Wireless Earbuds,Electronics,Germany,4214.98,32,1835.66,Wholesale
2023-03-21,Denim Jacket,Apparel,Netherlands,1240.97,14,690.46,Wholesale
2023-03-21,Wireless Earbuds,Electronics,Netherlands,3187.6,25,1467.04,Online
2023-03-22,Yoga Mat,Fitness,Spain,1437.54,44,630.2,Wholesale
2023-03-22,Adjustable Dumbbells,Fitness,Spain,4320.72,19,2097.78,Online
2023-03-22,Smartwatch Lite,Electronics,Spain,5856.84,35,2702.74,Online
2023-03-22,Adjustable Dumbbells,Fitness,Portugal,3814.91,20,2156.89,Online
2023-03-22,Smartwatch Lite,Electronics,Germany,1122.93,8,588.77,Wholesale
2023-03-22,Trail Sneakers,Footwear,Portugal,2731.29,37,1340.25,In-Store
2023-03-22,Cotton T-Shirt,Apparel,Spain,1025.35,47,382.46,In-Store
2023-03-23,Running Shoes Pro,Footwear,France,1650.53,19,759.39,Online
2023-03-23,Trail Sneakers,Footwear,Portugal,683.84,10,359.98,Online
2023-03-23,Adjustable Dumbbells,Fitness,Germany,1674.17,8,908.15,In-Store
2023-03-23,Trail Sneakers,Footwear,Netherlands,2373.94,36,1287.86,In-Store
2023-03-23,Wireless Earbuds,Electronics,Spain,4148.81,33,1991.48,In-Store
2023-03-23,Trail Sneakers,Footwear,France,1215.34,18,612.63,In-Store
2023-03-23,Smartwatch Lite,Electronics,Portugal,3764.89,22,1604.83,Wholesale
2023-03-23,Trail Sneakers,Footwear,Netherlands,2448.33,31,1032.34,Wholesale
2023-03-23,Running Shoes Pro,Footwear,Netherlands,990.13,13,526.04,In-Store
2023-03-23,Adjustable Dumbbells,Fitness,Portugal,5018.63,22,2528.75,Wholesale
2023-03-23,Yoga Mat,Fitness,Italy,1199.33,38,521.47,In-Store
2023-03-23,Running Shoes Pro,Footwear,France,1724.9,21,856.96,Wholesale
2023-03-23,Adjustable Dumbbells,Fitness,Netherlands,6639.73,29,3260.07,Wholesale
2023-03-24,Denim Jacket,Apparel,Italy,1905.16,21,975.0,Wholesale
2023-03-24,Running Shoes Pro,Footwear,Netherlands,316.29,4,172.29,In-Store
2023-03-24,Smartwatch Lite,Electronics,France,2079.49,13,942.49,Wholesale
2023-03-24,Cotton T-Shirt,Apparel,Spain,341.3,15,122.68,Online
2023-03-24,Wireless Earbuds,Electronics,France,2946.23,22,1353.75,Wholesale
2023-03-24,Adjustable Dumbbells,Fitness,Portugal,5007.32,22,2347.74,Wholesale
2023-03-24,Wireless Earbuds,Electronics,Netherlands,3093.43,27,1640.84,Wholesale
2023-03-24,Running Shoes Pro,Footwear,Spain,2956.42,38,1519.1,Wholesale
2023-03-24,Wireless Earbuds,Electronics,Portugal,4258.62,38,2222.92,In-Store
2023-03-25,Trail Sneakers,Footwear,France,1100.02,16,543.49,In-Store
2023-03-25,Yoga Mat,Fitness,Italy,1069.17,32,453.85,In-Store
2023-03-25,Yoga Mat,Fitness,France,701.15,19,271.15,Online
2023-03-25,Adjustable Dumbbells,Fitness,Italy,2520.43,13,1434.79,Online
2023-03-25,Trail Sneakers,Footwear,Netherlands,1673.37,21,746.73,Wholesale
2023-03-25,Trail Sneakers,Footwear,Portugal,603.24,9,324.26,Wholesale
2023-03-25,Running Shoes Pro,Footwear,Portugal,2355.11,26,1142.17,In-Store
2023-03-25,Adjustable Dumbbells,Fitness,Italy,4889.32,24,2660.64,Wholesale
2023-03-25,Adjustable Dumbbells,Fitness,Spain,4207.45,21,2339.9,In-Store
2023-03-25,Trail Sneakers,Footwear,Netherlands,2454.25,31,1082.02,In-Store
2023-03-25,Yoga Mat,Fitness,Germany,736.99,20,276.43,Online
2023-03-25,Adjustable Dumbbells,Fitness,Germany,1366.25,6,684.57,Wholesale
2023-03-25,Trail Sneakers,Footwear,France,3116.91,45,1578.03,Wholesale
2023-03-26,Running Shoes Pro,Footwear,Germany,831.89,9,390.09,In-Store
2023-03-26,Denim Jacket,Apparel,Netherlands,3162.18,39,1830.16,Online
2023-03-26,Cotton T-Shirt,Apparel,Germany,374.48,18,140.39,In-Store
2023-03-26,Cotton T-Shirt,Apparel,Germany,141.75,6,49.02,Online
2023-03-26,Trail Sneakers,Footwear,Germany,1253.03,19,685.12,In-Store
2023-03-26,Wireless Earbuds,Electronics,Italy,6307.92,54,3341.5,In-Store
2023-03-26,Smartwatch Lite,Electronics,France,5547.76,36,2594.73,In-Store
2023-03-27,Adjustable Dumbbells,Fitness,France,2680.26,12,1316.97,Wholesale
2023-03-27,Yoga Mat,Fitness,Portugal,949.66,26,370.23,Online
2023-03-27,Wireless Earbuds,Electronics,Italy,2710.28,21,1234.77,Online
2023-03-27,Smartwatch Lite,Electronics,Portugal,3640.38,22,1695.01,Online
2023-03-27,Trail Sneakers,Footwear,Italy,342.11,5,180.7,Wholesale
2023-03-27,Denim Jacket,Apparel,France,498.27,6,298.51,Wholesale
2023-03-27,Cotton T-Shirt,Apparel,France,296.67,14,113.25,Online
2023-03-28,Smartwatch Lite,Electronics,Italy,6285.09,46,3481.1,In-Store
2023-03-28,Smartwatch Lite,Electronics,Germany,3801.97,22,1644.72,Wholesale
2023-03-28,Yoga Mat,Fitness,Portugal,630.56,17,248.11,Online
2023-03-28,Denim Jacket,Apparel,Spain,2837.69,28,1290.12,Online
2023-03-28,Denim Jacket,Apparel,France,2493.57,28,1281.86,In-Store
2023-03-28,Wireless Earbuds,Electronics,France,7475.27,67,3845.82,Wholesale
2023-03-28,Wireless Earbuds,Electronics,France,3393.38,25,1479.2,Wholesale
2023-03-28,Adjustable Dumbbells,Fitness,Italy,5824.66,29,3081.96,Online
2023-03-28,Denim Jacket,Apparel,Germany,2122.26,24,1162.1,Wholesale
2023-03-29,Smartwatch Lite,Electronics,Netherlands,3615.54,21,1594.14,Online
2023-03-29,Wireless Earbuds,Electronics,Italy,1844.72,16,930.12,Online
2023-03-29,Cotton T-Shirt,Apparel,Germany,197.7,9,69.45,In-Store
2023-03-29,Running Shoes Pro,Footwear,Spain,552.27,7,298.14,In-Store
2023-03-29,Denim Jacket,Apparel,Netherlands,788.35,9,434.16,In-Store
2023-03-29,Cotton T-Shirt,Apparel,Portugal,396.3,21,160.07,Wholesale
2023-03-29,Running Shoes Pro,Footwear,Netherlands,2253.06,25,1025.4,In-Store
2023-03-29,Yoga Mat,Fitness,Italy,93.27,3,40.18,Online
2023-03-29,Yoga Mat,Fitness,Italy,552.95,16,226.3,Wholesale
2023-03-29,Yoga Mat,Fitness,Italy,647.5,17,226.58,Wholesale
2023-03-29,Trail Sneakers,Footwear,Netherlands,1628.77,23,813.93,Online
2023-03-30,Running Shoes Pro,Footwear,Italy,1051.62,12,490.71,Online
2023-03-30,Denim Jacket,Apparel,Italy,1425.99,14,700.55,Online
2023-03-30,Wireless Earbuds,Electronics,Netherlands,1828.92,13,790.57,In-Store
2023-03-30,Denim Jacket,Apparel,Germany,2507.9,27,1351.6,Online
2023-03-31,Cotton T-Shirt,Apparel,Portugal,624.08,26,210.04,In-Store
2023-03-31,Denim Jacket,Apparel,France,2124.11,23,1112.0,Wholesale
2023-03-31,Adjustable Dumbbells,Fitness,Italy,3689.3,19,2145.01,Online
2023-03-31,Smartwatch Lite,Electronics,France,1436.63,9,702.36,Online
2023-03-31,Denim Jacket,Apparel,Netherlands,2602.01,32,1584.88,Wholesale
2023-04-01,Yoga Mat,Fitness,Germany,272.23,9,131.24,Online
2023-04-01,Running Shoes Pro,Footwear,France,1561.25,16,669.65,Online
2023-04-01,Cotton T-Shirt,Apparel,Netherlands,468.94,25,199.67,Wholesale
2023-04-01,Trail Sneakers,Footwear,Italy,1609.48,22,748.06,In-Store
2023-04-02,Denim Jacket,Apparel,Portugal,3593.73,37,1830.2,In-Store
2023-04-02,Trail Sneakers,Footwear,Germany,1915.38,29,999.94,In-Store
2023-04-02,Denim Jacket,Apparel,Spain,5818.9,56,2647.23,Wholesale
2023-04-02,Cotton T-Shirt,Apparel,Spain,493.62,22,175.58,In-Store
2023-04-02,Cotton T-Shirt,Apparel,France,339.15,17,140.52,Online
2023-04-02,Yoga Mat,Fitness,Netherlands,322.7,10,134.63,Online
2023-04-02,Yoga Mat,Fitness,Portugal,1069.72,30,413.11,Wholesale
2023-04-03,Wireless Earbuds,Electronics,Germany,4216.56,35,2093.01,Wholesale
2023-04-03,Running Shoes Pro,Footwear,Germany,3326.41,35,1446.12,In-Store
2023-04-03,Wireless Earbuds,Electronics,France,5036.41,39,2340.4,In-Store
2023-04-03,Trail Sneakers,Footwear,Portugal,650.56,9,330.49,Online
2023-04-03,Smartwatch Lite,Electronics,Germany,2538.34,17,1242.71,Wholesale
2023-04-03,Yoga Mat,Fitness,Spain,739.08,21,287.76,Online
2023-04-03,Cotton T-Shirt,Apparel,Portugal,417.53,21,167.34,Online
2023-04-03,Wireless Earbuds,Electronics,Portugal,1529.81,13,809.74,Online
2023-04-03,Denim Jacket,Apparel,Spain,1212.62,15,739.24,Wholesale
2023-04-03,Trail Sneakers,Footwear,Netherlands,1435.38,20,673.92,In-Store
2023-04-03,Trail Sneakers,Footwear,France,1032.86,14,479.08,Online
2023-04-03,Adjustable Dumbbells,Fitness,Portugal,6024.68,29,3182.62,Wholesale
2023-04-03,Cotton T-Shirt,Apparel,France,326.49,14,106.7,In-Store
2023-04-03,Wireless Earbuds,Electronics,France,10308.04,79,4580.03,Online
2023-04-04,Trail Sneakers,Footwear,Netherlands,968.26,13,446.76,Wholesale
2023-04-04,Denim Jacket,Apparel,Germany,4722.63,48,2280.29,Wholesale
2023-04-04,Adjustable Dumbbells,Fitness,Netherlands,1102.86,6,669.13,Online
2023-04-04,Running Shoes Pro,Footwear,Spain,1201.01,13,556.82,Wholesale
2023-04-04,Denim Jacket,Apparel,Netherlands,826.88,9,432.87,Online
2023-04-04,Smartwatch Lite,Electronics,Germany,3694.95,22,1650.99,Wholesale
2023-04-04,Denim Jacket,Apparel,Portugal,921.77,10,493.55,In-Store
2023-04-04,Yoga Mat,Fitness,Netherlands,184.05,5,67.23,Wholesale
2023-04-04,Wireless Earbuds,Electronics,France,3527.77,31,1877.41,Wholesale
2023-04-04,Yoga Mat,Fitness,Spain,759.14,21,280.43,Wholesale
2023-04-05,Smartwatch Lite,Electronics,Germany,1240.08,9,698.96,Online
2023-04-05,Denim Jacket,Apparel,France,1236.13,13,626.23,Online
2023-04-05,Smartwatch Lite,Electronics,Italy,1928.6,12,893.49,In-Store
2023-04-05,Cotton T-Shirt,Apparel,Netherlands,282.81,14,108.14,Wholesale
2023-04-05,Running Shoes Pro,Footwear,Spain,742.33,9,364.93,Online
2023-04-05,Denim Jacket,Apparel,Portugal,1093.59,12,595.16,In-Store
2023-04-05,Wireless Earbuds,Electronics,Spain,6120.71,47,2714.07,Wholesale
2023-04-06,Cotton T-Shirt,Apparel,Spain,327.97,15,119.87,Online
2023-04-06,Wireless Earbuds,Electronics,Germany,7859.18,68,3883.4,Wholesale
2023-04-06,Running Shoes Pro,Footwear,Germany,1980.91,21,838.24,Wholesale
2023-04-06,Trail Sneakers,Footwear,Italy,1101.81,14,498.04,In-Store
2023-04-06,Trail Sneakers,Footwear,France,924.41,12,438.0,In-Store
2023-04-06,Cotton T-Shirt,Apparel,France,339.1,15,122.56,Wholesale
2023-04-06,Trail Sneakers,Footwear,Netherlands,4577.66,63,2232.04,In-Store
2023-04-07,Wireless Earbuds,Electronics,Portugal,2153.6,18,1117.17,Wholesale
2023-04-07,Trail Sneakers,Footwear,Portugal,309.22,4,143.87,Wholesale
2023-04-07,Denim Jacket,Apparel,Germany,2622.87,27,1248.99,Wholesale
2023-04-07,Trail Sneakers,Footwear,Spain,318.75,4,135.49,Wholesale
2023-04-07,Smartwatch Lite,Electronics,Portugal,1462.88,10,779.85,Online
2023-04-07,Adjustable Dumbbells,Fitness,Germany,3458.84,18,1981.22,Wholesale
2023-04-07,Cotton T-Shirt,Apparel,Spain,90.07,4,32.26,Wholesale
2023-04-07,Yoga Mat,Fitness,Spain,449.25,14,200.35,Online
2023-04-07,Denim Jacket,Apparel,Italy,2681.54,31,1552.04,In-Store
2023-04-07,Cotton T-Shirt,Apparel,Germany,646.45,27,208.73,Online
2023-04-07,Trail Sneakers,Footwear,Portugal,1430.82,18,643.91,Wholesale
2023-04-07,Adjustable Dumbbells,Fitness,France,3999.62,19,1997.21,In-Store
2023-04-08,Adjustable Dumbbells,Fitness,France,1948.44,9,995.18,Online
2023-04-08,Smartwatch Lite,Electronics,Italy,3847.51,24,1768.98,In-Store
2023-04-08,Smartwatch Lite,Electronics,Italy,4658.92,33,2380.16,Wholesale
2023-04-08,Trail Sneakers,Footwear,Germany,1249.76,19,668.78,In-Store
2023-04-08,Trail Sneakers,Footwear,Germany,2653.26,41,1413.91,Wholesale
2023-04-08,Yoga Mat,Fitness,Spain,800.05,26,366.7,Wholesale
2023-04-08,Cotton T-Shirt,Apparel,Netherlands,941.78,48,378.1,Online
2023-04-09,Denim Jacket,Apparel,Netherlands,1561.25,19,946.8,In-Store
2023-04-09,Smartwatch Lite,Electronics,Netherlands,2539.3,17,1239.78,Online
2023-04-09,Cotton T-Shirt,Apparel,Spain,169.17,9,71.66,In-Store
2023-04-09,Adjustable Dumbbells,Fitness,Netherlands,2388.42,12,1335.9,In-Store
2023-04-09,Yoga Mat,Fitness,Netherlands,584.25,16,224.65,Online
2023-04-09,Wireless Earbuds,Electronics,Spain,2614.97,20,1140.74,Online
2023-04-10,Yoga Mat,Fitness,Italy,1041.4,32,434.2,In-Store
2023-04-10,Denim Jacket,Apparel,Portugal,6592.26,66,3049.3,Wholesale
2023-04-10,Adjustable Dumbbells,Fitness,Netherlands,6189.08,28,3053.14,In-Store
2023-04-10,Cotton T-Shirt,Apparel,Netherlands,295.81,15,117.83,In-Store
2023-04-10,Cotton T-Shirt,Apparel,Germany,346.35,17,131.34,In-Store
2023-04-10,Denim Jacket,Apparel,France,3165.83,34,1560.1,Wholesale
2023-04-10,Adjustable Dumbbells,Fitness,Netherlands,5892.24,26,2888.36,In-Store
2023-04-10,Trail Sneakers,Footwear,Italy,922.14,14,484.53,Online
2023-04-10,Smartwatch Lite,Electronics,France,5684.22,40,3054.0,Online
2023-04-10,Denim Jacket,Apparel,Italy,302.6,3,147.79,Online
2023-04-10,Trail Sneakers,Footwear,Netherlands,1058.83,15,540.13,Online
2023-04-11,Running Shoes Pro,Footwear,France,579.1,7,294.25,In-Store
2023-04-11,Trail Sneakers,Footwear,Germany,2481.27,33,1158.63,Wholesale
2023-04-11,Denim Jacket,Apparel,Portugal,2407.99,25,1167.7,Wholesale
2023-04-11,Trail Sneakers,Footwear,Italy,1832.18,23,839.63,Wholesale
2023-04-11,Trail Sneakers,Footwear,Netherlands,597.36,9,328.05,Online
2023-04-11,Adjustable Dumbbells,Fitness,Portugal,5510.93,26,2858.09,Wholesale
2023-04-11,Adjustable Dumbbells,Fitness,France,2527.43,12,1315.2,Online
2023-04-11,Running Shoes Pro,Footwear,Netherlands,419.65,5,216.31,Online
2023-04-11,Denim Jacket,Apparel,Germany,2942.71,31,1534.03,Online
2023-04-11,Smartwatch Lite,Electronics,Spain,7746.99,45,3310.85,Online
2023-04-11,Cotton T-Shirt,Apparel,Spain,586.04,29,242.56,Wholesale
2023-04-11,Running Shoes Pro,Footwear,Italy,2919.23,30,1307.53,Online
2023-04-11,Yoga Mat,Fitness,France,367.02,11,159.54,Online
2023-04-12,Cotton T-Shirt,Apparel,France,394.42,18,137.07,Wholesale
2023-04-12,Cotton T-Shirt,Apparel,France,1118.63,47,363.19,Online
2023-04-12,Cotton T-Shirt,Apparel,France,265.2,13,104.82,In-Store
2023-04-12,Smartwatch Lite,Electronics,Germany,9302.41,65,4648.5,Online
2023-04-12,Adjustable Dumbbells,Fitness,Germany,7390.69,34,3899.67,Wholesale
2023-04-12,Running Shoes Pro,Footwear,Spain,3182.89,41,1674.62,Wholesale
2023-04-13,Denim Jacket,Apparel,Germany,1876.69,21,974.54,Wholesale
2023-04-13,Running Shoes Pro,Footwear,France,488.89,5,200.29,In-Store
2023-04-13,Cotton T-Shirt,Apparel,Italy,710.65,34,258.55,Wholesale
2023-04-13,Wireless Earbuds,Electronics,France,1786.94,14,828.09,Online
2023-04-13,Smartwatch Lite,Electronics,Portugal,12745.59,74,5718.92,In-Store
2023-04-14,Smartwatch Lite,Electronics,Netherlands,2348.75,14,1005.57,In-Store
2023-04-14,Cotton T-Shirt,Apparel,Portugal,744.05,32,246.32,Online
2023-04-14,Running Shoes Pro,Footwear,Netherlands,1423.2,16,666.3,Wholesale
2023-04-14,Adjustable Dumbbells,Fitness,Germany,3654.6,17,1918.53,Wholesale
2023-04-14,Denim Jacket,Apparel,Netherlands,328.98,4,200.53,In-Store
2023-04-14,Smartwatch Lite,Electronics,Germany,697.46,5,382.15,Wholesale
2023-04-14,Cotton T-Shirt,Apparel,France,307.47,16,129.99,In-Store
2023-04-14,Denim Jacket,Apparel,Spain,1244.65,12,586.16,Online
2023-04-14,Cotton T-Shirt,Apparel,Spain,651.76,28,217.98,Online
2023-04-14,Smartwatch Lite,Electronics,Italy,2642.79,16,1192.05,In-Store
2023-04-14,Cotton T-Shirt,Apparel,Germany,843.28,35,281.41,Wholesale
2023-04-15,Cotton T-Shirt,Apparel,Italy,926.17,39,301.53,In-Store
2023-04-15,Running Shoes Pro,Footwear,Italy,2000.82,25,1005.52,Wholesale
2023-04-15,Denim Jacket,Apparel,Netherlands,3179.1,33,1510.53,Wholesale
2023-04-15,Wireless Earbuds,Electronics,Spain,2555.56,21,1275.17,Wholesale
2023-04-15,Yoga Mat,Fitness,Spain,1719.64,55,801.99,Online
2023-04-16,Trail Sneakers,Footwear,Spain,3374.87,49,1670.59,Online
2023-04-16,Trail Sneakers,Footwear,Italy,929.73,13,452.1,In-Store
2023-04-16,Cotton T-Shirt,Apparel,Italy,549.54,26,213.68,In-Store
2023-04-16,Cotton T-Shirt,Apparel,Italy,843.81,39,298.51,Wholesale
2023-04-17,Running Shoes Pro,Footwear,Italy,165.17,2,83.6,In-Store
2023-04-17,Cotton T-Shirt,Apparel,Italy,503.13,22,182.21,Online
2023-04-17,Cotton T-Shirt,Apparel,Spain,728.8,31,238.96,In-Store
2023-04-17,Adjustable Dumbbells,Fitness,Netherlands,3761.82,18,2070.23,Online
2023-04-17,Cotton T-Shirt,Apparel,Spain,640.74,29,230.51,In-Store
2023-04-17,Wireless Earbuds,Electronics,France,2376.5,19,1153.03,Online
2023-04-17,Running Shoes Pro,Footwear,Portugal,1567.34,17,679.35,Online
2023-04-17,Adjustable Dumbbells,Fitness,France,3429.45,19,2001.66,Online
2023-04-17,Cotton T-Shirt,Apparel,France,237.65,10,77.32,Wholesale
2023-04-18,Smartwatch Lite,Electronics,Italy,3596.66,22,1675.5,Online
2023-04-18,Denim Jacket,Apparel,Netherlands,4295.0,46,2275.68,Wholesale
2023-04-18,Adjustable Dumbbells,Fitness,Spain,6974.6,32,3532.79,In-Store
2023-04-18,Trail Sneakers,Footwear,Netherlands,1285.28,19,674.96,Wholesale
2023-04-18,Adjustable Dumbbells,Fitness,Spain,4387.97,24,2592.99,In-Store
2023-04-18,Smartwatch Lite,Electronics,Germany,1621.38,10,773.79,Wholesale
2023-04-18,Denim Jacket,Apparel,Netherlands,4494.13,48,2410.39,Wholesale
2023-04-19,Wireless Earbuds,Electronics,Italy,1966.48,17,1037.46,Online
2023-04-19,Trail Sneakers,Footwear,Germany,3370.36,45,1581.28,Wholesale
2023-04-19,Wireless Earbuds,Electronics,Portugal,1600.07,14,839.32,Wholesale
2023-04-19,Running Shoes Pro,Footwear,Germany,1587.15,17,710.32,Online
2023-04-19,Yoga Mat,Fitness,France,174.16,5,71.51,In-Store
2023-04-19,Wireless Earbuds,Electronics,Italy,2974.95,23,1414.54,In-Store
2023-04-19,Denim Jacket,Apparel,Spain,2371.73,24,1105.66,Online
2023-04-19,Wireless Earbuds,Electronics,Netherlands,7417.54,59,3560.81,In-Store
2023-04-19,Trail Sneakers,Footwear,Netherlands,973.3,12,432.93,Wholesale
2023-04-19,Adjustable Dumbbells,Fitness,Spain,7197.8,33,3452.81,Wholesale
2023-04-19,Running Shoes Pro,Footwear,Portugal,1705.38,22,953.02,In-Store
2023-04-20,Smartwatch Lite,Electronics,Spain,3624.05,22,1647.49,In-Store
2023-04-20,Smartwatch Lite,Electronics,Italy,4745.05,30,2142.75,Wholesale
2023-04-20,Trail Sneakers,Footwear,Germany,1431.74,18,651.35,In-Store
2023-04-20,Trail Sneakers,Footwear,Netherlands,1654.7,23,823.66,In-Store
2023-04-20,Yoga Mat,Fitness,Italy,1026.5,33,450.18,In-Store
2023-04-20,Denim Jacket,Apparel,Germany,860.25,9,444.12,In-Store
2023-04-20,Trail Sneakers,Footwear,Spain,2840.34,37,1309.0,Wholesale
2023-04-20,Running Shoes Pro,Footwear,France,1556.35,19,777.53,Wholesale
2023-04-20,Denim Jacket,Apparel,Netherlands,2501.56,26,1308.49,Online
2023-04-20,Adjustable Dumbbells,Fitness,France,7454.87,34,3880.34,Wholesale
2023-04-20,Denim Jacket,Apparel,Spain,2836.71,30,1428.0,In-Store
2023-04-21,Yoga Mat,Fitness,Italy,445.35,14,203.95,Online
2023-04-21,Trail Sneakers,Footwear,Netherlands,1705.8,24,818.54,Online
2023-04-21,Running Shoes Pro,Footwear,Spain,387.13,5,216.04,Wholesale
2023-04-21,Denim Jacket,Apparel,Italy,1562.94,15,687.23,Online
2023-04-21,Wireless Earbuds,Electronics,Italy,3192.28,29,1788.38,Online
2023-04-21,Trail Sneakers,Footwear,France,1689.54,22,782.1,Wholesale
2023-04-21,Yoga Mat,Fitness,Portugal,294.57,8,110.3,Online
2023-04-21,Trail Sneakers,Footwear,France,1871.73,23,783.24,Online
2023-04-22,Wireless Earbuds,Electronics,Spain,1348.38,12,692.04,In-Store
2023-04-22,Adjustable Dumbbells,Fitness,Germany,6024.21,31,3454.43,Wholesale
2023-04-22,Trail Sneakers,Footwear,Spain,1082.03,14,506.2,Wholesale
2023-04-22,Yoga Mat,Fitness,Germany,406.36,13,189.82,Online
2023-04-22,Cotton T-Shirt,Apparel,Spain,402.94,21,168.42,In-Store
2023-04-22,Smartwatch Lite,Electronics,Portugal,3472.55,23,1678.91,Online
2023-04-22,Smartwatch Lite,Electronics,Spain,4482.97,31,2276.82,Online
2023-04-22,Running Shoes Pro,Footwear,Portugal,317.61,4,171.6,Online
2023-04-22,Adjustable Dumbbells,Fitness,Spain,4743.0,22,2417.28,Wholesale
2023-04-22,Denim Jacket,Apparel,Portugal,849.41,10,482.72,Online
2023-04-22,Cotton T-Shirt,Apparel,Spain,676.52,34,280.79,Online
2023-04-23,Cotton T-Shirt,Apparel,Portugal,285.67,14,109.17,In-Store
2023-04-23,Trail Sneakers,Footwear,Germany,2545.86,35,1252.25,Online
2023-04-23,Adjustable Dumbbells,Fitness,Netherlands,4986.54,24,2577.52,In-Store
2023-04-23,Smartwatch Lite,Electronics,Spain,1463.85,10,780.97,Online
2023-04-23,Denim Jacket,Apparel,Portugal,2717.22,28,1391.9,Online
2023-04-23,Adjustable Dumbbells,Fitness,Portugal,8685.39,46,4964.02,Online
2023-04-23,Trail Sneakers,Footwear,Germany,893.32,13,451.78,Online
2023-04-23,Smartwatch Lite,Electronics,Germany,4423.37,32,2488.26,Online
2023-04-23,Wireless Earbuds,Electronics,Portugal,1744.2,13,781.48,Wholesale
2023-04-23,Adjustable Dumbbells,Fitness,Germany,11578.0,53,5793.47,Wholesale
2023-04-23,Wireless Earbuds,Electronics,Netherlands,2190.08,18,1049.84,In-Store
2023-04-23,Trail Sneakers,Footwear,Portugal,1581.96,21,737.07,Wholesale
2023-04-23,Cotton T-Shirt,Apparel,Spain,380.25,19,154.61,In-Store
2023-04-23,Trail Sneakers,Footwear,Germany,1780.1,27,930.13,In-Store
2023-04-24,Yoga Mat,Fitness,France,1590.6,45,634.44,Online
2023-04-24,Trail Sneakers,Footwear,France,690.26,9,325.22,In-Store
2023-04-24,Yoga Mat,Fitness,Netherlands,378.81,10,144.96,In-Store
2023-04-24,Denim Jacket,Apparel,France,1728.35,18,876.07,In-Store
2023-04-24,Trail Sneakers,Footwear,Germany,2016.34,26,935.83,Wholesale
2023-04-24,Denim Jacket,Apparel,Germany,3055.18,33,1591.29,Online
2023-04-24,Denim Jacket,Apparel,Portugal,2330.98,24,1179.37,Online
2023-04-24,Wireless Earbuds,Electronics,Spain,4235.81,33,1891.73,In-Store
2023-04-24,Yoga Mat,Fitness,France,766.84,23,318.35,In-Store
2023-04-25,Running Shoes Pro,Footwear,Italy,2435.03,32,1395.09,Online
2023-04-25,Adjustable Dumbbells,Fitness,Germany,9655.64,42,4801.7,Wholesale
2023-04-25,Denim Jacket,Apparel,Italy,1811.02,21,1019.7,Wholesale
2023-04-25,Yoga Mat,Fitness,Netherlands,1264.63,36,515.26,Wholesale
2023-04-25,Cotton T-Shirt,Apparel,Portugal,387.17,18,147.6,In-Store
2023-04-25,Wireless Earbuds,Electronics,Netherlands,2112.88,15,900.44,Wholesale
2023-04-25,Running Shoes Pro,Footwear,Italy,1211.19,13,524.22,Wholesale
2023-04-25,Yoga Mat,Fitness,Italy,1406.69,46,666.67,In-Store
2023-04-26,Yoga Mat,Fitness,Spain,835.9,25,361.7,Online
2023-04-26,Denim Jacket,Apparel,France,2179.41,21,1005.45,Online
2023-04-26,Running Shoes Pro,Footwear,France,1860.23,22,968.42,Online
2023-04-26,Yoga Mat,Fitness,Germany,970.27,32,426.72,Wholesale
2023-04-26,Adjustable Dumbbells,Fitness,Netherlands,3061.36,15,1728.7,In-Store
2023-04-26,Wireless Earbuds,Electronics,Spain,2049.63,18,1036.68,In-Store
2023-04-26,Cotton T-Shirt,Apparel,Netherlands,1206.05,56,467.54,Online
2023-04-26,Trail Sneakers,Footwear,Portugal,1039.56,16,563.69,Online
2023-04-26,Trail Sneakers,Footwear,Portugal,2848.6,38,1342.08,Online
2023-04-26,Yoga Mat,Fitness,Germany,1966.18,56,785.45,Online
2023-04-26,Adjustable Dumbbells,Fitness,Italy,3561.44,18,1920.04,Online
2023-04-26,Cotton T-Shirt,Apparel,Netherlands,769.91,37,302.8,Online
2023-04-26,Wireless Earbuds,Electronics,Netherlands,2330.18,20,1249.0,In-Store
2023-04-26,Smartwatch Lite,Electronics,Netherlands,3345.86,24,1858.55,In-Store
2023-04-27,Denim Jacket,Apparel,Netherlands,1775.62,17,831.25,Wholesale
2023-04-27,Smartwatch Lite,Electronics,France,1532.44,11,860.95,Wholesale
2023-04-27,Wireless Earbuds,Electronics,Portugal,4395.36,36,2192.11,Online
2023-04-27,Adjustable Dumbbells,Fitness,France,4328.21,24,2698.36,Online
2023-04-27,Cotton T-Shirt,Apparel,Netherlands,214.03,10,77.78,Wholesale
2023-04-27,Trail Sneakers,Footwear,Italy,1272.62,16,550.77,Wholesale
2023-04-28,Running Shoes Pro,Footwear,Spain,3063.48,33,1360.72,Online
2023-04-28,Adjustable Dumbbells,Fitness,Portugal,5227.19,27,3110.68,Wholesale
2023-04-28,Smartwatch Lite,Electronics,Portugal,3123.09,21,1530.29,Online
2023-04-28,Cotton T-Shirt,Apparel,Italy,238.46,11,84.19,Online
2023-04-28,Adjustable Dumbbells,Fitness,Portugal,2261.4,11,1247.14,Online
2023-04-28,Denim Jacket,Apparel,Spain,1141.15,13,615.97,Wholesale
2023-04-29,Wireless Earbuds,Electronics,France,1958.17,15,919.39,In-Store
2023-04-29,Trail Sneakers,Footwear,Germany,872.7,12,431.45,Online
2023-04-29,Denim Jacket,Apparel,Spain,1676.07,20,971.15,In-Store
2023-04-29,Wireless Earbuds,Electronics,Portugal,4415.06,34,1984.39,Wholesale
2023-04-29,Adjustable Dumbbells,Fitness,Italy,4210.36,22,2315.02,Online
2023-04-29,Yoga Mat,Fitness,Italy,1613.6,44,637.25,In-Store
2023-04-29,Smartwatch Lite,Electronics,France,5702.31,42,3162.97,Online
2023-04-29,Wireless Earbuds,Electronics,Spain,3008.9,27,1602.61,In-Store
2023-04-29,Cotton T-Shirt,Apparel,Spain,956.33,45,362.63,In-Store
2023-04-30,Cotton T-Shirt,Apparel,France,228.44,10,83.05,Wholesale
2023-04-30,Denim Jacket,Apparel,Germany,1569.85,19,894.93,Online
2023-04-30,Trail Sneakers,Footwear,Portugal,2703.12,35,1204.32,Online
2023-04-30,Trail Sneakers,Footwear,Netherlands,1950.62,28,1025.83,In-Store
2023-04-30,Cotton T-Shirt,Apparel,Germany,735.23,31,239.34,In-Store
2023-04-30,Running Shoes Pro,Footwear,Portugal,3988.24,50,2014.88,Online
2023-04-30,Denim Jacket,Apparel,France,1517.68,15,735.23,Wholesale
2023-04-30,Adjustable Dumbbells,Fitness,Portugal,3843.09,18,2026.2,Online
2023-05-01,Running Shoes Pro,Footwear,Netherlands,1483.15,19,836.68,In-Store
2023-05-01,Yoga Mat,Fitness,Italy,393.79,12,169.97,Wholesale
2023-05-01,Smartwatch Lite,Electronics,Italy,2745.18,20,1455.14,Online
2023-05-01,Running Shoes Pro,Footwear,Netherlands,2273.08,26,1122.86,Online
2023-05-01,Trail Sneakers,Footwear,Italy,1825.73,23,836.67,Online
2023-05-01,Smartwatch Lite,Electronics,Portugal,5092.25,31,2359.95,In-Store
2023-05-02,Denim Jacket,Apparel,France,4241.23,41,1931.48,In-Store
2023-05-02,Smartwatch Lite,Electronics,Germany,8425.15,50,3933.87,Wholesale
2023-05-02,Running Shoes Pro,Footwear,Spain,2374.37,27,1145.7,Wholesale
2023-05-02,Cotton T-Shirt,Apparel,Portugal,346.1,15,120.59,In-Store
2023-05-02,Denim Jacket,Apparel,Spain,2993.88,36,1688.24,In-Store
2023-05-02,Yoga Mat,Fitness,Netherlands,405.85,13,177.24,In-Store
2023-05-02,Denim Jacket,Apparel,Germany,1895.95,23,1055.62,Wholesale
2023-05-02,Adjustable Dumbbells,Fitness,France,1751.94,8,869.7,Online
2023-05-02,Denim Jacket,Apparel,Portugal,2202.51,22,1014.77,In-Store
2023-05-02,Wireless Earbuds,Electronics,Netherlands,2328.89,18,1089.15,Online
2023-05-03,Wireless Earbuds,Electronics,Spain,1306.69,10,622.03,Wholesale
2023-05-03,Adjustable Dumbbells,Fitness,Portugal,4846.14,22,2405.77,Wholesale
2023-05-03,Denim Jacket,Apparel,France,1441.51,16,798.18,Wholesale
2023-05-03,Running Shoes Pro,Footwear,Italy,1361.32,14,560.19,Wholesale
2023-05-03,Trail Sneakers,Footwear,Netherlands,1728.94,26,950.53,Wholesale
2023-05-03,Adjustable Dumbbells,Fitness,France,2517.87,11,1222.08,In-Store
2023-05-03,Denim Jacket,Apparel,France,2702.54,30,1386.27,Wholesale
2023-05-03,Yoga Mat,Fitness,Spain,283.66,9,123.05,In-Store
2023-05-03,Yoga Mat,Fitness,Italy,620.43,18,261.83,Online
2023-05-04,Adjustable Dumbbells,Fitness,Portugal,2250.89,11,1212.37,Wholesale
2023-05-04,Wireless Earbuds,Electronics,Spain,1918.64,15,908.14,Wholesale
2023-05-04,Adjustable Dumbbells,Fitness,Netherlands,1950.65,10,1045.44,In-Store
2023-05-04,Denim Jacket,Apparel,Spain,3233.05,33,1553.02,Online
2023-05-04,Denim Jacket,Apparel,Italy,3191.8,39,1964.19,Wholesale
2023-05-04,Smartwatch Lite,Electronics,Netherlands,5557.13,33,2473.84,Online
2023-05-04,Yoga Mat,Fitness,Spain,582.86,16,226.27,Wholesale
2023-05-04,Cotton T-Shirt,Apparel,Portugal,284.38,15,124.23,In-Store
2023-05-04,Cotton T-Shirt,Apparel,Italy,1099.65,52,403.47,Online
2023-05-04,Adjustable Dumbbells,Fitness,Italy,5510.34,25,2875.87,Online
2023-05-05,Adjustable Dumbbells,Fitness,Netherlands,4360.88,19,2175.45,Wholesale
2023-05-05,Cotton T-Shirt,Apparel,Italy,1011.6,50,396.34,Wholesale
2023-05-05,Yoga Mat,Fitness,France,571.54,18,244.81,In-Store
2023-05-05,Smartwatch Lite,Electronics,Germany,2461.52,15,1147.38,In-Store
2023-05-05,Trail Sneakers,Footwear,Netherlands,615.8,8,283.95,Wholesale
2023-05-05,Cotton T-Shirt,Apparel,Spain,916.73,38,312.94,In-Store
2023-05-05,Yoga Mat,Fitness,Spain,1034.97,27,377.09,Wholesale
2023-05-05,Denim Jacket,Apparel,Germany,569.74,7,322.66,Online
2023-05-05,Smartwatch Lite,Electronics,France,3553.8,25,1833.44,Online
2023-05-05,Trail Sneakers,Footwear,Germany,1648.01,26,912.0,Wholesale
2023-05-05,Smartwatch Lite,Electronics,Spain,2291.36,14,1081.1,In-Store
2023-05-05,Cotton T-Shirt,Apparel,Portugal,929.9,41,313.78,Online
2023-05-05,Running Shoes Pro,Footwear,Italy,1258.93,14,616.93,Online
2023-05-05,Adjustable Dumbbells,Fitness,Germany,2764.45,12,1324.41,Wholesale
2023-05-06,Smartwatch Lite,Electronics,Germany,4402.6,32,2306.65,Wholesale
2023-05-06,Trail Sneakers,Footwear,Portugal,634.82,9,326.46,Wholesale
2023-05-06,Adjustable Dumbbells,Fitness,Germany,7439.48,36,3897.16,Online
2023-05-06,Denim Jacket,Apparel,Spain,1423.08,15,746.44,Wholesale
2023-05-06,Adjustable Dumbbells,Fitness,Portugal,7597.42,42,4543.14,Online
2023-05-06,Cotton T-Shirt,Apparel,Spain,80.02,4,33.39,In-Store
2023-05-06,Wireless Earbuds,Electronics,Germany,14164.73,105,6506.72,In-Store
2023-05-07,Wireless Earbuds,Electronics,Spain,4217.95,32,1867.71,In-Store
2023-05-07,Smartwatch Lite,Electronics,Spain,3065.78,19,1407.69,In-Store
2023-05-07,Cotton T-Shirt,Apparel,Netherlands,311.23,15,120.15,In-Store
2023-05-07,Adjustable Dumbbells,Fitness,Netherlands,1770.73,9,951.87,Online
2023-05-07,Running Shoes Pro,Footwear,Portugal,1751.14,23,945.17,Wholesale
2023-05-07,Wireless Earbuds,Electronics,Germany,1563.28,12,736.93,Wholesale
2023-05-07,Wireless Earbuds,Electronics,Portugal,2184.49,17,975.17,Wholesale
2023-05-07,Adjustable Dumbbells,Fitness,Portugal,8451.55,45,4772.31,Wholesale
2023-05-07,Denim Jacket,Apparel,Germany,1834.06,22,1017.92,Wholesale
2023-05-07,Trail Sneakers,Footwear,Italy,833.36,13,444.29,In-Store
2023-05-07,Running Shoes Pro,Footwear,Germany,1464.04,15,661.41,Online
2023-05-08,Adjustable Dumbbells,Fitness,Spain,3755.42,18,1911.94,Online
2023-05-08,Running Shoes Pro,Footwear,Spain,2379.16,28,1174.97,In-Store
2023-05-08,Wireless Earbuds,Electronics,France,7998.95,59,3446.25,In-Store
2023-05-08,Denim Jacket,Apparel,Spain,3655.92,37,1694.47,Online
2023-05-08,Running Shoes Pro,Footwear,Netherlands,1097.25,13,523.12,Online
2023-05-08,Yoga Mat,Fitness,Spain,1529.74,41,553.53,Online
2023-05-08,Cotton T-Shirt,Apparel,Netherlands,723.68,37,286.95,Wholesale
2023-05-08,Wireless Earbuds,Electronics,Netherlands,5542.05,48,2950.48,In-Store
2023-05-08,Cotton T-Shirt,Apparel,Spain,94.4,5,38.27,Wholesale
2023-05-08,Running Shoes Pro,Footwear,Germany,2435.15,30,1263.2,In-Store
2023-05-08,Denim Jacket,Apparel,Netherlands,2149.66,21,1001.38,Online
2023-05-08,Yoga Mat,Fitness,France,372.45,12,160.71,Wholesale
2023-05-08,Wireless Earbuds,Electronics,France,4303.19,37,2150.44,Wholesale
2023-05-08,Yoga Mat,Fitness,Italy,1001.27,27,394.71,Wholesale
2023-05-08,Adjustable Dumbbells,Fitness,Netherlands,7074.7,34,3820.63,In-Store
2023-05-08,Cotton T-Shirt,Apparel,Netherlands,763.34,32,262.79,In-Store
2023-05-09,Wireless Earbuds,Electronics,Spain,5468.9,41,2407.34,Wholesale
2023-05-09,Adjustable Dumbbells,Fitness,Italy,1433.26,7,735.77,Online
2023-05-09,Denim Jacket,Apparel,Netherlands,3486.6,43,2103.72,Online
2023-05-09,Smartwatch Lite,Electronics,Germany,5617.72,41,3004.25,In-Store
2023-05-09,Wireless Earbuds,Electronics,France,6524.9,50,2953.76,In-Store
2023-05-09,Yoga Mat,Fitness,Spain,1243.67,38,514.26,Wholesale
2023-05-09,Running Shoes Pro,Footwear,Portugal,2821.68,29,1185.03,In-Store
2023-05-09,Denim Jacket,Apparel,Spain,4251.76,50,2429.33,Online
2023-05-09,Smartwatch Lite,Electronics,Germany,161.84,1,73.41,Wholesale
2023-05-09,Trail Sneakers,Footwear,Portugal,678.49,9,326.89,Online
2023-05-09,Smartwatch Lite,Electronics,Germany,4729.81,32,2432.25,Online
2023-05-09,Denim Jacket,Apparel,Spain,2495.68,29,1431.7,Wholesale
2023-05-09,Adjustable Dumbbells,Fitness,France,5051.28,25,2870.92,In-Store
2023-05-09,Yoga Mat,Fitness,Portugal,225.0,7,96.12,In-Store
2023-05-09,Smartwatch Lite,Electronics,France,2673.63,19,1450.32,Wholesale
2023-05-09,Trail Sneakers,Footwear,France,2150.62,28,961.76,In-Store
2023-05-10,Running Shoes Pro,Footwear,Germany,1165.18,15,657.57,Online
2023-05-10,Denim Jacket,Apparel,Germany,2513.71,26,1191.57,Wholesale
2023-05-10,Wireless Earbuds,Electronics,Germany,2718.87,22,1336.8,Wholesale
2023-05-10,Running Shoes Pro,Footwear,France,1306.83,17,719.84,In-Store
2023-05-10,Denim Jacket,Apparel,Spain,3288.87,32,1528.04,In-Store
2023-05-10,Running Shoes Pro,Footwear,Spain,1348.66,14,559.65,Wholesale
2023-05-10,Yoga Mat,Fitness,Portugal,785.62,21,307.46,In-Store
2023-05-10,Yoga Mat,Fitness,Netherlands,757.42,21,292.88,In-Store
2023-05-11,Yoga Mat,Fitness,Italy,757.55,20,285.83,In-Store
2023-05-11,Wireless Earbuds,Electronics,Portugal,1320.8,10,570.34,Online
2023-05-12,Trail Sneakers,Footwear,France,1951.59,29,1019.23,Wholesale
2023-05-12,Running Shoes Pro,Footwear,Italy,2185.13,27,1144.88,In-Store
2023-05-12,Yoga Mat,Fitness,France,1381.09,36,495.77,In-Store
2023-05-12,Yoga Mat,Fitness,Italy,654.52,22,300.53,In-Store
2023-05-12,Adjustable Dumbbells,Fitness,Netherlands,1348.02,6,635.03,Wholesale
2023-05-12,Adjustable Dumbbells,Fitness,Portugal,227.5,1,113.7,Online
2023-05-13,Wireless Earbuds,Electronics,France,2199.05,16,999.0,Wholesale
2023-05-13,Smartwatch Lite,Electronics,Netherlands,9712.35,56,4407.67,Wholesale
2023-05-13,Yoga Mat,Fitness,Spain,1497.67,49,709.63,In-Store
2023-05-13,Adjustable Dumbbells,Fitness,Netherlands,6114.81,28,3080.9,Wholesale
2023-05-13,Wireless Earbuds,Electronics,Spain,2800.58,24,1400.73,In-Store
2023-05-13,Wireless Earbuds,Electronics,Germany,741.48,6,369.69,Online
2023-05-13,Denim Jacket,Apparel,Italy,2225.89,25,1226.01,Wholesale
2023-05-13,Trail Sneakers,Footwear,Germany,2696.14,40,1376.64,Wholesale
2023-05-13,Smartwatch Lite,Electronics,Spain,4361.65,26,1891.2,Wholesale
2023-05-13,Adjustable Dumbbells,Fitness,Spain,2237.37,10,1070.93,In-Store
2023-05-13,Trail Sneakers,Footwear,Netherlands,1999.39,25,917.58,Online
2023-05-14,Wireless Earbuds,Electronics,Netherlands,2491.79,18,1100.69,Online
2023-05-14,Trail Sneakers,Footwear,Italy,1210.82,16,561.48,In-Store
2023-05-14,Trail Sneakers,Footwear,France,864.52,11,390.1,Wholesale
2023-05-14,Cotton T-Shirt,Apparel,Spain,331.18,14,106.59,In-Store
2023-05-14,Denim Jacket,Apparel,Germany,2804.78,29,1430.45,Online
2023-05-14,Wireless Earbuds,Electronics,Italy,222.59,2,124.47,In-Store
2023-05-15,Cotton T-Shirt,Apparel,Spain,310.82,13,107.28,Wholesale
2023-05-15,Trail Sneakers,Footwear,Italy,1738.95,25,910.61,Wholesale
2023-05-15,Yoga Mat,Fitness,Netherlands,408.36,11,150.79,In-Store
2023-05-15,Smartwatch Lite,Electronics,Spain,1325.22,9,674.39,In-Store
2023-05-15,Yoga Mat,Fitness,Netherlands,680.55,19,253.76,Online
2023-05-15,Trail Sneakers,Footwear,Portugal,870.55,11,384.79,In-Store
2023-05-15,Smartwatch Lite,Electronics,Italy,9100.7,54,4047.87,In-Store
2023-05-15,Trail Sneakers,Footwear,Italy,946.62,13,463.77,Online
2023-05-15,Cotton T-Shirt,Apparel,Netherlands,1043.85,52,413.37,Wholesale
2023-05-16,Wireless Earbuds,Electronics,Italy,5904.9,52,3154.33,Wholesale
2023-05-16,Smartwatch Lite,Electronics,France,2304.77,14,1001.07,In-Store
2023-05-16,Smartwatch Lite,Electronics,France,3311.21,23,1689.5,Online
2023-05-16,Running Shoes Pro,Footwear,Germany,2609.18,31,1297.44,Wholesale
2023-05-16,Denim Jacket,Apparel,France,876.35,10,457.51,Online
2023-05-16,Wireless Earbuds,Electronics,Spain,1584.06,12,727.46,Wholesale
2023-05-16,Wireless Earbuds,Electronics,Spain,3150.88,25,1554.28,In-Store
2023-05-16,Adjustable Dumbbells,Fitness,Germany,1269.04,7,805.88,Online
2023-05-16,Running Shoes Pro,Footwear,Spain,3947.89,44,1863.21,Online
2023-05-17,Denim Jacket,Apparel,Italy,856.29,9,433.28,Online
2023-05-17,Denim Jacket,Apparel,Germany,906.22,11,518.36,Wholesale
2023-05-17,Trail Sneakers,Footwear,Portugal,1065.65,16,570.08,Online
2023-05-17,Adjustable Dumbbells,Fitness,Spain,2477.68,11,1195.16,In-Store
2023-05-17,Cotton T-Shirt,Apparel,Spain,378.35,17,141.31,Online
2023-05-17,Yoga Mat,Fitness,France,713.32,23,326.71,In-Store
2023-05-17,Yoga Mat,Fitness,Spain,628.17,21,291.16,Online
2023-05-18,Yoga Mat,Fitness,Germany,1439.03,42,610.19,Wholesale
2023-05-18,Yoga Mat,Fitness,Netherlands,673.96,22,317.58,In-Store
2023-05-18,Adjustable Dumbbells,Fitness,France,2532.32,12,1311.07,Wholesale
2023-05-18,Wireless Earbuds,Electronics,Portugal,7452.23,53,3067.99,Wholesale
2023-05-18,Cotton T-Shirt,Apparel,Germany,276.37,14,113.48,Wholesale
2023-05-18,Wireless Earbuds,Electronics,Germany,2120.67,15,902.84,Wholesale
2023-05-18,Running Shoes Pro,Footwear,Spain,968.08,11,482.66,Online
2023-05-18,Cotton T-Shirt,Apparel,France,646.86,29,221.12,In-Store
2023-05-19,Running Shoes Pro,Footwear,Portugal,3177.04,37,1507.49,Wholesale
2023-05-19,Smartwatch Lite,Electronics,Portugal,6021.2,39,2882.94,In-Store
2023-05-19,Trail Sneakers,Footwear,France,1182.65,15,532.47,Online
2023-05-19,Denim Jacket,Apparel,Portugal,1707.26,20,931.54,Online
2023-05-19,Trail Sneakers,Footwear,Italy,1056.77,13,468.36,Wholesale
2023-05-19,Running Shoes Pro,Footwear,Portugal,4325.26,50,2163.99,In-Store
2023-05-19,Adjustable Dumbbells,Fitness,France,4524.36,24,2628.26,Online
2023-05-19,Smartwatch Lite,Electronics,France,3186.82,20,1443.68,In-Store
2023-05-19,Adjustable Dumbbells,Fitness,Portugal,4465.08,20,2270.29,In-Store
2023-05-19,Running Shoes Pro,Footwear,Netherlands,1745.91,22,917.66,Online
2023-05-19,Wireless Earbuds,Electronics,France,8644.98,63,3857.02,Wholesale
2023-05-20,Trail Sneakers,Footwear,Germany,2063.98,27,920.41,In-Store
2023-05-20,Wireless Earbuds,Electronics,Netherlands,3156.31,27,1569.04,In-Store
2023-05-20,Yoga Mat,Fitness,France,1333.92,42,573.73,In-Store
2023-05-20,Smartwatch Lite,Electronics,France,1813.55,12,904.15,Online
2023-05-20,Smartwatch Lite,Electronics,Netherlands,1555.17,11,791.66,Online
2023-05-20,Running Shoes Pro,Footwear,France,2643.95,30,1244.03,Wholesale
2023-05-21,Wireless Earbuds,Electronics,Spain,4715.68,34,2014.08,Wholesale
2023-05-21,Wireless Earbuds,Electronics,Germany,2665.92,22,1330.19,Wholesale
2023-05-21,Running Shoes Pro,Footwear,Netherlands,1792.9,23,981.96,In-Store
2023-05-21,Cotton T-Shirt,Apparel,Italy,325.97,15,125.5,Online
2023-05-22,Running Shoes Pro,Footwear,Germany,2922.14,30,1259.2,In-Store
2023-05-22,Trail Sneakers,Footwear,Spain,2442.79,31,1088.19,Wholesale
2023-05-22,Smartwatch Lite,Electronics,Italy,2374.65,14,1059.38,Wholesale
2023-05-22,Adjustable Dumbbells,Fitness,Germany,7430.88,36,4020.86,Wholesale
2023-05-22,Trail Sneakers,Footwear,Netherlands,2920.49,42,1456.57,Online
2023-05-22,Adjustable Dumbbells,Fitness,Spain,4106.96,22,2477.94,Wholesale
2023-05-22,Wireless Earbuds,Electronics,Germany,6718.58,49,3084.29,Wholesale
2023-05-22,Adjustable Dumbbells,Fitness,Portugal,8138.84,38,4152.13,In-Store
2023-05-23,Adjustable Dumbbells,Fitness,Netherlands,1291.03,6,667.18,Wholesale
2023-05-23,Wireless Earbuds,Electronics,Italy,1770.82,15,911.19,In-Store
2023-05-23,Wireless Earbuds,Electronics,Portugal,3702.34,33,1900.96,Wholesale
2023-05-23,Cotton T-Shirt,Apparel,France,291.6,14,116.36,Wholesale
2023-05-23,Yoga Mat,Fitness,France,912.19,24,336.23,Wholesale
2023-05-23,Yoga Mat,Fitness,Spain,569.69,17,228.01,Wholesale
2023-05-23,Smartwatch Lite,Electronics,Germany,2079.94,15,1133.63,In-Store
2023-05-23,Running Shoes Pro,Footwear,Netherlands,1735.73,20,860.65,Wholesale
2023-05-24,Running Shoes Pro,Footwear,Netherlands,3135.06,36,1565.44,Wholesale
2023-05-24,Trail Sneakers,Footwear,France,621.2,9,316.17,In-Store
2023-05-24,Wireless Earbuds,Electronics,France,2071.78,16,952.55,In-Store
2023-05-24,Adjustable Dumbbells,Fitness,Italy,2259.66,12,1324.06,Wholesale
2023-05-24,Running Shoes Pro,Footwear,Netherlands,2258.12,25,1059.46,Online
2023-05-24,Running Shoes Pro,Footwear,Netherlands,4052.02,48,2022.59,Online
2023-05-24,Wireless Earbuds,Electronics,Netherlands,2358.55,18,1064.09,Wholesale
2023-05-24,Cotton T-Shirt,Apparel,France,475.37,25,198.51,Wholesale
2023-05-24,Running Shoes Pro,Footwear,Germany,2235.73,28,1227.51,Online
2023-05-24,Yoga Mat,Fitness,Portugal,1489.75,39,533.68,Wholesale
2023-05-24,Running Shoes Pro,Footwear,Italy,5001.14,57,2293.73,In-Store
2023-05-24,Yoga Mat,Fitness,Portugal,456.63,12,169.25,Wholesale
2023-05-25,Wireless Earbuds,Electronics,Spain,347.02,3,188.87,Online
2023-05-25,Cotton T-Shirt,Apparel,Portugal,423.32,18,139.23,In-Store
2023-05-25,Cotton T-Shirt,Apparel,Germany,663.61,29,236.83,Online
2023-05-25,Cotton T-Shirt,Apparel,France,243.1,12,91.4,In-Store
2023-05-25,Cotton T-Shirt,Apparel,Portugal,235.14,11,85.9,Online
2023-05-25,Yoga Mat,Fitness,France,616.41,18,259.88,Online
2023-05-25,Trail Sneakers,Footwear,Germany,385.08,5,170.46,Wholesale
2023-05-25,Cotton T-Shirt,Apparel,Germany,1105.73,47,393.28,Wholesale
2023-05-25,Denim Jacket,Apparel,France,2443.08,27,1336.98,Online
2023-05-25,Cotton T-Shirt,Apparel,Spain,373.53,19,150.42,In-Store
2023-05-25,Trail Sneakers,Footwear,Spain,3138.66,40,1402.63,Wholesale
2023-05-25,Yoga Mat,Fitness,Portugal,1013.62,27,386.34,Online
2023-05-26,Wireless Earbuds,Electronics,France,3366.6,26,1620.88,Online
2023-05-26,Cotton T-Shirt,Apparel,Netherlands,1154.47,48,368.38,In-Store
2023-05-26,Smartwatch Lite,Electronics,Portugal,2214.53,14,1008.49,Online
2023-05-26,Denim Jacket,Apparel,Netherlands,1786.38,18,899.45,In-Store
2023-05-26,Denim Jacket,Apparel,Germany,1965.67,19,880.48,In-Store
2023-05-27,Smartwatch Lite,Electronics,Spain,910.12,6,453.33,Wholesale
2023-05-27,Cotton T-Shirt,Apparel,Italy,424.43,21,160.54,Wholesale
2023-05-27,Yoga Mat,Fitness,Portugal,952.5,29,405.5,In-Store
2023-05-27,Denim Jacket,Apparel,Netherlands,2935.19,35,1616.79,Wholesale
2023-05-27,Cotton T-Shirt,Apparel,Germany,502.49,21,167.09,Wholesale
2023-05-27,Yoga Mat,Fitness,Netherlands,938.12,30,435.06,In-Store
2023-05-27,Yoga Mat,Fitness,Germany,1238.83,37,507.26,Wholesale
2023-05-27,Yoga Mat,Fitness,Italy,335.29,11,159.04,Wholesale
2023-05-27,Trail Sneakers,Footwear,Netherlands,1333.53,19,654.14,Wholesale
2023-05-28,Running Shoes Pro,Footwear,France,473.16,5,213.53,In-Store
2023-05-28,Denim Jacket,Apparel,Germany,1613.3,16,784.97,In-Store
2023-05-28,Cotton T-Shirt,Apparel,Italy,340.67,15,118.26,In-Store
2023-05-28,Smartwatch Lite,Electronics,Netherlands,3543.31,22,1581.91,Online
2023-05-28,Adjustable Dumbbells,Fitness,Portugal,1072.34,6,680.04,Online
2023-05-28,Denim Jacket,Apparel,Spain,1400.7,17,802.14,In-Store
2023-05-28,Yoga Mat,Fitness,Italy,1906.49,57,775.14,Online
2023-05-28,Trail Sneakers,Footwear,France,1591.04,23,820.58,In-Store
2023-05-28,Yoga Mat,Fitness,France,693.37,19,276.13,In-Store
2023-05-28,Denim Jacket,Apparel,Germany,523.26,6,277.37,In-Store
2023-05-28,Running Shoes Pro,Footwear,Portugal,844.16,11,457.58,In-Store
2023-05-29,Wireless Earbuds,Electronics,Germany,2202.81,20,1236.62,Wholesale
2023-05-29,Wireless Earbuds,Electronics,Italy,1981.06,16,937.78,Wholesale
2023-05-29,Cotton T-Shirt,Apparel,Spain,194.43,9,73.22,Wholesale
2023-05-29,Cotton T-Shirt,Apparel,Netherlands,1117.8,49,407.78,Wholesale
2023-05-29,Yoga Mat,Fitness,Spain,1195.25,39,566.26,Online
2023-05-30,Cotton T-Shirt,Apparel,Portugal,503.95,23,183.67,In-Store
2023-05-30,Denim Jacket,Apparel,Italy,3154.88,38,1910.04,In-Store
2023-05-30,Running Shoes Pro,Footwear,Italy,1511.98,16,683.48,Wholesale
2023-05-30,Wireless Earbuds,Electronics,Portugal,2698.26,21,1244.66,Online
2023-05-30,Denim Jacket,Apparel,Spain,1900.61,19,941.07,Wholesale
2023-05-30,Denim Jacket,Apparel,Italy,973.78,10,470.58,Wholesale
2023-05-30,Running Shoes Pro,Footwear,Portugal,3211.73,38,1560.2,Online
2023-05-30,Smartwatch Lite,Electronics,Germany,3224.49,21,1607.4,Online
2023-05-30,Running Shoes Pro,Footwear,Spain,1315.73,16,702.38,Wholesale
2023-05-30,Trail Sneakers,Footwear,Germany,4457.2,62,2082.89,Online
2023-05-31,Cotton T-Shirt,Apparel,Spain,720.25,32,267.45,Wholesale
2023-05-31,Wireless Earbuds,Electronics,France,1260.76,9,540.27,In-Store
2023-05-31,Adjustable Dumbbells,Fitness,France,1507.36,7,748.51,Wholesale
2023-05-31,Smartwatch Lite,Electronics,Italy,2398.58,15,1114.49,Online
2023-05-31,Adjustable Dumbbells,Fitness,Spain,1234.98,6,664.89,Wholesale
2023-05-31,Running Shoes Pro,Footwear,Italy,1620.48,21,857.29,Wholesale
2023-05-31,Trail Sneakers,Footwear,Germany,1062.89,14,479.43,In-Store
2023-05-31,Smartwatch Lite,Electronics,Portugal,6603.83,42,3080.52,In-Store
2023-05-31,Wireless Earbuds,Electronics,Portugal,2239.44,20,1143.08,In-Store
2023-06-01,Wireless Earbuds,Electronics,Portugal,1867.18,15,944.29,Online
2023-06-01,Cotton T-Shirt,Apparel,Spain,346.77,17,141.4,In-Store
2023-06-01,Wireless Earbuds,Electronics,Netherlands,2747.04,22,1296.45,In-Store
2023-06-01,Wireless Earbuds,Electronics,Germany,2446.58,20,1180.29,Wholesale
2023-06-01,Yoga Mat,Fitness,Netherlands,673.92,20,282.05,Wholesale
2023-06-01,Cotton T-Shirt,Apparel,Italy,505.49,23,176.04,Online
2023-06-01,Yoga Mat,Fitness,Portugal,729.3,20,284.8,Online
2023-06-01,Denim Jacket,Apparel,Spain,2078.18,24,1123.57,In-Store
2023-06-02,Yoga Mat,Fitness,Spain,664.83,22,309.91,Online
2023-06-02,Wireless Earbuds,Electronics,Italy,792.43,7,437.87,Wholesale
2023-06-02,Adjustable Dumbbells,Fitness,Spain,2836.76,13,1435.08,Wholesale
2023-06-02,Yoga Mat,Fitness,Italy,883.54,29,411.6,Wholesale
2023-06-02,Adjustable Dumbbells,Fitness,Spain,2398.82,12,1292.62,Wholesale
2023-06-02,Yoga Mat,Fitness,Spain,496.23,14,200.49,Wholesale
2023-06-02,Adjustable Dumbbells,Fitness,France,6553.94,29,3292.6,Online
2023-06-02,Cotton T-Shirt,Apparel,Spain,315.62,15,117.27,Online
2023-06-02,Yoga Mat,Fitness,Portugal,1887.8,53,735.82,In-Store
2023-06-02,Cotton T-Shirt,Apparel,Portugal,119.09,6,50.21,In-Store
2023-06-03,Cotton T-Shirt,Apparel,France,419.42,21,172.65,Wholesale
2023-06-03,Smartwatch Lite,Electronics,Netherlands,8180.35,52,3851.98,Wholesale
2023-06-03,Trail Sneakers,Footwear,Netherlands,2955.63,40,1364.28,Wholesale
2023-06-03,Wireless Earbuds,Electronics,Spain,4268.82,31,1899.98,In-Store
2023-06-03,Running Shoes Pro,Footwear,Italy,2125.56,25,1054.46,Online
2023-06-03,Smartwatch Lite,Electronics,France,3031.07,18,1301.15,Wholesale
2023-06-03,Yoga Mat,Fitness,Portugal,179.03,5,69.25,Wholesale
2023-06-03,Yoga Mat,Fitness,Germany,306.07,9,120.34,Wholesale
2023-06-03,Wireless Earbuds,Electronics,Spain,2910.93,26,1487.68,Online
2023-06-03,Yoga Mat,Fitness,Germany,1385.7,38,525.43,In-Store
2023-06-04,Trail Sneakers,Footwear,Germany,2617.36,39,1303.65,Wholesale
2023-06-04,Smartwatch Lite,Electronics,Germany,3451.51,21,1586.64,Online
2023-06-04,Smartwatch Lite,Electronics,Germany,3607.06,26,1992.32,Online
2023-06-04,Adjustable Dumbbells,Fitness,Spain,9507.46,47,5297.19,In-Store
2023-06-04,Cotton T-Shirt,Apparel,France,189.44,8,64.78,Online
2023-06-04,Wireless Earbuds,Electronics,Portugal,4895.87,38,2316.07,Wholesale
2023-06-05,Running Shoes Pro,Footwear,Netherlands,5584.52,61,2684.66,In-Store
2023-06-05,Cotton T-Shirt,Apparel,Spain,649.34,33,276.52,Online
2023-06-05,Yoga Mat,Fitness,Portugal,1113.26,37,502.87,Online
2023-06-05,Yoga Mat,Fitness,Netherlands,830.15,24,347.25,Online
2023-06-05,Running Shoes Pro,Footwear,Netherlands,3635.53,38,1655.86,In-Store
2023-06-05,Denim Jacket,Apparel,Germany,1970.16,23,1112.76,Wholesale
2023-06-05,Cotton T-Shirt,Apparel,Portugal,574.35,25,198.11,Online
2023-06-05,Wireless Earbuds,Electronics,France,6346.68,50,2922.0,Wholesale
2023-06-05,Cotton T-Shirt,Apparel,France,235.57,12,91.43,Online
2023-06-06,Adjustable Dumbbells,Fitness,Germany,5874.64,32,3677.46,Online
2023-06-06,Denim Jacket,Apparel,Spain,7660.66,81,3747.22,Online
2023-06-06,Running Shoes Pro,Footwear,Portugal,455.42,5,203.96,Wholesale
2023-06-06,Yoga Mat,Fitness,Portugal,739.69,20,291.97,In-Store
2023-06-06,Cotton T-Shirt,Apparel,Germany,620.17,28,217.48,In-Store
2023-06-06,Yoga Mat,Fitness,Netherlands,1458.21,43,583.44,Wholesale
2023-06-06,Denim Jacket,Apparel,Netherlands,1906.67,22,1048.56,Wholesale
2023-06-06,Cotton T-Shirt,Apparel,Spain,1029.25,47,386.68,Wholesale
2023-06-06,Running Shoes Pro,Footwear,Netherlands,636.55,8,323.73,Online
2023-06-07,Wireless Earbuds,Electronics,Netherlands,2195.43,18,1127.07,Online
2023-06-07,Running Shoes Pro,Footwear,Portugal,934.52,12,507.13,Online
2023-06-07,Yoga Mat,Fitness,Germany,320.96,9,126.01,Wholesale
2023-06-07,Running Shoes Pro,Footwear,Netherlands,1620.56,20,849.97,Wholesale
2023-06-07,Denim Jacket,Apparel,Italy,1436.93,14,705.21,In-Store
2023-06-08,Yoga Mat,Fitness,Germany,1531.87,47,632.03,Online
2023-06-08,Yoga Mat,Fitness,Italy,1554.9,44,602.88,In-Store
2023-06-08,Adjustable Dumbbells,Fitness,France,2656.88,12,1290.0,Online
2023-06-08,Adjustable Dumbbells,Fitness,Germany,10787.55,49,5370.45,In-Store
2023-06-08,Adjustable Dumbbells,Fitness,Spain,2856.83,16,1700.49,Online
2023-06-08,Smartwatch Lite,Electronics,Portugal,1827.21,12,925.32,Online
2023-06-08,Cotton T-Shirt,Apparel,Portugal,333.79,14,110.72,Wholesale
2023-06-08,Running Shoes Pro,Footwear,Portugal,1791.31,22,968.31,In-Store
2023-06-08,Denim Jacket,Apparel,Netherlands,1459.5,15,714.97,Online
2023-06-08,Cotton T-Shirt,Apparel,Netherlands,592.18,26,199.41,Online
2023-06-09,Cotton T-Shirt,Apparel,Netherlands,326.81,16,131.2,Wholesale
2023-06-09,Cotton T-Shirt,Apparel,Netherlands,44.35,2,15.44,In-Store
2023-06-09,Running Shoes Pro,Footwear,Germany,1596.96,18,761.64,In-Store
2023-06-09,Cotton T-Shirt,Apparel,Spain,430.31,21,170.86,Online
2023-06-09,Cotton T-Shirt,Apparel,Italy,730.91,39,306.89,Wholesale
2023-06-09,Wireless Earbuds,Electronics,Netherlands,1531.05,11,671.56,In-Store
2023-06-09,Cotton T-Shirt,Apparel,Netherlands,64.95,3,23.12,Online
2023-06-10,Cotton T-Shirt,Apparel,Germany,670.18,35,279.16,Wholesale
2023-06-10,Denim Jacket,Apparel,Netherlands,1374.47,16,785.21,Wholesale
2023-06-10,Adjustable Dumbbells,Fitness,Portugal,5819.81,26,2723.78,Online
2023-06-10,Adjustable Dumbbells,Fitness,Netherlands,3558.24,17,1892.8,Wholesale
2023-06-10,Trail Sneakers,Footwear,Portugal,542.88,8,284.51,Wholesale
2023-06-10,Adjustable Dumbbells,Fitness,Spain,6120.44,28,3028.66,In-Store
2023-06-10,Trail Sneakers,Footwear,Spain,2466.19,39,1310.68,Wholesale
2023-06-10,Cotton T-Shirt,Apparel,Italy,242.62,11,89.49,Wholesale
2023-06-11,Running Shoes Pro,Footwear,Italy,1652.92,18,734.09,In-Store
2023-06-11,Yoga Mat,Fitness,Spain,254.65,7,94.72,Wholesale
2023-06-11,Adjustable Dumbbells,Fitness,Italy,3791.45,21,2257.55,Online
2023-06-11,Yoga Mat,Fitness,Netherlands,612.57,19,254.34,In-Store
2023-06-11,Smartwatch Lite,Electronics,Italy,4585.89,31,2407.36,Wholesale
2023-06-11,Denim Jacket,Apparel,Germany,1485.65,17,799.56,Online
2023-06-11,Smartwatch Lite,Electronics,Germany,2238.7,16,1244.82,In-Store
2023-06-11,Running Shoes Pro,Footwear,Netherlands,1821.73,21,863.35,In-Store
2023-06-12,Adjustable Dumbbells,Fitness,France,1644.25,8,909.4,Wholesale
2023-06-12,Wireless Earbuds,Electronics,Portugal,2872.76,22,1283.88,In-Store
2023-06-12,Adjustable Dumbbells,Fitness,Spain,5567.75,28,3097.44,Online
2023-06-12,Wireless Earbuds,Electronics,Germany,2844.78,22,1320.03,Online
2023-06-12,Trail Sneakers,Footwear,France,860.31,12,440.02,Wholesale
2023-06-12,Cotton T-Shirt,Apparel,Spain,482.96,23,181.91,In-Store
2023-06-12,Wireless Earbuds,Electronics,Netherlands,3422.51,29,1749.7,Online
2023-06-12,Denim Jacket,Apparel,France,1009.63,12,552.62,In-Store
2023-06-12,Trail Sneakers,Footwear,Spain,2644.66,41,1479.11,Wholesale
2023-06-12,Adjustable Dumbbells,Fitness,France,2825.87,13,1396.78,Wholesale
2023-06-12,Wireless Earbuds,Electronics,France,1634.51,14,831.87,In-Store
2023-06-12,Wireless Earbuds,Electronics,France,3446.39,27,1616.03,In-Store
2023-06-13,Running Shoes Pro,Footwear,Italy,2355.5,26,1123.87,In-Store
2023-06-13,Wireless Earbuds,Electronics,Portugal,2638.38,20,1176.15,In-Store
2023-06-13,Wireless Earbuds,Electronics,Germany,4255.38,30,1772.38,Wholesale
2023-06-13,Cotton T-Shirt,Apparel,Netherlands,624.69,26,204.03,Wholesale
2023-06-13,Yoga Mat,Fitness,France,426.78,12,169.49,In-Store
2023-06-13,Yoga Mat,Fitness,Italy,1012.52,31,439.78,Online
2023-06-13,Adjustable Dumbbells,Fitness,Netherlands,7745.72,36,3851.37,Online
2023-06-13,Denim Jacket,Apparel,Netherlands,2550.62,30,1382.77,In-Store
2023-06-13,Yoga Mat,Fitness,Portugal,172.6,5,67.32,In-Store
2023-06-13,Trail Sneakers,Footwear,Netherlands,3371.51,45,1530.05,Wholesale
2023-06-13,Smartwatch Lite,Electronics,Netherlands,1963.33,12,916.58,Online
2023-06-14,Wireless Earbuds,Electronics,Portugal,2342.83,17,1042.33,Wholesale
2023-06-14,Smartwatch Lite,Electronics,Italy,458.2,3,216.53,In-Store
2023-06-14,Cotton T-Shirt,Apparel,Germany,758.56,35,284.93,Wholesale
2023-06-14,Cotton T-Shirt,Apparel,Netherlands,697.68,31,247.53,Online
2023-06-14,Running Shoes Pro,Footwear,France,463.92,6,251.72,In-Store
2023-06-14,Cotton T-Shirt,Apparel,Germany,585.27,30,244.46,In-Store
2023-06-14,Running Shoes Pro,Footwear,Italy,3746.72,42,1795.35,Online
2023-06-14,Cotton T-Shirt,Apparel,Italy,56.75,3,25.0,Wholesale
2023-06-14,Wireless Earbuds,Electronics,France,2482.31,19,1115.09,In-Store
2023-06-15,Wireless Earbuds,Electronics,Italy,833.35,6,359.16,Online
2023-06-15,Wireless Earbuds,Electronics,Germany,2157.19,18,1056.27,Online
2023-06-15,Running Shoes Pro,Footwear,France,990.43,13,542.24,Wholesale
2023-06-15,Cotton T-Shirt,Apparel,Italy,338.41,17,133.12,In-Store
2023-06-15,Smartwatch Lite,Electronics,Italy,5643.38,39,2800.38,Wholesale
2023-06-15,Trail Sneakers,Footwear,Germany,1131.61,15,504.46,In-Store
2023-06-15,Yoga Mat,Fitness,Portugal,625.05,20,292.35,In-Store
2023-06-15,Smartwatch Lite,Electronics,Portugal,3854.83,24,1725.0,Wholesale
2023-06-16,Wireless Earbuds,Electronics,Portugal,3319.53,24,1446.35,In-Store
2023-06-16,Adjustable Dumbbells,Fitness,Germany,1573.29,7,792.28,Wholesale
2023-06-16,Yoga Mat,Fitness,France,795.61,21,285.34,In-Store
2023-06-16,Trail Sneakers,Footwear,Netherlands,641.21,10,346.41,Online
2023-06-16,Yoga Mat,Fitness,Italy,632.65,19,267.11,Online
2023-06-16,Cotton T-Shirt,Apparel,Italy,239.6,11,86.61,Wholesale
2023-06-16,Trail Sneakers,Footwear,Netherlands,934.2,12,413.81,In-Store
2023-06-16,Denim Jacket,Apparel,Portugal,2565.34,30,1432.59,Online
2023-06-16,Wireless Earbuds,Electronics,Germany,1275.0,10,591.28,In-Store
2023-06-16,Trail Sneakers,Footwear,Germany,1440.01,22,749.74,In-Store
2023-06-17,Denim Jacket,Apparel,Italy,3089.25,34,1571.15,Wholesale
2023-06-17,Yoga Mat,Fitness,Germany,304.86,10,143.26,Wholesale
2023-06-17,Trail Sneakers,Footwear,Spain,4564.18,71,2386.51,In-Store
2023-06-17,Wireless Earbuds,Electronics,France,8569.15,66,3802.67,Online
2023-06-17,Trail Sneakers,Footwear,France,804.15,11,384.59,Wholesale
2023-06-17,Denim Jacket,Apparel,Netherlands,1733.92,18,856.79,Online
2023-06-17,Yoga Mat,Fitness,Netherlands,712.3,22,294.68,Wholesale
2023-06-17,Running Shoes Pro,Footwear,France,891.97,10,420.28,Wholesale
2023-06-18,Yoga Mat,Fitness,Germany,317.8,9,129.07,Online
2023-06-18,Running Shoes Pro,Footwear,Netherlands,4996.36,56,2383.34,In-Store
2023-06-18,Smartwatch Lite,Electronics,Portugal,7268.43,50,3630.99,Online
2023-06-18,Running Shoes Pro,Footwear,Italy,774.68,10,436.31,Online
2023-06-18,Smartwatch Lite,Electronics,Netherlands,1524.03,11,837.24,Wholesale
2023-06-18,Wireless Earbuds,Electronics,Germany,3283.47,28,1708.87,Wholesale
2023-06-18,Adjustable Dumbbells,Fitness,France,2886.83,13,1474.08,Online
2023-06-18,Smartwatch Lite,Electronics,Portugal,5603.26,33,2595.94,Wholesale
2023-06-18,Denim Jacket,Apparel,Germany,1756.39,20,981.47,Wholesale
2023-06-18,Cotton T-Shirt,Apparel,Spain,458.35,23,185.73,Wholesale
2023-06-18,Denim Jacket,Apparel,Spain,1051.29,13,604.3,Wholesale
2023-06-19,Smartwatch Lite,Electronics,Germany,3664.31,23,1674.19,Wholesale
2023-06-19,Yoga Mat,Fitness,Portugal,265.2,8,108.69,Online
2023-06-19,Adjustable Dumbbells,Fitness,Italy,956.21,5,571.22,Online
2023-06-19,Trail Sneakers,Footwear,Netherlands,1473.11,23,768.12,Wholesale
2023-06-19,Yoga Mat,Fitness,France,3230.87,86,1249.55,Online
2023-06-19,Denim Jacket,Apparel,Spain,3362.53,38,1825.83,Wholesale
2023-06-19,Adjustable Dumbbells,Fitness,Italy,4669.0,25,2739.23,Wholesale
2023-06-19,Denim Jacket,Apparel,Italy,3900.17,39,1782.0,Wholesale
2023-06-19,Yoga Mat,Fitness,Italy,718.29,20,276.81,In-Store
2023-06-19,Adjustable Dumbbells,Fitness,Italy,9901.27,51,5774.49,Online
2023-06-19,Smartwatch Lite,Electronics,Spain,1209.67,7,507.42,Online
2023-06-19,Adjustable Dumbbells,Fitness,Portugal,5317.51,27,3000.82,Online
2023-06-20,Trail Sneakers,Footwear,Netherlands,1560.42,20,704.52,Online
2023-06-20,Running Shoes Pro,Footwear,Portugal,2808.16,36,1565.98,In-Store
2023-06-20,Adjustable Dumbbells,Fitness,Spain,8823.03,40,4457.15,Wholesale
2023-06-20,Smartwatch Lite,Electronics,Spain,1832.54,12,935.53,Wholesale
2023-06-20,Denim Jacket,Apparel,Germany,950.74,10,475.8,In-Store
2023-06-20,Smartwatch Lite,Electronics,France,2982.19,19,1384.41,Wholesale
2023-06-20,Yoga Mat,Fitness,Italy,150.28,5,67.5,In-Store
2023-06-20,Trail Sneakers,Footwear,Portugal,2872.48,40,1416.59,Wholesale
2023-06-20,Yoga Mat,Fitness,France,1487.67,47,684.7,Online
2023-06-20,Denim Jacket,Apparel,Germany,1629.86,20,917.47,Online
2023-06-21,Smartwatch Lite,Electronics,Germany,4019.18,26,1950.13,In-Store
2023-06-21,Denim Jacket,Apparel,France,1071.67,13,629.95,Online
2023-06-21,Wireless Earbuds,Electronics,Spain,3344.4,28,1632.66,Online
2023-06-21,Trail Sneakers,Footwear,Italy,739.66,10,336.02,Wholesale
2023-06-21,Running Shoes Pro,Footwear,Italy,2045.97,26,1050.94,In-Store
2023-06-21,Denim Jacket,Apparel,Portugal,4472.78,49,2367.36,Wholesale
2023-06-21,Cotton T-Shirt,Apparel,Italy,122.5,6,47.41,Online
2023-06-21,Wireless Earbuds,Electronics,Italy,1436.0,13,809.81,Wholesale
2023-06-21,Running Shoes Pro,Footwear,Portugal,5481.17,62,2590.81,In-Store
2023-06-21,Yoga Mat,Fitness,Portugal,2061.31,59,833.26,In-Store
2023-06-22,Cotton T-Shirt,Apparel,Germany,262.03,11,90.8,Wholesale
2023-06-22,Cotton T-Shirt,Apparel,Netherlands,158.25,8,63.4,In-Store
2023-06-22,Wireless Earbuds,Electronics,France,2748.75,20,1171.48,Online
2023-06-22,Adjustable Dumbbells,Fitness,Germany,2143.09,10,1101.3,Wholesale
2023-06-23,Yoga Mat,Fitness,Netherlands,508.27,15,209.98,Wholesale
2023-06-23,Adjustable Dumbbells,Fitness,Italy,635.66,3,339.58,Wholesale
2023-06-23,Smartwatch Lite,Electronics,Portugal,6834.3,49,3844.13,Online
2023-06-23,Wireless Earbuds,Electronics,Netherlands,7247.55,53,3245.31,In-Store
2023-06-23,Denim Jacket,Apparel,Netherlands,2033.41,22,1076.86,In-Store
2023-06-23,Trail Sneakers,Footwear,Netherlands,895.89,13,467.94,Online
2023-06-23,Running Shoes Pro,Footwear,Portugal,3569.23,39,1712.56,Online
2023-06-23,Running Shoes Pro,Footwear,Portugal,3983.97,41,1655.31,Online
2023-06-23,Running Shoes Pro,Footwear,France,452.85,5,199.89,Wholesale
2023-06-23,Cotton T-Shirt,Apparel,Spain,976.61,41,321.29,In-Store
2023-06-23,Cotton T-Shirt,Apparel,Netherlands,1048.63,55,444.16,Wholesale
2023-06-24,Cotton T-Shirt,Apparel,Portugal,693.12,31,239.47,Wholesale
2023-06-24,Yoga Mat,Fitness,France,805.03,24,333.85,In-Store
2023-06-24,Wireless Earbuds,Electronics,Netherlands,4992.56,38,2353.47,Wholesale
2023-06-24,Smartwatch Lite,Electronics,France,5149.26,34,2548.51,Wholesale
2023-06-25,Yoga Mat,Fitness,Germany,727.38,22,304.46,Online
2023-06-25,Smartwatch Lite,Electronics,Italy,4277.93,27,2006.77,In-Store
2023-06-25,Denim Jacket,Apparel,Spain,5656.82,59,2730.78,Online
2023-06-26,Running Shoes Pro,Footwear,Italy,1141.26,14,581.21,Online
2023-06-26,Cotton T-Shirt,Apparel,Italy,395.4,21,174.55,Wholesale
2023-06-26,Denim Jacket,Apparel,Germany,2474.25,28,1380.13,Wholesale
2023-06-26,Cotton T-Shirt,Apparel,Italy,370.25,16,132.38,In-Store
2023-06-26,Trail Sneakers,Footwear,Spain,1094.38,14,475.76,In-Store
2023-06-26,Wireless Earbuds,Electronics,Italy,6361.43,49,2850.41,Wholesale
2023-06-26,Smartwatch Lite,Electronics,Germany,3490.15,25,1835.32,Wholesale
2023-06-26,Smartwatch Lite,Electronics,Germany,2072.38,13,1003.36,Online
2023-06-26,Running Shoes Pro,Footwear,France,1616.21,18,787.8,Wholesale
2023-06-26,Wireless Earbuds,Electronics,Spain,2229.33,18,1035.92,Wholesale
2023-06-26,Trail Sneakers,Footwear,Netherlands,1058.01,13,445.92,Online
2023-06-26,Wireless Earbuds,Electronics,Netherlands,2199.19,19,1144.2,Online
2023-06-27,Adjustable Dumbbells,Fitness,Italy,18539.76,89,9499.09,Wholesale
2023-06-27,Trail Sneakers,Footwear,France,1113.66,17,584.04,Online
2023-06-27,Running Shoes Pro,Footwear,Spain,2289.08,29,1265.41,Wholesale
2023-06-27,Smartwatch Lite,Electronics,Portugal,1258.13,8,601.97,Wholesale
2023-06-27,Adjustable Dumbbells,Fitness,France,3676.52,16,1827.32,Wholesale
2023-06-27,Yoga Mat,Fitness,France,282.23,9,125.82,Online
2023-06-27,Cotton T-Shirt,Apparel,Germany,308.76,13,98.98,Online
2023-06-27,Adjustable Dumbbells,Fitness,Spain,2984.53,14,1579.27,Online
2023-06-27,Wireless Earbuds,Electronics,Spain,4705.98,41,2456.64,In-Store
2023-06-28,Wireless Earbuds,Electronics,Spain,461.89,4,237.46,Wholesale
2023-06-28,Running Shoes Pro,Footwear,Italy,2836.19,33,1376.82,In-Store
2023-06-28,Denim Jacket,Apparel,France,1579.22,17,803.3,Online
2023-06-28,Cotton T-Shirt,Apparel,Germany,546.51,27,207.95,Online
2023-06-28,Adjustable Dumbbells,Fitness,France,4840.47,21,2316.14,In-Store
2023-06-28,Wireless Earbuds,Electronics,France,2398.27,20,1143.74,Online
2023-06-28,Wireless Earbuds,Electronics,Portugal,3823.53,33,2042.35,Wholesale
2023-06-28,Wireless Earbuds,Electronics,Italy,3640.81,27,1546.63,In-Store
2023-06-28,Denim Jacket,Apparel,Italy,2469.75,28,1403.79,Wholesale
2023-06-28,Running Shoes Pro,Footwear,France,2195.77,27,1136.47,Wholesale
2023-06-29,Smartwatch Lite,Electronics,Netherlands,3312.25,23,1727.26,Wholesale
2023-06-29,Smartwatch Lite,Electronics,Spain,2936.72,18,1343.69,Wholesale
2023-06-29,Cotton T-Shirt,Apparel,France,894.32,46,353.62,Wholesale
2023-06-29,Adjustable Dumbbells,Fitness,Portugal,5578.86,25,2814.17,Online
2023-06-29,Running Shoes Pro,Footwear,Italy,908.65,11,441.25,Online
2023-06-29,Adjustable Dumbbells,Fitness,Spain,3037.06,17,1856.52,Online
2023-06-29,Yoga Mat,Fitness,France,1560.96,52,732.44,Wholesale
2023-06-29,Adjustable Dumbbells,Fitness,France,5283.01,26,2793.18,In-Store
2023-06-29,Denim Jacket,Apparel,Italy,4178.89,44,2097.05,In-Store
2023-06-30,Wireless Earbuds,Electronics,France,2267.53,19,1187.38,In-Store
2023-06-30,Yoga Mat,Fitness,Portugal,339.86,10,134.73,In-Store
2023-06-30,Cotton T-Shirt,Apparel,Portugal,79.55,4,30.5,Online
2023-06-30,Smartwatch Lite,Electronics,Portugal,5434.71,38,2817.34,Wholesale
2023-06-30,Cotton T-Shirt,Apparel,Spain,556.02,29,242.68,Online
2023-06-30,Denim Jacket,Apparel,Spain,1377.66,14,639.08,Wholesale
2023-06-30,Trail Sneakers,Footwear,Germany,1895.48,29,1026.63,In-Store
2023-06-30,Denim Jacket,Apparel,Germany,3056.5,36,1681.77,In-Store
2023-07-01,Smartwatch Lite,Electronics,France,1387.89,8,572.96,In-Store
2023-07-01,Yoga Mat,Fitness,Italy,372.73,10,135.09,In-Store
2023-07-01,Smartwatch Lite,Electronics,Netherlands,9549.04,66,4897.42,Online
2023-07-01,Wireless Earbuds,Electronics,Netherlands,2288.03,17,979.8,Wholesale
2023-07-01,Cotton T-Shirt,Apparel,Italy,886.68,42,336.19,In-Store
2023-07-01,Smartwatch Lite,Electronics,Italy,521.13,3,219.79,Wholesale
2023-07-02,Running Shoes Pro,Footwear,France,2732.04,34,1452.92,Online
2023-07-02,Cotton T-Shirt,Apparel,France,284.81,12,94.14,In-Store
2023-07-02,Smartwatch Lite,Electronics,Netherlands,4200.25,31,2368.74,Wholesale
2023-07-02,Cotton T-Shirt,Apparel,Netherlands,238.69,11,84.86,Wholesale
2023-07-02,Yoga Mat,Fitness,Germany,708.04,19,258.11,Online
2023-07-02,Trail Sneakers,Footwear,Netherlands,1740.69,27,946.09,Wholesale
2023-07-02,Trail Sneakers,Footwear,Portugal,2386.21,37,1334.3,Wholesale
2023-07-02,Cotton T-Shirt,Apparel,Portugal,901.63,42,352.49,Online
2023-07-02,Cotton T-Shirt,Apparel,Portugal,224.99,12,99.68,Wholesale
2023-07-03,Smartwatch Lite,Electronics,Italy,3065.6,22,1707.62,In-Store
2023-07-03,Running Shoes Pro,Footwear,Italy,2192.89,24,1007.86,Online
2023-07-03,Adjustable Dumbbells,Fitness,France,636.86,3,330.62,Online
2023-07-03,Adjustable Dumbbells,Fitness,Netherlands,4384.45,22,2308.69,In-Store
2023-07-03,Adjustable Dumbbells,Fitness,Netherlands,9445.4,44,4668.43,In-Store
2023-07-03,Yoga Mat,Fitness,Italy,273.87,8,106.57,In-Store
2023-07-03,Cotton T-Shirt,Apparel,Germany,521.73,23,186.42,In-Store
2023-07-03,Cotton T-Shirt,Apparel,Germany,353.13,17,142.71,In-Store
2023-07-03,Running Shoes Pro,Footwear,France,2367.98,26,1051.9,In-Store
2023-07-03,Adjustable Dumbbells,Fitness,Germany,7602.4,37,4092.16,Online
2023-07-03,Yoga Mat,Fitness,France,387.67,12,165.26,Online
2023-07-03,Cotton T-Shirt,Apparel,Germany,410.6,21,169.45,Online
2023-07-03,Adjustable Dumbbells,Fitness,France,1478.19,8,922.44,Online
2023-07-03,Smartwatch Lite,Electronics,France,2327.67,14,1019.46,In-Store
2023-07-04,Denim Jacket,Apparel,Italy,2611.17,31,1533.29,Wholesale
2023-07-04,Smartwatch Lite,Electronics,Germany,6462.68,41,2982.02,In-Store
2023-07-04,Trail Sneakers,Footwear,Spain,1591.61,20,733.92,Online
2023-07-04,Trail Sneakers,Footwear,Germany,1053.53,16,549.61,Online
2023-07-04,Denim Jacket,Apparel,Spain,1197.06,14,658.62,Wholesale
2023-07-04,Adjustable Dumbbells,Fitness,Germany,4992.33,23,2573.78,In-Store
2023-07-04,Adjustable Dumbbells,Fitness,Germany,4068.08,19,2114.1,Online
2023-07-05,Denim Jacket,Apparel,Portugal,5567.56,54,2667.4,In-Store
2023-07-05,Wireless Earbuds,Electronics,Italy,951.27,7,401.83,Wholesale
2023-07-05,Wireless Earbuds,Electronics,Germany,5002.04,38,2254.64,Online
2023-07-05,Denim Jacket,Apparel,Germany,2745.92,28,1336.73,Wholesale
2023-07-05,Running Shoes Pro,Footwear,France,614.88,8,343.68,Wholesale
2023-07-05,Cotton T-Shirt,Apparel,France,241.16,10,78.89,Wholesale
2023-07-05,Adjustable Dumbbells,Fitness,France,3252.2,15,1714.21,Online
2023-07-06,Adjustable Dumbbells,Fitness,Germany,1074.62,5,554.15,Online
2023-07-06,Smartwatch Lite,Electronics,Germany,3205.79,20,1448.92,Wholesale
2023-07-06,Trail Sneakers,Footwear,Germany,791.01,10,367.04,In-Store
2023-07-06,Running Shoes Pro,Footwear,Italy,1507.54,17,701.57,In-Store
2023-07-06,Cotton T-Shirt,Apparel,Germany,193.01,9,69.24,Wholesale
2023-07-06,Smartwatch Lite,Electronics,Netherlands,1215.8,8,597.43,In-Store
2023-07-06,Adjustable Dumbbells,Fitness,France,9068.03,45,5092.4,Wholesale
2023-07-06,Wireless Earbuds,Electronics,Portugal,8094.83,60,3637.31,Wholesale
2023-07-06,Denim Jacket,Apparel,Portugal,1387.52,14,642.91,Wholesale
2023-07-06,Denim Jacket,Apparel,Spain,1359.34,15,702.0,Online
2023-07-06,Adjustable Dumbbells,Fitness,Spain,4002.62,21,2377.58,Online
2023-07-07,Smartwatch Lite,Electronics,Portugal,5073.51,32,2300.71,Online
2023-07-07,Trail Sneakers,Footwear,Portugal,4920.81,77,2718.06,Wholesale
2023-07-07,Cotton T-Shirt,Apparel,France,613.81,26,210.44,In-Store
2023-07-07,Cotton T-Shirt,Apparel,Spain,1311.51,57,446.53,Online
2023-07-07,Yoga Mat,Fitness,France,1560.67,42,582.34,Wholesale
2023-07-08,Wireless Earbuds,Electronics,Spain,2168.05,16,960.49,In-Store
2023-07-08,Running Shoes Pro,Footwear,Spain,1138.07,13,530.09,Online
2023-07-08,Running Shoes Pro,Footwear,Spain,2084.73,26,1049.58,In-Store
2023-07-08,Denim Jacket,Apparel,Netherlands,2630.87,28,1405.12,Wholesale
2023-07-08,Running Shoes Pro,Footwear,Portugal,1610.25,17,706.1,Wholesale
2023-07-08,Trail Sneakers,Footwear,Italy,2523.49,36,1212.6,Wholesale
2023-07-09,Smartwatch Lite,Electronics,Spain,2878.03,19,1444.1,Online
2023-07-09,Smartwatch Lite,Electronics,Germany,8864.49,65,4739.78,In-Store
2023-07-09,Adjustable Dumbbells,Fitness,Netherlands,3254.41,17,1903.76,In-Store
2023-07-09,Trail Sneakers,Footwear,Germany,2628.21,35,1216.6,In-Store
2023-07-09,Denim Jacket,Apparel,France,1671.07,17,799.71,Online
2023-07-09,Cotton T-Shirt,Apparel,Germany,920.2,42,327.79,Online
2023-07-09,Running Shoes Pro,Footwear,Italy,3324.11,37,1530.91,Online
2023-07-10,Trail Sneakers,Footwear,Italy,1581.19,23,810.92,Wholesale
2023-07-10,Smartwatch Lite,Electronics,France,2840.95,19,1429.9,In-Store
2023-07-10,Smartwatch Lite,Electronics,Spain,444.37,3,219.01,Wholesale
2023-07-10,Wireless Earbuds,Electronics,France,395.06,3,175.11,Online
2023-07-10,Smartwatch Lite,Electronics,Netherlands,11379.97,66,4990.77,Wholesale
2023-07-10,Yoga Mat,Fitness,Germany,925.09,30,412.13,Wholesale
2023-07-10,Adjustable Dumbbells,Fitness,France,4064.65,18,2031.37,Wholesale
2023-07-10,Cotton T-Shirt,Apparel,Portugal,544.34,24,185.2,Online
2023-07-10,Trail Sneakers,Footwear,France,1761.16,23,797.46,Wholesale
2023-07-10,Denim Jacket,Apparel,Germany,713.84,7,320.56,In-Store
2023-07-10,Wireless Earbuds,Electronics,Germany,2748.96,23,1384.56,Wholesale
2023-07-10,Trail Sneakers,Footwear,Italy,1943.01,28,1022.09,In-Store
2023-07-10,Yoga Mat,Fitness,Netherlands,813.0,26,370.98,Online
2023-07-10,Denim Jacket,Apparel,France,2428.22,27,1248.28,Wholesale
2023-07-11,Running Shoes Pro,Footwear,Germany,2505.64,27,1178.06,Wholesale
2023-07-11,Yoga Mat,Fitness,Italy,1115.95,30,412.61,Wholesale
2023-07-11,Running Shoes Pro,Footwear,Germany,1992.66,23,1006.31,In-Store
2023-07-11,Trail Sneakers,Footwear,Germany,1548.81,23,807.78,Wholesale
2023-07-11,Adjustable Dumbbells,Fitness,Netherlands,3345.36,17,1884.38,In-Store
2023-07-11,Smartwatch Lite,Electronics,France,6761.79,44,3394.59,In-Store
2023-07-11,Cotton T-Shirt,Apparel,Italy,336.0,17,136.7,Online
2023-07-11,Cotton T-Shirt,Apparel,Italy,395.43,17,133.38,In-Store
2023-07-11,Running Shoes Pro,Footwear,Portugal,4839.23,58,2402.21,Wholesale
2023-07-12,Wireless Earbuds,Electronics,France,2005.75,16,949.15,Wholesale
2023-07-12,Denim Jacket,Apparel,Netherlands,2428.82,27,1289.85,Wholesale
2023-07-12,Yoga Mat,Fitness,France,501.99,16,214.58,Wholesale
2023-07-12,Cotton T-Shirt,Apparel,Spain,1790.59,79,604.12,Wholesale
2023-07-12,Adjustable Dumbbells,Fitness,Spain,4347.31,23,2630.43,In-Store
2023-07-12,Adjustable Dumbbells,Fitness,Portugal,1200.66,6,677.85,Online
2023-07-12,Trail Sneakers,Footwear,Netherlands,2069.98,32,1154.01,Wholesale
2023-07-12,Smartwatch Lite,Electronics,France,7026.21,45,3393.93,Online
2023-07-12,Yoga Mat,Fitness,Germany,1657.11,44,630.98,Online
2023-07-13,Trail Sneakers,Footwear,Italy,1214.24,15,546.65,Wholesale
2023-07-13,Adjustable Dumbbells,Fitness,France,983.12,5,571.42,Online
2023-07-13,Denim Jacket,Apparel,Portugal,6022.11,58,2856.23,Online
2023-07-13,Cotton T-Shirt,Apparel,Portugal,819.56,35,282.52,In-Store
2023-07-13,Wireless Earbuds,Electronics,Netherlands,1524.6,12,730.76,In-Store
2023-07-13,Denim Jacket,Apparel,Portugal,2249.7,25,1237.76,In-Store
2023-07-13,Wireless Earbuds,Electronics,Netherlands,3373.95,25,1488.88,In-Store
2023-07-13,Smartwatch Lite,Electronics,Italy,4132.99,24,1843.06,In-Store
2023-07-14,Cotton T-Shirt,Apparel,Netherlands,337.76,16,125.88,In-Store
2023-07-14,Denim Jacket,Apparel,Italy,1823.04,21,985.93,Wholesale
2023-07-14,Running Shoes Pro,Footwear,Spain,3757.69,49,2070.54,In-Store
2023-07-14,Running Shoes Pro,Footwear,Spain,1873.89,20,875.52,Wholesale
2023-07-14,Denim Jacket,Apparel,Germany,4882.97,53,2651.77,Wholesale
2023-07-14,Adjustable Dumbbells,Fitness,Germany,1873.78,9,963.45,Wholesale
2023-07-14,Denim Jacket,Apparel,Portugal,1554.18,17,797.41,Wholesale
2023-07-14,Cotton T-Shirt,Apparel,France,463.96,24,186.43,Online
2023-07-14,Trail Sneakers,Footwear,Spain,336.01,5,172.68,Online
2023-07-14,Cotton T-Shirt,Apparel,Netherlands,177.0,8,61.5,In-Store
2023-07-14,Adjustable Dumbbells,Fitness,Spain,4790.81,24,2643.79,Wholesale
2023-07-15,Yoga Mat,Fitness,Portugal,184.48,5,70.65,Online
2023-07-15,Running Shoes Pro,Footwear,Spain,773.99,8,326.65,In-Store
2023-07-15,Yoga Mat,Fitness,France,263.93,7,94.28,Wholesale
2023-07-15,Adjustable Dumbbells,Fitness,Spain,3009.08,15,1632.98,In-Store
2023-07-15,Yoga Mat,Fitness,France,910.44,24,336.16,Wholesale
2023-07-15,Smartwatch Lite,Electronics,Netherlands,7186.16,43,3147.37,In-Store
2023-07-15,Running Shoes Pro,Footwear,Netherlands,4104.48,46,1962.35,In-Store
2023-07-15,Denim Jacket,Apparel,Portugal,1793.37,21,1033.1,In-Store
2023-07-15,Cotton T-Shirt,Apparel,Netherlands,128.16,6,50.17,In-Store
2023-07-15,Smartwatch Lite,Electronics,Italy,3527.98,21,1569.17,In-Store
2023-07-16,Running Shoes Pro,Footwear,Portugal,1804.71,22,883.53,In-Store
2023-07-16,Running Shoes Pro,Footwear,Portugal,1339.48,16,694.93,Wholesale
2023-07-16,Yoga Mat,Fitness,France,1097.11,32,425.69,In-Store
2023-07-16,Denim Jacket,Apparel,Portugal,1222.49,14,672.48,Online
2023-07-17,Yoga Mat,Fitness,Germany,888.31,24,350.58,In-Store
2023-07-17,Trail Sneakers,Footwear,Netherlands,2910.1,38,1353.48,In-Store
2023-07-18,Denim Jacket,Apparel,France,788.61,8,384.39,Wholesale
2023-07-18,Running Shoes Pro,Footwear,Spain,4940.87,64,2658.82,In-Store
2023-07-18,Wireless Earbuds,Electronics,Portugal,1714.63,13,754.72,In-Store
2023-07-18,Adjustable Dumbbells,Fitness,Italy,5529.91,27,3117.47,Online
2023-07-18,Running Shoes Pro,Footwear,Netherlands,1296.08,15,612.54,Online
2023-07-19,Cotton T-Shirt,Apparel,Spain,535.04,25,201.33,In-Store
2023-07-19,Wireless Earbuds,Electronics,Italy,5792.7,43,2675.15,Online
2023-07-19,Denim Jacket,Apparel,Spain,1411.05,14,676.11,Online
2023-07-19,Denim Jacket,Apparel,France,881.46,9,432.45,Wholesale
2023-07-19,Running Shoes Pro,Footwear,Germany,1360.54,16,680.31,Online
2023-07-19,Trail Sneakers,Footwear,Germany,2022.21,29,988.2,Online
2023-07-20,Wireless Earbuds,Electronics,Spain,2697.55,22,1283.66,Online
2023-07-20,Smartwatch Lite,Electronics,Portugal,2390.74,17,1294.88,In-Store
2023-07-20,Adjustable Dumbbells,Fitness,Netherlands,2381.48,13,1479.88,In-Store
2023-07-20,Denim Jacket,Apparel,Netherlands,1822.0,18,876.03,Online
2023-07-20,Adjustable Dumbbells,Fitness,Netherlands,1494.43,8,874.02,In-Store
2023-07-20,Yoga Mat,Fitness,Italy,588.36,19,274.19,Wholesale
2023-07-20,Denim Jacket,Apparel,Netherlands,1347.11,15,712.12,In-Store
2023-07-20,Denim Jacket,Apparel,Germany,1845.26,18,868.33,In-Store
2023-07-20,Cotton T-Shirt,Apparel,Spain,460.56,20,161.87,Wholesale
2023-07-20,Running Shoes Pro,Footwear,Italy,749.32,9,386.23,Wholesale
2023-07-20,Smartwatch Lite,Electronics,Spain,3705.33,26,1921.48,In-Store
2023-07-20,Cotton T-Shirt,Apparel,Portugal,465.97,22,177.78,Online
2023-07-21,Cotton T-Shirt,Apparel,Italy,368.95,19,149.2,Online
2023-07-21,Denim Jacket,Apparel,Italy,3069.21,31,1500.5,Wholesale
2023-07-21,Denim Jacket,Apparel,Italy,2773.1,32,1476.66,Wholesale
2023-07-21,Trail Sneakers,Footwear,Italy,358.97,5,176.32,Online
2023-07-21,Yoga Mat,Fitness,Netherlands,1365.46,43,625.84,Wholesale
2023-07-21,Adjustable Dumbbells,Fitness,Portugal,3423.85,15,1652.07,In-Store
2023-07-22,Yoga Mat,Fitness,Spain,126.61,4,53.55,In-Store
2023-07-22,Adjustable Dumbbells,Fitness,Italy,1120.73,5,553.26,In-Store
2023-07-22,Adjustable Dumbbells,Fitness,Netherlands,2555.67,12,1358.09,Wholesale
2023-07-22,Running Shoes Pro,Footwear,Italy,3626.82,40,1733.33,Wholesale
2023-07-22,Cotton T-Shirt,Apparel,Germany,175.79,8,67.0,Online
2023-07-22,Smartwatch Lite,Electronics,Spain,3249.84,19,1428.09,In-Store
2023-07-23,Adjustable Dumbbells,Fitness,Spain,6811.68,32,3532.78,In-Store
2023-07-23,Cotton T-Shirt,Apparel,Germany,170.21,8,62.46,Online
2023-07-23,Cotton T-Shirt,Apparel,Portugal,643.8,27,213.2,Wholesale
2023-07-23,Smartwatch Lite,Electronics,France,628.99,4,305.87,Wholesale
2023-07-23,Denim Jacket,Apparel,Germany,1399.38,15,747.07,Wholesale
2023-07-23,Denim Jacket,Apparel,Netherlands,1348.8,14,669.1,Wholesale
2023-07-23,Yoga Mat,Fitness,Italy,434.66,12,172.3,Online
2023-07-23,Cotton T-Shirt,Apparel,France,68.78,3,24.79,In-Store
2023-07-23,Adjustable Dumbbells,Fitness,Portugal,2646.42,14,1590.53,Wholesale
2023-07-24,Running Shoes Pro,Footwear,Italy,1924.24,20,864.34,Online
2023-07-24,Wireless Earbuds,Electronics,France,844.97,7,403.98,Online
2023-07-24,Adjustable Dumbbells,Fitness,France,8583.31,47,4994.18,Wholesale
2023-07-24,Running Shoes Pro,Footwear,Netherlands,4121.22,46,1865.7,In-Store
2023-07-24,Cotton T-Shirt,Apparel,Netherlands,208.54,9,71.32,Online
2023-07-24,Adjustable Dumbbells,Fitness,Italy,3265.24,16,1813.96,Online
2023-07-24,Cotton T-Shirt,Apparel,France,164.02,7,54.81,In-Store
2023-07-24,Running Shoes Pro,Footwear,Germany,2869.15,32,1328.28,In-Store
2023-07-24,Smartwatch Lite,Electronics,France,2833.26,18,1348.52,Online
2023-07-24,Yoga Mat,Fitness,Italy,1322.07,38,541.73,Online
2023-07-25,Denim Jacket,Apparel,Portugal,4473.47,47,2359.54,Online
2023-07-25,Smartwatch Lite,Electronics,Germany,3153.24,21,1650.25,In-Store
2023-07-25,Trail Sneakers,Footwear,France,963.54,12,412.95,In-Store
2023-07-25,Cotton T-Shirt,Apparel,Germany,551.19,26,204.26,Online
2023-07-25,Yoga Mat,Fitness,Spain,1372.93,36,489.78,Online
2023-07-25,Running Shoes Pro,Footwear,France,1462.83,18,735.99,Online
2023-07-25,Wireless Earbuds,Electronics,Netherlands,2737.8,20,1191.47,Online
2023-07-25,Adjustable Dumbbells,Fitness,Italy,5788.4,26,2930.76,Online
2023-07-25,Running Shoes Pro,Footwear,France,4136.5,53,2318.6,In-Store
2023-07-26,Yoga Mat,Fitness,Germany,688.73,22,310.1,Online
2023-07-26,Smartwatch Lite,Electronics,France,8719.87,56,3992.37,Online
2023-07-26,Trail Sneakers,Footwear,Spain,2663.44,33,1120.29,In-Store
2023-07-26,Running Shoes Pro,Footwear,Germany,1124.42,13,564.93,In-Store
2023-07-27,Denim Jacket,Apparel,France,2613.57,27,1263.65,Online
2023-07-27,Running Shoes Pro,Footwear,Spain,1474.52,18,777.99,In-Store
2023-07-27,Trail Sneakers,Footwear,Portugal,1370.12,19,636.95,Online
2023-07-27,Trail Sneakers,Footwear,Italy,1248.4,19,639.72,In-Store
2023-07-27,Adjustable Dumbbells,Fitness,Germany,1131.13,5,551.62,Wholesale
2023-07-27,Adjustable Dumbbells,Fitness,Italy,3194.52,17,1814.75,In-Store
2023-07-27,Denim Jacket,Apparel,France,1164.23,12,600.68,Online
2023-07-27,Running Shoes Pro,Footwear,Italy,2108.72,25,1060.91,In-Store
2023-07-27,Cotton T-Shirt,Apparel,France,542.04,25,204.03,Wholesale
2023-07-27,Yoga Mat,Fitness,Spain,1311.45,37,498.74,In-Store
2023-07-28,Trail Sneakers,Footwear,Italy,447.47,7,237.03,Online
2023-07-28,Cotton T-Shirt,Apparel,Germany,543.41,23,176.39,In-Store
2023-07-28,Running Shoes Pro,Footwear,France,3273.46,38,1555.23,In-Store
2023-07-28,Running Shoes Pro,Footwear,Spain,2496.43,29,1162.84,Wholesale
2023-07-28,Running Shoes Pro,Footwear,Spain,1032.47,12,490.3,In-Store
2023-07-28,Trail Sneakers,Footwear,Germany,690.91,10,354.29,In-Store
2023-07-28,Running Shoes Pro,Footwear,Germany,1005.5,13,543.75,In-Store
2023-07-29,Trail Sneakers,Footwear,Netherlands,2237.68,28,1001.45,In-Store
2023-07-29,Smartwatch Lite,Electronics,Germany,4016.78,23,1809.57,Online
2023-07-29,Wireless Earbuds,Electronics,Italy,5299.06,42,2448.27,Online
2023-07-29,Adjustable Dumbbells,Fitness,Netherlands,5729.48,25,2795.63,Wholesale
2023-07-29,Adjustable Dumbbells,Fitness,Germany,7790.56,35,3881.28,Online
2023-07-29,Yoga Mat,Fitness,Germany,1174.42,32,433.9,In-Store
2023-07-29,Wireless Earbuds,Electronics,Netherlands,4955.05,38,2337.53,Online
2023-07-29,Wireless Earbuds,Electronics,Netherlands,2341.72,18,1037.44,Wholesale
2023-07-29,Running Shoes Pro,Footwear,Netherlands,546.21,7,297.98,Online
2023-07-29,Trail Sneakers,Footwear,Germany,1470.1,22,763.33,Online
2023-07-30,Adjustable Dumbbells,Fitness,Italy,3525.47,18,2060.73,Online
2023-07-30,Cotton T-Shirt,Apparel,Germany,345.3,16,128.34,Online
2023-07-30,Wireless Earbuds,Electronics,Netherlands,588.38,5,301.98,In-Store
2023-07-30,Running Shoes Pro,Footwear,Portugal,2862.08,30,1276.4,Online
2023-07-30,Yoga Mat,Fitness,Portugal,1303.28,34,487.38,Wholesale
2023-07-30,Wireless Earbuds,Electronics,France,2512.23,19,1156.86,Online
2023-07-30,Running Shoes Pro,Footwear,France,962.72,11,454.31,In-Store
2023-07-30,Yoga Mat,Fitness,Italy,526.59,15,215.32,In-Store
2023-07-31,Running Shoes Pro,Footwear,Germany,2635.61,27,1176.99,Wholesale
2023-07-31,Trail Sneakers,Footwear,Spain,913.35,12,429.95,Online
2023-07-31,Adjustable Dumbbells,Fitness,Italy,4637.92,22,2330.4,Wholesale
2023-07-31,Denim Jacket,Apparel,Germany,2556.51,26,1269.74,Wholesale
2023-07-31,Wireless Earbuds,Electronics,Portugal,4726.66,39,2413.92,Wholesale
2023-07-31,Adjustable Dumbbells,Fitness,Netherlands,3484.15,17,1933.26,Wholesale
2023-07-31,Yoga Mat,Fitness,Spain,212.07,6,82.88,Online
2023-07-31,Adjustable Dumbbells,Fitness,France,2219.99,10,1123.16,Wholesale
2023-07-31,Wireless Earbuds,Electronics,Italy,3376.59,27,1637.4,Online
2023-07-31,Running Shoes Pro,Footwear,Italy,1740.71,21,903.71,Online
2023-08-01,Yoga Mat,Fitness,Netherlands,2061.61,55,784.08,Wholesale
2023-08-01,Yoga Mat,Fitness,Netherlands,573.66,19,258.51,Wholesale
2023-08-01,Cotton T-Shirt,Apparel,Netherlands,390.6,19,151.28,Online
2023-08-01,Trail Sneakers,Footwear,Germany,217.95,3,104.06,Wholesale
2023-08-01,Denim Jacket,Apparel,France,4002.76,46,2119.95,Online
2023-08-01,Yoga Mat,Fitness,Portugal,625.82,19,279.16,In-Store
2023-08-01,Running Shoes Pro,Footwear,France,2074.82,27,1170.7,Online
2023-08-01,Trail Sneakers,Footwear,France,2243.71,35,1190.4,In-Store
2023-08-01,Wireless Earbuds,Electronics,Spain,745.9,6,352.36,Wholesale
2023-08-02,Denim Jacket,Apparel,Netherlands,1964.21,19,907.73,In-Store
2023-08-02,Wireless Earbuds,Electronics,Germany,4237.51,36,2205.69,In-Store
2023-08-02,Yoga Mat,Fitness,Netherlands,1406.49,37,526.54,Wholesale
2023-08-02,Cotton T-Shirt,Apparel,Portugal,720.04,31,251.56,Online
2023-08-02,Yoga Mat,Fitness,France,221.99,7,96.87,Online
2023-08-02,Denim Jacket,Apparel,Netherlands,2910.32,32,1478.41,Wholesale
2023-08-02,Smartwatch Lite,Electronics,Spain,3261.21,20,1436.86,In-Store
2023-08-02,Cotton T-Shirt,Apparel,Italy,622.54,29,235.38,Wholesale
2023-08-02,Cotton T-Shirt,Apparel,Spain,177.0,8,64.09,Wholesale
2023-08-02,Adjustable Dumbbells,Fitness,Netherlands,2978.19,14,1569.79,In-Store
2023-08-02,Trail Sneakers,Footwear,France,2578.25,40,1364.11,In-Store
2023-08-03,Trail Sneakers,Footwear,Germany,1717.86,23,817.92,In-Store
2023-08-03,Trail Sneakers,Footwear,Italy,1369.87,20,704.3,In-Store
2023-08-03,Adjustable Dumbbells,Fitness,Germany,8463.08,46,5014.03,In-Store
2023-08-03,Running Shoes Pro,Footwear,France,4189.4,53,2321.47,Wholesale
2023-08-03,Adjustable Dumbbells,Fitness,Italy,5875.65,29,3228.13,Wholesale
2023-08-03,Wireless Earbuds,Electronics,Germany,4203.34,34,1987.89,Online
2023-08-04,Trail Sneakers,Footwear,Germany,646.04,8,285.41,In-Store
2023-08-04,Trail Sneakers,Footwear,Germany,369.6,5,170.3,In-Store
2023-08-04,Running Shoes Pro,Footwear,Italy,3916.61,42,1778.93,In-Store
2023-08-04,Adjustable Dumbbells,Fitness,Germany,2863.19,15,1572.3,Online
2023-08-04,Yoga Mat,Fitness,Portugal,168.46,5,67.65,Online
2023-08-04,Running Shoes Pro,Footwear,Netherlands,3489.97,39,1656.07,In-Store
2023-08-04,Wireless Earbuds,Electronics,France,1724.88,13,809.18,Wholesale
2023-08-04,Trail Sneakers,Footwear,Portugal,2778.28,40,1385.0,Online
2023-08-04,Yoga Mat,Fitness,France,581.28,19,256.02,Online
2023-08-04,Denim Jacket,Apparel,Germany,1266.05,13,611.28,Online
2023-08-05,Yoga Mat,Fitness,Italy,300.72,8,110.43,Online
2023-08-05,Cotton T-Shirt,Apparel,Portugal,23.01,1,8.17,In-Store
2023-08-06,Yoga Mat,Fitness,Netherlands,910.83,28,375.65,Online
2023-08-06,Adjustable Dumbbells,Fitness,Portugal,2874.95,13,1489.18,In-Store
2023-08-06,Smartwatch Lite,Electronics,Germany,4243.29,28,2110.73,Wholesale
2023-08-06,Denim Jacket,Apparel,France,1720.08,18,892.61,Online
2023-08-06,Trail Sneakers,Footwear,Portugal,146.6,2,68.88,In-Store
2023-08-07,Denim Jacket,Apparel,Germany,1492.11,16,748.6,Wholesale
2023-08-07,Wireless Earbuds,Electronics,Netherlands,704.57,5,314.93,Wholesale
2023-08-07,Wireless Earbuds,Electronics,Portugal,2983.16,25,1530.89,In-Store
2023-08-07,Smartwatch Lite,Electronics,Spain,5673.18,39,2914.83,Wholesale
2023-08-07,Adjustable Dumbbells,Fitness,Germany,8968.4,46,5204.49,Online
2023-08-07,Cotton T-Shirt,Apparel,France,458.16,22,172.31,Wholesale
2023-08-07,Running Shoes Pro,Footwear,Spain,442.98,5,219.5,In-Store
2023-08-07,Denim Jacket,Apparel,Italy,492.67,6,298.09,Online
2023-08-07,Smartwatch Lite,Electronics,Portugal,10005.69,71,5125.44,In-Store
2023-08-07,Smartwatch Lite,Electronics,Spain,6430.16,46,3415.53,Online
2023-08-07,Trail Sneakers,Footwear,Italy,1513.92,20,703.89,In-Store
2023-08-08,Yoga Mat,Fitness,Portugal,916.66,25,340.31,In-Store
2023-08-08,Running Shoes Pro,Footwear,Germany,1861.79,22,905.64,Wholesale
2023-08-08,Adjustable Dumbbells,Fitness,Italy,6734.2,36,4031.84,In-Store
2023-08-08,Trail Sneakers,Footwear,Portugal,377.42,6,215.19,Online
2023-08-08,Cotton T-Shirt,Apparel,Spain,620.69,30,243.68,Online
2023-08-09,Trail Sneakers,Footwear,France,1508.3,22,752.39,In-Store
2023-08-09,Wireless Earbuds,Electronics,France,2897.12,26,1498.38,Wholesale
2023-08-09,Trail Sneakers,Footwear,Germany,301.26,4,142.49,Online
2023-08-09,Running Shoes Pro,Footwear,Germany,3678.45,46,1877.13,In-Store
2023-08-09,Running Shoes Pro,Footwear,Spain,309.07,4,161.33,Online
2023-08-09,Smartwatch Lite,Electronics,France,1681.88,12,864.06,Online
2023-08-09,Denim Jacket,Apparel,Italy,1454.22,15,707.12,Wholesale
2023-08-09,Trail Sneakers,Footwear,Netherlands,434.29,6,216.44,In-Store
2023-08-09,Denim Jacket,Apparel,Spain,2264.9,26,1196.51,In-Store
2023-08-09,Yoga Mat,Fitness,Netherlands,663.22,20,276.38,Online
2023-08-09,Running Shoes Pro,Footwear,France,755.76,8,335.17,Online
2023-08-09,Cotton T-Shirt,Apparel,Italy,614.11,29,234.9,Wholesale
2023-08-09,Denim Jacket,Apparel,Portugal,5185.05,54,2694.3,Online
2023-08-09,Wireless Earbuds,Electronics,Italy,892.6,8,467.4,Online
2023-08-09,Trail Sneakers,Footwear,France,503.26,7,243.55,Wholesale
2023-08-09,Adjustable Dumbbells,Fitness,Netherlands,4482.75,20,2232.41,In-Store
2023-08-10,Denim Jacket,Apparel,Netherlands,1227.73,13,654.25,Online
2023-08-10,Cotton T-Shirt,Apparel,Italy,219.86,11,89.29,Wholesale
2023-08-10,Wireless Earbuds,Electronics,Portugal,3471.16,29,1809.85,Wholesale
2023-08-10,Wireless Earbuds,Electronics,Portugal,503.98,4,228.83,In-Store
2023-08-10,Smartwatch Lite,Electronics,Italy,4371.51,28,2134.78,In-Store
2023-08-10,Smartwatch Lite,Electronics,France,1655.73,12,865.19,In-Store
2023-08-10,Denim Jacket,Apparel,Portugal,2472.66,28,1353.72,Online
2023-08-10,Cotton T-Shirt,Apparel,Netherlands,386.35,20,164.56,Wholesale
2023-08-10,Denim Jacket,Apparel,Spain,3171.28,38,1887.97,Wholesale
2023-08-10,Trail Sneakers,Footwear,Germany,2418.08,30,1041.25,In-Store
2023-08-10,Trail Sneakers,Footwear,Netherlands,1067.22,15,527.5,Wholesale
2023-08-11,Denim Jacket,Apparel,France,2385.26,23,1103.09,Wholesale
2023-08-11,Cotton T-Shirt,Apparel,Spain,637.05,32,251.97,Wholesale
2023-08-11,Smartwatch Lite,Electronics,Spain,6205.21,37,2740.75,Online
2023-08-11,Smartwatch Lite,Electronics,Germany,3416.34,24,1767.4,Online
2023-08-11,Trail Sneakers,Footwear,Germany,2409.39,34,1156.42,In-Store
2023-08-11,Wireless Earbuds,Electronics,France,2369.76,21,1282.99,In-Store
2023-08-11,Trail Sneakers,Footwear,France,243.56,3,102.64,In-Store
2023-08-11,Denim Jacket,Apparel,Netherlands,1725.69,20,964.23,Wholesale
2023-08-12,Denim Jacket,Apparel,France,2352.89,24,1199.85,Wholesale
2023-08-12,Adjustable Dumbbells,Fitness,Netherlands,4300.33,22,2415.4,Wholesale
2023-08-12,Yoga Mat,Fitness,Germany,884.47,28,395.6,In-Store
2023-08-12,Smartwatch Lite,Electronics,Italy,5288.65,36,2566.98,Wholesale
2023-08-12,Cotton T-Shirt,Apparel,France,429.75,20,153.8,Online
2023-08-12,Cotton T-Shirt,Apparel,Italy,106.25,5,40.52,Wholesale
2023-08-13,Denim Jacket,Apparel,Spain,1948.94,20,972.84,In-Store
2023-08-13,Adjustable Dumbbells,Fitness,Netherlands,2789.46,14,1615.81,Wholesale
2023-08-13,Trail Sneakers,Footwear,Portugal,1207.5,18,615.92,Online
2023-08-13,Denim Jacket,Apparel,France,1554.79,17,850.81,Wholesale
2023-08-13,Trail Sneakers,Footwear,Netherlands,1327.22,17,580.52,In-Store
2023-08-13,Cotton T-Shirt,Apparel,Italy,709.5,35,275.19,Wholesale
2023-08-13,Yoga Mat,Fitness,France,262.65,8,107.99,In-Store
2023-08-13,Wireless Earbuds,Electronics,Portugal,3512.13,29,1798.35,Online
2023-08-14,Trail Sneakers,Footwear,France,973.13,14,511.87,In-Store
2023-08-14,Wireless Earbuds,Electronics,Italy,982.3,7,412.54,Wholesale
2023-08-14,Trail Sneakers,Footwear,Netherlands,1185.02,15,514.81,Online
2023-08-14,Running Shoes Pro,Footwear,Spain,6156.15,77,3293.25,In-Store
2023-08-14,Running Shoes Pro,Footwear,Spain,4597.81,52,2227.0,Wholesale
2023-08-14,Yoga Mat,Fitness,Spain,851.81,24,320.35,Wholesale
2023-08-14,Cotton T-Shirt,Apparel,Spain,235.84,11,84.34,Wholesale
2023-08-14,Smartwatch Lite,Electronics,Italy,2705.77,16,1219.7,Wholesale
2023-08-14,Trail Sneakers,Footwear,Netherlands,1136.57,16,532.17,Online
2023-08-14,Denim Jacket,Apparel,France,3255.63,34,1639.98,Online
2023-08-14,Adjustable Dumbbells,Fitness,Spain,4222.02,20,2308.88,Online
2023-08-15,Trail Sneakers,Footwear,France,1157.9,15,550.63,Wholesale
2023-08-15,Running Shoes Pro,Footwear,Germany,880.56,9,368.17,In-Store
2023-08-15,Running Shoes Pro,Footwear,Spain,1452.88,17,711.63,Wholesale
2023-08-15,Wireless Earbuds,Electronics,Spain,10796.65,80,4671.41,Online
2023-08-15,Cotton T-Shirt,Apparel,Portugal,1232.32,58,464.57,In-Store
2023-08-15,Wireless Earbuds,Electronics,Portugal,1315.8,10,589.31,Online
2023-08-15,Yoga Mat,Fitness,Spain,709.97,19,258.56,Wholesale
2023-08-15,Denim Jacket,Apparel,Portugal,1126.41,12,570.79,Wholesale
2023-08-16,Denim Jacket,Apparel,Germany,1691.63,18,835.92,Wholesale
2023-08-16,Trail Sneakers,Footwear,France,4426.92,58,2130.62,In-Store
2023-08-16,Wireless Earbuds,Electronics,Portugal,3723.62,29,1789.97,Wholesale
2023-08-16,Smartwatch Lite,Electronics,France,4363.82,30,2207.02,In-Store
2023-08-16,Yoga Mat,Fitness,Spain,189.25,5,67.63,Wholesale
2023-08-16,Adjustable Dumbbells,Fitness,Germany,5052.56,24,2584.14,Wholesale
2023-08-16,Cotton T-Shirt,Apparel,Portugal,499.68,26,215.64,Online
2023-08-16,Cotton T-Shirt,Apparel,Italy,749.81,32,246.64,In-Store
2023-08-16,Denim Jacket,Apparel,France,3834.28,39,1837.0,Online
2023-08-17,Denim Jacket,Apparel,Portugal,1075.02,11,533.32,Wholesale
2023-08-17,Adjustable Dumbbells,Fitness,France,2984.58,16,1725.6,Wholesale
2023-08-17,Running Shoes Pro,Footwear,Netherlands,253.43,3,120.28,Online
2023-08-17,Running Shoes Pro,Footwear,France,2789.88,31,1297.57,Online
2023-08-17,Cotton T-Shirt,Apparel,Portugal,461.74,23,192.74,Online
2023-08-17,Trail Sneakers,Footwear,France,971.8,14,500.66,In-Store
2023-08-17,Cotton T-Shirt,Apparel,Netherlands,128.08,6,45.81,Online
2023-08-17,Denim Jacket,Apparel,Portugal,1323.42,16,763.44,Wholesale
2023-08-17,Adjustable Dumbbells,Fitness,Germany,1804.58,10,1091.08,Wholesale
2023-08-18,Trail Sneakers,Footwear,Spain,1740.96,23,791.84,Online
2023-08-18,Yoga Mat,Fitness,Portugal,1650.7,47,658.72,Wholesale
2023-08-18,Adjustable Dumbbells,Fitness,Germany,4304.32,21,2253.21,In-Store
2023-08-19,Trail Sneakers,Footwear,Portugal,653.98,10,347.94,Online
2023-08-19,Yoga Mat,Fitness,Italy,308.52,9,121.65,In-Store
2023-08-19,Trail Sneakers,Footwear,Germany,755.04,12,407.92,In-Store
2023-08-19,Cotton T-Shirt,Apparel,Portugal,660.77,31,252.65,Wholesale
2023-08-19,Trail Sneakers,Footwear,Netherlands,1114.32,14,481.25,In-Store
2023-08-19,Wireless Earbuds,Electronics,France,1505.08,11,677.03,Online
2023-08-19,Smartwatch Lite,Electronics,Germany,3110.81,21,1646.1,Wholesale
2023-08-19,Cotton T-Shirt,Apparel,Spain,381.95,18,142.29,Wholesale
2023-08-19,Denim Jacket,Apparel,Netherlands,2085.39,25,1226.25,Wholesale
2023-08-20,Smartwatch Lite,Electronics,Italy,971.11,7,533.73,In-Store
2023-08-20,Smartwatch Lite,Electronics,Portugal,1677.35,10,741.89,In-Store
2023-08-20,Trail Sneakers,Footwear,France,960.75,14,465.81,Wholesale
2023-08-20,Adjustable Dumbbells,Fitness,France,4990.39,26,2984.71,Wholesale
2023-08-20,Yoga Mat,Fitness,Spain,756.39,21,292.58,In-Store
2023-08-21,Adjustable Dumbbells,Fitness,Germany,7387.75,35,3997.07,Wholesale
2023-08-21,Cotton T-Shirt,Apparel,Germany,286.62,14,109.05,Wholesale
2023-08-21,Adjustable Dumbbells,Fitness,Spain,5605.22,26,2726.19,Wholesale
2023-08-21,Adjustable Dumbbells,Fitness,Netherlands,7018.82,34,3918.2,Wholesale
2023-08-21,Yoga Mat,Fitness,Portugal,418.93,14,204.74,In-Store
2023-08-21,Smartwatch Lite,Electronics,Germany,3276.18,23,1729.83,Wholesale
2023-08-21,Cotton T-Shirt,Apparel,Netherlands,789.2,33,253.47,Wholesale
2023-08-21,Smartwatch Lite,Electronics,Portugal,3533.57,26,1884.77,Online
2023-08-22,Denim Jacket,Apparel,Portugal,1170.22,13,644.43,Wholesale
2023-08-22,Running Shoes Pro,Footwear,Germany,1261.56,15,606.54,In-Store
2023-08-22,Wireless Earbuds,Electronics,Netherlands,6087.7,44,2574.71,Wholesale
2023-08-22,Cotton T-Shirt,Apparel,Spain,340.1,15,116.45,In-Store
2023-08-22,Running Shoes Pro,Footwear,Netherlands,1712.01,20,813.97,In-Store
2023-08-22,Yoga Mat,Fitness,Germany,68.11,2,26.83,Online
2023-08-22,Running Shoes Pro,Footwear,Netherlands,1565.6,20,818.98,In-Store
2023-08-22,Adjustable Dumbbells,Fitness,Spain,1455.06,7,731.95,In-Store
2023-08-22,Wireless Earbuds,Electronics,Germany,4403.09,34,2026.56,In-Store
2023-08-22,Yoga Mat,Fitness,Spain,361.23,11,148.37,Wholesale
2023-08-22,Yoga Mat,Fitness,France,1699.14,45,617.6,Online
2023-08-22,Denim Jacket,Apparel,Italy,2285.64,22,1055.19,Online
2023-08-22,Smartwatch Lite,Electronics,Italy,3196.1,22,1620.52,Wholesale
2023-08-22,Trail Sneakers,Footwear,France,1349.67,20,697.22,Online
2023-08-23,Wireless Earbuds,Electronics,Germany,2827.54,23,1359.69,In-Store
2023-08-23,Smartwatch Lite,Electronics,Spain,8959.27,56,4074.26,Online
2023-08-23,Adjustable Dumbbells,Fitness,Netherlands,830.96,4,460.76,Wholesale
2023-08-23,Smartwatch Lite,Electronics,Germany,2083.3,14,1040.97,Wholesale
2023-08-23,Denim Jacket,Apparel,Spain,4435.51,47,2359.16,In-Store
2023-08-23,Wireless Earbuds,Electronics,Netherlands,2981.03,22,1353.24,In-Store
2023-08-23,Wireless Earbuds,Electronics,France,1287.26,11,674.65,In-Store
2023-08-23,Running Shoes Pro,Footwear,Italy,2604.66,29,1206.83,In-Store
2023-08-23,Trail Sneakers,Footwear,France,1770.72,24,830.78,Online
2023-08-24,Smartwatch Lite,Electronics,Spain,4320.36,27,2055.84,Wholesale
2023-08-24,Running Shoes Pro,Footwear,Netherlands,3586.86,41,1668.14,In-Store
2023-08-24,Smartwatch Lite,Electronics,Portugal,5069.27,33,2478.99,In-Store
2023-08-24,Running Shoes Pro,Footwear,Germany,3078.06,34,1490.98,Online
2023-08-24,Yoga Mat,Fitness,Germany,368.85,10,136.3,Online
2023-08-24,Running Shoes Pro,Footwear,France,1086.69,12,513.2,In-Store
2023-08-24,Trail Sneakers,Footwear,France,2339.06,33,1184.79,In-Store
2023-08-25,Cotton T-Shirt,Apparel,Germany,403.6,18,143.22,Online
2023-08-25,Trail Sneakers,Footwear,Spain,1664.04,23,792.97,Wholesale
2023-08-25,Denim Jacket,Apparel,France,2074.51,24,1104.6,In-Store
2023-08-25,Wireless Earbuds,Electronics,Italy,1710.24,15,884.23,Online
2023-08-25,Yoga Mat,Fitness,Spain,1132.86,34,470.75,Wholesale
2023-08-25,Denim Jacket,Apparel,Netherlands,2509.87,29,1328.47,In-Store
2023-08-25,Trail Sneakers,Footwear,France,605.68,8,266.61,In-Store
2023-08-25,Smartwatch Lite,Electronics,Portugal,2333.86,14,1073.41,In-Store
2023-08-26,Adjustable Dumbbells,Fitness,France,8631.11,43,4683.02,Wholesale
2023-08-26,Smartwatch Lite,Electronics,France,2334.67,16,1206.46,Online
2023-08-26,Adjustable Dumbbells,Fitness,France,4345.08,21,2254.8,In-Store
2023-08-26,Wireless Earbuds,Electronics,Italy,1966.71,14,798.49,Wholesale
2023-08-27,Denim Jacket,Apparel,Netherlands,3091.01,35,1615.92,In-Store
2023-08-27,Yoga Mat,Fitness,Netherlands,569.33,15,201.48,Online
2023-08-27,Smartwatch Lite,Electronics,France,4744.85,28,1995.49,Online
2023-08-27,Adjustable Dumbbells,Fitness,Germany,920.84,5,571.52,Online
2023-08-27,Trail Sneakers,Footwear,Spain,1663.68,23,835.4,Wholesale
2023-08-27,Cotton T-Shirt,Apparel,Spain,856.68,38,298.04,In-Store
2023-08-27,Wireless Earbuds,Electronics,Netherlands,6146.8,48,2899.86,Online
2023-08-27,Wireless Earbuds,Electronics,France,2132.53,17,984.27,Online
2023-08-27,Yoga Mat,Fitness,Netherlands,230.2,7,101.68,In-Store
2023-08-28,Adjustable Dumbbells,Fitness,Italy,1520.14,8,847.84,In-Store
2023-08-28,Smartwatch Lite,Electronics,France,6024.45,35,2685.56,Online
2023-08-28,Running Shoes Pro,Footwear,France,1607.68,21,921.05,In-Store
2023-08-28,Running Shoes Pro,Footwear,Germany,1306.99,17,726.47,Online
2023-08-28,Adjustable Dumbbells,Fitness,Netherlands,226.51,1,113.56,Online
2023-08-29,Cotton T-Shirt,Apparel,Germany,400.61,21,175.89,In-Store
2023-08-29,Yoga Mat,Fitness,Italy,1210.08,32,463.54,Online
2023-08-29,Smartwatch Lite,Electronics,Germany,862.83,6,438.08,Wholesale
2023-08-29,Cotton T-Shirt,Apparel,Portugal,660.43,30,235.33,Online
2023-08-29,Yoga Mat,Fitness,Netherlands,298.52,9,126.57,Online
2023-08-29,Wireless Earbuds,Electronics,Spain,4884.11,43,2637.95,Online
2023-08-29,Cotton T-Shirt,Apparel,Italy,345.37,17,140.95,Online
2023-08-29,Running Shoes Pro,Footwear,Spain,1733.16,18,724.2,Wholesale
2023-08-29,Running Shoes Pro,Footwear,Portugal,2533.01,28,1145.25,Online
2023-08-29,Adjustable Dumbbells,Fitness,Germany,2202.77,11,1214.5,Wholesale
2023-08-29,Yoga Mat,Fitness,Portugal,702.97,19,263.34,In-Store
2023-08-29,Denim Jacket,Apparel,Spain,2509.23,28,1305.21,Online
2023-08-29,Running Shoes Pro,Footwear,Portugal,2608.8,27,1116.93,Online
2023-08-29,Cotton T-Shirt,Apparel,France,384.08,19,156.99,In-Store
2023-08-30,Yoga Mat,Fitness,Germany,639.6,19,261.37,Online
2023-08-30,Yoga Mat,Fitness,Italy,1879.6,49,653.69,Online
2023-08-30,Yoga Mat,Fitness,Italy,495.32,14,186.96,Online
2023-08-30,Trail Sneakers,Footwear,Portugal,477.47,6,200.96,Online
2023-08-30,Smartwatch Lite,Electronics,France,1470.91,9,651.41,Wholesale
2023-08-30,Trail Sneakers,Footwear,Germany,980.2,15,539.74,Wholesale
2023-08-30,Running Shoes Pro,Footwear,Netherlands,1814.95,23,989.34,Online
2023-08-30,Smartwatch Lite,Electronics,Netherlands,4484.7,27,1945.0,Online
2023-08-30,Smartwatch Lite,Electronics,France,2358.23,14,1089.58,Online
2023-08-30,Trail Sneakers,Footwear,Italy,3038.57,46,1678.44,Online
2023-08-30,Adjustable Dumbbells,Fitness,Netherlands,11368.88,59,6269.72,Wholesale
2023-08-31,Wireless Earbuds,Electronics,Germany,347.83,3,182.47,Wholesale
2023-08-31,Yoga Mat,Fitness,Netherlands,290.49,9,121.42,Wholesale
2023-08-31,Running Shoes Pro,Footwear,Spain,1139.89,13,563.97,Online
2023-08-31,Denim Jacket,Apparel,Germany,1926.02,21,1002.92,Wholesale
2023-08-31,Smartwatch Lite,Electronics,Netherlands,437.67,3,217.85,In-Store
2023-09-01,Smartwatch Lite,Electronics,Italy,2691.81,16,1251.02,Wholesale
2023-09-01,Denim Jacket,Apparel,Portugal,1909.78,22,1078.77,Wholesale
2023-09-01,Yoga Mat,Fitness,Italy,315.96,9,121.76,Wholesale
2023-09-01,Adjustable Dumbbells,Fitness,Italy,5287.27,28,2965.32,In-Store
2023-09-01,Running Shoes Pro,Footwear,Spain,1557.5,16,655.86,Online
2023-09-01,Smartwatch Lite,Electronics,Portugal,3591.04,24,1766.6,Wholesale
2023-09-01,Adjustable Dumbbells,Fitness,Spain,5408.61,25,2636.76,In-Store
2023-09-01,Wireless Earbuds,Electronics,Germany,2670.45,22,1267.36,Wholesale
2023-09-01,Cotton T-Shirt,Apparel,Portugal,580.11,24,190.24,In-Store
2023-09-01,Running Shoes Pro,Footwear,France,1484.11,17,724.95,Online
2023-09-01,Yoga Mat,Fitness,France,208.88,6,85.77,In-Store
2023-09-01,Adjustable Dumbbells,Fitness,Italy,8331.77,37,4249.63,Online
2023-09-02,Smartwatch Lite,Electronics,Italy,4587.62,33,2516.22,Wholesale
2023-09-02,Wireless Earbuds,Electronics,Germany,5337.97,43,2704.78,In-Store
2023-09-02,Smartwatch Lite,Electronics,Netherlands,1390.72,8,610.07,In-Store
2023-09-02,Running Shoes Pro,Footwear,Spain,2343.17,24,1023.5,In-Store
2023-09-02,Wireless Earbuds,Electronics,Spain,2977.11,24,1505.23,Wholesale
2023-09-02,Denim Jacket,Apparel,Netherlands,1955.76,20,1002.49,Online
2023-09-02,Yoga Mat,Fitness,France,1458.68,40,582.02,Online
2023-09-02,Denim Jacket,Apparel,Germany,3923.85,38,1776.38,Wholesale
2023-09-02,Wireless Earbuds,Electronics,Germany,3964.45,36,2230.67,Online
2023-09-03,Cotton T-Shirt,Apparel,Spain,361.96,18,145.04,Online
2023-09-03,Denim Jacket,Apparel,Spain,1102.18,11,513.21,Online
2023-09-03,Trail Sneakers,Footwear,Portugal,1596.19,20,720.81,Online
2023-09-03,Cotton T-Shirt,Apparel,France,45.1,2,16.38,Wholesale
2023-09-03,Yoga Mat,Fitness,Netherlands,911.23,27,360.67,Online
2023-09-03,Running Shoes Pro,Footwear,Portugal,1427.53,16,647.89,Wholesale
2023-09-04,Yoga Mat,Fitness,Italy,646.1,19,261.74,In-Store
2023-09-04,Smartwatch Lite,Electronics,Portugal,1971.45,12,889.57,In-Store
2023-09-04,Yoga Mat,Fitness,Italy,505.99,14,201.76,Wholesale
2023-09-04,Denim Jacket,Apparel,France,354.08,4,199.22,Online
2023-09-04,Wireless Earbuds,Electronics,Germany,5137.65,37,2304.54,Online
2023-09-05,Running Shoes Pro,Footwear,Germany,2588.1,28,1158.36,Wholesale
2023-09-05,Yoga Mat,Fitness,Netherlands,422.84,13,182.69,Online
2023-09-05,Running Shoes Pro,Footwear,Germany,677.84,7,295.74,Online
2023-09-05,Running Shoes Pro,Footwear,France,586.38,6,250.2,Wholesale
2023-09-05,Smartwatch Lite,Electronics,Portugal,3192.48,21,1528.35,In-Store
2023-09-05,Running Shoes Pro,Footwear,Italy,393.43,5,206.22,In-Store
2023-09-05,Wireless Earbuds,Electronics,Netherlands,1032.13,8,486.93,In-Store
2023-09-05,Wireless Earbuds,Electronics,Portugal,2825.83,23,1344.67,Online
2023-09-05,Trail Sneakers,Footwear,France,1266.04,19,695.16,In-Store
2023-09-05,Trail Sneakers,Footwear,Portugal,1796.94,24,875.28,In-Store
2023-09-05,Adjustable Dumbbells,Fitness,Germany,5106.0,27,3046.22,Online
2023-09-05,Yoga Mat,Fitness,Germany,499.35,16,214.66,Online
2023-09-06,Smartwatch Lite,Electronics,France,3055.77,19,1426.03,Wholesale
2023-09-06,Trail Sneakers,Footwear,Portugal,1877.34,26,925.64,Wholesale
2023-09-06,Running Shoes Pro,Footwear,Germany,1331.65,16,692.98,Wholesale
2023-09-06,Trail Sneakers,Footwear,France,719.63,9,308.96,In-Store
2023-09-07,Trail Sneakers,Footwear,Spain,1210.41,15,530.65,Wholesale
2023-09-07,Denim Jacket,Apparel,Italy,2238.92,22,1079.24,Online
2023-09-07,Smartwatch Lite,Electronics,Portugal,3493.15,20,1508.3,Online
2023-09-07,Cotton T-Shirt,Apparel,Italy,20.17,1,7.78,Online
2023-09-07,Adjustable Dumbbells,Fitness,Portugal,12553.71,58,6445.17,In-Store
2023-09-07,Running Shoes Pro,Footwear,Netherlands,521.46,6,248.79,Wholesale
2023-09-07,Running Shoes Pro,Footwear,France,1702.88,21,896.01,In-Store
2023-09-07,Smartwatch Lite,Electronics,Netherlands,1966.41,12,942.47,In-Store
2023-09-08,Adjustable Dumbbells,Fitness,Portugal,8191.26,44,4686.9,In-Store
2023-09-08,Trail Sneakers,Footwear,Germany,626.75,8,269.86,Online
2023-09-08,Adjustable Dumbbells,Fitness,Spain,14530.95,66,7050.88,Wholesale
2023-09-08,Running Shoes Pro,Footwear,Netherlands,1881.64,20,841.58,In-Store
2023-09-08,Smartwatch Lite,Electronics,Germany,2455.75,17,1290.68,Online
2023-09-08,Denim Jacket,Apparel,Portugal,2487.85,30,1464.12,In-Store
2023-09-08,Denim Jacket,Apparel,Portugal,777.72,9,442.68,Online
2023-09-09,Cotton T-Shirt,Apparel,Portugal,530.47,27,208.88,Wholesale
2023-09-09,Denim Jacket,Apparel,Germany,3516.45,37,1850.05,In-Store
2023-09-09,Smartwatch Lite,Electronics,Germany,4510.93,33,2360.03,In-Store
2023-09-09,Wireless Earbuds,Electronics,Italy,3920.92,28,1598.1,Online
2023-09-09,Denim Jacket,Apparel,Portugal,1969.58,23,1112.94,Wholesale
2023-09-09,Yoga Mat,Fitness,Germany,1037.81,29,417.19,Wholesale
2023-09-09,Denim Jacket,Apparel,France,1721.08,20,958.85,In-Store
2023-09-09,Trail Sneakers,Footwear,Italy,461.13,7,241.52,Wholesale
2023-09-10,Cotton T-Shirt,Apparel,Portugal,597.69,30,237.15,In-Store
2023-09-10,Wireless Earbuds,Electronics,Germany,3965.98,35,2180.69,In-Store
2023-09-10,Yoga Mat,Fitness,Germany,706.85,21,295.27,In-Store
2023-09-10,Adjustable Dumbbells,Fitness,Spain,11472.56,53,5765.34,In-Store
2023-09-10,Yoga Mat,Fitness,Germany,825.93,26,369.34,Online
2023-09-10,Yoga Mat,Fitness,Netherlands,103.81,3,42.15,Wholesale
2023-09-10,Adjustable Dumbbells,Fitness,France,4898.21,23,2533.35,Online
2023-09-11,Yoga Mat,Fitness,Germany,736.23,21,290.16,Wholesale
2023-09-11,Smartwatch Lite,Electronics,Italy,4860.8,33,2374.83,Online
2023-09-11,Trail Sneakers,Footwear,France,847.02,13,442.71,Online
2023-09-11,Smartwatch Lite,Electronics,Germany,2709.44,16,1209.17,Online
2023-09-11,Adjustable Dumbbells,Fitness,France,8051.63,37,3930.83,Wholesale
2023-09-11,Trail Sneakers,Footwear,Italy,2036.4,27,967.8,Online
2023-09-11,Adjustable Dumbbells,Fitness,France,6635.87,33,3681.21,In-Store
2023-09-11,Trail Sneakers,Footwear,Italy,1652.59,23,775.05,Wholesale
2023-09-11,Cotton T-Shirt,Apparel,France,788.31,37,283.25,Online
2023-09-12,Denim Jacket,Apparel,Spain,752.49,9,424.83,Wholesale
2023-09-12,Running Shoes Pro,Footwear,Spain,2788.47,32,1328.57,In-Store
2023-09-12,Wireless Earbuds,Electronics,Italy,2863.5,23,1426.94,Online
2023-09-12,Adjustable Dumbbells,Fitness,Portugal,4612.86,23,2566.06,In-Store
2023-09-12,Trail Sneakers,Footwear,Italy,1337.77,19,690.15,Online
2023-09-12,Denim Jacket,Apparel,Germany,2370.63,26,1291.18,In-Store
2023-09-12,Wireless Earbuds,Electronics,Germany,5101.62,46,2787.68,Wholesale
2023-09-12,Cotton T-Shirt,Apparel,Portugal,361.63,19,148.52,Online
2023-09-12,Yoga Mat,Fitness,Netherlands,1415.36,41,567.06,In-Store
2023-09-12,Denim Jacket,Apparel,France,2028.6,21,1011.29,Wholesale
2023-09-12,Smartwatch Lite,Electronics,Portugal,3734.73,25,1849.67,Wholesale
2023-09-12,Trail Sneakers,Footwear,Netherlands,1800.73,25,846.26,Online
2023-09-12,Adjustable Dumbbells,Fitness,Spain,8000.37,38,4088.79,Wholesale
2023-09-12,Yoga Mat,Fitness,Spain,386.57,11,155.65,Wholesale
2023-09-12,Running Shoes Pro,Footwear,Germany,1280.03,15,609.98,Wholesale
2023-09-13,Trail Sneakers,Footwear,Netherlands,697.3,11,384.85,In-Store
2023-09-13,Running Shoes Pro,Footwear,Spain,1213.68,14,615.17,Online
2023-09-13,Trail Sneakers,Footwear,Italy,1598.94,21,698.54,Wholesale
2023-09-13,Running Shoes Pro,Footwear,France,465.35,6,250.98,Wholesale
2023-09-13,Wireless Earbuds,Electronics,Spain,3331.8,27,1573.27,Wholesale
2023-09-13,Adjustable Dumbbells,Fitness,Italy,2156.67,12,1274.26,Wholesale
2023-09-13,Yoga Mat,Fitness,Netherlands,143.02,4,57.59,Wholesale
2023-09-13,Adjustable Dumbbells,Fitness,Spain,3704.92,17,1924.42,In-Store
2023-09-13,Yoga Mat,Fitness,Netherlands,866.49,24,328.17,In-Store
2023-09-13,Cotton T-Shirt,Apparel,Netherlands,572.99,27,211.04,Wholesale
2023-09-14,Smartwatch Lite,Electronics,Italy,2443.05,14,1046.21,Online
2023-09-14,Smartwatch Lite,Electronics,Germany,13443.45,83,6142.28,Wholesale
2023-09-14,Denim Jacket,Apparel,Italy,1809.26,22,1015.77,In-Store
2023-09-14,Wireless Earbuds,Electronics,Spain,376.39,3,186.2,Online
2023-09-14,Yoga Mat,Fitness,Netherlands,492.85,13,179.34,In-Store
2023-09-14,Running Shoes Pro,Footwear,Italy,1207.13,14,582.58,In-Store
2023-09-14,Wireless Earbuds,Electronics,Italy,3691.47,30,1779.3,In-Store
2023-09-14,Yoga Mat,Fitness,Netherlands,1819.36,48,697.85,Wholesale
2023-09-15,Yoga Mat,Fitness,Italy,895.51,26,371.44,Wholesale
2023-09-15,Smartwatch Lite,Electronics,Netherlands,4534.35,30,2240.49,Wholesale
2023-09-15,Wireless Earbuds,Electronics,Portugal,6461.58,50,2935.66,Online
2023-09-15,Cotton T-Shirt,Apparel,Italy,904.76,38,305.62,Wholesale
2023-09-15,Denim Jacket,Apparel,Spain,971.45,10,483.61,Online
2023-09-15,Wireless Earbuds,Electronics,Italy,3431.71,26,1577.78,Wholesale
2023-09-16,Running Shoes Pro,Footwear,Netherlands,3486.13,46,2015.55,In-Store
2023-09-16,Cotton T-Shirt,Apparel,Netherlands,181.8,9,75.47,In-Store
2023-09-16,Smartwatch Lite,Electronics,France,3359.88,20,1439.24,Online
2023-09-16,Yoga Mat,Fitness,Portugal,598.44,17,231.97,Wholesale
2023-09-16,Wireless Earbuds,Electronics,Netherlands,1650.37,14,817.82,Online
2023-09-16,Trail Sneakers,Footwear,Germany,4334.19,55,1847.56,Online
2023-09-16,Trail Sneakers,Footwear,Spain,336.75,5,171.2,Online
2023-09-17,Trail Sneakers,Footwear,Portugal,2077.52,26,891.79,Online
2023-09-17,Denim Jacket,Apparel,Italy,919.4,10,472.95,In-Store
2023-09-17,Trail Sneakers,Footwear,Portugal,5540.38,88,3164.61,Online
2023-09-17,Yoga Mat,Fitness,Germany,152.63,5,73.4,Wholesale
2023-09-17,Adjustable Dumbbells,Fitness,Italy,3532.02,19,1990.34,Wholesale
2023-09-17,Denim Jacket,Apparel,Netherlands,2825.98,28,1405.5,In-Store
2023-09-17,Wireless Earbuds,Electronics,Portugal,4638.39,41,2420.63,In-Store
2023-09-17,Running Shoes Pro,Footwear,Italy,1595.63,21,917.94,Online
2023-09-17,Trail Sneakers,Footwear,Portugal,1192.81,17,583.89,In-Store
2023-09-18,Trail Sneakers,Footwear,Spain,2387.96,36,1282.55,In-Store
2023-09-18,Wireless Earbuds,Electronics,Netherlands,1781.92,15,864.57,In-Store
2023-09-18,Cotton T-Shirt,Apparel,France,444.11,23,183.67,Wholesale
2023-09-18,Cotton T-Shirt,Apparel,Portugal,327.25,15,119.41,Online
2023-09-18,Wireless Earbuds,Electronics,Germany,1693.0,12,732.1,Wholesale
2023-09-18,Wireless Earbuds,Electronics,Germany,2351.34,21,1244.4,In-Store
2023-09-18,Denim Jacket,Apparel,Italy,1800.41,21,960.71,Wholesale
2023-09-18,Trail Sneakers,Footwear,Germany,1677.53,21,744.43,Online
2023-09-18,Smartwatch Lite,Electronics,Italy,2717.58,20,1491.77,In-Store
2023-09-18,Denim Jacket,Apparel,Spain,6503.3,73,3570.7,Online
2023-09-18,Trail Sneakers,Footwear,Spain,469.53,6,211.79,In-Store
2023-09-19,Running Shoes Pro,Footwear,Italy,495.16,6,259.51,Wholesale
2023-09-19,Denim Jacket,Apparel,Italy,1175.31,12,575.61,Wholesale
2023-09-19,Running Shoes Pro,Footwear,Netherlands,1020.74,11,439.77,In-Store
2023-09-19,Yoga Mat,Fitness,Portugal,951.42,28,399.57,In-Store
2023-09-19,Cotton T-Shirt,Apparel,Netherlands,1399.61,71,567.73,Wholesale
2023-09-19,Adjustable Dumbbells,Fitness,Spain,3199.73,17,1864.13,Wholesale
2023-09-20,Yoga Mat,Fitness,France,877.69,24,349.33,Online
2023-09-20,Denim Jacket,Apparel,Italy,2907.83,31,1444.85,Online
2023-09-20,Smartwatch Lite,Electronics,Spain,2500.12,16,1185.41,Online
2023-09-20,Running Shoes Pro,Footwear,France,2162.35,26,1125.96,Online
2023-09-20,Denim Jacket,Apparel,Germany,1292.87,14,688.95,In-Store
2023-09-21,Yoga Mat,Fitness,Portugal,769.65,23,309.16,Wholesale
2023-09-21,Yoga Mat,Fitness,Italy,417.98,12,165.47,In-Store
2023-09-21,Wireless Earbuds,Electronics,Netherlands,3266.9,29,1699.34,Online
2023-09-21,Yoga Mat,Fitness,France,509.55,17,232.84,In-Store
2023-09-21,Denim Jacket,Apparel,France,1913.08,20,915.05,Online
2023-09-21,Smartwatch Lite,Electronics,Spain,1930.66,13,943.58,Wholesale
2023-09-21,Yoga Mat,Fitness,Netherlands,392.52,12,172.73,Online
2023-09-21,Trail Sneakers,Footwear,Germany,2330.7,30,1011.49,Online
2023-09-21,Smartwatch Lite,Electronics,Germany,2571.61,17,1231.75,Wholesale
2023-09-21,Cotton T-Shirt,Apparel,Spain,767.82,37,303.85,Wholesale
2023-09-21,Wireless Earbuds,Electronics,France,4632.2,38,2300.24,Wholesale
2023-09-21,Trail Sneakers,Footwear,Portugal,2332.1,35,1187.9,Wholesale
2023-09-22,Trail Sneakers,Footwear,Italy,798.84,12,420.44,Online
2023-09-22,Yoga Mat,Fitness,Spain,792.17,22,317.93,In-Store
2023-09-22,Cotton T-Shirt,Apparel,France,1324.06,64,494.5,Wholesale
2023-09-22,Adjustable Dumbbells,Fitness,Portugal,2698.87,15,1702.92,Online
2023-09-22,Yoga Mat,Fitness,Portugal,539.53,18,257.61,In-Store
2023-09-22,Smartwatch Lite,Electronics,Netherlands,2958.64,20,1445.67,Online
2023-09-22,Cotton T-Shirt,Apparel,Italy,228.39,11,87.9,In-Store
2023-09-22,Adjustable Dumbbells,Fitness,Portugal,3694.52,19,2042.31,Wholesale
2023-09-22,Wireless Earbuds,Electronics,Italy,2208.65,18,1026.75,Online
2023-09-22,Wireless Earbuds,Electronics,Netherlands,1111.61,8,489.59,Online
2023-09-22,Denim Jacket,Apparel,France,969.63,11,551.59,Online
2023-09-23,Trail Sneakers,Footwear,Italy,1826.61,26,880.59,In-Store
2023-09-23,Running Shoes Pro,Footwear,Italy,1689.49,21,899.13,Wholesale
2023-09-23,Trail Sneakers,Footwear,Portugal,1927.41,26,904.76,In-Store
2023-09-23,Yoga Mat,Fitness,France,884.64,28,382.29,Online
2023-09-23,Wireless Earbuds,Electronics,France,3456.2,29,1762.05,Wholesale
2023-09-23,Smartwatch Lite,Electronics,Portugal,2918.03,19,1410.6,In-Store
2023-09-23,Smartwatch Lite,Electronics,Germany,3068.09,21,1614.67,Online
2023-09-23,Cotton T-Shirt,Apparel,Germany,362.37,17,140.93,Online
2023-09-23,Trail Sneakers,Footwear,Germany,4361.54,56,1995.5,Wholesale
2023-09-23,Yoga Mat,Fitness,Netherlands,1247.95,37,504.95,In-Store
2023-09-23,Trail Sneakers,Footwear,Italy,3652.23,47,1583.62,Wholesale
2023-09-24,Running Shoes Pro,Footwear,Portugal,661.26,7,283.87,In-Store
2023-09-24,Cotton T-Shirt,Apparel,Portugal,486.2,23,185.75,Wholesale
2023-09-24,Smartwatch Lite,Electronics,Portugal,3052.96,21,1573.66,Online
2023-09-24,Running Shoes Pro,Footwear,France,848.86,10,440.56,In-Store
2023-09-24,Cotton T-Shirt,Apparel,Spain,706.78,37,292.78,Wholesale
2023-09-24,Running Shoes Pro,Footwear,Germany,1845.49,19,794.4,Wholesale
2023-09-24,Yoga Mat,Fitness,Netherlands,534.39,14,202.75,In-Store
2023-09-24,Trail Sneakers,Footwear,France,514.94,7,242.45,Wholesale
2023-09-24,Smartwatch Lite,Electronics,Germany,3457.32,25,1872.98,Wholesale
2023-09-25,Yoga Mat,Fitness,Netherlands,1142.91,37,505.63,Online
2023-09-25,Cotton T-Shirt,Apparel,Netherlands,418.52,18,142.94,Online
2023-09-25,Smartwatch Lite,Electronics,Portugal,4784.3,31,2387.46,In-Store
2023-09-25,Adjustable Dumbbells,Fitness,Portugal,4177.99,19,2036.7,Online
2023-09-25,Trail Sneakers,Footwear,Portugal,511.37,7,252.49,In-Store
2023-09-25,Wireless Earbuds,Electronics,Portugal,2384.49,20,1253.86,Online
2023-09-26,Running Shoes Pro,Footwear,Spain,1984.29,26,1064.41,In-Store
2023-09-26,Cotton T-Shirt,Apparel,Germany,522.46,22,184.27,Wholesale
2023-09-26,Denim Jacket,Apparel,Germany,1867.35,22,1101.97,In-Store
2023-09-26,Running Shoes Pro,Footwear,Italy,1584.93,18,746.22,Wholesale
2023-09-26,Denim Jacket,Apparel,Portugal,3386.69,34,1652.87,Wholesale
2023-09-26,Denim Jacket,Apparel,France,1490.78,17,817.69,In-Store
2023-09-26,Running Shoes Pro,Footwear,Portugal,1489.64,16,673.3,In-Store
2023-09-26,Smartwatch Lite,Electronics,Spain,6022.2,36,2816.66,Wholesale
2023-09-26,Wireless Earbuds,Electronics,Spain,5712.3,52,3073.54,In-Store
2023-09-27,Wireless Earbuds,Electronics,Netherlands,3355.85,24,1389.17,Wholesale
2023-09-27,Trail Sneakers,Footwear,Italy,616.09,9,306.28,Online
2023-09-27,Adjustable Dumbbells,Fitness,Netherlands,6331.72,32,3433.6,In-Store
2023-09-27,Cotton T-Shirt,Apparel,Netherlands,333.21,16,132.94,In-Store
2023-09-27,Running Shoes Pro,Footwear,Portugal,2603.93,28,1159.6,Online
2023-09-27,Running Shoes Pro,Footwear,Netherlands,483.11,5,214.92,Online
2023-09-27,Denim Jacket,Apparel,France,4341.24,50,2460.59,In-Store
2023-09-27,Yoga Mat,Fitness,France,1398.0,40,554.39,In-Store
2023-09-28,Yoga Mat,Fitness,Spain,697.86,23,324.77,In-Store
2023-09-28,Trail Sneakers,Footwear,Spain,2382.49,30,1072.21,Online
2023-09-28,Trail Sneakers,Footwear,Italy,2362.73,33,1124.88,In-Store
2023-09-28,Smartwatch Lite,Electronics,Germany,5750.42,39,2827.11,Online
2023-09-29,Smartwatch Lite,Electronics,Netherlands,1587.3,10,742.0,In-Store
2023-09-29,Denim Jacket,Apparel,Portugal,4892.37,50,2394.73,Online
2023-09-29,Running Shoes Pro,Footwear,France,4105.1,53,2254.68,Online
2023-09-29,Wireless Earbuds,Electronics,Italy,1856.75,15,877.08,Online
2023-09-29,Trail Sneakers,Footwear,France,742.15,11,398.49,Wholesale
2023-09-29,Cotton T-Shirt,Apparel,Germany,360.62,15,120.75,In-Store
2023-09-29,Denim Jacket,Apparel,Spain,2064.2,21,978.8,Online
2023-09-29,Yoga Mat,Fitness,Germany,1211.31,35,512.86,In-Store
2023-09-29,Trail Sneakers,Footwear,France,1404.65,18,656.99,In-Store
2023-09-29,Yoga Mat,Fitness,Germany,1005.08,28,376.74,In-Store
2023-09-29,Running Shoes Pro,Footwear,France,3508.46,44,1766.21,Online
2023-09-29,Cotton T-Shirt,Apparel,Spain,699.52,34,263.03,Wholesale
2023-09-30,Smartwatch Lite,Electronics,France,4153.09,26,1900.03,Wholesale
2023-09-30,Trail Sneakers,Footwear,Germany,266.6,4,133.51,In-Store
2023-09-30,Trail Sneakers,Footwear,Germany,1344.42,17,590.58,Wholesale
2023-09-30,Wireless Earbuds,Electronics,Germany,2160.86,17,1050.43,Online
2023-09-30,Wireless Earbuds,Electronics,Portugal,4999.83,37,2158.9,Online
2023-09-30,Trail Sneakers,Footwear,Netherlands,1361.98,21,723.12,Wholesale
2023-09-30,Denim Jacket,Apparel,Italy,3607.28,37,1746.04,Online
2023-10-01,Denim Jacket,Apparel,Portugal,1222.35,13,604.42,In-Store
2023-10-01,Running Shoes Pro,Footwear,Netherlands,1714.98,20,818.82,In-Store
2023-10-01,Adjustable Dumbbells,Fitness,Portugal,1333.86,7,796.23,In-Store
2023-10-01,Adjustable Dumbbells,Fitness,France,8450.56,40,4544.59,In-Store
2023-10-01,Trail Sneakers,Footwear,Spain,963.48,12,406.82,Wholesale
2023-10-02,Adjustable Dumbbells,Fitness,France,2434.76,13,1430.78,Wholesale
2023-10-02,Smartwatch Lite,Electronics,Portugal,1144.03,8,615.81,Wholesale
2023-10-02,Adjustable Dumbbells,Fitness,Italy,2744.47,13,1421.05,Online
2023-10-02,Cotton T-Shirt,Apparel,Italy,142.11,6,49.57,In-Store
2023-10-02,Cotton T-Shirt,Apparel,Netherlands,505.51,25,203.12,Online
2023-10-02,Smartwatch Lite,Electronics,Portugal,6099.56,45,3344.37,In-Store
2023-10-02,Yoga Mat,Fitness,Spain,578.64,17,246.07,Online
2023-10-02,Denim Jacket,Apparel,Portugal,3457.82,42,1964.26,Wholesale
2023-10-02,Wireless Earbuds,Electronics,Netherlands,2809.25,25,1499.55,Wholesale
2023-10-02,Wireless Earbuds,Electronics,Germany,2043.84,18,1029.8,Online
2023-10-03,Denim Jacket,Apparel,Germany,5214.08,50,2396.66,In-Store
2023-10-03,Yoga Mat,Fitness,Germany,555.02,17,248.14,In-Store
2023-10-03,Yoga Mat,Fitness,Germany,900.35,29,388.75,In-Store
2023-10-03,Cotton T-Shirt,Apparel,Spain,553.49,26,213.82,Online
2023-10-03,Trail Sneakers,Footwear,Portugal,789.96,10,348.73,Online
2023-10-03,Smartwatch Lite,Electronics,France,612.41,4,290.2,Online
2023-10-03,Adjustable Dumbbells,Fitness,Germany,4676.71,22,2317.56,In-Store
2023-10-03,Running Shoes Pro,Footwear,Portugal,1286.7,16,650.14,Online
2023-10-03,Running Shoes Pro,Footwear,Netherlands,2094.8,24,1045.92,In-Store
2023-10-03,Trail Sneakers,Footwear,Italy,2010.62,29,1032.35,Wholesale
2023-10-03,Smartwatch Lite,Electronics,Portugal,4226.26,28,2103.91,Online
2023-10-03,Cotton T-Shirt,Apparel,Italy,924.07,39,296.75,Online
2023-10-04,Denim Jacket,Apparel,Netherlands,2707.97,28,1344.43,Wholesale
2023-10-04,Adjustable Dumbbells,Fitness,France,2111.76,10,1090.07,Online
2023-10-04,Wireless Earbuds,Electronics,Portugal,2181.5,16,930.64,Online
2023-10-04,Running Shoes Pro,Footwear,Netherlands,1045.34,12,496.18,In-Store
2023-10-04,Adjustable Dumbbells,Fitness,Italy,6138.71,32,3656.26,In-Store
2023-10-04,Wireless Earbuds,Electronics,Spain,2168.1,17,1016.2,In-Store
2023-10-04,Cotton T-Shirt,Apparel,Netherlands,604.43,25,201.94,Wholesale
2023-10-05,Smartwatch Lite,Electronics,Germany,6817.18,41,3096.5,In-Store
2023-10-05,Adjustable Dumbbells,Fitness,Spain,11643.2,60,6498.26,In-Store
2023-10-05,Running Shoes Pro,Footwear,France,3639.25,43,1832.63,Wholesale
2023-10-05,Trail Sneakers,Footwear,Italy,2010.53,28,959.27,Online
2023-10-05,Cotton T-Shirt,Apparel,Portugal,279.57,12,92.03,In-Store
2023-10-05,Wireless Earbuds,Electronics,France,2011.45,15,939.56,In-Store
2023-10-05,Yoga Mat,Fitness,France,389.24,13,184.14,In-Store
2023-10-05,Adjustable Dumbbells,Fitness,France,1300.89,6,675.25,In-Store
2023-10-06,Wireless Earbuds,Electronics,France,3041.05,24,1381.31,Wholesale
2023-10-06,Adjustable Dumbbells,Fitness,Netherlands,5386.27,29,3242.78,In-Store
2023-10-06,Smartwatch Lite,Electronics,Germany,9710.57,57,4436.76,Online
2023-10-06,Smartwatch Lite,Electronics,Italy,1908.33,12,942.55,Wholesale
2023-10-06,Denim Jacket,Apparel,Portugal,2377.03,28,1280.38,In-Store
2023-10-06,Wireless Earbuds,Electronics,Spain,997.28,9,558.78,Wholesale
2023-10-06,Cotton T-Shirt,Apparel,Germany,165.45,7,55.67,In-Store
2023-10-06,Yoga Mat,Fitness,Spain,664.0,21,293.7,Online
2023-10-06,Trail Sneakers,Footwear,Germany,1745.9,26,905.68,Wholesale
2023-10-07,Adjustable Dumbbells,Fitness,France,2769.31,15,1603.47,Wholesale
2023-10-07,Running Shoes Pro,Footwear,France,1524.56,18,731.09,Wholesale
2023-10-07,Wireless Earbuds,Electronics,Italy,3093.24,23,1357.49,Wholesale
2023-10-07,Wireless Earbuds,Electronics,France,3682.31,28,1752.62,In-Store
2023-10-07,Yoga Mat,Fitness,Netherlands,189.9,6,80.75,Wholesale
2023-10-07,Yoga Mat,Fitness,Portugal,391.69,12,162.22,In-Store
2023-10-07,Cotton T-Shirt,Apparel,Germany,864.84,39,307.21,Wholesale
2023-10-07,Cotton T-Shirt,Apparel,France,441.67,20,163.75,In-Store
2023-10-07,Adjustable Dumbbells,Fitness,Portugal,2228.86,12,1336.63,In-Store
2023-10-07,Smartwatch Lite,Electronics,Spain,1908.16,12,867.92,In-Store
2023-10-08,Trail Sneakers,Footwear,Spain,2147.82,30,1082.49,Online
2023-10-08,Smartwatch Lite,Electronics,France,1178.3,8,601.92,In-Store
2023-10-08,Adjustable Dumbbells,Fitness,Portugal,4684.57,22,2414.93,Wholesale
2023-10-08,Adjustable Dumbbells,Fitness,Netherlands,6694.15,37,4111.07,Wholesale
2023-10-08,Denim Jacket,Apparel,Spain,1635.48,19,952.72,Wholesale
2023-10-09,Yoga Mat,Fitness,Portugal,777.95,24,335.6,Wholesale
2023-10-09,Yoga Mat,Fitness,Germany,392.39,12,160.42,Wholesale
2023-10-09,Trail Sneakers,Footwear,Portugal,1041.21,14,496.77,Wholesale
2023-10-09,Trail Sneakers,Footwear,France,1424.05,19,694.59,Online
2023-10-09,Denim Jacket,Apparel,Netherlands,1232.18,13,616.35,Online
2023-10-09,Wireless Earbuds,Electronics,Italy,1543.37,11,664.53,Online
2023-10-09,Denim Jacket,Apparel,Italy,1359.94,15,723.05,Wholesale
2023-10-09,Smartwatch Lite,Electronics,Italy,3920.05,28,2200.49,Wholesale
2023-10-09,Smartwatch Lite,Electronics,Netherlands,1835.12,13,972.18,Online
2023-10-09,Denim Jacket,Apparel,Germany,5828.65,66,3017.28,Online
2023-10-10,Cotton T-Shirt,Apparel,Spain,1156.07,53,431.17,Wholesale
2023-10-10,Running Shoes Pro,Footwear,Italy,861.94,9,382.79,Wholesale
2023-10-10,Denim Jacket,Apparel,Netherlands,1533.76,15,688.36,Wholesale
2023-10-10,Smartwatch Lite,Electronics,France,2861.0,19,1402.97,Online
2023-10-10,Wireless Earbuds,Electronics,Netherlands,2528.73,19,1086.54,Wholesale
2023-10-10,Trail Sneakers,Footwear,Germany,1506.62,19,696.74,In-Store
2023-10-10,Cotton T-Shirt,Apparel,France,548.44,23,181.42,Wholesale
2023-10-10,Trail Sneakers,Footwear,France,569.47,8,292.79,Wholesale
2023-10-10,Trail Sneakers,Footwear,Spain,794.48,10,340.93,Online
2023-10-11,Yoga Mat,Fitness,France,1099.19,29,416.62,In-Store
2023-10-11,Wireless Earbuds,Electronics,Portugal,1109.11,9,515.77,In-Store
2023-10-11,Cotton T-Shirt,Apparel,Netherlands,550.37,25,196.81,In-Store
2023-10-11,Denim Jacket,Apparel,Spain,2485.51,24,1178.99,Wholesale
2023-10-11,Trail Sneakers,Footwear,Germany,765.48,12,421.68,In-Store
2023-10-11,Denim Jacket,Apparel,Netherlands,702.01,7,328.51,In-Store
2023-10-11,Yoga Mat,Fitness,Netherlands,686.89,20,270.59,In-Store
2023-10-11,Trail Sneakers,Footwear,Italy,1513.0,20,675.42,Online
2023-10-11,Running Shoes Pro,Footwear,Germany,2162.56,25,1050.18,Wholesale
2023-10-12,Denim Jacket,Apparel,Portugal,1954.53,24,1171.74,In-Store
2023-10-12,Smartwatch Lite,Electronics,Germany,1948.55,14,1005.02,In-Store
2023-10-12,Denim Jacket,Apparel,Germany,2039.43,23,1124.97,In-Store
2023-10-12,Denim Jacket,Apparel,Germany,2725.3,28,1325.24,In-Store
2023-10-12,Running Shoes Pro,Footwear,Spain,1111.19,14,609.69,Wholesale
2023-10-12,Smartwatch Lite,Electronics,Spain,5056.22,32,2398.77,In-Store
2023-10-12,Cotton T-Shirt,Apparel,Portugal,134.66,7,55.33,In-Store
2023-10-13,Wireless Earbuds,Electronics,Germany,3915.88,31,1857.42,Wholesale
2023-10-13,Wireless Earbuds,Electronics,Germany,6441.15,56,3326.32,Wholesale
2023-10-13,Cotton T-Shirt,Apparel,Spain,771.82,39,315.7,In-Store
2023-10-13,Smartwatch Lite,Electronics,Portugal,2228.75,15,1091.17,In-Store
2023-10-14,Smartwatch Lite,Electronics,France,726.7,5,373.78,Wholesale
2023-10-14,Smartwatch Lite,Electronics,Spain,3315.25,19,1361.93,In-Store
2023-10-14,Adjustable Dumbbells,Fitness,Portugal,1676.15,9,1013.92,In-Store
2023-10-14,Wireless Earbuds,Electronics,Germany,2899.25,25,1545.85,In-Store
2023-10-14,Smartwatch Lite,Electronics,Portugal,7930.33,46,3538.47,Online
2023-10-14,Cotton T-Shirt,Apparel,Germany,444.74,23,190.73,In-Store
2023-10-14,Cotton T-Shirt,Apparel,Portugal,622.05,33,266.76,Wholesale
2023-10-14,Yoga Mat,Fitness,Spain,726.38,22,315.11,In-Store
2023-10-14,Adjustable Dumbbells,Fitness,Italy,3683.12,17,1842.16,Wholesale
2023-10-14,Cotton T-Shirt,Apparel,Germany,430.18,23,186.67,Wholesale
2023-10-14,Trail Sneakers,Footwear,Netherlands,655.82,9,324.06,Wholesale
2023-10-15,Trail Sneakers,Footwear,Netherlands,2864.82,44,1569.53,Online
2023-10-15,Smartwatch Lite,Electronics,Italy,3125.89,18,1402.95,Online
2023-10-15,Smartwatch Lite,Electronics,Portugal,2619.76,15,1155.86,Wholesale
2023-10-15,Yoga Mat,Fitness,Spain,439.9,12,172.89,Wholesale
2023-10-15,Yoga Mat,Fitness,Italy,603.52,18,253.13,Online
2023-10-15,Denim Jacket,Apparel,Germany,929.43,9,451.37,In-Store
2023-10-15,Denim Jacket,Apparel,Portugal,1334.31,14,697.91,In-Store
2023-10-15,Running Shoes Pro,Footwear,Portugal,1745.62,20,817.4,Online
2023-10-16,Yoga Mat,Fitness,Spain,66.16,2,27.68,In-Store
2023-10-16,Trail Sneakers,Footwear,Italy,691.21,10,350.65,Online
2023-10-16,Trail Sneakers,Footwear,Spain,644.37,8,277.03,Online
2023-10-16,Denim Jacket,Apparel,Netherlands,3984.85,41,1973.77,In-Store
2023-10-16,Cotton T-Shirt,Apparel,Netherlands,1211.11,55,444.95,Online
2023-10-16,Denim Jacket,Apparel,Spain,1369.83,16,780.56,In-Store
2023-10-16,Adjustable Dumbbells,Fitness,Italy,6932.92,33,3645.7,Wholesale
2023-10-16,Smartwatch Lite,Electronics,Spain,3556.08,25,1818.66,Wholesale
2023-10-16,Smartwatch Lite,Electronics,Italy,14384.26,95,7197.51,Online
2023-10-16,Denim Jacket,Apparel,France,2126.05,21,957.72,In-Store
2023-10-16,Running Shoes Pro,Footwear,Germany,2312.72,29,1208.43,Wholesale
2023-10-16,Yoga Mat,Fitness,Spain,1287.91,34,498.48,In-Store
2023-10-16,Adjustable Dumbbells,Fitness,France,3383.25,16,1710.4,Wholesale
2023-10-16,Smartwatch Lite,Electronics,Netherlands,1571.38,11,799.01,Wholesale
2023-10-16,Yoga Mat,Fitness,Italy,617.81,18,264.4,Wholesale
2023-10-16,Running Shoes Pro,Footwear,Netherlands,379.39,5,201.25,In-Store
2023-10-16,Adjustable Dumbbells,Fitness,Spain,4532.06,22,2393.96,Online
2023-10-17,Denim Jacket,Apparel,Portugal,1464.02,17,785.15,In-Store
2023-10-17,Smartwatch Lite,Electronics,Spain,3003.28,18,1283.51,In-Store
2023-10-17,Yoga Mat,Fitness,Germany,480.06,15,217.7,Wholesale
2023-10-17,Cotton T-Shirt,Apparel,Spain,62.77,3,24.09,In-Store
2023-10-17,Yoga Mat,Fitness,France,1336.13,39,569.27,Wholesale
2023-10-17,Wireless Earbuds,Electronics,Netherlands,4730.46,37,2221.94,In-Store
2023-10-17,Denim Jacket,Apparel,Netherlands,2837.44,29,1390.22,Online
2023-10-17,Running Shoes Pro,Footwear,France,611.28,7,305.97,Wholesale
2023-10-17,Denim Jacket,Apparel,Italy,2953.29,35,1681.0,Wholesale
2023-10-18,Trail Sneakers,Footwear,Portugal,2646.62,34,1141.24,In-Store
2023-10-18,Trail Sneakers,Footwear,Netherlands,264.27,4,142.48,In-Store
2023-10-18,Smartwatch Lite,Electronics,Spain,2421.5,17,1313.9,Online
2023-10-18,Wireless Earbuds,Electronics,France,2207.67,17,1064.92,In-Store
2023-10-18,Adjustable Dumbbells,Fitness,Italy,9144.22,41,4534.16,Online
2023-10-18,Adjustable Dumbbells,Fitness,Portugal,1791.07,10,1098.52,Wholesale
2023-10-18,Adjustable Dumbbells,Fitness,Spain,4341.13,21,2375.1,In-Store
2023-10-18,Denim Jacket,Apparel,Netherlands,949.79,11,536.4,Online
2023-10-18,Denim Jacket,Apparel,France,2265.1,25,1192.98,In-Store
2023-10-19,Yoga Mat,Fitness,Portugal,978.79,30,421.92,Wholesale
2023-10-19,Wireless Earbuds,Electronics,Germany,2357.28,21,1205.42,Wholesale
2023-10-19,Yoga Mat,Fitness,Italy,1204.2,36,493.17,In-Store
2023-10-19,Running Shoes Pro,Footwear,Portugal,2140.86,25,1038.76,Wholesale
2023-10-19,Cotton T-Shirt,Apparel,Netherlands,588.92,26,210.95,Online
2023-10-19,Cotton T-Shirt,Apparel,Spain,621.8,26,200.23,Wholesale
2023-10-19,Denim Jacket,Apparel,Italy,1183.16,13,641.81,Online
2023-10-20,Trail Sneakers,Footwear,Italy,982.01,15,531.78,Wholesale
2023-10-20,Cotton T-Shirt,Apparel,Portugal,895.24,39,305.25,Wholesale
2023-10-20,Wireless Earbuds,Electronics,Germany,3860.42,28,1698.52,Wholesale
2023-10-20,Trail Sneakers,Footwear,France,4694.59,60,2021.11,Wholesale
2023-10-20,Running Shoes Pro,Footwear,Netherlands,2529.33,27,1157.23,Online
2023-10-20,Adjustable Dumbbells,Fitness,Germany,5699.62,25,2737.21,Wholesale
2023-10-20,Cotton T-Shirt,Apparel,Portugal,652.43,27,208.29,Online
2023-10-20,Wireless Earbuds,Electronics,Spain,1373.73,10,622.72,Online
2023-10-20,Adjustable Dumbbells,Fitness,Germany,4478.81,20,2163.64,Online
2023-10-20,Trail Sneakers,Footwear,Portugal,1739.15,26,907.62,Wholesale
2023-10-21,Smartwatch Lite,Electronics,Germany,3649.81,21,1641.04,Online
2023-10-21,Wireless Earbuds,Electronics,Germany,5070.09,39,2369.06,Wholesale
2023-10-21,Smartwatch Lite,Electronics,Portugal,1725.12,11,843.37,Wholesale
2023-10-21,Cotton T-Shirt,Apparel,Netherlands,171.96,9,71.35,Online
2023-10-21,Adjustable Dumbbells,Fitness,Spain,3542.74,19,2105.77,Wholesale
2023-10-21,Wireless Earbuds,Electronics,Germany,2533.1,18,1124.44,In-Store
2023-10-21,Yoga Mat,Fitness,Portugal,867.9,24,320.74,Wholesale
2023-10-21,Denim Jacket,Apparel,Spain,1780.46,22,1058.87,Wholesale
2023-10-22,Running Shoes Pro,Footwear,Portugal,1846.89,23,936.84,Online
2023-10-22,Smartwatch Lite,Electronics,Netherlands,6434.66,37,2893.91,Wholesale
2023-10-22,Cotton T-Shirt,Apparel,France,120.54,6,47.56,In-Store
2023-10-22,Running Shoes Pro,Footwear,Portugal,1427.52,18,737.46,Online
2023-10-22,Adjustable Dumbbells,Fitness,Italy,5914.34,28,3084.39,In-Store
2023-10-22,Yoga Mat,Fitness,France,181.15,5,71.95,Online
2023-10-22,Running Shoes Pro,Footwear,Italy,2628.47,28,1172.83,Wholesale
2023-10-22,Wireless Earbuds,Electronics,France,2804.8,25,1474.4,Online
2023-10-22,Running Shoes Pro,Footwear,Germany,844.32,10,429.33,In-Store
2023-10-23,Smartwatch Lite,Electronics,Italy,1784.01,13,961.86,Online
2023-10-23,Wireless Earbuds,Electronics,Germany,1254.69,9,523.81,Wholesale
2023-10-23,Trail Sneakers,Footwear,France,3668.63,48,1633.69,Online
2023-10-23,Denim Jacket,Apparel,Italy,5548.6,62,2959.36,Wholesale
2023-10-23,Cotton T-Shirt,Apparel,Netherlands,423.65,18,138.27,In-Store
2023-10-23,Cotton T-Shirt,Apparel,Portugal,424.6,20,162.8,In-Store
2023-10-23,Yoga Mat,Fitness,Spain,721.78,19,255.91,Wholesale
2023-10-23,Smartwatch Lite,Electronics,Germany,5125.2,35,2693.84,Online
2023-10-23,Wireless Earbuds,Electronics,France,597.83,5,295.98,Wholesale
2023-10-23,Wireless Earbuds,Electronics,Netherlands,5186.25,45,2623.67,Online
2023-10-24,Running Shoes Pro,Footwear,Italy,1395.71,17,688.36,In-Store
2023-10-24,Smartwatch Lite,Electronics,Portugal,2589.72,18,1399.62,In-Store
2023-10-24,Trail Sneakers,Footwear,France,4197.53,56,2032.8,Wholesale
2023-10-24,Adjustable Dumbbells,Fitness,France,6227.51,28,3052.02,In-Store
2023-10-24,Denim Jacket,Apparel,France,2112.46,25,1174.31,Wholesale
2023-10-24,Running Shoes Pro,Footwear,Italy,2009.98,24,1050.34,Wholesale
2023-10-24,Yoga Mat,Fitness,Spain,1644.58,48,678.12,Wholesale
2023-10-24,Cotton T-Shirt,Apparel,Netherlands,373.98,17,131.03,Online
2023-10-24,Wireless Earbuds,Electronics,Portugal,3061.39,26,1574.39,Wholesale
2023-10-24,Adjustable Dumbbells,Fitness,Germany,7078.1,35,4006.15,In-Store
2023-10-24,Cotton T-Shirt,Apparel,Portugal,405.14,21,166.95,Wholesale
2023-10-25,Denim Jacket,Apparel,Italy,1011.68,10,493.22,In-Store
2023-10-25,Trail Sneakers,Footwear,Spain,3164.74,43,1503.68,Online
2023-10-25,Denim Jacket,Apparel,France,1089.18,13,645.35,In-Store
2023-10-25,Trail Sneakers,Footwear,Portugal,2375.53,32,1091.56,Online
2023-10-25,Wireless Earbuds,Electronics,France,5139.85,39,2382.75,Online
2023-10-25,Cotton T-Shirt,Apparel,Spain,963.83,45,346.13,Online
2023-10-25,Running Shoes Pro,Footwear,Germany,1352.84,15,635.96,Wholesale
2023-10-25,Running Shoes Pro,Footwear,Spain,916.02,10,426.56,Online
2023-10-25,Cotton T-Shirt,Apparel,Portugal,303.4,13,106.29,Online
2023-10-25,Cotton T-Shirt,Apparel,Portugal,307.96,14,110.28,Wholesale
2023-10-26,Adjustable Dumbbells,Fitness,Spain,10284.31,51,5613.36,In-Store
2023-10-26,Running Shoes Pro,Footwear,Portugal,3399.42,39,1667.64,In-Store
2023-10-26,Running Shoes Pro,Footwear,Italy,2424.91,26,1124.14,Online
2023-10-26,Yoga Mat,Fitness,Spain,837.15,28,391.11,Wholesale
2023-10-26,Smartwatch Lite,Electronics,Germany,2008.57,14,1063.66,In-Store
2023-10-26,Running Shoes Pro,Footwear,Italy,1924.44,22,894.06,In-Store
2023-10-26,Cotton T-Shirt,Apparel,France,301.66,13,107.36,In-Store
2023-10-26,Trail Sneakers,Footwear,Italy,345.67,5,181.06,In-Store
2023-10-26,Cotton T-Shirt,Apparel,Spain,377.51,19,156.29,Online
2023-10-26,Running Shoes Pro,Footwear,Spain,935.19,12,520.33,Online
2023-10-26,Cotton T-Shirt,Apparel,France,525.08,22,182.3,Wholesale
2023-10-26,Adjustable Dumbbells,Fitness,France,5087.27,26,2747.76,Online
2023-10-26,Adjustable Dumbbells,Fitness,France,3155.37,16,1790.14,Wholesale
2023-10-27,Wireless Earbuds,Electronics,Portugal,3848.46,35,2118.15,Wholesale
2023-10-27,Running Shoes Pro,Footwear,Portugal,2238.62,24,1009.3,Wholesale
2023-10-27,Cotton T-Shirt,Apparel,Germany,644.53,27,219.99,Online
2023-10-27,Smartwatch Lite,Electronics,Netherlands,5822.47,41,3211.46,Wholesale
2023-10-28,Adjustable Dumbbells,Fitness,France,2637.69,12,1373.98,In-Store
2023-10-28,Denim Jacket,Apparel,Germany,1387.13,17,801.38,Wholesale
2023-10-28,Wireless Earbuds,Electronics,France,4327.71,39,2382.55,Online
2023-10-28,Adjustable Dumbbells,Fitness,Portugal,2766.83,13,1408.05,Wholesale
2023-10-28,Running Shoes Pro,Footwear,Spain,2105.33,27,1152.32,Online
2023-10-28,Yoga Mat,Fitness,Spain,1418.86,43,588.5,Wholesale
2023-10-28,Running Shoes Pro,Footwear,France,1213.26,15,643.13,Online
2023-10-29,Cotton T-Shirt,Apparel,Portugal,236.55,12,93.8,In-Store
2023-10-29,Cotton T-Shirt,Apparel,Netherlands,962.46,40,334.41,Online
2023-10-29,Denim Jacket,Apparel,Spain,717.2,7,349.8,In-Store
2023-10-29,Yoga Mat,Fitness,Germany,630.98,20,291.69,In-Store
2023-10-29,Adjustable Dumbbells,Fitness,France,2740.56,12,1365.2,Wholesale
2023-10-29,Yoga Mat,Fitness,Netherlands,336.73,9,124.48,In-Store
2023-10-29,Adjustable Dumbbells,Fitness,Italy,1538.37,8,916.67,In-Store
2023-10-30,Wireless Earbuds,Electronics,Italy,2323.61,17,1062.35,Online
2023-10-30,Adjustable Dumbbells,Fitness,Netherlands,6969.15,35,3821.16,Online
2023-10-30,Trail Sneakers,Footwear,Germany,2193.81,29,1022.38,Online
2023-10-30,Running Shoes Pro,Footwear,Netherlands,2143.45,24,1046.98,Online
2023-10-30,Running Shoes Pro,Footwear,Netherlands,2164.67,26,1084.89,Online
2023-10-30,Yoga Mat,Fitness,Spain,705.51,19,264.52,Online
2023-10-30,Cotton T-Shirt,Apparel,Netherlands,782.24,33,268.7,Online
2023-10-30,Denim Jacket,Apparel,Portugal,5529.81,64,3001.34,Wholesale
2023-10-30,Smartwatch Lite,Electronics,Portugal,6443.02,37,2786.27,In-Store
2023-10-30,Wireless Earbuds,Electronics,Germany,2969.06,22,1381.72,Wholesale
2023-10-31,Denim Jacket,Apparel,France,3686.56,38,1865.26,In-Store
2023-10-31,Adjustable Dumbbells,Fitness,Spain,2550.97,13,1447.94,In-Store
2023-10-31,Denim Jacket,Apparel,Germany,486.26,5,245.97,Online
2023-10-31,Denim Jacket,Apparel,Germany,745.38,8,371.94,Wholesale
2023-10-31,Adjustable Dumbbells,Fitness,France,6337.43,29,3162.17,In-Store
2023-10-31,Yoga Mat,Fitness,Netherlands,491.47,15,214.3,Wholesale
2023-10-31,Cotton T-Shirt,Apparel,Spain,357.68,17,131.33,Wholesale
2023-10-31,Yoga Mat,Fitness,Germany,429.33,14,202.58,Online
2023-11-01,Adjustable Dumbbells,Fitness,Spain,3133.72,14,1601.29,Online
2023-11-01,Adjustable Dumbbells,Fitness,Germany,9601.68,47,5373.2,Online
2023-11-01,Running Shoes Pro,Footwear,Spain,2424.65,29,1182.64,Wholesale
2023-11-01,Running Shoes Pro,Footwear,Netherlands,1960.66,21,846.35,In-Store
2023-11-01,Cotton T-Shirt,Apparel,France,396.19,17,140.06,In-Store
2023-11-01,Smartwatch Lite,Electronics,Spain,3684.62,22,1618.29,In-Store
2023-11-01,Running Shoes Pro,Footwear,France,1821.0,23,1001.05,Wholesale
2023-11-01,Running Shoes Pro,Footwear,Portugal,3456.06,37,1520.93,In-Store
2023-11-01,Cotton T-Shirt,Apparel,Italy,231.76,10,80.28,Online
2023-11-01,Denim Jacket,Apparel,France,6391.5,74,3561.82,In-Store
2023-11-02,Yoga Mat,Fitness,Netherlands,1806.8,58,793.41,Wholesale
2023-11-02,Yoga Mat,Fitness,Portugal,402.27,12,170.73,Online
2023-11-02,Smartwatch Lite,Electronics,Italy,2858.74,21,1504.49,Online
2023-11-02,Yoga Mat,Fitness,Germany,540.91,16,234.63,Wholesale
2023-11-02,Running Shoes Pro,Footwear,Spain,1985.12,22,942.67,Online
2023-11-02,Wireless Earbuds,Electronics,Portugal,5256.6,44,2743.65,In-Store
2023-11-02,Denim Jacket,Apparel,Italy,1403.04,17,834.75,In-Store
2023-11-02,Running Shoes Pro,Footwear,Germany,1669.61,20,845.53,Online
2023-11-02,Trail Sneakers,Footwear,Italy,824.0,12,415.88,Wholesale
2023-11-02,Denim Jacket,Apparel,Spain,838.66,9,445.57,In-Store
2023-11-02,Trail Sneakers,Footwear,Spain,2249.32,33,1132.34,Online
2023-11-02,Trail Sneakers,Footwear,Netherlands,1693.67,23,782.3,Wholesale
2023-11-02,Trail Sneakers,Footwear,Spain,1230.01,19,682.69,Wholesale
2023-11-02,Denim Jacket,Apparel,Spain,2447.13,30,1407.62,Online
2023-11-03,Running Shoes Pro,Footwear,France,1988.33,24,986.09,In-Store
2023-11-03,Running Shoes Pro,Footwear,Spain,1345.95,16,652.39,In-Store
2023-11-03,Adjustable Dumbbells,Fitness,Spain,4322.4,20,2252.96,Wholesale
2023-11-03,Smartwatch Lite,Electronics,Italy,1477.13,10,748.33,In-Store
2023-11-03,Cotton T-Shirt,Apparel,Netherlands,118.32,5,41.37,In-Store
2023-11-04,Trail Sneakers,Footwear,France,1868.67,29,980.02,In-Store
2023-11-04,Wireless Earbuds,Electronics,Germany,1416.62,12,749.67,In-Store
2023-11-04,Yoga Mat,Fitness,Portugal,778.57,26,367.69,Online
2023-11-04,Denim Jacket,Apparel,Netherlands,2191.61,23,1079.11,Online
2023-11-04,Smartwatch Lite,Electronics,Netherlands,5768.87,39,2986.0,In-Store
2023-11-04,Denim Jacket,Apparel,Spain,684.83,8,368.39,Online
2023-11-04,Wireless Earbuds,Electronics,Spain,4112.36,29,1718.97,In-Store
2023-11-04,Smartwatch Lite,Electronics,France,1829.84,13,990.63,Wholesale
2023-11-05,Running Shoes Pro,Footwear,France,2275.9,25,1034.41,Online
2023-11-05,Adjustable Dumbbells,Fitness,Portugal,4419.95,21,2313.62,Wholesale
2023-11-05,Trail Sneakers,Footwear,Germany,890.56,12,432.1,Online
2023-11-05,Adjustable Dumbbells,Fitness,Spain,2479.34,13,1460.23,Online
2023-11-05,Smartwatch Lite,Electronics,Portugal,2589.71,18,1371.22,In-Store
2023-11-05,Adjustable Dumbbells,Fitness,Spain,1663.92,9,1004.42,In-Store
2023-11-05,Running Shoes Pro,Footwear,Spain,1609.76,17,731.97,Online
2023-11-05,Smartwatch Lite,Electronics,Spain,2264.08,16,1161.43,Wholesale
2023-11-06,Smartwatch Lite,Electronics,Netherlands,4838.85,34,2445.98,Wholesale
2023-11-06,Smartwatch Lite,Electronics,Netherlands,4623.89,28,1999.24,Wholesale
2023-11-06,Cotton T-Shirt,Apparel,Portugal,591.78,27,208.55,In-Store
2023-11-06,Adjustable Dumbbells,Fitness,Italy,3632.93,16,1679.74,Online
2023-11-06,Running Shoes Pro,Footwear,Italy,1152.41,13,536.05,In-Store
2023-11-06,Cotton T-Shirt,Apparel,Germany,1233.01,58,481.1,Online
2023-11-06,Cotton T-Shirt,Apparel,Germany,725.71,30,239.48,Wholesale
2023-11-06,Denim Jacket,Apparel,Italy,2116.2,24,1114.2,In-Store
2023-11-06,Cotton T-Shirt,Apparel,Netherlands,628.79,29,238.51,Online
2023-11-06,Running Shoes Pro,Footwear,Netherlands,1604.03,20,865.5,In-Store
2023-11-07,Running Shoes Pro,Footwear,France,1505.03,17,742.15,In-Store
2023-11-07,Cotton T-Shirt,Apparel,Portugal,779.88,36,289.3,In-Store
2023-11-07,Running Shoes Pro,Footwear,Spain,869.31,11,446.16,Online
2023-11-07,Trail Sneakers,Footwear,Spain,520.26,8,293.38,Online
2023-11-07,Cotton T-Shirt,Apparel,Italy,648.28,28,216.79,Wholesale
2023-11-07,Smartwatch Lite,Electronics,France,1378.61,9,665.52,In-Store
2023-11-08,Running Shoes Pro,Footwear,Italy,1133.1,13,548.19,In-Store
2023-11-08,Yoga Mat,Fitness,Portugal,499.55,15,203.49,Online
2023-11-08,Running Shoes Pro,Footwear,Germany,1502.4,19,758.45,Online
2023-11-08,Cotton T-Shirt,Apparel,France,304.27,16,132.42,In-Store
2023-11-08,Adjustable Dumbbells,Fitness,Portugal,844.69,4,432.16,Online
2023-11-09,Adjustable Dumbbells,Fitness,Netherlands,6533.46,31,3557.16,Online
2023-11-09,Yoga Mat,Fitness,Portugal,1258.31,41,564.01,Wholesale
2023-11-09,Yoga Mat,Fitness,Portugal,98.68,3,41.46,In-Store
2023-11-09,Yoga Mat,Fitness,Spain,1908.38,50,710.04,In-Store
2023-11-09,Adjustable Dumbbells,Fitness,Spain,6857.92,32,3650.34,In-Store
2023-11-09,Cotton T-Shirt,Apparel,Spain,409.18,20,159.69,Wholesale
2023-11-09,Wireless Earbuds,Electronics,Germany,3844.51,29,1822.11,Wholesale
2023-11-09,Cotton T-Shirt,Apparel,Germany,420.37,21,170.04,Online
2023-11-09,Adjustable Dumbbells,Fitness,Germany,12504.84,58,6548.0,Online
2023-11-09,Wireless Earbuds,Electronics,Portugal,4393.64,38,2390.66,Online
2023-11-10,Yoga Mat,Fitness,Spain,613.69,20,277.9,In-Store
2023-11-10,Trail Sneakers,Footwear,Portugal,2125.79,31,1072.19,Wholesale
2023-11-10,Denim Jacket,Apparel,Italy,815.15,8,370.02,Online
2023-11-10,Smartwatch Lite,Electronics,Netherlands,4144.87,24,1811.93,Wholesale
2023-11-10,Smartwatch Lite,Electronics,Spain,4889.25,31,2224.83,Wholesale
2023-11-10,Smartwatch Lite,Electronics,Spain,2696.5,18,1350.18,In-Store
2023-11-10,Yoga Mat,Fitness,Netherlands,1328.7,35,507.98,Online
2023-11-10,Wireless Earbuds,Electronics,Spain,1680.02,14,848.96,Online
2023-11-11,Adjustable Dumbbells,Fitness,Spain,2984.52,14,1493.56,Online
2023-11-11,Denim Jacket,Apparel,Germany,1409.27,16,806.22,Online
2023-11-11,Wireless Earbuds,Electronics,Germany,4345.48,39,2424.46,Online
2023-11-11,Yoga Mat,Fitness,Netherlands,752.55,20,274.23,In-Store
2023-11-12,Adjustable Dumbbells,Fitness,Italy,4386.15,19,2037.64,Wholesale
2023-11-12,Trail Sneakers,Footwear,Italy,1584.87,25,901.43,In-Store
2023-11-12,Denim Jacket,Apparel,Italy,1428.21,16,751.36,Online
2023-11-12,Yoga Mat,Fitness,Portugal,152.22,4,57.5,Online
2023-11-12,Denim Jacket,Apparel,Portugal,1440.77,16,754.89,In-Store
2023-11-12,Smartwatch Lite,Electronics,Italy,7930.07,57,4414.95,Wholesale
2023-11-12,Smartwatch Lite,Electronics,Spain,5669.36,40,3027.16,Online
2023-11-12,Trail Sneakers,Footwear,Italy,5816.21,76,2762.78,In-Store
2023-11-12,Smartwatch Lite,Electronics,Portugal,6190.4,39,3022.26,In-Store
2023-11-12,Running Shoes Pro,Footwear,France,1348.48,16,673.21,In-Store
2023-11-13,Adjustable Dumbbells,Fitness,Portugal,3570.51,18,2046.35,Online
2023-11-13,Smartwatch Lite,Electronics,France,3564.62,26,2032.56,Wholesale
2023-11-14,Cotton T-Shirt,Apparel,Germany,810.56,35,272.4,Wholesale
2023-11-14,Smartwatch Lite,Electronics,Netherlands,4313.4,26,1898.94,Wholesale
2023-11-14,Running Shoes Pro,Footwear,Germany,2542.34,29,1223.76,In-Store
2023-11-14,Yoga Mat,Fitness,Portugal,1077.35,28,382.46,Wholesale
2023-11-14,Denim Jacket,Apparel,Portugal,1885.52,23,1136.65,Online
2023-11-14,Smartwatch Lite,Electronics,Portugal,4631.87,30,2318.54,Online
2023-11-14,Cotton T-Shirt,Apparel,Portugal,342.45,17,138.9,Wholesale
2023-11-14,Running Shoes Pro,Footwear,Italy,2771.56,31,1316.24,Online
2023-11-14,Denim Jacket,Apparel,France,3484.61,42,1994.64,Wholesale
2023-11-14,Yoga Mat,Fitness,Germany,816.23,23,334.68,Online
2023-11-14,Denim Jacket,Apparel,Germany,258.33,3,141.87,Wholesale
2023-11-15,Wireless Earbuds,Electronics,Netherlands,1369.4,10,614.92,Online
2023-11-15,Yoga Mat,Fitness,Spain,874.6,25,363.93,Online
2023-11-15,Cotton T-Shirt,Apparel,Spain,827.53,44,338.32,In-Store
2023-11-15,Adjustable Dumbbells,Fitness,France,3951.74,21,2343.92,Wholesale
2023-11-15,Trail Sneakers,Footwear,Italy,559.25,7,244.97,Wholesale
2023-11-15,Wireless Earbuds,Electronics,Germany,2296.58,18,1056.0,In-Store
2023-11-15,Smartwatch Lite,Electronics,Spain,2374.88,16,1220.15,Online
2023-11-15,Wireless Earbuds,Electronics,Germany,2868.29,21,1289.0,Wholesale
2023-11-15,Trail Sneakers,Footwear,Spain,3046.09,38,1381.15,Online
2023-11-16,Wireless Earbuds,Electronics,Spain,1767.04,13,797.92,Online
2023-11-16,Trail Sneakers,Footwear,France,928.03,14,494.99,Online
2023-11-16,Yoga Mat,Fitness,Germany,199.65,6,81.99,Wholesale
2023-11-16,Wireless Earbuds,Electronics,Germany,1048.83,8,483.6,Wholesale
2023-11-16,Smartwatch Lite,Electronics,France,2701.75,19,1492.28,In-Store
2023-11-16,Trail Sneakers,Footwear,Italy,2162.96,28,1009.77,In-Store
2023-11-16,Denim Jacket,Apparel,Germany,2023.0,23,1149.66,In-Store
2023-11-16,Trail Sneakers,Footwear,Portugal,930.63,12,429.26,Wholesale
2023-11-16,Running Shoes Pro,Footwear,Portugal,1793.52,20,813.98,Wholesale
2023-11-17,Yoga Mat,Fitness,Portugal,450.49,12,174.58,Wholesale
2023-11-17,Yoga Mat,Fitness,Italy,1073.33,36,522.43,Wholesale
2023-11-17,Trail Sneakers,Footwear,Netherlands,3022.87,44,1571.32,Online
2023-11-17,Smartwatch Lite,Electronics,Netherlands,9536.67,57,4277.18,Online
2023-11-17,Smartwatch Lite,Electronics,Netherlands,7036.34,42,3276.8,In-Store
2023-11-17,Yoga Mat,Fitness,France,456.31,15,215.01,In-Store
2023-11-17,Cotton T-Shirt,Apparel,Spain,527.94,26,210.01,Wholesale
2023-11-17,Running Shoes Pro,Footwear,France,2184.62,23,995.48,Online
2023-11-17,Running Shoes Pro,Footwear,Italy,3255.49,39,1565.82,Wholesale
2023-11-17,Trail Sneakers,Footwear,Portugal,1203.58,18,643.19,Online
2023-11-17,Adjustable Dumbbells,Fitness,Germany,2856.29,14,1575.23,In-Store
2023-11-17,Denim Jacket,Apparel,Italy,1965.31,21,976.03,Wholesale
2023-11-18,Smartwatch Lite,Electronics,France,4561.78,29,2081.48,Online
2023-11-18,Adjustable Dumbbells,Fitness,Netherlands,5766.11,26,2790.9,In-Store
2023-11-18,Cotton T-Shirt,Apparel,Spain,393.75,17,137.58,In-Store
2023-11-18,Adjustable Dumbbells,Fitness,France,2424.6,11,1182.06,Wholesale
2023-11-18,Cotton T-Shirt,Apparel,Portugal,777.32,35,270.08,Online
2023-11-18,Cotton T-Shirt,Apparel,Portugal,325.65,15,123.77,Online
2023-11-18,Smartwatch Lite,Electronics,Italy,3627.91,24,1752.29,Wholesale
2023-11-18,Cotton T-Shirt,Apparel,Spain,409.74,17,132.65,Wholesale
2023-11-19,Yoga Mat,Fitness,Germany,1251.67,42,612.28,In-Store
2023-11-19,Wireless Earbuds,Electronics,Spain,783.77,7,408.25,In-Store
2023-11-19,Running Shoes Pro,Footwear,Italy,2973.41,31,1339.34,In-Store
2023-11-19,Adjustable Dumbbells,Fitness,Germany,2759.33,14,1482.8,Online
2023-11-19,Denim Jacket,Apparel,France,1724.84,20,994.5,In-Store
2023-11-19,Trail Sneakers,Footwear,Portugal,1840.09,26,886.5,In-Store
2023-11-20,Wireless Earbuds,Electronics,Italy,695.96,6,361.07,In-Store
2023-11-20,Trail Sneakers,Footwear,Netherlands,2979.99,39,1423.12,Wholesale
2023-11-20,Running Shoes Pro,Footwear,Netherlands,1401.76,15,604.16,Wholesale
2023-11-20,Running Shoes Pro,Footwear,Portugal,1320.79,17,737.56,In-Store
2023-11-20,Trail Sneakers,Footwear,France,2912.02,37,1257.14,In-Store
2023-11-20,Cotton T-Shirt,Apparel,Germany,157.85,7,57.4,Wholesale
2023-11-20,Running Shoes Pro,Footwear,France,2955.63,37,1537.09,Online
2023-11-20,Wireless Earbuds,Electronics,France,3095.09,24,1466.19,Wholesale
2023-11-20,Adjustable Dumbbells,Fitness,Germany,3519.37,19,2145.58,Online
2023-11-20,Cotton T-Shirt,Apparel,Portugal,643.18,32,264.89,In-Store
2023-11-21,Cotton T-Shirt,Apparel,Portugal,891.21,41,323.13,Online
2023-11-21,Adjustable Dumbbells,Fitness,Italy,4851.95,22,2482.62,Wholesale
2023-11-21,Cotton T-Shirt,Apparel,Netherlands,1007.86,46,371.8,In-Store
2023-11-21,Cotton T-Shirt,Apparel,Germany,491.38,21,170.95,In-Store
2023-11-21,Cotton T-Shirt,Apparel,France,672.55,31,247.75,Wholesale
2023-11-22,Denim Jacket,Apparel,Italy,647.85,8,366.97,Wholesale
2023-11-22,Wireless Earbuds,Electronics,Spain,3101.42,27,1668.52,Wholesale
2023-11-22,Denim Jacket,Apparel,Germany,1741.87,18,855.33,Wholesale
2023-11-22,Denim Jacket,Apparel,Italy,5212.56,50,2290.89,Online
2023-11-22,Trail Sneakers,Footwear,France,1790.7,25,893.71,In-Store
2023-11-22,Smartwatch Lite,Electronics,Spain,7104.42,50,3911.87,Online
2023-11-22,Denim Jacket,Apparel,Italy,1085.3,13,629.13,In-Store
2023-11-23,Denim Jacket,Apparel,France,893.54,9,442.53,Wholesale
2023-11-23,Yoga Mat,Fitness,Portugal,388.67,12,168.11,Wholesale
2023-11-23,Yoga Mat,Fitness,Portugal,1752.89,50,678.55,Online
2023-11-23,Adjustable Dumbbells,Fitness,Spain,9882.6,54,5860.51,Wholesale
2023-11-23,Smartwatch Lite,Electronics,Portugal,1180.43,8,580.82,Online
2023-11-23,Trail Sneakers,Footwear,Netherlands,1090.51,16,534.67,Online
2023-11-23,Yoga Mat,Fitness,Germany,865.7,28,374.18,Wholesale
2023-11-23,Denim Jacket,Apparel,Portugal,503.1,5,244.33,In-Store
2023-11-23,Adjustable Dumbbells,Fitness,Spain,3771.82,21,2267.58,Online
2023-11-23,Smartwatch Lite,Electronics,France,2400.4,15,1115.6,In-Store
2023-11-23,Yoga Mat,Fitness,Spain,302.48,9,129.06,In-Store
2023-11-24,Running Shoes Pro,Footwear,France,3853.47,42,1829.11,Online
2023-11-24,Smartwatch Lite,Electronics,Italy,1687.84,11,785.62,Wholesale
2023-11-24,Trail Sneakers,Footwear,Spain,145.44,2,73.34,Online
2023-11-24,Trail Sneakers,Footwear,Germany,749.58,11,378.4,Online
2023-11-24,Cotton T-Shirt,Apparel,Italy,104.93,5,39.51,Wholesale
2023-11-24,Yoga Mat,Fitness,Netherlands,1088.07,35,473.14,Wholesale
2023-11-24,Cotton T-Shirt,Apparel,Netherlands,466.12,21,169.87,In-Store
2023-11-24,Denim Jacket,Apparel,Portugal,697.68,7,327.96,In-Store
2023-11-25,Wireless Earbuds,Electronics,France,3180.97,28,1613.2,In-Store
2023-11-25,Smartwatch Lite,Electronics,France,4801.06,31,2314.55,In-Store
2023-11-25,Running Shoes Pro,Footwear,France,3519.04,37,1529.03,Online
2023-11-25,Smartwatch Lite,Electronics,Germany,1822.02,13,1019.77,Online
2023-11-25,Running Shoes Pro,Footwear,Germany,3620.76,44,1826.28,In-Store
2023-11-25,Wireless Earbuds,Electronics,Portugal,2867.64,21,1279.6,Wholesale
2023-11-25,Smartwatch Lite,Electronics,Netherlands,3183.57,22,1586.75,Online
2023-11-25,Cotton T-Shirt,Apparel,Italy,507.7,23,191.44,Online
2023-11-26,Yoga Mat,Fitness,Italy,495.14,14,191.71,Online
2023-11-26,Wireless Earbuds,Electronics,Portugal,2984.74,24,1408.24,Online
2023-11-26,Yoga Mat,Fitness,Spain,288.36,9,123.2,Wholesale
2023-11-26,Trail Sneakers,Footwear,Netherlands,1178.8,17,618.11,Wholesale
2023-11-26,Adjustable Dumbbells,Fitness,France,5258.43,27,2981.92,In-Store
2023-11-26,Cotton T-Shirt,Apparel,Netherlands,260.99,12,94.28,In-Store
2023-11-27,Cotton T-Shirt,Apparel,Spain,907.53,44,352.78,In-Store
2023-11-27,Wireless Earbuds,Electronics,Spain,3385.26,25,1497.53,Wholesale
2023-11-27,Cotton T-Shirt,Apparel,Germany,431.28,19,151.92,Online
2023-11-27,Denim Jacket,Apparel,Germany,2102.81,21,972.51,Online
2023-11-27,Running Shoes Pro,Footwear,France,2532.75,32,1293.6,Wholesale
2023-11-27,Adjustable Dumbbells,Fitness,Italy,4686.39,22,2340.15,In-Store
2023-11-27,Denim Jacket,Apparel,Spain,2634.3,31,1557.82,In-Store
2023-11-27,Cotton T-Shirt,Apparel,Germany,178.45,9,69.55,Wholesale
2023-11-27,Denim Jacket,Apparel,Italy,693.22,8,388.93,Online
2023-11-28,Trail Sneakers,Footwear,Portugal,645.47,10,362.32,In-Store
2023-11-28,Denim Jacket,Apparel,Portugal,1586.21,17,806.88,Online
2023-11-28,Denim Jacket,Apparel,Portugal,3654.65,37,1749.97,Wholesale
2023-11-28,Cotton T-Shirt,Apparel,Spain,760.74,35,288.72,Online
2023-11-28,Denim Jacket,Apparel,Portugal,2665.17,26,1291.71,In-Store
2023-11-28,Trail Sneakers,Footwear,Italy,1083.37,15,519.49,In-Store
2023-11-29,Denim Jacket,Apparel,Portugal,1550.32,16,794.0,Wholesale
2023-11-29,Smartwatch Lite,Electronics,Italy,6584.08,47,3493.19,In-Store
2023-11-29,Cotton T-Shirt,Apparel,Spain,571.66,24,198.32,Online
2023-11-29,Denim Jacket,Apparel,Italy,1757.99,19,915.01,Wholesale
2023-11-29,Denim Jacket,Apparel,Germany,1969.59,21,1011.48,Online
2023-11-29,Yoga Mat,Fitness,Spain,339.65,11,156.91,Online
2023-11-29,Adjustable Dumbbells,Fitness,Portugal,3113.88,16,1847.13,Online
2023-11-29,Wireless Earbuds,Electronics,Netherlands,1984.63,14,845.31,Online
2023-11-29,Smartwatch Lite,Electronics,Portugal,1207.6,8,594.7,In-Store
2023-11-29,Trail Sneakers,Footwear,France,1115.13,17,575.71,Wholesale
2023-11-29,Running Shoes Pro,Footwear,Italy,3438.36,39,1688.92,In-Store
2023-11-30,Smartwatch Lite,Electronics,Spain,3317.3,19,1464.6,In-Store
2023-11-30,Wireless Earbuds,Electronics,Italy,2446.06,19,1155.0,In-Store
2023-11-30,Wireless Earbuds,Electronics,Portugal,4146.5,34,2013.86,In-Store
2023-11-30,Denim Jacket,Apparel,Spain,3760.14,38,1778.09,Online
2023-11-30,Adjustable Dumbbells,Fitness,Portugal,2019.23,9,950.64,In-Store
2023-11-30,Trail Sneakers,Footwear,Spain,640.53,10,366.23,Wholesale
2023-11-30,Trail Sneakers,Footwear,Spain,1028.62,16,542.68,Online
2023-11-30,Wireless Earbuds,Electronics,Spain,6505.12,49,3021.63,Wholesale
2023-11-30,Denim Jacket,Apparel,France,5590.16,67,3333.94,Online
2023-11-30,Smartwatch Lite,Electronics,Netherlands,3596.53,26,1913.4,Wholesale
2023-12-01,Wireless Earbuds,Electronics,France,3511.28,29,1733.29,Online
2023-12-01,Yoga Mat,Fitness,Germany,668.32,19,279.27,In-Store
2023-12-01,Smartwatch Lite,Electronics,Portugal,3930.03,28,2092.4,Online
2023-12-01,Wireless Earbuds,Electronics,Germany,4302.91,34,2003.65,Wholesale
2023-12-01,Running Shoes Pro,Footwear,Spain,3971.72,50,2062.38,Online
2023-12-01,Denim Jacket,Apparel,Italy,1491.87,17,776.93,Wholesale
2023-12-01,Adjustable Dumbbells,Fitness,Germany,4236.66,23,2545.23,Online
2023-12-01,Yoga Mat,Fitness,Portugal,508.24,14,190.25,In-Store
2023-12-01,Adjustable Dumbbells,Fitness,Italy,3375.24,17,1838.84,Wholesale
2023-12-01,Running Shoes Pro,Footwear,Spain,996.97,11,478.49,Wholesale
2023-12-01,Wireless Earbuds,Electronics,Italy,3683.65,27,1554.42,In-Store
2023-12-01,Running Shoes Pro,Footwear,Germany,3338.36,38,1628.87,Online
2023-12-02,Adjustable Dumbbells,Fitness,France,5926.98,27,2854.34,In-Store
2023-12-02,Adjustable Dumbbells,Fitness,Germany,3619.96,16,1780.68,Online
2023-12-02,Smartwatch Lite,Electronics,Netherlands,1762.54,12,926.01,Wholesale
2023-12-02,Cotton T-Shirt,Apparel,Spain,149.56,7,57.8,Online
2023-12-02,Cotton T-Shirt,Apparel,Spain,361.17,15,119.57,Wholesale
2023-12-02,Cotton T-Shirt,Apparel,Germany,523.92,22,168.48,Online
2023-12-02,Smartwatch Lite,Electronics,Portugal,12011.63,73,5602.53,In-Store
2023-12-02,Yoga Mat,Fitness,Spain,399.58,11,154.12,Online
2023-12-02,Wireless Earbuds,Electronics,Portugal,2602.46,19,1149.59,Wholesale
2023-12-02,Yoga Mat,Fitness,Spain,274.72,9,123.63,Online
2023-12-02,Smartwatch Lite,Electronics,Spain,5649.43,33,2423.89,Wholesale
2023-12-02,Yoga Mat,Fitness,Netherlands,1280.66,36,485.38,Wholesale
2023-12-03,Wireless Earbuds,Electronics,Netherlands,2509.58,20,1145.1,Wholesale
2023-12-03,Denim Jacket,Apparel,Spain,1519.46,17,817.51,Online
2023-12-03,Denim Jacket,Apparel,Italy,1365.91,14,684.2,Wholesale
2023-12-03,Yoga Mat,Fitness,Netherlands,454.78,13,181.67,Online
2023-12-03,Running Shoes Pro,Footwear,Netherlands,3095.26,40,1683.8,Wholesale
2023-12-03,Cotton T-Shirt,Apparel,Spain,464.47,22,171.12,In-Store
2023-12-03,Smartwatch Lite,Electronics,Netherlands,4561.02,30,2225.75,In-Store
2023-12-03,Cotton T-Shirt,Apparel,France,980.24,41,337.05,Wholesale
2023-12-03,Denim Jacket,Apparel,France,3554.26,39,1809.04,In-Store
2023-12-03,Smartwatch Lite,Electronics,Portugal,1157.01,8,603.45,Online
2023-12-03,Adjustable Dumbbells,Fitness,Italy,3177.64,14,1489.44,Wholesale
2023-12-04,Cotton T-Shirt,Apparel,Germany,807.6,39,301.08,Online
2023-12-04,Yoga Mat,Fitness,Portugal,757.87,22,316.27,Online
2023-12-04,Yoga Mat,Fitness,Germany,388.1,13,177.79,Online
2023-12-04,Running Shoes Pro,Footwear,Portugal,3472.74,45,1873.92,In-Store
2023-12-04,Running Shoes Pro,Footwear,Germany,2205.32,27,1090.87,Online
2023-12-04,Adjustable Dumbbells,Fitness,Spain,3900.36,18,2068.31,Online
2023-12-05,Trail Sneakers,Footwear,Germany,2192.48,31,1122.73,In-Store
2023-12-05,Denim Jacket,Apparel,France,1787.69,20,984.64,Online
2023-12-05,Wireless Earbuds,Electronics,France,3787.6,29,1700.06,Wholesale
2023-12-05,Denim Jacket,Apparel,Italy,3806.7,39,1863.09,In-Store
2023-12-05,Yoga Mat,Fitness,Spain,880.43,28,402.26,In-Store
2023-12-06,Denim Jacket,Apparel,France,2295.74,23,1078.17,Online
2023-12-06,Adjustable Dumbbells,Fitness,Italy,2061.31,10,1057.65,In-Store
2023-12-06,Adjustable Dumbbells,Fitness,Netherlands,2304.93,10,1145.41,Wholesale
2023-12-06,Yoga Mat,Fitness,Spain,896.66,26,345.9,In-Store
2023-12-06,Running Shoes Pro,Footwear,Italy,1159.4,14,585.84,Wholesale
2023-12-06,Wireless Earbuds,Electronics,Spain,3384.32,27,1562.67,Online
2023-12-06,Cotton T-Shirt,Apparel,France,332.72,15,117.27,Wholesale
2023-12-06,Cotton T-Shirt,Apparel,Spain,340.91,17,135.85,Wholesale
2023-12-06,Yoga Mat,Fitness,Portugal,883.36,23,333.88,In-Store
2023-12-06,Smartwatch Lite,Electronics,France,2278.43,14,1001.01,Online
2023-12-06,Denim Jacket,Apparel,Germany,2007.09,23,1089.03,Wholesale
2023-12-07,Running Shoes Pro,Footwear,France,1047.65,13,543.34,Online
2023-12-07,Yoga Mat,Fitness,Netherlands,1551.79,43,610.66,Wholesale
2023-12-07,Cotton T-Shirt,Apparel,Germany,643.82,27,210.91,Wholesale
2023-12-07,Trail Sneakers,Footwear,Netherlands,1996.22,27,907.73,Wholesale
2023-12-07,Trail Sneakers,Footwear,Germany,1110.33,14,493.63,Online
2023-12-07,Wireless Earbuds,Electronics,Germany,979.37,8,497.12,Wholesale
2023-12-07,Cotton T-Shirt,Apparel,France,881.36,44,335.78,In-Store
2023-12-08,Denim Jacket,Apparel,Italy,2511.22,25,1235.62,Wholesale
2023-12-08,Trail Sneakers,Footwear,Portugal,1292.9,16,534.74,Wholesale
2023-12-08,Smartwatch Lite,Electronics,Italy,5193.7,31,2246.54,Online
2023-12-08,Denim Jacket,Apparel,Italy,858.28,10,499.2,In-Store
2023-12-08,Trail Sneakers,Footwear,Spain,1722.15,25,852.05,Wholesale
2023-12-09,Cotton T-Shirt,Apparel,Germany,530.83,22,178.52,Online
2023-12-09,Wireless Earbuds,Electronics,Netherlands,3219.95,24,1497.47,Wholesale
2023-12-09,Adjustable Dumbbells,Fitness,Portugal,4578.04,24,2627.14,Online
2023-12-09,Wireless Earbuds,Electronics,Italy,974.47,7,434.23,Wholesale
2023-12-09,Cotton T-Shirt,Apparel,Portugal,702.24,33,271.05,Online
2023-12-09,Wireless Earbuds,Electronics,Spain,2614.26,22,1318.79,Wholesale
2023-12-09,Smartwatch Lite,Electronics,Portugal,2449.16,15,1099.34,Online
2023-12-09,Wireless Earbuds,Electronics,Italy,3954.02,35,2101.52,In-Store
2023-12-09,Yoga Mat,Fitness,Italy,454.38,13,181.62,In-Store
2023-12-09,Running Shoes Pro,Footwear,Germany,1315.22,14,596.71,Wholesale
2023-12-10,Wireless Earbuds,Electronics,France,5443.06,45,2729.84,Wholesale
2023-12-10,Cotton T-Shirt,Apparel,France,211.17,9,70.06,In-Store
2023-12-10,Denim Jacket,Apparel,Netherlands,899.91,11,513.89,Online
2023-12-10,Adjustable Dumbbells,Fitness,Netherlands,2027.21,11,1165.08,Online
2023-12-10,Smartwatch Lite,Electronics,Germany,1246.23,8,573.44,In-Store
2023-12-10,Adjustable Dumbbells,Fitness,Netherlands,1974.12,11,1188.87,Wholesale
2023-12-10,Denim Jacket,Apparel,Spain,2076.93,21,998.7,In-Store
2023-12-10,Denim Jacket,Apparel,Italy,1011.64,10,479.45,Online
2023-12-10,Cotton T-Shirt,Apparel,Netherlands,729.98,36,296.6,Wholesale
2023-12-10,Wireless Earbuds,Electronics,Germany,4703.24,40,2282.19,In-Store
2023-12-11,Running Shoes Pro,Footwear,France,4145.43,51,2057.51,Wholesale
2023-12-11,Cotton T-Shirt,Apparel,Italy,301.85,13,109.08,In-Store
2023-12-11,Trail Sneakers,Footwear,France,1192.1,17,576.63,Online
2023-12-11,Wireless Earbuds,Electronics,Italy,5166.62,40,2339.05,Wholesale
2023-12-12,Wireless Earbuds,Electronics,Germany,3263.98,25,1507.42,Online
2023-12-12,Running Shoes Pro,Footwear,Italy,544.43,6,260.72,Wholesale
2023-12-12,Running Shoes Pro,Footwear,Portugal,4766.6,51,2217.75,Wholesale
2023-12-12,Running Shoes Pro,Footwear,Netherlands,1166.53,13,530.49,Wholesale
2023-12-13,Adjustable Dumbbells,Fitness,Spain,5264.85,28,3032.82,Wholesale
2023-12-13,Adjustable Dumbbells,Fitness,Portugal,8497.77,37,3936.5,Online
2023-12-13,Adjustable Dumbbells,Fitness,Netherlands,7680.32,39,4424.51,Online
2023-12-13,Smartwatch Lite,Electronics,Portugal,3007.0,18,1333.74,In-Store
2023-12-13,Wireless Earbuds,Electronics,Portugal,1485.66,12,685.56,Online
2023-12-13,Smartwatch Lite,Electronics,Italy,9998.38,65,4727.35,In-Store
2023-12-13,Adjustable Dumbbells,Fitness,Italy,2060.46,9,1021.57,In-Store
2023-12-14,Cotton T-Shirt,Apparel,Spain,441.57,23,182.6,Online
2023-12-14,Smartwatch Lite,Electronics,Netherlands,698.24,5,358.87,In-Store
2023-12-14,Adjustable Dumbbells,Fitness,Portugal,5374.1,26,2795.72,In-Store
2023-12-14,Trail Sneakers,Footwear,Netherlands,710.2,11,381.6,Wholesale
2023-12-14,Wireless Earbuds,Electronics,Netherlands,4865.38,35,2110.09,In-Store
2023-12-14,Adjustable Dumbbells,Fitness,France,1910.66,9,1034.06,In-Store
2023-12-14,Yoga Mat,Fitness,Germany,230.14,7,93.83,In-Store
2023-12-14,Cotton T-Shirt,Apparel,Spain,195.03,10,76.73,In-Store
2023-12-14,Denim Jacket,Apparel,Germany,5735.1,57,2639.99,In-Store
2023-12-14,Smartwatch Lite,Electronics,France,4789.77,31,2294.06,Online
2023-12-14,Smartwatch Lite,Electronics,Spain,7071.53,50,3620.55,Online
2023-12-14,Wireless Earbuds,Electronics,Germany,1904.2,16,954.23,In-Store
2023-12-14,Cotton T-Shirt,Apparel,Spain,281.17,12,93.2,Online
2023-12-14,Denim Jacket,Apparel,Netherlands,4078.02,43,2047.47,In-Store
2023-12-15,Trail Sneakers,Footwear,Italy,1712.87,23,826.74,In-Store
2023-12-15,Running Shoes Pro,Footwear,Portugal,1252.01,15,619.93,Wholesale
2023-12-15,Adjustable Dumbbells,Fitness,Netherlands,2581.83,13,1405.79,Online
2023-12-15,Cotton T-Shirt,Apparel,Germany,991.42,41,343.65,In-Store
2023-12-15,Trail Sneakers,Footwear,Germany,4643.78,59,1966.04,In-Store
2023-12-15,Wireless Earbuds,Electronics,Portugal,5360.06,42,2606.49,Wholesale
2023-12-15,Cotton T-Shirt,Apparel,Spain,404.29,20,156.91,Online
2023-12-15,Trail Sneakers,Footwear,France,1770.14,22,772.26,Online
2023-12-16,Yoga Mat,Fitness,Portugal,1858.14,52,739.71,Wholesale
2023-12-16,Cotton T-Shirt,Apparel,Netherlands,433.14,19,150.85,In-Store
2023-12-16,Wireless Earbuds,Electronics,Italy,3002.84,26,1532.89,In-Store
2023-12-16,Adjustable Dumbbells,Fitness,France,6467.87,28,3167.64,In-Store
2023-12-16,Yoga Mat,Fitness,Portugal,401.7,11,152.82,Wholesale
2023-12-16,Running Shoes Pro,Footwear,Italy,5271.39,54,2238.59,Wholesale
2023-12-16,Smartwatch Lite,Electronics,Netherlands,5141.05,34,2571.32,Wholesale
2023-12-17,Cotton T-Shirt,Apparel,Spain,1086.92,48,365.79,Online
2023-12-17,Wireless Earbuds,Electronics,Spain,3365.01,30,1862.75,Online
2023-12-17,Yoga Mat,Fitness,Italy,810.4,23,319.66,Wholesale
2023-12-17,Running Shoes Pro,Footwear,Spain,1396.2,17,702.47,Online
2023-12-17,Trail Sneakers,Footwear,Portugal,3281.18,47,1685.78,Online
2023-12-17,Yoga Mat,Fitness,Spain,447.85,14,205.79,Online
2023-12-18,Smartwatch Lite,Electronics,Netherlands,4305.71,29,2236.98,Wholesale
2023-12-18,Yoga Mat,Fitness,Spain,1224.98,34,484.29,Online
2023-12-18,Wireless Earbuds,Electronics,France,1999.64,17,975.31,Online
2023-12-18,Wireless Earbuds,Electronics,Italy,4288.79,37,2230.08,Online
2023-12-18,Running Shoes Pro,Footwear,Portugal,1217.76,13,543.24,Online
2023-12-18,Denim Jacket,Apparel,Italy,2325.28,27,1359.84,Wholesale
2023-12-18,Smartwatch Lite,Electronics,France,1992.14,12,865.0,Wholesale
2023-12-18,Denim Jacket,Apparel,Spain,2195.85,24,1206.22,Online
2023-12-19,Denim Jacket,Apparel,Germany,1589.23,18,894.2,In-Store
2023-12-19,Wireless Earbuds,Electronics,France,246.71,2,118.44,In-Store
2023-12-19,Smartwatch Lite,Electronics,France,6182.28,43,3212.09,Online
2023-12-19,Trail Sneakers,Footwear,Netherlands,990.86,13,460.51,Wholesale
2023-12-19,Adjustable Dumbbells,Fitness,Netherlands,8657.79,41,4627.21,Online
2023-12-19,Denim Jacket,Apparel,Spain,2532.59,28,1359.01,Wholesale
2023-12-20,Adjustable Dumbbells,Fitness,Spain,2485.82,13,1478.85,Online
2023-12-20,Yoga Mat,Fitness,Germany,630.34,19,255.09,In-Store
2023-12-20,Trail Sneakers,Footwear,Portugal,2788.74,38,1390.18,In-Store
2023-12-20,Yoga Mat,Fitness,Germany,1180.04,39,555.66,Online
2023-12-20,Denim Jacket,Apparel,Italy,2357.24,24,1172.89,Wholesale
2023-12-20,Yoga Mat,Fitness,France,511.07,15,216.79,Online
2023-12-20,Yoga Mat,Fitness,Spain,914.45,25,333.8,In-Store
2023-12-20,Running Shoes Pro,Footwear,Italy,7107.85,75,3229.32,Wholesale
2023-12-21,Trail Sneakers,Footwear,Netherlands,1356.96,19,640.7,Wholesale
2023-12-21,Trail Sneakers,Footwear,France,2478.85,34,1193.49,Online
2023-12-21,Smartwatch Lite,Electronics,France,2242.58,14,1080.19,Wholesale
2023-12-21,Running Shoes Pro,Footwear,Spain,3209.71,37,1605.45,Wholesale
2023-12-21,Yoga Mat,Fitness,Spain,1253.29,34,484.86,Wholesale
2023-12-21,Running Shoes Pro,Footwear,Portugal,3033.67,36,1525.15,In-Store
2023-12-21,Wireless Earbuds,Electronics,Netherlands,3720.63,27,1588.39,In-Store
2023-12-22,Yoga Mat,Fitness,Germany,927.49,25,363.27,In-Store
2023-12-22,Cotton T-Shirt,Apparel,France,157.42,8,60.94,Wholesale
2023-12-22,Wireless Earbuds,Electronics,Spain,2053.08,17,1050.5,Online
2023-12-22,Trail Sneakers,Footwear,France,930.3,14,471.99,Online
2023-12-22,Running Shoes Pro,Footwear,Netherlands,2122.07,25,1062.74,Online
2023-12-22,Cotton T-Shirt,Apparel,Germany,843.75,35,288.62,In-Store
2023-12-22,Running Shoes Pro,Footwear,France,1336.46,16,677.74,Wholesale
2023-12-23,Cotton T-Shirt,Apparel,Spain,663.19,34,273.65,Wholesale
2023-12-23,Adjustable Dumbbells,Fitness,Spain,4643.17,24,2739.77,Online
2023-12-23,Wireless Earbuds,Electronics,France,3988.96,30,1784.56,Online
2023-12-23,Wireless Earbuds,Electronics,Netherlands,2113.81,17,1008.86,Wholesale
2023-12-23,Smartwatch Lite,Electronics,France,812.8,6,460.36,Online
2023-12-23,Wireless Earbuds,Electronics,Portugal,3283.05,27,1607.31,Online
2023-12-23,Denim Jacket,Apparel,Germany,4363.41,50,2347.51,In-Store
2023-12-23,Yoga Mat,Fitness,Germany,32.38,1,13.8,Online
2023-12-24,Running Shoes Pro,Footwear,France,942.27,12,509.15,In-Store
2023-12-24,Denim Jacket,Apparel,France,2700.74,26,1267.14,In-Store
2023-12-24,Running Shoes Pro,Footwear,Portugal,5605.19,63,2674.07,Online
2023-12-24,Trail Sneakers,Footwear,Italy,1620.85,20,679.12,Online
2023-12-24,Yoga Mat,Fitness,Germany,1357.01,38,526.3,Online
2023-12-24,Wireless Earbuds,Electronics,Portugal,3073.87,27,1618.43,Wholesale
2023-12-24,Running Shoes Pro,Footwear,Portugal,4687.52,48,1957.64,Online
2023-12-24,Yoga Mat,Fitness,Germany,475.44,13,183.67,Wholesale
2023-12-25,Trail Sneakers,Footwear,Netherlands,2518.21,33,1112.61,In-Store
2023-12-25,Cotton T-Shirt,Apparel,Netherlands,287.18,15,119.85,In-Store
2023-12-25,Trail Sneakers,Footwear,Spain,1132.24,18,600.28,Wholesale
2023-12-25,Cotton T-Shirt,Apparel,Spain,287.01,12,99.09,Online
2023-12-25,Trail Sneakers,Footwear,Germany,1654.9,21,726.32,Wholesale
2023-12-25,Yoga Mat,Fitness,Italy,914.49,25,340.9,Online
2023-12-25,Denim Jacket,Apparel,Italy,2254.58,25,1143.4,Online
2023-12-25,Running Shoes Pro,Footwear,Portugal,1746.42,21,911.72,Wholesale
2023-12-25,Running Shoes Pro,Footwear,Netherlands,2258.82,29,1163.02,In-Store
2023-12-25,Trail Sneakers,Footwear,Portugal,541.93,7,250.21,Online
2023-12-25,Yoga Mat,Fitness,France,1405.01,46,623.63,In-Store
2023-12-25,Denim Jacket,Apparel,Portugal,1940.82,20,916.85,Wholesale
2023-12-26,Adjustable Dumbbells,Fitness,Germany,4175.31,23,2447.75,Wholesale
2023-12-26,Smartwatch Lite,Electronics,France,2494.0,16,1254.97,In-Store
2023-12-26,Trail Sneakers,Footwear,Spain,1218.56,16,560.35,In-Store
2023-12-26,Smartwatch Lite,Electronics,Netherlands,814.38,6,434.8,In-Store
2023-12-26,Trail Sneakers,Footwear,Italy,1323.62,18,627.94,Wholesale
2023-12-27,Adjustable Dumbbells,Fitness,Germany,5127.22,27,2899.15,Wholesale
2023-12-27,Denim Jacket,Apparel,Portugal,846.71,10,496.05,Wholesale
2023-12-27,Cotton T-Shirt,Apparel,Spain,483.46,20,160.49,Wholesale
2023-12-27,Smartwatch Lite,Electronics,Spain,3629.42,25,1917.32,In-Store
2023-12-27,Yoga Mat,Fitness,Germany,1179.1,39,567.18,Wholesale
2023-12-27,Yoga Mat,Fitness,Italy,365.92,11,153.54,Online
2023-12-27,Cotton T-Shirt,Apparel,Netherlands,499.58,21,176.24,Wholesale
2023-12-27,Running Shoes Pro,Footwear,Germany,1143.8,12,514.32,Wholesale
2023-12-27,Smartwatch Lite,Electronics,Italy,5171.17,30,2268.1,In-Store
2023-12-28,Wireless Earbuds,Electronics,Italy,1583.6,14,822.93,In-Store
2023-12-28,Yoga Mat,Fitness,Germany,384.76,10,134.35,In-Store
2023-12-28,Adjustable Dumbbells,Fitness,Portugal,9808.82,48,5490.94,In-Store
2023-12-28,Adjustable Dumbbells,Fitness,France,5824.38,28,3071.54,In-Store
2023-12-28,Cotton T-Shirt,Apparel,Germany,431.34,22,177.05,Online
2023-12-28,Denim Jacket,Apparel,Spain,2544.16,31,1455.35,Online
2023-12-29,Adjustable Dumbbells,Fitness,Portugal,6796.77,34,3732.72,Online
2023-12-29,Trail Sneakers,Footwear,Spain,379.14,5,181.04,Online
2023-12-29,Denim Jacket,Apparel,Germany,3293.44,37,1701.83,Online
2023-12-29,Adjustable Dumbbells,Fitness,France,6132.71,29,3054.34,In-Store
2023-12-29,Wireless Earbuds,Electronics,Portugal,4217.49,32,1832.63,In-Store
2023-12-29,Running Shoes Pro,Footwear,Spain,2604.05,28,1227.95,Online
2023-12-29,Adjustable Dumbbells,Fitness,Spain,3245.46,18,2044.28,In-Store
2023-12-29,Cotton T-Shirt,Apparel,Italy,338.66,17,140.94,Online
2023-12-29,Adjustable Dumbbells,Fitness,France,7339.78,38,4308.19,Wholesale
2023-12-29,Trail Sneakers,Footwear,Netherlands,2767.65,35,1169.76,Online
2023-12-29,Running Shoes Pro,Footwear,Germany,971.41,10,434.54,In-Store
2023-12-30,Smartwatch Lite,Electronics,France,1700.8,10,781.23,Online
2023-12-30,Running Shoes Pro,Footwear,Spain,1477.76,19,778.74,In-Store
2023-12-30,Yoga Mat,Fitness,Netherlands,1557.24,42,563.35,Online
2023-12-30,Yoga Mat,Fitness,Netherlands,1034.31,27,375.53,Wholesale
2023-12-30,Yoga Mat,Fitness,Netherlands,738.08,20,267.92,Online
2023-12-30,Adjustable Dumbbells,Fitness,Spain,7886.58,36,3875.44,Online
2023-12-30,Adjustable Dumbbells,Fitness,Italy,3681.41,17,1859.61,Wholesale
2023-12-31,Trail Sneakers,Footwear,Portugal,1381.38,18,653.52,Online
2023-12-31,Cotton T-Shirt,Apparel,Portugal,732.14,35,292.39,In-Store
2023-12-31,Wireless Earbuds,Electronics,Netherlands,1531.58,11,668.63,In-Store
2023-12-31,Cotton T-Shirt,Apparel,Italy,864.06,37,291.49,Online
2023-12-31,Trail Sneakers,Footwear,Germany,292.38,4,140.48,Wholesale
2023-12-31,Adjustable Dumbbells,Fitness,Germany,1966.78,11,1225.56,Wholesale
2024-01-01,Adjustable Dumbbells,Fitness,Germany,2439.4,12,1299.96,Online
2024-01-01,Denim Jacket,Apparel,Germany,1728.96,18,827.18,In-Store
2024-01-01,Smartwatch Lite,Electronics,Germany,2410.31,15,1169.02,In-Store
2024-01-01,Trail Sneakers,Footwear,Germany,2580.36,32,1081.79,Wholesale
2024-01-01,Yoga Mat,Fitness,Germany,838.61,22,302.89,Wholesale
2024-01-01,Trail Sneakers,Footwear,Spain,1680.6,21,702.52,Online
2024-01-01,Adjustable Dumbbells,Fitness,Netherlands,2564.32,14,1569.74,In-Store
2024-01-01,Denim Jacket,Apparel,Spain,1750.16,20,938.19,Online
2024-01-01,Cotton T-Shirt,Apparel,Italy,315.46,14,117.36,In-Store
2024-01-01,Running Shoes Pro,Footwear,Netherlands,4126.09,48,2102.45,In-Store
2024-01-01,Wireless Earbuds,Electronics,Netherlands,3267.47,26,1529.85,In-Store
2024-01-02,Yoga Mat,Fitness,Italy,653.77,19,269.86,In-Store
2024-01-02,Running Shoes Pro,Footwear,Netherlands,1024.87,13,532.16,Online
2024-01-02,Cotton T-Shirt,Apparel,Netherlands,349.74,18,146.96,Wholesale
2024-01-02,Yoga Mat,Fitness,Germany,487.31,14,204.42,Wholesale
2024-01-02,Yoga Mat,Fitness,France,1582.17,45,646.23,Wholesale
2024-01-02,Adjustable Dumbbells,Fitness,Spain,9822.03,46,4992.29,In-Store
2024-01-02,Adjustable Dumbbells,Fitness,Netherlands,2783.5,15,1685.06,Online
2024-01-02,Cotton T-Shirt,Apparel,Spain,842.53,44,369.42,Online
2024-01-02,Trail Sneakers,Footwear,France,1871.95,23,806.32,Wholesale
2024-01-02,Smartwatch Lite,Electronics,Netherlands,652.82,4,287.68,Online
2024-01-03,Smartwatch Lite,Electronics,Italy,2463.94,15,1089.93,In-Store
2024-01-03,Adjustable Dumbbells,Fitness,Spain,2988.73,13,1378.02,Online
2024-01-03,Adjustable Dumbbells,Fitness,Spain,5115.48,28,3068.48,Online
2024-01-03,Smartwatch Lite,Electronics,Italy,3317.9,23,1666.19,Wholesale
2024-01-03,Denim Jacket,Apparel,Germany,2240.0,26,1248.42,In-Store
2024-01-03,Yoga Mat,Fitness,Netherlands,1015.06,30,404.59,Online
2024-01-04,Cotton T-Shirt,Apparel,France,1853.3,80,631.69,Wholesale
2024-01-04,Trail Sneakers,Footwear,Germany,3385.35,47,1634.93,In-Store
2024-01-04,Smartwatch Lite,Electronics,Portugal,3167.44,20,1503.97,Wholesale
2024-01-04,Denim Jacket,Apparel,Portugal,2284.95,23,1089.19,Wholesale
2024-01-04,Running Shoes Pro,Footwear,Italy,2880.22,30,1241.02,Online
2024-01-04,Trail Sneakers,Footwear,Italy,3481.66,52,1766.93,Wholesale
2024-01-04,Wireless Earbuds,Electronics,Spain,528.37,4,231.69,In-Store
2024-01-05,Yoga Mat,Fitness,Netherlands,1446.09,39,545.15,In-Store
2024-01-05,Running Shoes Pro,Footwear,Portugal,1332.62,14,561.52,In-Store
2024-01-05,Yoga Mat,Fitness,Portugal,2432.94,70,972.36,Online
2024-01-05,Denim Jacket,Apparel,Portugal,1690.46,18,868.54,In-Store
2024-01-05,Denim Jacket,Apparel,Italy,3437.27,39,1798.88,In-Store
2024-01-05,Yoga Mat,Fitness,Germany,661.21,22,297.46,In-Store
2024-01-05,Yoga Mat,Fitness,Portugal,190.28,6,84.11,Wholesale
2024-01-05,Cotton T-Shirt,Apparel,Spain,182.39,8,61.64,Wholesale
2024-01-05,Running Shoes Pro,Footwear,Germany,4057.15,42,1799.33,Wholesale
2024-01-05,Cotton T-Shirt,Apparel,Italy,399.98,18,142.13,In-Store
2024-01-05,Denim Jacket,Apparel,Germany,2900.96,28,1309.32,Wholesale
2024-01-05,Adjustable Dumbbells,Fitness,Portugal,3285.39,16,1681.57,Online
2024-01-05,Smartwatch Lite,Electronics,Italy,3257.51,19,1388.91,In-Store
2024-01-05,Yoga Mat,Fitness,Spain,639.8,18,242.3,Wholesale
2024-01-06,Yoga Mat,Fitness,France,568.25,18,254.42,Wholesale
2024-01-06,Denim Jacket,Apparel,Italy,3321.97,36,1689.12,Online
2024-01-06,Adjustable Dumbbells,Fitness,Italy,6475.52,36,3858.1,Online
2024-01-06,Cotton T-Shirt,Apparel,Italy,1091.13,51,422.83,Wholesale
2024-01-06,Running Shoes Pro,Footwear,Portugal,2528.69,33,1451.56,In-Store
2024-01-06,Wireless Earbuds,Electronics,Italy,5206.6,45,2637.25,Online
2024-01-06,Trail Sneakers,Footwear,Netherlands,1092.48,14,483.05,Wholesale
2024-01-06,Cotton T-Shirt,Apparel,Italy,292.73,15,122.7,Wholesale
2024-01-07,Wireless Earbuds,Electronics,Germany,3852.66,30,1793.07,Online
2024-01-07,Wireless Earbuds,Electronics,France,3349.59,28,1747.06,Wholesale
2024-01-07,Running Shoes Pro,Footwear,Germany,2323.63,28,1163.44,Wholesale
2024-01-07,Wireless Earbuds,Electronics,Netherlands,955.27,7,426.86,Online
2024-01-07,Running Shoes Pro,Footwear,Netherlands,86.28,1,41.67,In-Store
2024-01-07,Running Shoes Pro,Footwear,France,558.11,6,260.6,In-Store
2024-01-07,Wireless Earbuds,Electronics,Spain,2459.14,20,1144.23,Wholesale
2024-01-07,Yoga Mat,Fitness,Germany,1018.18,32,448.03,Wholesale
2024-01-07,Adjustable Dumbbells,Fitness,Germany,6107.84,34,3626.43,Wholesale
2024-01-08,Trail Sneakers,Footwear,France,2420.98,34,1210.87,Wholesale
2024-01-08,Denim Jacket,Apparel,Spain,4526.66,50,2484.4,Online
2024-01-08,Smartwatch Lite,Electronics,Germany,2134.56,14,1091.13,In-Store
2024-01-08,Yoga Mat,Fitness,Spain,519.81,17,242.21,In-Store
2024-01-08,Yoga Mat,Fitness,Germany,558.6,17,234.58,Online
2024-01-08,Denim Jacket,Apparel,France,1850.35,19,938.3,Online
2024-01-08,Cotton T-Shirt,Apparel,Spain,387.13,17,134.4,Wholesale
2024-01-08,Yoga Mat,Fitness,Portugal,252.14,8,117.4,Wholesale
2024-01-08,Smartwatch Lite,Electronics,Italy,2743.24,18,1399.41,Online
2024-01-09,Smartwatch Lite,Electronics,France,6880.87,47,3513.8,Wholesale
2024-01-09,Denim Jacket,Apparel,Spain,2982.07,30,1500.87,In-Store
2024-01-09,Yoga Mat,Fitness,Netherlands,243.8,8,115.54,Online
2024-01-09,Running Shoes Pro,Footwear,Spain,2611.38,27,1177.64,Wholesale
2024-01-09,Trail Sneakers,Footwear,Spain,1495.97,19,678.92,In-Store
2024-01-09,Denim Jacket,Apparel,Italy,1405.07,17,801.75,In-Store
2024-01-09,Yoga Mat,Fitness,Italy,729.22,21,286.19,Wholesale
2024-01-09,Yoga Mat,Fitness,France,381.42,11,149.74,In-Store
2024-01-10,Adjustable Dumbbells,Fitness,Netherlands,5670.99,29,3266.45,In-Store
2024-01-10,Wireless Earbuds,Electronics,Portugal,5723.98,42,2643.63,Wholesale
2024-01-10,Cotton T-Shirt,Apparel,Netherlands,966.04,45,352.6,In-Store
2024-01-10,Wireless Earbuds,Electronics,Portugal,8922.41,76,4621.57,Online
2024-01-10,Adjustable Dumbbells,Fitness,Portugal,5904.39,26,2969.52,Online
2024-01-10,Yoga Mat,Fitness,Netherlands,1103.45,36,480.87,In-Store
2024-01-10,Adjustable Dumbbells,Fitness,Spain,2194.95,11,1216.23,Online
2024-01-11,Cotton T-Shirt,Apparel,France,768.98,36,282.52,Wholesale
2024-01-11,Adjustable Dumbbells,Fitness,France,5060.42,22,2478.33,In-Store
2024-01-11,Yoga Mat,Fitness,Spain,1412.07,37,529.22,Online
2024-01-11,Smartwatch Lite,Electronics,Italy,6740.89,46,3386.06,Wholesale
2024-01-11,Wireless Earbuds,Electronics,Portugal,1176.2,9,519.88,In-Store
2024-01-11,Cotton T-Shirt,Apparel,France,321.33,16,126.31,Online
2024-01-11,Cotton T-Shirt,Apparel,Germany,235.78,11,88.34,In-Store
2024-01-11,Wireless Earbuds,Electronics,Italy,4714.65,37,2305.72,Wholesale
2024-01-11,Running Shoes Pro,Footwear,France,1566.33,18,776.67,Online
2024-01-11,Wireless Earbuds,Electronics,Spain,1321.46,11,637.65,In-Store
2024-01-11,Adjustable Dumbbells,Fitness,Italy,3143.88,15,1574.64,Wholesale
2024-01-11,Wireless Earbuds,Electronics,Italy,1991.33,15,933.71,Wholesale
2024-01-12,Trail Sneakers,Footwear,Italy,2811.92,42,1533.9,Wholesale
2024-01-12,Adjustable Dumbbells,Fitness,Portugal,8587.93,38,4194.74,In-Store
2024-01-12,Running Shoes Pro,Footwear,Portugal,898.53,10,400.86,In-Store
2024-01-12,Adjustable Dumbbells,Fitness,France,7844.59,34,3868.3,In-Store
2024-01-12,Smartwatch Lite,Electronics,France,3476.67,22,1664.71,In-Store
2024-01-12,Smartwatch Lite,Electronics,France,5228.9,32,2483.89,Wholesale
2024-01-12,Denim Jacket,Apparel,Netherlands,2416.39,24,1205.23,Wholesale
2024-01-12,Smartwatch Lite,Electronics,Italy,2587.51,16,1166.3,Online
2024-01-12,Denim Jacket,Apparel,Spain,1104.99,11,527.63,In-Store
2024-01-12,Yoga Mat,Fitness,Germany,809.11,25,338.93,In-Store
2024-01-13,Yoga Mat,Fitness,France,959.68,29,388.94,In-Store
2024-01-13,Cotton T-Shirt,Apparel,Germany,490.66,23,179.59,Online
2024-01-13,Running Shoes Pro,Footwear,Portugal,5235.08,60,2551.85,Online
2024-01-13,Smartwatch Lite,Electronics,Netherlands,3350.03,22,1721.71,In-Store
2024-01-13,Wireless Earbuds,Electronics,France,1509.03,12,702.2,In-Store
2024-01-13,Yoga Mat,Fitness,Germany,70.67,2,27.2,In-Store
2024-01-13,Yoga Mat,Fitness,France,421.2,14,201.41,Wholesale
2024-01-13,Denim Jacket,Apparel,Portugal,4091.65,46,2276.83,In-Store
2024-01-14,Running Shoes Pro,Footwear,Italy,1782.53,20,807.43,Online
2024-01-14,Adjustable Dumbbells,Fitness,Portugal,3626.96,18,2035.11,Wholesale
2024-01-14,Smartwatch Lite,Electronics,Netherlands,7232.65,50,3576.3,Wholesale
2024-01-14,Smartwatch Lite,Electronics,Portugal,2518.25,16,1226.59,Online
2024-01-14,Running Shoes Pro,Footwear,Germany,2844.14,34,1406.3,Wholesale
2024-01-14,Trail Sneakers,Footwear,Germany,1047.16,13,445.21,Online
2024-01-14,Running Shoes Pro,Footwear,Spain,386.87,5,212.38,Wholesale
2024-01-14,Trail Sneakers,Footwear,Portugal,2846.65,42,1522.16,Online
2024-01-15,Adjustable Dumbbells,Fitness,Portugal,2830.38,13,1411.63,Wholesale
2024-01-15,Yoga Mat,Fitness,France,557.66,17,228.15,In-Store
2024-01-15,Running Shoes Pro,Footwear,Germany,1267.46,16,690.34,Wholesale
2024-01-15,Smartwatch Lite,Electronics,Spain,1569.92,11,806.09,Online
2024-01-15,Smartwatch Lite,Electronics,France,3641.46,24,1831.67,Wholesale
2024-01-15,Wireless Earbuds,Electronics,Germany,4301.7,35,2115.07,In-Store
2024-01-15,Running Shoes Pro,Footwear,Germany,2015.13,24,967.12,Online
2024-01-15,Trail Sneakers,Footwear,Netherlands,1934.48,26,924.75,Online
2024-01-15,Trail Sneakers,Footwear,Portugal,1199.7,18,599.88,In-Store
2024-01-15,Trail Sneakers,Footwear,Portugal,1618.04,21,726.51,In-Store
2024-01-15,Denim Jacket,Apparel,France,3334.77,36,1774.29,Online
2024-01-15,Trail Sneakers,Footwear,Netherlands,1985.52,28,1023.26,Wholesale
2024-01-15,Wireless Earbuds,Electronics,Portugal,4617.94,38,2281.97,Online
2024-01-16,Cotton T-Shirt,Apparel,France,1061.15,44,338.11,Online
2024-01-16,Cotton T-Shirt,Apparel,Italy,43.93,2,15.67,Online
2024-01-16,Smartwatch Lite,Electronics,France,1846.48,11,800.12,In-Store
2024-01-16,Adjustable Dumbbells,Fitness,Italy,3094.58,17,1841.01,In-Store
2024-01-16,Cotton T-Shirt,Apparel,Portugal,207.88,11,89.39,Wholesale
2024-01-16,Cotton T-Shirt,Apparel,Italy,95.88,4,33.58,Wholesale
2024-01-16,Wireless Earbuds,Electronics,Netherlands,2760.1,23,1432.12,Online
2024-01-16,Cotton T-Shirt,Apparel,Netherlands,276.41,12,95.27,In-Store
2024-01-16,Smartwatch Lite,Electronics,Portugal,3474.82,21,1646.13,Wholesale
2024-01-17,Wireless Earbuds,Electronics,France,2677.45,22,1339.98,Online
2024-01-17,Smartwatch Lite,Electronics,Italy,1302.07,8,572.87,Wholesale
2024-01-17,Wireless Earbuds,Electronics,Netherlands,1564.19,14,857.89,In-Store
2024-01-17,Wireless Earbuds,Electronics,Portugal,3240.5,26,1629.24,Online
2024-01-17,Trail Sneakers,Footwear,France,1670.43,21,698.32,In-Store
2024-01-17,Denim Jacket,Apparel,Portugal,2431.9,25,1143.64,Online
2024-01-18,Denim Jacket,Apparel,Spain,1198.24,13,627.44,Online
2024-01-18,Yoga Mat,Fitness,France,114.47,3,43.3,Wholesale
2024-01-18,Wireless Earbuds,Electronics,Germany,3357.29,29,1665.63,Wholesale
2024-01-18,Adjustable Dumbbells,Fitness,Netherlands,3386.14,18,1941.67,Wholesale
2024-01-18,Yoga Mat,Fitness,Spain,968.15,28,400.33,Wholesale
2024-01-18,Denim Jacket,Apparel,Germany,2046.06,22,1029.78,Wholesale
2024-01-19,Yoga Mat,Fitness,Italy,1669.67,49,667.72,Online
2024-01-19,Trail Sneakers,Footwear,Netherlands,1938.52,28,967.61,Wholesale
2024-01-19,Cotton T-Shirt,Apparel,Italy,338.22,15,114.16,Wholesale
2024-01-19,Yoga Mat,Fitness,Spain,1370.38,37,504.31,Online
2024-01-19,Denim Jacket,Apparel,Italy,5864.25,60,2770.55,Wholesale
2024-01-19,Running Shoes Pro,Footwear,Netherlands,3824.43,50,2149.7,Online
2024-01-20,Yoga Mat,Fitness,Spain,1036.13,32,465.45,Online
2024-01-20,Trail Sneakers,Footwear,Italy,3761.29,51,1761.39,Wholesale
2024-01-20,Trail Sneakers,Footwear,Netherlands,4770.66,62,2130.86,In-Store
2024-01-20,Running Shoes Pro,Footwear,Portugal,2010.51,22,969.8,Online
2024-01-20,Adjustable Dumbbells,Fitness,France,5916.98,33,3661.69,Wholesale
2024-01-20,Smartwatch Lite,Electronics,Spain,1628.29,11,862.01,Wholesale
2024-01-20,Running Shoes Pro,Footwear,Netherlands,2803.97,36,1584.76,Online
2024-01-21,Adjustable Dumbbells,Fitness,Italy,2590.1,13,1494.48,Online
2024-01-21,Adjustable Dumbbells,Fitness,Italy,3996.45,19,2052.64,Wholesale
2024-01-21,Denim Jacket,Apparel,Italy,2516.16,31,1523.56,Wholesale
2024-01-21,Adjustable Dumbbells,Fitness,Spain,2156.93,11,1224.01,Online
2024-01-21,Smartwatch Lite,Electronics,Netherlands,2406.72,14,1051.24,In-Store
2024-01-21,Running Shoes Pro,Footwear,Germany,3861.41,41,1688.11,In-Store
2024-01-21,Trail Sneakers,Footwear,Italy,454.54,6,212.8,Wholesale
2024-01-21,Trail Sneakers,Footwear,Netherlands,2270.86,33,1131.2,In-Store
2024-01-22,Wireless Earbuds,Electronics,Portugal,566.34,5,311.88,Online
2024-01-22,Smartwatch Lite,Electronics,Portugal,5226.15,35,2667.56,In-Store
2024-01-22,Cotton T-Shirt,Apparel,Portugal,174.34,8,66.74,In-Store
2024-01-22,Adjustable Dumbbells,Fitness,Portugal,1729.72,8,856.02,Wholesale
2024-01-22,Adjustable Dumbbells,Fitness,Germany,4705.34,22,2312.14,In-Store
2024-01-23,Cotton T-Shirt,Apparel,Portugal,768.2,33,274.75,In-Store
2024-01-23,Adjustable Dumbbells,Fitness,Germany,1097.63,5,533.84,Wholesale
2024-01-23,Running Shoes Pro,Footwear,France,1452.39,19,797.3,In-Store
2024-01-23,Running Shoes Pro,Footwear,Spain,5296.77,59,2531.79,Wholesale
2024-01-23,Denim Jacket,Apparel,Spain,3505.54,34,1654.6,Online
2024-01-23,Denim Jacket,Apparel,France,1043.45,10,461.55,Wholesale
2024-01-23,Running Shoes Pro,Footwear,Netherlands,1137.47,15,638.31,In-Store
2024-01-23,Wireless Earbuds,Electronics,France,3132.92,26,1553.71,In-Store
2024-01-23,Trail Sneakers,Footwear,Spain,1267.25,16,562.63,In-Store
2024-01-23,Running Shoes Pro,Footwear,Portugal,1610.55,19,773.55,Wholesale
2024-01-23,Adjustable Dumbbells,Fitness,Germany,3683.56,20,2137.37,In-Store
2024-01-23,Wireless Earbuds,Electronics,France,2904.17,26,1588.91,Online
2024-01-23,Cotton T-Shirt,Apparel,Netherlands,755.19,33,266.8,Online
2024-01-24,Denim Jacket,Apparel,Netherlands,1012.04,12,555.24,In-Store
2024-01-24,Trail Sneakers,Footwear,Italy,1549.13,20,665.22,Online
2024-01-24,Smartwatch Lite,Electronics,Germany,2310.37,14,1051.48,In-Store
2024-01-24,Denim Jacket,Apparel,Portugal,1544.08,18,870.44,Online
2024-01-24,Cotton T-Shirt,Apparel,France,887.69,37,284.65,Wholesale
2024-01-24,Adjustable Dumbbells,Fitness,Spain,2836.21,15,1714.03,In-Store
2024-01-24,Denim Jacket,Apparel,Portugal,1067.22,13,615.13,Online
2024-01-24,Denim Jacket,Apparel,Netherlands,2716.52,27,1237.9,Online
2024-01-24,Wireless Earbuds,Electronics,Portugal,559.86,4,249.31,Online
2024-01-24,Wireless Earbuds,Electronics,Spain,1071.39,9,540.35,Online
2024-01-24,Yoga Mat,Fitness,Germany,4666.3,134,1848.14,Wholesale
2024-01-25,Denim Jacket,Apparel,Portugal,1951.7,20,984.58,Wholesale
2024-01-25,Running Shoes Pro,Footwear,Portugal,2897.39,37,1491.34,In-Store
2024-01-25,Yoga Mat,Fitness,Netherlands,792.94,26,360.24,In-Store
2024-01-25,Denim Jacket,Apparel,Netherlands,980.93,10,456.98,Online
2024-01-26,Smartwatch Lite,Electronics,France,2865.81,17,1219.56,Wholesale
2024-01-26,Wireless Earbuds,Electronics,Spain,8066.8,61,3624.86,In-Store
2024-01-26,Smartwatch Lite,Electronics,Netherlands,3818.24,22,1653.63,Wholesale
2024-01-26,Running Shoes Pro,Footwear,France,2206.7,24,964.28,In-Store
2024-01-26,Yoga Mat,Fitness,Netherlands,920.64,30,410.4,In-Store
2024-01-26,Trail Sneakers,Footwear,Germany,4107.1,64,2202.85,In-Store
2024-01-27,Adjustable Dumbbells,Fitness,France,7877.99,39,4440.12,Wholesale
2024-01-27,Running Shoes Pro,Footwear,Portugal,3679.97,38,1589.08,Wholesale
2024-01-27,Adjustable Dumbbells,Fitness,Italy,5005.57,25,2712.1,Online
2024-01-27,Running Shoes Pro,Footwear,Germany,542.87,6,262.55,Online
2024-01-27,Yoga Mat,Fitness,France,1523.5,46,652.99,In-Store
2024-01-27,Trail Sneakers,Footwear,Portugal,1012.95,14,498.95,Online
2024-01-28,Cotton T-Shirt,Apparel,Spain,577.35,25,209.23,Wholesale
2024-01-28,Yoga Mat,Fitness,Italy,1398.77,43,598.71,In-Store
2024-01-28,Adjustable Dumbbells,Fitness,Germany,3442.01,17,1907.52,In-Store
2024-01-28,Yoga Mat,Fitness,France,1020.35,32,461.05,Online
2024-01-28,Running Shoes Pro,Footwear,Germany,1671.7,20,879.14,In-Store
2024-01-28,Wireless Earbuds,Electronics,France,4538.68,36,2225.19,In-Store
2024-01-28,Smartwatch Lite,Electronics,Portugal,2291.31,14,1052.01,Wholesale
2024-01-28,Running Shoes Pro,Footwear,Netherlands,1250.08,13,535.94,Online
2024-01-28,Denim Jacket,Apparel,Netherlands,1214.48,14,681.07,Online
2024-01-29,Denim Jacket,Apparel,France,2588.81,32,1598.62,In-Store
2024-01-29,Smartwatch Lite,Electronics,Spain,2059.25,14,1020.71,In-Store
2024-01-29,Trail Sneakers,Footwear,Germany,939.34,14,494.53,Online
2024-01-29,Denim Jacket,Apparel,Netherlands,1363.99,15,698.71,Wholesale
2024-01-29,Trail Sneakers,Footwear,Spain,922.57,14,505.39,In-Store
2024-01-29,Cotton T-Shirt,Apparel,Netherlands,529.53,26,200.44,Online
2024-01-29,Trail Sneakers,Footwear,Germany,1882.09,26,955.1,In-Store
2024-01-30,Smartwatch Lite,Electronics,Germany,757.51,5,381.94,Online
2024-01-30,Adjustable Dumbbells,Fitness,Portugal,9248.81,41,4725.59,Online
2024-01-30,Cotton T-Shirt,Apparel,France,434.1,18,138.43,Wholesale
2024-01-30,Trail Sneakers,Footwear,Italy,469.77,6,205.62,Wholesale
2024-01-30,Denim Jacket,Apparel,Spain,3503.31,35,1608.28,In-Store
2024-01-31,Yoga Mat,Fitness,Italy,823.71,26,371.79,In-Store
2024-01-31,Wireless Earbuds,Electronics,Germany,1272.5,10,576.64,Online
2024-01-31,Wireless Earbuds,Electronics,Netherlands,3851.47,33,2037.85,Online
2024-01-31,Smartwatch Lite,Electronics,Netherlands,1751.32,12,935.9,Online
2024-01-31,Adjustable Dumbbells,Fitness,Netherlands,1067.04,5,561.22,In-Store
2024-01-31,Wireless Earbuds,Electronics,Italy,3401.71,28,1669.1,Online
2024-02-01,Wireless Earbuds,Electronics,France,1927.47,14,846.42,Online
2024-02-01,Running Shoes Pro,Footwear,Spain,2951.63,31,1363.01,Wholesale
2024-02-01,Yoga Mat,Fitness,Spain,1053.09,29,417.88,Wholesale
2024-02-01,Smartwatch Lite,Electronics,France,2458.05,18,1329.66,In-Store
2024-02-01,Trail Sneakers,Footwear,Germany,1312.46,20,675.17,In-Store
2024-02-01,Yoga Mat,Fitness,Germany,864.55,29,395.03,In-Store
2024-02-02,Denim Jacket,Apparel,Italy,3159.84,37,1849.51,In-Store
2024-02-02,Smartwatch Lite,Electronics,Germany,2268.38,14,1028.22,In-Store
2024-02-02,Smartwatch Lite,Electronics,Spain,2993.94,22,1714.18,In-Store
2024-02-02,Wireless Earbuds,Electronics,France,2258.12,19,1161.98,In-Store
2024-02-02,Cotton T-Shirt,Apparel,Italy,661.71,30,238.6,Wholesale
2024-02-02,Wireless Earbuds,Electronics,Spain,1618.39,14,843.41,Wholesale
2024-02-02,Running Shoes Pro,Footwear,Portugal,1327.53,17,705.5,Wholesale
2024-02-03,Yoga Mat,Fitness,Netherlands,435.88,13,177.01,In-Store
2024-02-03,Denim Jacket,Apparel,Germany,5042.43,52,2588.92,Wholesale
2024-02-03,Cotton T-Shirt,Apparel,Spain,348.71,18,150.14,In-Store
2024-02-03,Smartwatch Lite,Electronics,France,1555.21,10,777.78,Online
2024-02-04,Cotton T-Shirt,Apparel,Portugal,332.6,17,138.78,Online
2024-02-04,Denim Jacket,Apparel,Portugal,2723.18,28,1407.59,Online
2024-02-04,Yoga Mat,Fitness,Netherlands,958.96,27,363.43,In-Store
2024-02-04,Running Shoes Pro,Footwear,Portugal,2249.38,28,1216.73,Online
2024-02-04,Yoga Mat,Fitness,Spain,478.02,16,216.29,Online
2024-02-04,Wireless Earbuds,Electronics,France,3379.48,29,1709.7,Wholesale
2024-02-05,Cotton T-Shirt,Apparel,Spain,397.83,17,135.51,Wholesale
2024-02-05,Smartwatch Lite,Electronics,Netherlands,3734.2,26,2008.19,Online
2024-02-05,Trail Sneakers,Footwear,France,1674.72,21,761.67,In-Store
2024-02-05,Yoga Mat,Fitness,France,604.68,19,267.54,Wholesale
2024-02-05,Running Shoes Pro,Footwear,Italy,3149.18,41,1714.01,In-Store
2024-02-05,Smartwatch Lite,Electronics,Netherlands,1544.71,10,747.64,Online
2024-02-05,Adjustable Dumbbells,Fitness,Germany,8989.5,47,5159.62,Online
2024-02-05,Yoga Mat,Fitness,Portugal,632.86,19,255.79,Online
2024-02-05,Yoga Mat,Fitness,Spain,666.37,19,272.07,Wholesale
2024-02-06,Cotton T-Shirt,Apparel,Portugal,771.34,34,274.7,Online
2024-02-06,Smartwatch Lite,Electronics,France,4615.98,27,2024.53,In-Store
2024-02-06,Yoga Mat,Fitness,Italy,689.38,20,270.23,Wholesale
2024-02-06,Trail Sneakers,Footwear,Portugal,2692.39,34,1228.44,Online
2024-02-07,Cotton T-Shirt,Apparel,Netherlands,356.23,18,137.41,In-Store
2024-02-07,Cotton T-Shirt,Apparel,France,641.51,29,226.5,Online
2024-02-07,Wireless Earbuds,Electronics,Portugal,7565.13,54,3313.02,Online
2024-02-07,Smartwatch Lite,Electronics,France,1473.83,9,644.02,Online
2024-02-07,Adjustable Dumbbells,Fitness,Netherlands,7653.84,36,4078.47,Wholesale
2024-02-07,Adjustable Dumbbells,Fitness,Italy,4455.8,21,2379.91,In-Store
2024-02-07,Cotton T-Shirt,Apparel,Italy,702.61,30,238.19,Wholesale
2024-02-07,Adjustable Dumbbells,Fitness,Germany,2811.34,13,1389.66,In-Store
2024-02-07,Denim Jacket,Apparel,Italy,1465.24,17,851.55,In-Store
2024-02-08,Yoga Mat,Fitness,France,143.76,4,58.68,Online
2024-02-08,Trail Sneakers,Footwear,Spain,1118.98,15,543.09,Wholesale
2024-02-08,Adjustable Dumbbells,Fitness,Italy,5949.19,33,3696.43,Online
2024-02-08,Running Shoes Pro,Footwear,Germany,1295.11,14,612.0,In-Store
2024-02-08,Wireless Earbuds,Electronics,Portugal,5380.77,44,2630.55,In-Store
2024-02-08,Yoga Mat,Fitness,Netherlands,1922.95,57,804.5,Online
2024-02-08,Wireless Earbuds,Electronics,Germany,7932.29,56,3284.66,In-Store
2024-02-08,Cotton T-Shirt,Apparel,France,275.07,13,108.74,Online
2024-02-09,Trail Sneakers,Footwear,Netherlands,1676.7,24,880.88,Wholesale
2024-02-09,Denim Jacket,Apparel,Netherlands,799.27,9,428.45,In-Store
2024-02-09,Denim Jacket,Apparel,Portugal,514.44,5,241.54,In-Store
2024-02-09,Running Shoes Pro,Footwear,Italy,86.39,1,40.32,Wholesale
2024-02-09,Smartwatch Lite,Electronics,Netherlands,2463.53,18,1392.67,Online
2024-02-09,Smartwatch Lite,Electronics,Netherlands,3959.08,24,1772.37,In-Store
2024-02-09,Denim Jacket,Apparel,France,1451.01,17,780.18,Online
2024-02-09,Adjustable Dumbbells,Fitness,Italy,4279.98,21,2325.32,In-Store
2024-02-09,Adjustable Dumbbells,Fitness,Spain,6242.86,29,3308.88,Online
2024-02-09,Wireless Earbuds,Electronics,Portugal,864.54,7,439.6,Online
2024-02-10,Adjustable Dumbbells,Fitness,Spain,4580.75,21,2251.23,Online
2024-02-10,Wireless Earbuds,Electronics,Netherlands,496.44,4,248.7,Online
2024-02-10,Running Shoes Pro,Footwear,Netherlands,1236.27,15,634.97,Wholesale
2024-02-10,Trail Sneakers,Footwear,Italy,1280.26,18,653.59,Online
2024-02-10,Adjustable Dumbbells,Fitness,Spain,6743.35,31,3466.95,In-Store
2024-02-10,Cotton T-Shirt,Apparel,Netherlands,387.08,20,166.67,Online
2024-02-10,Smartwatch Lite,Electronics,Spain,1498.91,9,690.83,Online
2024-02-10,Trail Sneakers,Footwear,Netherlands,1949.36,24,867.99,Online
2024-02-10,Running Shoes Pro,Footwear,Portugal,1749.33,22,893.88,In-Store
2024-02-11,Trail Sneakers,Footwear,Germany,2703.96,34,1216.86,In-Store
2024-02-11,Wireless Earbuds,Electronics,Portugal,5397.29,41,2576.75,Online
2024-02-11,Trail Sneakers,Footwear,Italy,987.37,15,520.13,Wholesale
2024-02-11,Cotton T-Shirt,Apparel,Netherlands,498.52,22,181.31,Online
2024-02-11,Denim Jacket,Apparel,Spain,975.9,10,458.26,Online
2024-02-11,Running Shoes Pro,Footwear,Spain,2180.99,23,972.11,Wholesale
2024-02-11,Adjustable Dumbbells,Fitness,Germany,5715.8,27,2857.26,Online
2024-02-12,Trail Sneakers,Footwear,Italy,2338.78,30,1015.03,Wholesale
2024-02-12,Wireless Earbuds,Electronics,Portugal,5605.32,40,2314.03,Wholesale
2024-02-12,Trail Sneakers,Footwear,Spain,1121.39,16,574.76,In-Store
2024-02-12,Denim Jacket,Apparel,Netherlands,2793.35,30,1381.22,In-Store
2024-02-12,Wireless Earbuds,Electronics,Netherlands,6065.99,52,3140.07,In-Store
2024-02-12,Cotton T-Shirt,Apparel,Spain,629.89,32,251.79,Online
2024-02-12,Wireless Earbuds,Electronics,Germany,1326.42,10,597.14,Online
2024-02-12,Running Shoes Pro,Footwear,Spain,1142.76,13,560.78,Wholesale
2024-02-12,Smartwatch Lite,Electronics,Germany,9598.01,55,3965.4,Online
2024-02-12,Yoga Mat,Fitness,Italy,188.79,5,72.06,In-Store
2024-02-13,Wireless Earbuds,Electronics,Spain,1075.36,8,480.01,Wholesale
2024-02-13,Cotton T-Shirt,Apparel,Italy,376.27,17,131.45,Online
2024-02-13,Denim Jacket,Apparel,France,1164.76,14,648.26,In-Store
2024-02-13,Running Shoes Pro,Footwear,Portugal,1367.22,17,707.47,Online
2024-02-13,Cotton T-Shirt,Apparel,Portugal,866.24,38,303.82,Online
2024-02-14,Wireless Earbuds,Electronics,Italy,2733.6,23,1433.25,In-Store
2024-02-14,Cotton T-Shirt,Apparel,Netherlands,232.46,11,84.81,Online
2024-02-14,Adjustable Dumbbells,Fitness,Italy,2141.86,10,1108.23,Wholesale
2024-02-14,Denim Jacket,Apparel,Germany,2195.19,27,1308.35,Online
2024-02-14,Denim Jacket,Apparel,Italy,1721.59,17,801.62,Wholesale
2024-02-15,Cotton T-Shirt,Apparel,Spain,100.3,5,40.23,Online
2024-02-15,Running Shoes Pro,Footwear,France,4793.06,49,2028.69,Wholesale
2024-02-15,Wireless Earbuds,Electronics,Italy,846.49,7,431.08,Online
2024-02-15,Running Shoes Pro,Footwear,Netherlands,3426.29,38,1612.36,In-Store
2024-02-15,Adjustable Dumbbells,Fitness,Spain,4411.29,22,2455.59,Wholesale
2024-02-15,Trail Sneakers,Footwear,Portugal,1919.22,30,1090.0,Wholesale
2024-02-15,Wireless Earbuds,Electronics,France,3532.87,26,1484.67,Online
2024-02-15,Denim Jacket,Apparel,Italy,4130.3,49,2253.0,In-Store
2024-02-16,Running Shoes Pro,Footwear,Spain,3214.39,34,1424.0,Wholesale
2024-02-16,Cotton T-Shirt,Apparel,Italy,328.41,14,106.75,In-Store
2024-02-16,Running Shoes Pro,Footwear,Spain,1443.13,17,697.83,In-Store
2024-02-16,Wireless Earbuds,Electronics,Netherlands,4181.58,30,1773.7,Wholesale
2024-02-16,Wireless Earbuds,Electronics,Spain,2651.36,21,1268.52,Online
2024-02-16,Running Shoes Pro,Footwear,Portugal,2083.28,25,1051.53,Online
2024-02-16,Wireless Earbuds,Electronics,Spain,1911.87,14,876.98,Wholesale
2024-02-17,Cotton T-Shirt,Apparel,Italy,821.86,36,295.29,In-Store
2024-02-17,Yoga Mat,Fitness,Spain,561.03,18,262.89,Wholesale
2024-02-17,Adjustable Dumbbells,Fitness,France,6028.81,30,3227.34,Online
2024-02-17,Adjustable Dumbbells,Fitness,Portugal,2594.15,12,1346.87,Online
2024-02-17,Running Shoes Pro,Footwear,Portugal,2654.07,28,1120.44,Wholesale
2024-02-17,Wireless Earbuds,Electronics,Portugal,2486.07,19,1099.26,In-Store
2024-02-17,Smartwatch Lite,Electronics,France,1891.98,13,971.17,Online
2024-02-17,Yoga Mat,Fitness,Spain,695.68,19,269.82,Online
2024-02-17,Trail Sneakers,Footwear,Portugal,1708.97,23,828.7,In-Store
2024-02-18,Wireless Earbuds,Electronics,Italy,1178.92,9,552.44,Wholesale
2024-02-18,Denim Jacket,Apparel,Netherlands,1532.82,15,713.79,In-Store
2024-02-18,Denim Jacket,Apparel,France,1099.93,13,652.85,Online
2024-02-18,Wireless Earbuds,Electronics,Italy,1975.32,14,845.96,Wholesale
2024-02-18,Running Shoes Pro,Footwear,France,2427.78,26,1085.61,Wholesale
2024-02-18,Wireless Earbuds,Electronics,Netherlands,5995.51,45,2695.73,In-Store
2024-02-19,Smartwatch Lite,Electronics,Netherlands,2950.1,21,1619.41,Online
2024-02-19,Smartwatch Lite,Electronics,Portugal,1680.04,11,792.71,In-Store
2024-02-19,Yoga Mat,Fitness,France,554.22,17,226.5,Wholesale
2024-02-19,Yoga Mat,Fitness,Netherlands,1058.73,28,409.75,In-Store
2024-02-19,Cotton T-Shirt,Apparel,Italy,519.56,22,181.8,Online
2024-02-19,Running Shoes Pro,Footwear,Portugal,3047.49,37,1482.65,Wholesale
2024-02-19,Denim Jacket,Apparel,Spain,926.27,10,478.35,In-Store
2024-02-19,Trail Sneakers,Footwear,Netherlands,1209.91,15,544.54,In-Store
2024-02-19,Wireless Earbuds,Electronics,Spain,2422.33,18,1124.04,Wholesale
2024-02-19,Adjustable Dumbbells,Fitness,Spain,2255.09,12,1324.67,In-Store
2024-02-19,Trail Sneakers,Footwear,Germany,453.16,6,216.97,Online
2024-02-20,Trail Sneakers,Footwear,Germany,2065.67,31,1117.61,Wholesale
2024-02-20,Denim Jacket,Apparel,Italy,1560.12,16,785.02,Wholesale
2024-02-20,Adjustable Dumbbells,Fitness,Italy,4396.01,23,2602.31,In-Store
2024-02-21,Wireless Earbuds,Electronics,France,12979.06,92,5382.62,Wholesale
2024-02-21,Adjustable Dumbbells,Fitness,Germany,3166.17,15,1623.58,Wholesale
2024-02-21,Trail Sneakers,Footwear,France,2380.89,32,1118.32,In-Store
2024-02-21,Cotton T-Shirt,Apparel,Italy,359.06,17,141.56,Wholesale
2024-02-22,Cotton T-Shirt,Apparel,Portugal,175.56,8,62.23,Wholesale
2024-02-22,Running Shoes Pro,Footwear,Germany,4548.25,53,2217.11,In-Store
2024-02-22,Yoga Mat,Fitness,Netherlands,679.81,19,252.7,In-Store
2024-02-22,Smartwatch Lite,Electronics,Netherlands,1871.63,12,864.15,In-Store
2024-02-22,Trail Sneakers,Footwear,Portugal,1768.09,23,805.77,In-Store
2024-02-23,Adjustable Dumbbells,Fitness,Italy,4287.76,24,2727.97,In-Store
2024-02-23,Adjustable Dumbbells,Fitness,Netherlands,2296.89,11,1188.11,In-Store
2024-02-23,Trail Sneakers,Footwear,Germany,2296.87,31,1085.86,In-Store
2024-02-23,Running Shoes Pro,Footwear,Italy,606.12,7,286.4,Online
2024-02-23,Smartwatch Lite,Electronics,Portugal,7806.77,54,3996.37,Online
2024-02-23,Yoga Mat,Fitness,Germany,1496.73,43,614.03,Online
2024-02-23,Running Shoes Pro,Footwear,Portugal,2346.79,29,1207.83,Wholesale
2024-02-24,Trail Sneakers,Footwear,Germany,3206.0,41,1383.14,In-Store
2024-02-24,Cotton T-Shirt,Apparel,Spain,167.58,7,53.6,In-Store
2024-02-24,Smartwatch Lite,Electronics,Italy,2621.23,18,1347.15,Wholesale
2024-02-24,Denim Jacket,Apparel,Germany,3608.04,40,1969.9,In-Store
2024-02-24,Cotton T-Shirt,Apparel,Spain,838.97,44,351.44,Wholesale
2024-02-24,Adjustable Dumbbells,Fitness,Netherlands,4349.69,22,2322.66,Wholesale
2024-02-25,Running Shoes Pro,Footwear,Portugal,3297.64,38,1532.08,Online
2024-02-25,Trail Sneakers,Footwear,Portugal,1678.13,23,831.17,In-Store
2024-02-25,Wireless Earbuds,Electronics,Portugal,1324.11,12,700.62,In-Store
2024-02-25,Smartwatch Lite,Electronics,Spain,2597.74,17,1310.24,In-Store
2024-02-25,Adjustable Dumbbells,Fitness,France,3640.96,19,2193.95,In-Store
2024-02-26,Trail Sneakers,Footwear,Portugal,1043.84,15,525.04,Online
2024-02-26,Smartwatch Lite,Electronics,Netherlands,2221.56,16,1174.49,In-Store
2024-02-26,Yoga Mat,Fitness,Portugal,1900.07,62,906.85,Online
2024-02-26,Smartwatch Lite,Electronics,Germany,701.43,5,387.07,Wholesale
2024-02-26,Denim Jacket,Apparel,Germany,2082.31,24,1094.84,Online
2024-02-26,Smartwatch Lite,Electronics,Germany,712.9,5,384.68,Wholesale
2024-02-26,Yoga Mat,Fitness,Germany,485.83,13,173.12,Online
2024-02-26,Wireless Earbuds,Electronics,Germany,2023.46,17,1018.15,Wholesale
2024-02-26,Running Shoes Pro,Footwear,Netherlands,1214.43,14,587.63,Wholesale
2024-02-26,Running Shoes Pro,Footwear,Germany,1419.95,15,641.49,Online
2024-02-27,Yoga Mat,Fitness,Germany,739.76,21,296.5,Wholesale
2024-02-27,Wireless Earbuds,Electronics,France,8037.33,63,3855.28,Wholesale
2024-02-27,Adjustable Dumbbells,Fitness,France,10102.25,51,5426.73,Wholesale
2024-02-27,Adjustable Dumbbells,Fitness,Italy,8685.66,43,4806.04,Wholesale
2024-02-27,Wireless Earbuds,Electronics,Italy,2542.32,19,1173.06,Wholesale
2024-02-27,Adjustable Dumbbells,Fitness,Germany,6526.69,36,3810.01,Online
2024-02-27,Smartwatch Lite,Electronics,Spain,4622.94,32,2402.75,Online
2024-02-27,Wireless Earbuds,Electronics,Portugal,2112.64,19,1187.79,Wholesale
2024-02-27,Trail Sneakers,Footwear,Germany,2111.81,31,1115.23,Wholesale
2024-02-28,Trail Sneakers,Footwear,Italy,3685.88,54,1840.43,In-Store
2024-02-28,Adjustable Dumbbells,Fitness,Netherlands,2912.56,14,1467.09,Online
2024-02-28,Smartwatch Lite,Electronics,Italy,6112.87,37,2774.16,In-Store
2024-02-28,Denim Jacket,Apparel,Spain,332.91,4,196.12,Online
2024-02-28,Cotton T-Shirt,Apparel,France,906.55,45,376.03,Online
2024-02-28,Smartwatch Lite,Electronics,Netherlands,172.86,1,72.14,In-Store
2024-02-28,Wireless Earbuds,Electronics,Italy,1336.07,11,648.02,In-Store
2024-02-29,Denim Jacket,Apparel,Germany,683.22,8,396.02,Wholesale
2024-02-29,Running Shoes Pro,Footwear,Spain,2278.99,28,1134.19,Online
2024-02-29,Denim Jacket,Apparel,Spain,3392.25,33,1605.63,Wholesale
2024-02-29,Running Shoes Pro,Footwear,France,1559.9,18,734.48,In-Store
2024-02-29,Adjustable Dumbbells,Fitness,Germany,6864.73,30,3294.16,In-Store
2024-02-29,Adjustable Dumbbells,Fitness,Germany,9300.57,41,4554.99,In-Store
2024-02-29,Cotton T-Shirt,Apparel,Spain,304.47,16,125.24,Online
2024-03-01,Adjustable Dumbbells,Fitness,Netherlands,3212.06,15,1689.55,Wholesale
2024-03-01,Wireless Earbuds,Electronics,France,1712.85,14,845.95,In-Store
2024-03-01,Wireless Earbuds,Electronics,Germany,1522.37,11,651.09,Wholesale
2024-03-01,Cotton T-Shirt,Apparel,Germany,815.23,35,291.11,In-Store
2024-03-01,Yoga Mat,Fitness,Spain,595.12,19,272.24,In-Store
2024-03-01,Cotton T-Shirt,Apparel,Netherlands,161.81,8,66.03,In-Store
2024-03-01,Running Shoes Pro,Footwear,Netherlands,1892.11,20,825.47,In-Store
2024-03-01,Running Shoes Pro,Footwear,Portugal,3719.42,39,1689.62,Wholesale
2024-03-01,Adjustable Dumbbells,Fitness,Netherlands,6022.47,29,3093.6,Online
2024-03-02,Trail Sneakers,Footwear,Portugal,1034.29,15,519.71,In-Store
2024-03-02,Trail Sneakers,Footwear,Spain,636.7,10,349.79,In-Store
2024-03-02,Smartwatch Lite,Electronics,Netherlands,4711.79,31,2360.24,Online
2024-03-02,Adjustable Dumbbells,Fitness,Spain,4203.27,19,2090.07,Online
2024-03-02,Denim Jacket,Apparel,Spain,979.72,12,567.55,Wholesale
2024-03-02,Trail Sneakers,Footwear,Spain,2684.32,34,1207.85,Wholesale
2024-03-02,Adjustable Dumbbells,Fitness,Italy,4165.86,22,2402.67,In-Store
2024-03-02,Smartwatch Lite,Electronics,France,1764.2,13,936.68,Wholesale
2024-03-02,Running Shoes Pro,Footwear,Germany,308.72,4,168.63,In-Store
2024-03-02,Yoga Mat,Fitness,Portugal,565.82,16,230.5,In-Store
2024-03-02,Smartwatch Lite,Electronics,Netherlands,2715.33,19,1463.38,In-Store
2024-03-02,Smartwatch Lite,Electronics,Spain,4352.94,26,2019.59,In-Store
2024-03-02,Adjustable Dumbbells,Fitness,France,2726.28,15,1632.68,Online
2024-03-02,Trail Sneakers,Footwear,Portugal,1279.21,20,715.24,Wholesale
2024-03-03,Cotton T-Shirt,Apparel,Germany,1180.22,56,427.14,Wholesale
2024-03-03,Trail Sneakers,Footwear,Italy,1153.74,15,522.64,Wholesale
2024-03-03,Running Shoes Pro,Footwear,Germany,2811.71,29,1260.32,Wholesale
2024-03-03,Adjustable Dumbbells,Fitness,Spain,2117.69,11,1210.82,Online
2024-03-04,Adjustable Dumbbells,Fitness,Portugal,4049.98,18,1963.93,Online
2024-03-04,Yoga Mat,Fitness,Germany,621.6,18,252.44,Wholesale
2024-03-04,Wireless Earbuds,Electronics,Germany,2438.59,19,1179.45,Online
2024-03-04,Yoga Mat,Fitness,Italy,498.72,14,197.71,Online
2024-03-04,Trail Sneakers,Footwear,Portugal,1626.09,23,799.12,In-Store
2024-03-04,Denim Jacket,Apparel,Portugal,2296.31,25,1227.08,Online
2024-03-04,Smartwatch Lite,Electronics,Spain,3834.1,23,1664.76,Wholesale
2024-03-05,Adjustable Dumbbells,Fitness,Italy,1885.79,9,1037.48,Online
2024-03-05,Running Shoes Pro,Footwear,France,3816.08,39,1582.37,In-Store
2024-03-05,Adjustable Dumbbells,Fitness,Spain,2488.86,13,1490.49,In-Store
2024-03-05,Running Shoes Pro,Footwear,Spain,1949.61,20,802.92,Online
2024-03-05,Denim Jacket,Apparel,Netherlands,2833.49,29,1420.99,Online
2024-03-06,Adjustable Dumbbells,Fitness,Italy,9846.11,53,5949.22,In-Store
2024-03-06,Denim Jacket,Apparel,Spain,2207.77,22,1034.39,Wholesale
2024-03-06,Yoga Mat,Fitness,Portugal,683.25,21,295.59,Wholesale
2024-03-06,Denim Jacket,Apparel,Germany,1229.06,15,731.07,Wholesale
2024-03-07,Yoga Mat,Fitness,Portugal,335.66,10,139.02,Wholesale
2024-03-07,Running Shoes Pro,Footwear,Portugal,2416.92,31,1297.74,Online
2024-03-07,Yoga Mat,Fitness,Italy,565.82,19,273.28,Wholesale
2024-03-07,Trail Sneakers,Footwear,France,909.6,12,423.96,Wholesale
2024-03-07,Denim Jacket,Apparel,Portugal,1582.98,19,955.5,Online
2024-03-07,Adjustable Dumbbells,Fitness,Portugal,17390.78,90,9732.29,Online
2024-03-08,Cotton T-Shirt,Apparel,Italy,735.9,32,264.38,Wholesale
2024-03-08,Adjustable Dumbbells,Fitness,Netherlands,4550.94,22,2308.0,Wholesale
2024-03-08,Cotton T-Shirt,Apparel,France,98.3,5,38.66,In-Store
2024-03-08,Trail Sneakers,Footwear,Netherlands,1439.63,22,792.53,In-Store
2024-03-08,Trail Sneakers,Footwear,Germany,896.37,13,437.26,Online
2024-03-08,Trail Sneakers,Footwear,Portugal,328.37,5,168.62,Wholesale
2024-03-09,Denim Jacket,Apparel,France,820.02,8,388.51,Wholesale
2024-03-09,Denim Jacket,Apparel,Germany,1193.23,14,639.61,Wholesale
2024-03-09,Adjustable Dumbbells,Fitness,France,2638.24,14,1486.62,Wholesale
2024-03-09,Adjustable Dumbbells,Fitness,Netherlands,2372.01,12,1325.89,Online
2024-03-09,Trail Sneakers,Footwear,Spain,966.64,14,506.0,Online
2024-03-09,Cotton T-Shirt,Apparel,Portugal,470.79,25,197.45,Wholesale
2024-03-10,Cotton T-Shirt,Apparel,France,466.6,22,178.46,Online
2024-03-10,Wireless Earbuds,Electronics,Netherlands,5735.45,42,2636.86,Online
2024-03-10,Trail Sneakers,Footwear,Portugal,622.22,8,287.95,Online
2024-03-10,Wireless Earbuds,Electronics,Netherlands,1842.07,14,845.31,Wholesale
2024-03-10,Yoga Mat,Fitness,France,1322.73,36,528.6,Wholesale
2024-03-10,Yoga Mat,Fitness,Germany,1304.22,39,549.14,Online
2024-03-11,Smartwatch Lite,Electronics,Germany,1417.0,10,774.75,In-Store
2024-03-11,Cotton T-Shirt,Apparel,France,368.25,19,152.84,Wholesale
2024-03-11,Wireless Earbuds,Electronics,Germany,2078.06,16,955.81,Online
2024-03-11,Cotton T-Shirt,Apparel,France,321.52,15,119.7,In-Store
2024-03-11,Adjustable Dumbbells,Fitness,Italy,3928.68,21,2280.27,Wholesale
2024-03-11,Adjustable Dumbbells,Fitness,France,7178.05,33,3566.3,Online
2024-03-11,Trail Sneakers,Footwear,Spain,2116.08,32,1167.5,In-Store
2024-03-11,Yoga Mat,Fitness,Spain,217.91,6,80.86,Online
2024-03-11,Trail Sneakers,Footwear,Netherlands,749.07,11,380.25,In-Store
2024-03-11,Wireless Earbuds,Electronics,Germany,2424.59,21,1217.14,Wholesale
2024-03-12,Wireless Earbuds,Electronics,France,2712.72,20,1169.67,Wholesale
2024-03-12,Running Shoes Pro,Footwear,France,1786.44,22,936.25,In-Store
2024-03-12,Wireless Earbuds,Electronics,Germany,3520.15,25,1495.91,Wholesale
2024-03-12,Yoga Mat,Fitness,Portugal,2073.06,63,898.17,Wholesale
2024-03-12,Yoga Mat,Fitness,Spain,1340.15,36,509.64,Wholesale
2024-03-12,Trail Sneakers,Footwear,Italy,2684.58,38,1356.69,In-Store
2024-03-12,Trail Sneakers,Footwear,Spain,699.19,10,354.46,Online
2024-03-12,Denim Jacket,Apparel,Netherlands,743.96,8,394.74,Online
2024-03-12,Smartwatch Lite,Electronics,Germany,3117.25,18,1316.68,In-Store
2024-03-12,Yoga Mat,Fitness,Italy,1050.99,29,422.03,Wholesale
2024-03-12,Running Shoes Pro,Footwear,Netherlands,2527.24,28,1120.8,Online
2024-03-12,Trail Sneakers,Footwear,Spain,3367.73,48,1751.22,Wholesale
2024-03-12,Trail Sneakers,Footwear,Italy,2561.15,32,1169.13,Online
2024-03-12,Running Shoes Pro,Footwear,Netherlands,386.94,5,204.02,Online
2024-03-12,Trail Sneakers,Footwear,Spain,1387.41,21,738.76,In-Store
2024-03-13,Adjustable Dumbbells,Fitness,Germany,3311.29,16,1828.6,Wholesale
2024-03-13,Cotton T-Shirt,Apparel,Germany,731.11,31,255.9,Online
2024-03-13,Wireless Earbuds,Electronics,Portugal,1770.13,13,757.9,In-Store
2024-03-13,Cotton T-Shirt,Apparel,France,321.95,16,130.09,Wholesale
2024-03-13,Yoga Mat,Fitness,Spain,567.75,17,237.92,In-Store
2024-03-13,Cotton T-Shirt,Apparel,Germany,501.4,22,179.86,Wholesale
2024-03-13,Adjustable Dumbbells,Fitness,Italy,8978.62,41,4696.08,Online
2024-03-13,Cotton T-Shirt,Apparel,Spain,288.33,15,115.18,In-Store
2024-03-13,Trail Sneakers,Footwear,Italy,2290.76,30,1090.14,In-Store
2024-03-13,Adjustable Dumbbells,Fitness,Italy,9184.12,45,5181.32,Wholesale
2024-03-14,Adjustable Dumbbells,Fitness,Spain,3447.02,15,1629.75,Online
2024-03-14,Running Shoes Pro,Footwear,Portugal,1879.1,24,1044.97,Wholesale
2024-03-14,Yoga Mat,Fitness,France,1020.8,28,392.64,Wholesale
2024-03-14,Denim Jacket,Apparel,Portugal,2274.63,26,1185.79,Online
2024-03-14,Adjustable Dumbbells,Fitness,Portugal,11556.55,61,6993.52,Wholesale
2024-03-14,Smartwatch Lite,Electronics,Netherlands,2790.37,20,1514.64,Online
2024-03-14,Smartwatch Lite,Electronics,Portugal,1840.42,13,948.23,Wholesale
2024-03-14,Trail Sneakers,Footwear,Netherlands,1300.66,16,575.23,In-Store
2024-03-14,Denim Jacket,Apparel,France,1072.01,11,509.76,In-Store
2024-03-15,Yoga Mat,Fitness,Italy,1254.33,35,481.04,Wholesale
2024-03-15,Adjustable Dumbbells,Fitness,Italy,9820.06,45,4818.45,In-Store
2024-03-15,Yoga Mat,Fitness,Germany,462.59,15,209.79,In-Store
2024-03-15,Smartwatch Lite,Electronics,Italy,2514.35,16,1149.83,Wholesale
2024-03-15,Wireless Earbuds,Electronics,Spain,1006.32,8,494.51,Wholesale
2024-03-15,Smartwatch Lite,Electronics,Spain,5609.26,38,2971.37,Online
2024-03-15,Denim Jacket,Apparel,Italy,2878.92,29,1459.6,Wholesale
2024-03-15,Wireless Earbuds,Electronics,Netherlands,4729.26,40,2378.65,In-Store
2024-03-15,Denim Jacket,Apparel,Portugal,3036.34,32,1560.73,Wholesale
2024-03-15,Trail Sneakers,Footwear,France,839.24,13,448.18,Online
2024-03-16,Running Shoes Pro,Footwear,Portugal,2527.36,27,1090.17,Wholesale
2024-03-16,Adjustable Dumbbells,Fitness,Italy,8399.22,43,4949.61,Wholesale
2024-03-16,Trail Sneakers,Footwear,Spain,2969.27,44,1483.23,Wholesale
2024-03-16,Denim Jacket,Apparel,Spain,935.54,9,428.28,Wholesale
2024-03-16,Wireless Earbuds,Electronics,Italy,3593.84,27,1556.1,In-Store
2024-03-16,Adjustable Dumbbells,Fitness,Netherlands,3520.28,16,1710.22,Wholesale
2024-03-16,Adjustable Dumbbells,Fitness,Spain,2066.18,9,981.27,Online
2024-03-16,Cotton T-Shirt,Apparel,Germany,247.77,11,83.85,Online
2024-03-17,Running Shoes Pro,Footwear,Italy,1402.61,17,735.43,Online
2024-03-17,Adjustable Dumbbells,Fitness,Spain,11452.38,51,5861.51,Online
2024-03-17,Wireless Earbuds,Electronics,Spain,3417.85,26,1578.09,Wholesale
2024-03-17,Trail Sneakers,Footwear,Italy,608.19,8,269.24,Online
2024-03-17,Trail Sneakers,Footwear,Netherlands,1728.81,25,868.0,Online
2024-03-17,Trail Sneakers,Footwear,Spain,744.66,10,361.88,Online
2024-03-17,Running Shoes Pro,Footwear,France,1693.48,22,921.25,Wholesale
2024-03-17,Wireless Earbuds,Electronics,Portugal,2237.77,18,1070.7,Online
2024-03-17,Smartwatch Lite,Electronics,Netherlands,1194.22,7,549.31,Wholesale
2024-03-17,Trail Sneakers,Footwear,Portugal,1558.1,20,699.12,In-Store
2024-03-17,Smartwatch Lite,Electronics,France,3541.56,26,1889.22,Online
2024-03-18,Smartwatch Lite,Electronics,Germany,2966.56,18,1409.42,Online
2024-03-18,Cotton T-Shirt,Apparel,Spain,369.91,17,137.27,Online
2024-03-18,Running Shoes Pro,Footwear,Portugal,1082.74,13,531.62,In-Store
2024-03-18,Yoga Mat,Fitness,Portugal,541.24,15,220.13,In-Store
2024-03-18,Wireless Earbuds,Electronics,Germany,3710.46,31,1884.24,Online
2024-03-18,Smartwatch Lite,Electronics,France,4639.57,32,2384.52,In-Store
2024-03-18,Wireless Earbuds,Electronics,Italy,3974.39,34,2022.26,Wholesale
2024-03-19,Running Shoes Pro,Footwear,France,3265.39,40,1761.55,Wholesale
2024-03-19,Trail Sneakers,Footwear,France,1789.66,24,855.65,Wholesale
2024-03-19,Yoga Mat,Fitness,France,417.27,12,166.56,Online
2024-03-19,Trail Sneakers,Footwear,France,870.65,13,464.64,In-Store
2024-03-19,Denim Jacket,Apparel,Netherlands,1444.27,16,747.32,In-Store
2024-03-19,Running Shoes Pro,Footwear,Portugal,2223.16,29,1253.36,Wholesale
2024-03-19,Denim Jacket,Apparel,Germany,1114.55,13,601.71,Wholesale
2024-03-19,Cotton T-Shirt,Apparel,Netherlands,477.96,20,161.98,In-Store
2024-03-19,Cotton T-Shirt,Apparel,Netherlands,1001.84,48,379.95,Wholesale
2024-03-19,Wireless Earbuds,Electronics,Italy,6460.81,50,3128.15,In-Store
2024-03-19,Cotton T-Shirt,Apparel,Germany,1273.54,53,443.5,In-Store
2024-03-19,Yoga Mat,Fitness,France,881.27,27,363.32,Wholesale
2024-03-19,Yoga Mat,Fitness,Netherlands,833.69,23,308.92,Wholesale
2024-03-20,Running Shoes Pro,Footwear,Germany,1484.79,18,779.0,In-Store
2024-03-20,Smartwatch Lite,Electronics,France,983.54,6,465.48,In-Store
2024-03-20,Trail Sneakers,Footwear,Spain,1221.1,18,631.0,Wholesale
2024-03-20,Trail Sneakers,Footwear,Spain,1217.33,19,685.48,Wholesale
2024-03-20,Cotton T-Shirt,Apparel,Spain,186.26,9,73.5,Online
2024-03-20,Trail Sneakers,Footwear,Germany,1993.41,26,943.21,In-Store
2024-03-20,Yoga Mat,Fitness,France,597.86,20,282.74,In-Store
2024-03-20,Yoga Mat,Fitness,Italy,248.7,7,101.81,Online
2024-03-21,Trail Sneakers,Footwear,Spain,2427.92,35,1205.27,In-Store
2024-03-21,Denim Jacket,Apparel,Spain,1424.64,14,639.17,Wholesale
2024-03-21,Denim Jacket,Apparel,Portugal,1425.22,15,727.84,Online
2024-03-21,Wireless Earbuds,Electronics,Netherlands,1889.42,16,921.68,Wholesale
2024-03-21,Cotton T-Shirt,Apparel,France,588.76,31,237.58,Online
2024-03-22,Smartwatch Lite,Electronics,Italy,1575.85,11,835.15,Wholesale
2024-03-22,Denim Jacket,Apparel,Italy,2179.51,21,1008.79,Online
2024-03-22,Adjustable Dumbbells,Fitness,France,4293.54,21,2263.27,Online
2024-03-22,Cotton T-Shirt,Apparel,Spain,75.17,4,31.27,In-Store
2024-03-22,Wireless Earbuds,Electronics,Portugal,2263.83,19,1133.78,Online
2024-03-22,Trail Sneakers,Footwear,Italy,388.81,6,209.48,Wholesale
2024-03-22,Wireless Earbuds,Electronics,France,3728.02,28,1603.25,Online
2024-03-22,Cotton T-Shirt,Apparel,Portugal,402.8,17,138.88,In-Store
2024-03-22,Adjustable Dumbbells,Fitness,Netherlands,3703.61,19,2128.55,In-Store
2024-03-22,Adjustable Dumbbells,Fitness,Germany,3307.34,18,1902.27,Online
2024-03-22,Denim Jacket,Apparel,Germany,2737.8,27,1348.04,Online
2024-03-23,Smartwatch Lite,Electronics,Germany,5209.09,31,2292.3,Online
2024-03-23,Wireless Earbuds,Electronics,Spain,4172.16,32,1826.52,In-Store
2024-03-23,Denim Jacket,Apparel,Germany,1963.68,22,1074.63,Online
2024-03-23,Adjustable Dumbbells,Fitness,Spain,2736.23,15,1700.22,Wholesale
2024-03-23,Cotton T-Shirt,Apparel,Italy,691.38,31,240.91,In-Store
2024-03-23,Running Shoes Pro,Footwear,Italy,611.18,7,304.02,Online
2024-03-23,Denim Jacket,Apparel,Italy,2592.59,26,1185.82,Wholesale
2024-03-23,Cotton T-Shirt,Apparel,Germany,475.5,23,182.62,Wholesale
2024-03-23,Adjustable Dumbbells,Fitness,Italy,4850.73,22,2476.15,In-Store
2024-03-23,Cotton T-Shirt,Apparel,France,696.12,35,270.86,Online
2024-03-23,Yoga Mat,Fitness,Netherlands,326.57,10,137.9,Online
2024-03-24,Trail Sneakers,Footwear,Italy,1577.26,24,812.44,Wholesale
2024-03-24,Trail Sneakers,Footwear,Portugal,1882.74,24,842.0,Wholesale
2024-03-24,Running Shoes Pro,Footwear,France,1301.64,14,605.15,In-Store
2024-03-24,Trail Sneakers,Footwear,Germany,2539.98,33,1206.81,In-Store
2024-03-24,Yoga Mat,Fitness,Spain,1009.56,27,390.74,Wholesale
2024-03-24,Denim Jacket,Apparel,Germany,1650.55,18,827.81,Wholesale
2024-03-24,Denim Jacket,Apparel,Germany,2369.0,29,1337.47,Online
2024-03-25,Trail Sneakers,Footwear,Netherlands,1079.7,14,468.39,Online
2024-03-25,Wireless Earbuds,Electronics,Germany,1725.36,15,858.95,Online
2024-03-25,Denim Jacket,Apparel,Netherlands,3169.52,38,1766.82,In-Store
2024-03-25,Yoga Mat,Fitness,Netherlands,2232.9,65,938.07,In-Store
2024-03-25,Trail Sneakers,Footwear,France,1300.54,16,532.5,Wholesale
2024-03-25,Cotton T-Shirt,Apparel,Italy,350.42,16,128.01,In-Store
2024-03-25,Trail Sneakers,Footwear,France,1659.29,24,872.11,In-Store
2024-03-25,Cotton T-Shirt,Apparel,Portugal,375.93,20,161.02,Online
2024-03-25,Cotton T-Shirt,Apparel,Portugal,310.89,15,120.59,Wholesale
2024-03-25,Smartwatch Lite,Electronics,Italy,3275.78,20,1567.92,In-Store
2024-03-25,Adjustable Dumbbells,Fitness,Netherlands,3979.32,19,2041.3,Wholesale
2024-03-25,Yoga Mat,Fitness,Spain,254.65,8,114.11,Online
2024-03-25,Trail Sneakers,Footwear,Italy,1101.96,17,592.81,Wholesale
2024-03-25,Yoga Mat,Fitness,Netherlands,1012.18,27,375.88,In-Store
2024-03-25,Smartwatch Lite,Electronics,France,5030.75,30,2348.9,Online
2024-03-25,Cotton T-Shirt,Apparel,Netherlands,212.13,10,77.32,Wholesale
2024-03-25,Wireless Earbuds,Electronics,Netherlands,2566.45,19,1096.02,Online
2024-03-26,Wireless Earbuds,Electronics,France,4987.12,40,2405.43,Online
2024-03-26,Wireless Earbuds,Electronics,Spain,7922.34,63,3641.55,In-Store
2024-03-26,Trail Sneakers,Footwear,Portugal,1539.53,20,691.99,Online
2024-03-26,Yoga Mat,Fitness,Italy,721.59,21,285.87,In-Store
2024-03-26,Denim Jacket,Apparel,Netherlands,1033.92,12,574.42,In-Store
2024-03-26,Adjustable Dumbbells,Fitness,Spain,4594.92,24,2634.29,Wholesale
2024-03-26,Smartwatch Lite,Electronics,Netherlands,4715.72,31,2374.08,In-Store
2024-03-27,Running Shoes Pro,Footwear,France,1338.89,17,715.78,In-Store
2024-03-27,Smartwatch Lite,Electronics,France,2432.37,14,1045.65,Online
2024-03-27,Wireless Earbuds,Electronics,France,2733.72,22,1348.94,Online
2024-03-27,Yoga Mat,Fitness,Italy,1282.79,42,571.88,Wholesale
2024-03-27,Denim Jacket,Apparel,France,3963.1,47,2196.09,Online
2024-03-27,Smartwatch Lite,Electronics,Italy,6939.22,50,3595.27,In-Store
2024-03-27,Adjustable Dumbbells,Fitness,France,2645.68,14,1563.86,Online
2024-03-27,Wireless Earbuds,Electronics,Spain,2570.34,22,1288.42,Online
2024-03-27,Cotton T-Shirt,Apparel,Italy,112.34,5,39.52,In-Store
2024-03-28,Wireless Earbuds,Electronics,Spain,1493.51,13,745.36,Online
2024-03-28,Cotton T-Shirt,Apparel,Spain,228.72,12,100.29,In-Store
2024-03-28,Yoga Mat,Fitness,Spain,784.23,23,306.5,In-Store
2024-03-28,Trail Sneakers,Footwear,Spain,3611.71,48,1692.53,Wholesale
2024-03-28,Wireless Earbuds,Electronics,Portugal,3369.93,26,1569.36,In-Store
2024-03-28,Running Shoes Pro,Footwear,Netherlands,1411.07,18,750.65,Online
2024-03-29,Running Shoes Pro,Footwear,Portugal,712.36,8,343.98,Wholesale
2024-03-29,Denim Jacket,Apparel,France,1494.02,15,729.77,Online
2024-03-29,Smartwatch Lite,Electronics,Germany,1728.87,10,736.08,In-Store
2024-03-29,Yoga Mat,Fitness,Netherlands,948.56,31,413.14,In-Store
2024-03-29,Cotton T-Shirt,Apparel,Italy,519.48,24,201.51,Wholesale
2024-03-29,Smartwatch Lite,Electronics,Germany,5809.96,42,3272.28,Online
2024-03-29,Cotton T-Shirt,Apparel,Spain,485.05,23,191.76,Online
2024-03-29,Adjustable Dumbbells,Fitness,Netherlands,9304.38,45,5154.93,Wholesale
2024-03-30,Wireless Earbuds,Electronics,Germany,1351.24,11,658.27,In-Store
2024-03-30,Wireless Earbuds,Electronics,Italy,2342.57,17,1028.38,In-Store
2024-03-30,Cotton T-Shirt,Apparel,Spain,152.2,7,58.18,In-Store
2024-03-30,Denim Jacket,Apparel,Italy,985.24,10,469.62,Online
2024-03-30,Denim Jacket,Apparel,Germany,1444.73,14,674.78,In-Store
2024-03-30,Trail Sneakers,Footwear,Germany,1276.48,17,598.55,Wholesale
2024-03-30,Wireless Earbuds,Electronics,France,4461.05,34,2052.37,Online
2024-03-30,Adjustable Dumbbells,Fitness,Netherlands,5849.94,28,3011.26,Wholesale
2024-03-30,Yoga Mat,Fitness,Netherlands,2988.22,81,1182.76,Wholesale
2024-03-30,Denim Jacket,Apparel,France,1337.9,16,760.69,In-Store
2024-03-30,Denim Jacket,Apparel,Italy,3501.12,43,1972.65,Wholesale
2024-03-31,Trail Sneakers,Footwear,Netherlands,679.75,9,301.58,Online
2024-03-31,Smartwatch Lite,Electronics,Spain,4140.77,30,2278.11,Wholesale
2024-03-31,Smartwatch Lite,Electronics,Portugal,1853.89,13,986.58,Wholesale
2024-03-31,Trail Sneakers,Footwear,Italy,1296.78,20,702.03,Online
2024-03-31,Wireless Earbuds,Electronics,Spain,3180.56,28,1686.21,Wholesale
2024-03-31,Denim Jacket,Apparel,France,6847.91,68,3127.64,Wholesale
2024-03-31,Running Shoes Pro,Footwear,France,2341.48,25,1077.13,In-Store
2024-03-31,Running Shoes Pro,Footwear,Netherlands,1868.35,23,1007.8,Online
2024-04-01,Yoga Mat,Fitness,Netherlands,353.54,11,154.42,In-Store
2024-04-01,Denim Jacket,Apparel,Germany,1023.9,11,552.01,Online
2024-04-01,Trail Sneakers,Footwear,Netherlands,1472.91,19,655.03,In-Store
2024-04-01,Trail Sneakers,Footwear,Netherlands,2299.19,30,1068.31,Wholesale
2024-04-01,Smartwatch Lite,Electronics,Germany,1318.31,8,613.74,Wholesale
2024-04-01,Running Shoes Pro,Footwear,Portugal,1760.3,19,760.01,Wholesale
2024-04-01,Cotton T-Shirt,Apparel,Netherlands,428.18,19,148.16,Wholesale
2024-04-01,Wireless Earbuds,Electronics,Germany,3336.47,29,1725.01,Online
2024-04-01,Cotton T-Shirt,Apparel,Portugal,836.86,36,290.79,In-Store
2024-04-02,Yoga Mat,Fitness,Portugal,65.19,2,28.73,Online
2024-04-02,Yoga Mat,Fitness,Netherlands,969.81,27,368.58,Wholesale
2024-04-02,Smartwatch Lite,Electronics,France,5578.42,32,2418.4,In-Store
2024-04-02,Running Shoes Pro,Footwear,France,5592.0,60,2628.26,Wholesale
2024-04-02,Yoga Mat,Fitness,Germany,729.38,24,339.06,In-Store
2024-04-02,Smartwatch Lite,Electronics,Italy,1105.39,8,586.52,Wholesale
2024-04-02,Denim Jacket,Apparel,Germany,4061.28,45,2221.77,Wholesale
2024-04-02,Smartwatch Lite,Electronics,Italy,1285.0,9,643.48,In-Store
2024-04-03,Running Shoes Pro,Footwear,Germany,1772.54,21,871.33,Wholesale
2024-04-03,Denim Jacket,Apparel,France,1679.46,17,794.02,Online
2024-04-03,Yoga Mat,Fitness,France,428.74,12,166.92,In-Store
2024-04-03,Wireless Earbuds,Electronics,Netherlands,1560.27,11,659.5,In-Store
2024-04-04,Adjustable Dumbbells,Fitness,Spain,5617.24,28,3076.52,Wholesale
2024-04-04,Running Shoes Pro,Footwear,Spain,834.99,10,429.26,In-Store
2024-04-04,Adjustable Dumbbells,Fitness,Italy,2011.14,11,1186.03,In-Store
2024-04-04,Denim Jacket,Apparel,France,1935.37,23,1074.31,Online
2024-04-04,Smartwatch Lite,Electronics,Germany,4042.43,27,2026.65,In-Store
2024-04-04,Adjustable Dumbbells,Fitness,Germany,2211.14,11,1166.02,Online
2024-04-05,Running Shoes Pro,Footwear,Netherlands,2066.25,23,934.94,Wholesale
2024-04-05,Denim Jacket,Apparel,France,5480.8,62,3003.38,In-Store
2024-04-06,Smartwatch Lite,Electronics,Germany,4469.34,32,2352.3,Wholesale
2024-04-06,Denim Jacket,Apparel,Germany,3464.01,38,1888.74,Online
2024-04-06,Running Shoes Pro,Footwear,Italy,1988.0,25,1012.98,In-Store
2024-04-06,Trail Sneakers,Footwear,Portugal,1363.84,17,569.19,In-Store
2024-04-06,Adjustable Dumbbells,Fitness,Spain,6849.77,32,3663.33,Wholesale
2024-04-06,Wireless Earbuds,Electronics,Germany,1448.72,11,639.9,Wholesale
2024-04-07,Yoga Mat,Fitness,Portugal,1467.84,43,629.08,Wholesale
2024-04-07,Cotton T-Shirt,Apparel,Germany,566.45,25,192.28,Online
2024-04-07,Cotton T-Shirt,Apparel,Spain,526.49,26,206.45,Wholesale
2024-04-07,Denim Jacket,Apparel,Portugal,1129.61,11,546.13,In-Store
2024-04-07,Running Shoes Pro,Footwear,Netherlands,447.93,5,200.04,Wholesale
2024-04-07,Adjustable Dumbbells,Fitness,Germany,1986.95,9,943.34,Online
2024-04-07,Yoga Mat,Fitness,Portugal,283.38,8,110.8,Wholesale
2024-04-07,Wireless Earbuds,Electronics,France,1422.99,12,696.75,Online
2024-04-07,Yoga Mat,Fitness,Portugal,420.99,13,184.23,In-Store
2024-04-08,Smartwatch Lite,Electronics,Netherlands,2612.53,19,1470.03,Online
2024-04-08,Adjustable Dumbbells,Fitness,Spain,4731.26,22,2364.86,In-Store
2024-04-08,Adjustable Dumbbells,Fitness,Germany,5577.3,27,3116.58,In-Store
2024-04-08,Wireless Earbuds,Electronics,Netherlands,3579.74,29,1767.14,Online
2024-04-08,Running Shoes Pro,Footwear,France,2791.17,36,1567.7,Online
2024-04-08,Smartwatch Lite,Electronics,Netherlands,5122.51,35,2571.71,Wholesale
2024-04-08,Cotton T-Shirt,Apparel,Portugal,688.04,32,250.52,Wholesale
2024-04-08,Denim Jacket,Apparel,Portugal,2532.01,26,1243.96,In-Store
2024-04-08,Denim Jacket,Apparel,Netherlands,1136.67,12,565.46,In-Store
2024-04-08,Adjustable Dumbbells,Fitness,Netherlands,3705.63,17,1877.64,In-Store
2024-04-08,Denim Jacket,Apparel,Netherlands,1748.71,20,977.1,In-Store
2024-04-09,Smartwatch Lite,Electronics,Spain,2286.25,16,1167.93,Online
2024-04-09,Wireless Earbuds,Electronics,Netherlands,1737.09,14,860.96,In-Store
2024-04-09,Running Shoes Pro,Footwear,Germany,3074.34,35,1441.98,Online
2024-04-09,Smartwatch Lite,Electronics,Germany,717.17,5,356.31,Online
2024-04-09,Cotton T-Shirt,Apparel,Portugal,491.23,21,160.08,In-Store
2024-04-09,Denim Jacket,Apparel,Netherlands,2402.98,23,1088.46,Wholesale
2024-04-09,Smartwatch Lite,Electronics,France,1452.23,10,773.59,In-Store
2024-04-09,Wireless Earbuds,Electronics,Spain,4067.08,29,1703.97,Online
2024-04-09,Adjustable Dumbbells,Fitness,Italy,4498.07,24,2583.17,Wholesale
2024-04-10,Trail Sneakers,Footwear,Germany,1543.3,19,679.82,Wholesale
2024-04-10,Wireless Earbuds,Electronics,France,1623.98,12,709.15,In-Store
2024-04-10,Denim Jacket,Apparel,Spain,2627.15,29,1421.68,Online
2024-04-10,Running Shoes Pro,Footwear,Spain,2051.98,22,925.01,In-Store
2024-04-10,Wireless Earbuds,Electronics,Spain,6863.7,55,3326.36,In-Store
2024-04-10,Adjustable Dumbbells,Fitness,Spain,4656.73,23,2422.98,In-Store
2024-04-10,Running Shoes Pro,Footwear,France,4067.61,43,1719.47,In-Store
2024-04-10,Smartwatch Lite,Electronics,Italy,4339.15,32,2315.5,In-Store
2024-04-10,Trail Sneakers,Footwear,Netherlands,497.11,7,254.81,Online
2024-04-11,Cotton T-Shirt,Apparel,France,479.65,23,177.98,Online
2024-04-11,Denim Jacket,Apparel,France,2465.32,29,1332.66,Online
2024-04-11,Denim Jacket,Apparel,Spain,2736.44,30,1491.85,In-Store
2024-04-11,Trail Sneakers,Footwear,Portugal,1398.12,18,612.7,Online
2024-04-11,Trail Sneakers,Footwear,Netherlands,1675.12,22,799.75,Online
2024-04-11,Trail Sneakers,Footwear,France,1623.97,24,871.34,Wholesale
2024-04-12,Running Shoes Pro,Footwear,Netherlands,999.79,11,477.16,Online
2024-04-12,Yoga Mat,Fitness,Netherlands,715.4,19,264.36,In-Store
2024-04-12,Trail Sneakers,Footwear,Netherlands,1390.83,20,695.28,In-Store
2024-04-12,Yoga Mat,Fitness,Germany,505.25,14,197.32,Online
2024-04-12,Denim Jacket,Apparel,France,2124.02,24,1200.2,In-Store
2024-04-12,Adjustable Dumbbells,Fitness,Portugal,1125.85,5,531.34,Wholesale
2024-04-12,Denim Jacket,Apparel,Spain,1817.03,19,950.43,In-Store
2024-04-13,Wireless Earbuds,Electronics,Germany,1545.41,14,863.94,Wholesale
2024-04-13,Cotton T-Shirt,Apparel,Portugal,284.77,15,122.17,In-Store
2024-04-13,Denim Jacket,Apparel,Italy,615.17,7,325.3,Online
2024-04-13,Cotton T-Shirt,Apparel,France,461.33,23,192.41,Wholesale
2024-04-14,Trail Sneakers,Footwear,Netherlands,1727.23,25,864.22,Online
2024-04-14,Smartwatch Lite,Electronics,Netherlands,4876.73,35,2526.79,Online
2024-04-14,Adjustable Dumbbells,Fitness,Spain,3853.36,19,2063.46,In-Store
2024-04-14,Wireless Earbuds,Electronics,Netherlands,2898.37,26,1545.78,Wholesale
2024-04-14,Wireless Earbuds,Electronics,Spain,8559.71,72,4379.44,In-Store
2024-04-15,Running Shoes Pro,Footwear,Italy,2273.33,24,1029.04,Wholesale
2024-04-15,Yoga Mat,Fitness,Germany,968.87,28,374.9,Wholesale
2024-04-15,Cotton T-Shirt,Apparel,Netherlands,1012.42,50,410.67,In-Store
2024-04-15,Smartwatch Lite,Electronics,Spain,2343.4,17,1245.78,Wholesale
2024-04-15,Wireless Earbuds,Electronics,Portugal,2131.32,17,1001.78,Online
2024-04-15,Adjustable Dumbbells,Fitness,France,3163.31,15,1701.64,Wholesale
2024-04-15,Running Shoes Pro,Footwear,France,1515.7,20,804.3,In-Store
2024-04-15,Cotton T-Shirt,Apparel,Portugal,469.24,20,160.09,Wholesale
2024-04-16,Running Shoes Pro,Footwear,France,722.77,9,383.02,Online
2024-04-16,Running Shoes Pro,Footwear,France,2584.32,33,1364.35,Online
2024-04-16,Adjustable Dumbbells,Fitness,Spain,7535.25,42,4599.04,Wholesale
2024-04-16,Denim Jacket,Apparel,Netherlands,1894.62,19,951.9,Wholesale
2024-04-16,Adjustable Dumbbells,Fitness,Spain,1515.83,8,837.02,Online
2024-04-16,Wireless Earbuds,Electronics,Netherlands,2485.09,18,1095.38,Wholesale
2024-04-16,Wireless Earbuds,Electronics,Germany,4776.4,38,2206.12,Wholesale
2024-04-17,Yoga Mat,Fitness,Portugal,576.79,19,279.13,Online
2024-04-17,Smartwatch Lite,Electronics,Italy,1555.92,10,787.18,Online
2024-04-17,Denim Jacket,Apparel,Netherlands,732.99,9,441.72,Online
2024-04-17,Cotton T-Shirt,Apparel,France,206.22,9,70.27,Wholesale
2024-04-17,Trail Sneakers,Footwear,Netherlands,888.22,12,414.01,Wholesale
2024-04-17,Denim Jacket,Apparel,Italy,1592.68,19,867.38,In-Store
2024-04-18,Running Shoes Pro,Footwear,Spain,1644.6,18,766.57,Online
2024-04-18,Wireless Earbuds,Electronics,France,3475.66,25,1441.8,In-Store
2024-04-18,Wireless Earbuds,Electronics,Italy,1720.98,14,835.75,In-Store
2024-04-19,Denim Jacket,Apparel,Portugal,1093.8,12,567.37,In-Store
2024-04-19,Adjustable Dumbbells,Fitness,Italy,5436.96,24,2758.55,In-Store
2024-04-19,Adjustable Dumbbells,Fitness,Netherlands,2530.7,14,1548.72,Wholesale
2024-04-19,Cotton T-Shirt,Apparel,Germany,543.98,26,207.46,Wholesale
2024-04-19,Smartwatch Lite,Electronics,Spain,4967.81,29,2133.57,In-Store
2024-04-19,Adjustable Dumbbells,Fitness,Germany,5829.23,30,3151.7,In-Store
2024-04-19,Smartwatch Lite,Electronics,France,4573.89,29,2219.46,Wholesale
2024-04-19,Cotton T-Shirt,Apparel,Netherlands,578.14,29,238.31,Online
2024-04-19,Trail Sneakers,Footwear,Spain,2139.19,29,966.88,Online
2024-04-20,Wireless Earbuds,Electronics,Netherlands,2578.9,22,1299.32,Wholesale
2024-04-20,Yoga Mat,Fitness,Germany,785.1,26,370.07,In-Store
2024-04-20,Cotton T-Shirt,Apparel,France,259.23,12,93.19,In-Store
2024-04-20,Cotton T-Shirt,Apparel,France,448.02,23,177.61,Online
2024-04-20,Adjustable Dumbbells,Fitness,France,768.63,4,455.54,Wholesale
2024-04-20,Smartwatch Lite,Electronics,Portugal,5158.23,34,2515.25,Wholesale
2024-04-20,Trail Sneakers,Footwear,Netherlands,4704.89,74,2537.62,Wholesale
2024-04-21,Yoga Mat,Fitness,Spain,328.24,10,144.8,In-Store
2024-04-21,Adjustable Dumbbells,Fitness,France,8668.45,39,4386.33,Online
2024-04-21,Cotton T-Shirt,Apparel,Netherlands,1470.16,73,601.83,Online
2024-04-21,Yoga Mat,Fitness,Spain,794.12,24,343.03,In-Store
2024-04-21,Trail Sneakers,Footwear,Italy,944.02,14,493.43,Online
2024-04-21,Smartwatch Lite,Electronics,Germany,2518.58,15,1166.2,Online
2024-04-21,Cotton T-Shirt,Apparel,Germany,139.29,7,53.8,Wholesale
2024-04-21,Cotton T-Shirt,Apparel,Spain,507.27,24,195.24,In-Store
2024-04-22,Denim Jacket,Apparel,Portugal,2804.01,34,1704.59,Wholesale
2024-04-22,Wireless Earbuds,Electronics,Spain,2515.61,19,1109.93,In-Store
2024-04-22,Smartwatch Lite,Electronics,Germany,5420.34,33,2414.06,Wholesale
2024-04-22,Smartwatch Lite,Electronics,Portugal,4429.14,30,2231.64,In-Store
2024-04-22,Yoga Mat,Fitness,Spain,554.12,15,209.57,In-Store
2024-04-22,Denim Jacket,Apparel,Italy,917.39,10,458.91,Wholesale
2024-04-22,Cotton T-Shirt,Apparel,Italy,947.37,40,334.49,In-Store
2024-04-22,Yoga Mat,Fitness,Netherlands,335.79,11,152.57,Online
2024-04-22,Trail Sneakers,Footwear,Spain,845.85,11,371.79,In-Store
2024-04-22,Smartwatch Lite,Electronics,Italy,1881.42,11,851.96,Wholesale
2024-04-23,Running Shoes Pro,Footwear,Germany,704.0,8,324.07,In-Store
2024-04-23,Smartwatch Lite,Electronics,Germany,1496.2,9,643.41,Wholesale
2024-04-23,Denim Jacket,Apparel,Spain,2168.9,22,1090.51,Wholesale
2024-04-23,Smartwatch Lite,Electronics,Germany,5484.56,39,3067.35,In-Store
2024-04-23,Running Shoes Pro,Footwear,Portugal,3411.29,39,1692.61,Online
2024-04-23,Adjustable Dumbbells,Fitness,Netherlands,3247.05,16,1785.26,In-Store
2024-04-23,Denim Jacket,Apparel,Spain,1105.85,13,608.19,Wholesale
2024-04-23,Denim Jacket,Apparel,Italy,2243.19,25,1231.09,In-Store
2024-04-24,Wireless Earbuds,Electronics,Netherlands,4209.19,36,2095.65,Wholesale
2024-04-24,Running Shoes Pro,Footwear,Italy,1524.82,20,826.0,In-Store
2024-04-24,Running Shoes Pro,Footwear,Netherlands,2756.54,35,1449.11,Wholesale
2024-04-24,Trail Sneakers,Footwear,Portugal,1772.19,25,911.32,In-Store
2024-04-24,Smartwatch Lite,Electronics,France,3937.13,27,2002.63,Wholesale
2024-04-24,Trail Sneakers,Footwear,Portugal,1730.55,26,935.31,In-Store
2024-04-24,Denim Jacket,Apparel,Netherlands,840.24,10,473.11,Wholesale
2024-04-24,Smartwatch Lite,Electronics,Netherlands,4371.69,31,2398.5,Wholesale
2024-04-24,Smartwatch Lite,Electronics,Portugal,2101.02,14,1046.99,Online
2024-04-24,Cotton T-Shirt,Apparel,Germany,582.37,28,221.54,In-Store
2024-04-24,Wireless Earbuds,Electronics,Italy,4942.72,38,2287.87,In-Store
2024-04-24,Adjustable Dumbbells,Fitness,Portugal,2122.97,11,1225.52,Online
2024-04-24,Smartwatch Lite,Electronics,Netherlands,2182.94,14,1078.62,Wholesale
2024-04-24,Trail Sneakers,Footwear,Italy,1911.28,29,1014.69,Wholesale
2024-04-24,Running Shoes Pro,Footwear,Spain,1160.51,14,577.97,Online
2024-04-24,Yoga Mat,Fitness,Germany,291.77,9,124.22,In-Store
2024-04-25,Cotton T-Shirt,Apparel,Italy,153.38,8,61.81,In-Store
2024-04-25,Yoga Mat,Fitness,Germany,609.77,18,246.13,In-Store
2024-04-25,Cotton T-Shirt,Apparel,Netherlands,505.13,24,194.25,In-Store
2024-04-25,Trail Sneakers,Footwear,Germany,1055.32,13,458.96,Wholesale
2024-04-25,Smartwatch Lite,Electronics,Portugal,7270.45,44,3441.67,Wholesale
2024-04-26,Running Shoes Pro,Footwear,Germany,852.08,9,371.6,Online
2024-04-26,Smartwatch Lite,Electronics,Spain,2026.87,13,980.62,Online
2024-04-26,Adjustable Dumbbells,Fitness,France,3659.3,18,2036.18,In-Store
2024-04-26,Adjustable Dumbbells,Fitness,France,2343.14,11,1238.83,Wholesale
2024-04-26,Adjustable Dumbbells,Fitness,France,5305.91,25,2646.84,In-Store
2024-04-26,Cotton T-Shirt,Apparel,Netherlands,969.5,45,362.31,Wholesale
2024-04-26,Wireless Earbuds,Electronics,Portugal,1500.95,11,661.25,Wholesale
2024-04-26,Cotton T-Shirt,Apparel,Germany,109.4,5,39.27,Wholesale
2024-04-26,Denim Jacket,Apparel,Spain,1517.49,18,853.93,In-Store
2024-04-26,Yoga Mat,Fitness,France,573.47,16,233.04,In-Store
2024-04-27,Adjustable Dumbbells,Fitness,France,1882.47,9,944.95,In-Store
2024-04-27,Wireless Earbuds,Electronics,Netherlands,5935.17,43,2611.62,In-Store
2024-04-27,Yoga Mat,Fitness,Spain,943.85,28,375.25,Wholesale
2024-04-27,Denim Jacket,Apparel,Italy,4693.96,57,2822.5,In-Store
2024-04-27,Adjustable Dumbbells,Fitness,Netherlands,3141.16,15,1591.69,Wholesale
2024-04-27,Running Shoes Pro,Footwear,Portugal,77.38,1,43.57,Online
2024-04-27,Wireless Earbuds,Electronics,France,2215.7,16,1004.97,Online
2024-04-27,Denim Jacket,Apparel,Netherlands,2160.39,23,1077.84,In-Store
2024-04-27,Cotton T-Shirt,Apparel,Portugal,343.3,17,132.28,Online
2024-04-27,Wireless Earbuds,Electronics,France,3943.12,32,1861.55,In-Store
2024-04-27,Yoga Mat,Fitness,France,1701.96,47,651.63,Online
2024-04-27,Cotton T-Shirt,Apparel,France,489.25,22,181.34,In-Store
2024-04-27,Trail Sneakers,Footwear,Portugal,1546.44,21,717.41,Online
2024-04-27,Adjustable Dumbbells,Fitness,France,4550.02,25,2649.59,Online
2024-04-28,Yoga Mat,Fitness,Italy,1299.96,35,467.07,Wholesale
2024-04-28,Trail Sneakers,Footwear,Netherlands,2123.5,28,1000.58,Wholesale
2024-04-28,Running Shoes Pro,Footwear,Netherlands,1985.32,24,1043.47,Wholesale
2024-04-28,Denim Jacket,Apparel,Netherlands,2889.99,31,1460.88,In-Store
2024-04-29,Adjustable Dumbbells,Fitness,Netherlands,6154.47,31,3358.82,Wholesale
2024-04-29,Trail Sneakers,Footwear,Germany,424.41,6,211.1,Online
2024-04-29,Trail Sneakers,Footwear,Germany,72.6,1,33.43,Online
2024-04-29,Wireless Earbuds,Electronics,Portugal,3603.17,27,1550.99,Wholesale
2024-04-29,Trail Sneakers,Footwear,Netherlands,1316.2,19,651.47,Wholesale
2024-04-29,Denim Jacket,Apparel,Portugal,1180.99,13,643.48,Wholesale
2024-04-29,Yoga Mat,Fitness,Germany,879.39,25,343.39,In-Store
2024-04-29,Adjustable Dumbbells,Fitness,Netherlands,7016.81,35,3701.6,Online
2024-04-29,Smartwatch Lite,Electronics,Germany,5420.18,34,2547.45,In-Store
2024-04-29,Adjustable Dumbbells,Fitness,Netherlands,2683.12,14,1611.51,Online
2024-04-29,Running Shoes Pro,Footwear,Spain,1003.4,13,560.06,In-Store
2024-04-30,Trail Sneakers,Footwear,Netherlands,1557.82,23,793.86,Wholesale
2024-04-30,Yoga Mat,Fitness,France,343.22,11,157.62,Online
2024-04-30,Cotton T-Shirt,Apparel,France,504.91,22,176.46,In-Store
2024-04-30,Cotton T-Shirt,Apparel,Italy,887.36,37,294.65,Wholesale
2024-04-30,Smartwatch Lite,Electronics,Portugal,4973.01,36,2748.8,Online
2024-04-30,Smartwatch Lite,Electronics,Germany,3568.29,25,1901.01,Online
2024-05-01,Adjustable Dumbbells,Fitness,Spain,5619.36,28,3062.17,In-Store
2024-05-01,Trail Sneakers,Footwear,Italy,1343.34,17,609.8,Online
2024-05-01,Running Shoes Pro,Footwear,Netherlands,1424.71,17,715.53,Wholesale
2024-05-01,Yoga Mat,Fitness,Spain,665.22,20,292.88,In-Store
2024-05-01,Running Shoes Pro,Footwear,Spain,2441.45,32,1309.17,In-Store
2024-05-01,Cotton T-Shirt,Apparel,Spain,559.91,28,218.93,In-Store
2024-05-01,Yoga Mat,Fitness,Spain,441.1,13,174.93,Wholesale
2024-05-01,Denim Jacket,Apparel,Portugal,2921.26,31,1434.07,In-Store
2024-05-01,Smartwatch Lite,Electronics,Spain,990.26,7,528.87,In-Store
2024-05-01,Trail Sneakers,Footwear,Netherlands,1216.7,15,528.42,In-Store
2024-05-01,Wireless Earbuds,Electronics,Portugal,2514.66,19,1091.17,Wholesale
2024-05-01,Trail Sneakers,Footwear,Portugal,1610.39,20,676.91,In-Store
2024-05-01,Cotton T-Shirt,Apparel,Portugal,245.04,13,108.26,In-Store
2024-05-01,Yoga Mat,Fitness,Spain,394.25,13,173.72,Online
2024-05-02,Denim Jacket,Apparel,Italy,1059.11,12,548.99,In-Store
2024-05-02,Smartwatch Lite,Electronics,France,2200.01,16,1200.36,In-Store
2024-05-02,Running Shoes Pro,Footwear,Germany,1270.75,13,528.73,Online
2024-05-02,Yoga Mat,Fitness,Germany,770.57,21,308.28,Online
2024-05-02,Smartwatch Lite,Electronics,Portugal,4072.35,24,1828.87,Online
2024-05-02,Adjustable Dumbbells,Fitness,Netherlands,1543.42,7,766.16,In-Store
2024-05-02,Adjustable Dumbbells,Fitness,Portugal,3950.39,20,2121.72,Wholesale
2024-05-02,Smartwatch Lite,Electronics,Portugal,4692.08,31,2421.0,Wholesale
2024-05-03,Trail Sneakers,Footwear,Netherlands,1166.15,18,602.46,In-Store
2024-05-03,Yoga Mat,Fitness,Netherlands,482.87,16,213.12,In-Store
2024-05-03,Denim Jacket,Apparel,Italy,1035.26,11,522.27,Online
2024-05-03,Smartwatch Lite,Electronics,Spain,921.02,6,451.0,In-Store
2024-05-03,Denim Jacket,Apparel,Italy,574.95,6,289.54,In-Store
2024-05-03,Denim Jacket,Apparel,Netherlands,1383.74,16,749.74,Wholesale
2024-05-03,Cotton T-Shirt,Apparel,Portugal,742.13,37,295.22,Online
2024-05-03,Cotton T-Shirt,Apparel,Netherlands,499.84,24,199.12,Wholesale
2024-05-03,Adjustable Dumbbells,Fitness,Spain,4242.36,20,2263.31,Wholesale
2024-05-04,Trail Sneakers,Footwear,Germany,3687.6,49,1743.26,In-Store
2024-05-04,Smartwatch Lite,Electronics,Spain,5737.84,38,2857.82,Wholesale
2024-05-04,Cotton T-Shirt,Apparel,Portugal,280.44,14,107.14,In-Store
2024-05-04,Adjustable Dumbbells,Fitness,Spain,2282.36,11,1174.76,In-Store
2024-05-04,Running Shoes Pro,Footwear,Spain,738.82,9,390.68,In-Store
2024-05-05,Smartwatch Lite,Electronics,Italy,2611.7,15,1120.51,Online
2024-05-05,Cotton T-Shirt,Apparel,Portugal,204.3,10,77.78,Online
2024-05-05,Yoga Mat,Fitness,Italy,1286.37,34,497.71,Wholesale
2024-05-05,Trail Sneakers,Footwear,Netherlands,1442.56,19,683.49,Online
2024-05-05,Cotton T-Shirt,Apparel,Italy,108.11,5,41.31,Online
2024-05-06,Smartwatch Lite,Electronics,Italy,1759.28,12,908.81,In-Store
2024-05-06,Smartwatch Lite,Electronics,France,4102.42,30,2332.58,Wholesale
2024-05-06,Denim Jacket,Apparel,Germany,776.93,9,438.97,Wholesale
2024-05-06,Smartwatch Lite,Electronics,Germany,478.74,3,232.92,Online
2024-05-06,Denim Jacket,Apparel,Portugal,2792.49,31,1557.14,Wholesale
2024-05-06,Running Shoes Pro,Footwear,Netherlands,1518.4,17,686.88,Wholesale
2024-05-06,Denim Jacket,Apparel,Netherlands,1693.0,19,908.54,In-Store
2024-05-06,Adjustable Dumbbells,Fitness,Netherlands,1762.04,8,887.81,In-Store
2024-05-06,Smartwatch Lite,Electronics,Italy,2425.71,15,1091.26,In-Store
2024-05-06,Denim Jacket,Apparel,Italy,692.88,8,397.59,Wholesale
2024-05-07,Running Shoes Pro,Footwear,Portugal,3727.8,43,1789.27,Wholesale
2024-05-07,Running Shoes Pro,Footwear,Italy,2409.56,27,1101.63,Wholesale
2024-05-07,Cotton T-Shirt,Apparel,Portugal,513.38,22,184.17,In-Store
2024-05-07,Running Shoes Pro,Footwear,Italy,1834.93,24,1025.88,In-Store
2024-05-07,Smartwatch Lite,Electronics,Netherlands,1816.24,11,807.27,In-Store
2024-05-07,Wireless Earbuds,Electronics,Germany,2322.43,21,1284.72,Online
2024-05-07,Yoga Mat,Fitness,Portugal,522.53,16,220.22,Online
2024-05-07,Wireless Earbuds,Electronics,Italy,3798.37,34,1974.76,In-Store
2024-05-07,Running Shoes Pro,Footwear,Portugal,4899.06,52,2196.69,Wholesale
2024-05-08,Trail Sneakers,Footwear,Netherlands,2306.47,33,1190.02,In-Store
2024-05-08,Smartwatch Lite,Electronics,France,4051.4,25,1812.84,Wholesale
2024-05-08,Running Shoes Pro,Footwear,Spain,821.91,9,369.89,Online
2024-05-08,Denim Jacket,Apparel,Italy,1816.44,19,925.97,Wholesale
2024-05-08,Smartwatch Lite,Electronics,Germany,4945.34,29,2248.66,Wholesale
2024-05-08,Denim Jacket,Apparel,Germany,2161.09,21,1046.1,Wholesale
2024-05-08,Yoga Mat,Fitness,Spain,874.13,27,366.96,In-Store
2024-05-08,Yoga Mat,Fitness,Italy,219.28,7,101.4,Wholesale
2024-05-08,Yoga Mat,Fitness,Netherlands,2539.18,74,1075.06,In-Store
2024-05-08,Smartwatch Lite,Electronics,Netherlands,2513.66,18,1342.0,Wholesale
2024-05-08,Smartwatch Lite,Electronics,France,4672.08,34,2593.36,In-Store
2024-05-08,Denim Jacket,Apparel,France,245.92,3,142.48,In-Store
2024-05-08,Adjustable Dumbbells,Fitness,Portugal,5867.64,27,3059.36,Wholesale
2024-05-08,Wireless Earbuds,Electronics,Germany,986.35,7,427.43,Online
2024-05-08,Adjustable Dumbbells,Fitness,Portugal,6743.38,37,4269.27,Online
2024-05-09,Adjustable Dumbbells,Fitness,Netherlands,5519.11,25,2687.86,Online
2024-05-09,Wireless Earbuds,Electronics,Italy,5211.34,37,2249.04,Online
2024-05-09,Smartwatch Lite,Electronics,Spain,4585.28,29,2125.07,Online
2024-05-09,Cotton T-Shirt,Apparel,Netherlands,166.24,8,66.64,In-Store
2024-05-09,Cotton T-Shirt,Apparel,Portugal,116.31,6,47.73,Wholesale
2024-05-09,Running Shoes Pro,Footwear,Portugal,3702.66,39,1659.09,Online
2024-05-09,Running Shoes Pro,Footwear,Italy,2509.36,26,1070.36,Online
2024-05-09,Trail Sneakers,Footwear,France,2065.92,28,931.24,Wholesale
2024-05-10,Smartwatch Lite,Electronics,Italy,3666.31,22,1610.88,Online
2024-05-10,Cotton T-Shirt,Apparel,Italy,335.91,15,116.85,Online
2024-05-10,Smartwatch Lite,Electronics,France,5816.91,34,2630.28,Wholesale
2024-05-10,Adjustable Dumbbells,Fitness,Netherlands,8292.14,36,3805.92,Wholesale
2024-05-10,Smartwatch Lite,Electronics,Italy,5555.16,34,2574.47,Online
2024-05-10,Wireless Earbuds,Electronics,France,5526.4,43,2604.88,Wholesale
2024-05-10,Wireless Earbuds,Electronics,Spain,7198.41,52,3262.94,Wholesale
2024-05-10,Smartwatch Lite,Electronics,France,3571.46,25,1967.67,In-Store
2024-05-10,Denim Jacket,Apparel,Portugal,3465.0,34,1564.61,Wholesale
2024-05-10,Adjustable Dumbbells,Fitness,France,7556.86,33,3756.21,In-Store
2024-05-10,Adjustable Dumbbells,Fitness,Germany,3829.75,19,2008.93,Online
2024-05-11,Cotton T-Shirt,Apparel,France,228.87,11,85.69,Online
2024-05-11,Wireless Earbuds,Electronics,Spain,2673.58,24,1459.86,Online
2024-05-11,Adjustable Dumbbells,Fitness,Italy,5689.48,31,3319.05,Wholesale
2024-05-11,Adjustable Dumbbells,Fitness,Italy,2937.69,13,1450.29,Wholesale
2024-05-11,Running Shoes Pro,Footwear,Portugal,1961.63,22,914.93,Wholesale
2024-05-12,Smartwatch Lite,Electronics,Netherlands,3542.51,24,1844.12,In-Store
2024-05-12,Cotton T-Shirt,Apparel,Spain,84.03,4,31.17,Wholesale
2024-05-12,Wireless Earbuds,Electronics,Portugal,3578.3,27,1672.37,In-Store
2024-05-12,Smartwatch Lite,Electronics,Netherlands,3083.88,21,1510.24,Wholesale
2024-05-12,Denim Jacket,Apparel,Italy,4646.31,52,2601.44,Wholesale
2024-05-12,Cotton T-Shirt,Apparel,Netherlands,731.17,33,262.3,Online
2024-05-12,Adjustable Dumbbells,Fitness,Germany,362.86,2,230.18,In-Store
2024-05-13,Yoga Mat,Fitness,France,517.15,17,229.08,Wholesale
2024-05-13,Wireless Earbuds,Electronics,Spain,3234.62,28,1604.79,Wholesale
2024-05-13,Running Shoes Pro,Footwear,France,1246.6,14,612.13,In-Store
2024-05-13,Trail Sneakers,Footwear,Portugal,1213.85,15,522.01,Online
2024-05-13,Trail Sneakers,Footwear,Italy,2401.2,31,1102.89,Online
2024-05-13,Trail Sneakers,Footwear,Germany,70.07,1,36.54,Online
2024-05-13,Yoga Mat,Fitness,Germany,580.37,16,232.72,Wholesale
2024-05-13,Trail Sneakers,Footwear,Germany,832.98,13,442.47,Online
2024-05-13,Adjustable Dumbbells,Fitness,France,7096.52,31,3579.34,In-Store
2024-05-14,Trail Sneakers,Footwear,Portugal,759.85,12,403.37,Wholesale
2024-05-14,Denim Jacket,Apparel,Spain,3907.64,46,2283.71,Online
2024-05-14,Trail Sneakers,Footwear,France,554.0,7,244.72,In-Store
2024-05-14,Wireless Earbuds,Electronics,Netherlands,2393.7,18,1043.99,In-Store
2024-05-14,Running Shoes Pro,Footwear,Germany,2331.85,28,1164.1,Online
2024-05-14,Denim Jacket,Apparel,Portugal,2804.68,27,1327.91,In-Store
2024-05-14,Smartwatch Lite,Electronics,Portugal,3614.45,22,1631.1,Online
2024-05-14,Adjustable Dumbbells,Fitness,Germany,3074.38,16,1763.83,In-Store
2024-05-15,Cotton T-Shirt,Apparel,Spain,1581.29,81,671.04,In-Store
2024-05-15,Cotton T-Shirt,Apparel,Portugal,233.45,12,91.35,In-Store
2024-05-15,Yoga Mat,Fitness,Netherlands,1795.57,48,704.91,Online
2024-05-15,Trail Sneakers,Footwear,Germany,1623.05,20,714.97,In-Store
2024-05-15,Denim Jacket,Apparel,France,2683.05,28,1374.43,Online
2024-05-16,Wireless Earbuds,Electronics,Portugal,1795.26,15,904.67,Wholesale
2024-05-16,Trail Sneakers,Footwear,Portugal,1165.75,16,533.74,Wholesale
2024-05-16,Smartwatch Lite,Electronics,Netherlands,2271.94,14,1064.99,Online
2024-05-16,Denim Jacket,Apparel,Italy,2265.12,27,1237.31,In-Store
2024-05-16,Smartwatch Lite,Electronics,Netherlands,2536.27,17,1263.09,Online
2024-05-16,Smartwatch Lite,Electronics,Italy,6256.94,38,2805.79,Online
2024-05-16,Smartwatch Lite,Electronics,Italy,6000.14,44,3178.87,Wholesale
2024-05-16,Adjustable Dumbbells,Fitness,Italy,6001.57,26,2745.13,Online
2024-05-16,Cotton T-Shirt,Apparel,Germany,664.07,35,272.27,Online
2024-05-16,Smartwatch Lite,Electronics,France,2215.49,13,1017.61,Wholesale
2024-05-16,Denim Jacket,Apparel,Spain,3988.45,41,1992.79,Wholesale
2024-05-16,Cotton T-Shirt,Apparel,Portugal,1181.84,54,428.05,Wholesale
2024-05-17,Running Shoes Pro,Footwear,France,4523.28,48,2009.69,Online
2024-05-17,Running Shoes Pro,Footwear,Spain,1063.75,14,588.24,Wholesale
2024-05-17,Running Shoes Pro,Footwear,Spain,828.29,10,401.87,Online
2024-05-17,Trail Sneakers,Footwear,Spain,1705.44,24,832.81,Online
2024-05-18,Yoga Mat,Fitness,France,669.21,22,309.92,Online
2024-05-18,Denim Jacket,Apparel,France,1602.95,18,905.95,In-Store
2024-05-18,Denim Jacket,Apparel,Portugal,2083.11,20,986.03,Wholesale
2024-05-18,Denim Jacket,Apparel,Portugal,3521.21,40,1975.13,Wholesale
2024-05-18,Yoga Mat,Fitness,Portugal,719.17,20,279.12,In-Store
2024-05-18,Smartwatch Lite,Electronics,Netherlands,2285.54,15,1099.53,Wholesale
2024-05-18,Trail Sneakers,Footwear,France,4040.34,52,1814.47,Wholesale
2024-05-18,Adjustable Dumbbells,Fitness,Netherlands,5498.35,27,2910.15,Online
2024-05-18,Running Shoes Pro,Footwear,Italy,1635.29,18,720.25,In-Store
2024-05-18,Wireless Earbuds,Electronics,Spain,1444.04,12,695.53,Online
2024-05-19,Denim Jacket,Apparel,Portugal,1354.4,15,755.1,Online
2024-05-19,Cotton T-Shirt,Apparel,Spain,302.36,15,119.36,Wholesale
2024-05-19,Smartwatch Lite,Electronics,Spain,4640.03,27,1973.54,Wholesale
2024-05-19,Wireless Earbuds,Electronics,Italy,7282.02,54,3200.24,Online
2024-05-19,Running Shoes Pro,Footwear,Portugal,1182.13,14,574.52,In-Store
2024-05-19,Smartwatch Lite,Electronics,France,4778.53,28,2126.36,In-Store
2024-05-19,Yoga Mat,Fitness,Germany,301.21,10,146.74,Wholesale
2024-05-19,Running Shoes Pro,Footwear,France,1069.1,12,528.52,Online
2024-05-19,Running Shoes Pro,Footwear,Netherlands,600.67,7,298.8,Wholesale
2024-05-19,Smartwatch Lite,Electronics,France,2629.57,18,1353.99,Online
2024-05-19,Running Shoes Pro,Footwear,Italy,772.05,8,340.51,Online
2024-05-19,Denim Jacket,Apparel,Portugal,2610.62,27,1292.1,Online
2024-05-20,Cotton T-Shirt,Apparel,France,616.06,30,233.01,Online
2024-05-20,Wireless Earbuds,Electronics,Netherlands,358.45,3,179.98,Online
2024-05-20,Trail Sneakers,Footwear,Germany,1747.61,24,858.39,Wholesale
2024-05-20,Adjustable Dumbbells,Fitness,Germany,1142.56,5,560.12,Online
2024-05-20,Trail Sneakers,Footwear,Germany,486.05,7,248.2,Wholesale
2024-05-20,Running Shoes Pro,Footwear,Portugal,2051.63,21,906.9,In-Store
2024-05-20,Yoga Mat,Fitness,Germany,865.74,24,321.43,Wholesale
2024-05-21,Yoga Mat,Fitness,Spain,268.41,7,99.04,In-Store
2024-05-21,Wireless Earbuds,Electronics,France,1493.08,12,712.9,Online
2024-05-21,Adjustable Dumbbells,Fitness,Portugal,3502.84,16,1679.66,Wholesale
2024-05-21,Adjustable Dumbbells,Fitness,Netherlands,7111.57,35,3942.86,Online
2024-05-21,Running Shoes Pro,Footwear,France,324.14,4,176.06,Online
2024-05-21,Smartwatch Lite,Electronics,Germany,3931.0,24,1730.95,Wholesale
2024-05-21,Running Shoes Pro,Footwear,Italy,3366.52,36,1544.92,Online
2024-05-21,Smartwatch Lite,Electronics,Germany,1589.99,11,860.81,In-Store
2024-05-21,Adjustable Dumbbells,Fitness,Germany,1784.71,9,1035.97,Wholesale
2024-05-21,Wireless Earbuds,Electronics,Netherlands,2516.16,19,1106.6,Wholesale
2024-05-22,Smartwatch Lite,Electronics,Spain,3036.97,18,1417.4,Online
2024-05-22,Smartwatch Lite,Electronics,France,1017.33,6,438.58,Online
2024-05-22,Yoga Mat,Fitness,France,911.85,30,429.0,In-Store
2024-05-22,Trail Sneakers,Footwear,Italy,3965.66,57,2079.64,Online
2024-05-22,Wireless Earbuds,Electronics,Italy,2479.77,22,1349.79,Wholesale
2024-05-22,Running Shoes Pro,Footwear,Netherlands,2181.01,23,992.73,Wholesale
2024-05-22,Trail Sneakers,Footwear,Netherlands,2298.86,29,971.93,Wholesale
2024-05-23,Smartwatch Lite,Electronics,Portugal,4021.82,25,1859.94,Wholesale
2024-05-23,Adjustable Dumbbells,Fitness,Netherlands,5110.48,23,2559.14,Online
2024-05-23,Wireless Earbuds,Electronics,France,2686.54,23,1404.9,In-Store
2024-05-23,Cotton T-Shirt,Apparel,Germany,218.77,11,88.57,Online
2024-05-23,Denim Jacket,Apparel,Spain,1768.48,21,1001.49,In-Store
2024-05-23,Running Shoes Pro,Footwear,Netherlands,1085.14,14,613.22,In-Store
2024-05-23,Trail Sneakers,Footwear,Spain,2905.15,39,1360.71,Wholesale
2024-05-24,Trail Sneakers,Footwear,Germany,1345.4,20,675.9,Wholesale
2024-05-24,Cotton T-Shirt,Apparel,Italy,312.85,14,110.23,Online
2024-05-24,Trail Sneakers,Footwear,Spain,1620.44,21,704.42,In-Store
2024-05-24,Smartwatch Lite,Electronics,France,1426.19,10,722.58,Wholesale
2024-05-24,Running Shoes Pro,Footwear,France,2338.54,24,1008.22,Online
2024-05-25,Adjustable Dumbbells,Fitness,Portugal,4378.1,20,2233.51,Online
2024-05-25,Trail Sneakers,Footwear,Netherlands,1683.56,26,895.38,In-Store
2024-05-25,Adjustable Dumbbells,Fitness,Germany,2768.1,15,1671.31,In-Store
2024-05-25,Trail Sneakers,Footwear,Spain,2781.32,35,1245.76,Wholesale
2024-05-25,Wireless Earbuds,Electronics,Italy,1435.1,13,742.18,Online
2024-05-25,Adjustable Dumbbells,Fitness,Netherlands,4133.33,21,2285.11,Wholesale
2024-05-25,Smartwatch Lite,Electronics,Italy,4332.56,27,1988.8,Wholesale
2024-05-25,Yoga Mat,Fitness,France,1062.29,29,413.68,Wholesale
2024-05-26,Smartwatch Lite,Electronics,France,5700.81,35,2536.11,Online
2024-05-26,Trail Sneakers,Footwear,Portugal,808.64,10,338.73,In-Store
2024-05-26,Denim Jacket,Apparel,Netherlands,2707.17,29,1330.91,In-Store
2024-05-26,Smartwatch Lite,Electronics,Spain,1957.18,13,954.36,Online
2024-05-26,Adjustable Dumbbells,Fitness,Portugal,1083.79,6,641.14,Wholesale
2024-05-26,Adjustable Dumbbells,Fitness,Italy,12672.47,68,7622.82,Online
2024-05-26,Running Shoes Pro,Footwear,France,1276.34,14,614.48,Online
2024-05-27,Cotton T-Shirt,Apparel,Portugal,313.82,15,114.31,Online
2024-05-27,Trail Sneakers,Footwear,Netherlands,450.79,6,216.07,Online
2024-05-27,Cotton T-Shirt,Apparel,France,1041.18,48,402.1,Online
2024-05-27,Cotton T-Shirt,Apparel,Spain,207.62,9,69.93,Wholesale
2024-05-27,Running Shoes Pro,Footwear,France,3080.95,40,1605.92,Online
2024-05-27,Cotton T-Shirt,Apparel,Portugal,660.01,28,232.34,Online
2024-05-27,Smartwatch Lite,Electronics,Spain,2762.79,19,1404.84,In-Store
2024-05-27,Yoga Mat,Fitness,Portugal,758.19,23,312.38,In-Store
2024-05-27,Running Shoes Pro,Footwear,Germany,3068.26,34,1444.04,Wholesale
2024-05-27,Wireless Earbuds,Electronics,Netherlands,4823.63,36,2169.41,Online
2024-05-27,Wireless Earbuds,Electronics,Italy,5017.19,37,2306.82,Online
2024-05-27,Running Shoes Pro,Footwear,Germany,2512.01,29,1181.96,In-Store
2024-05-28,Trail Sneakers,Footwear,Italy,1195.77,18,618.08,Online
2024-05-28,Wireless Earbuds,Electronics,Italy,3106.03,23,1386.78,In-Store
2024-05-28,Adjustable Dumbbells,Fitness,Portugal,2323.79,12,1328.99,Wholesale
2024-05-28,Denim Jacket,Apparel,France,858.04,10,462.48,In-Store
2024-05-28,Adjustable Dumbbells,Fitness,Portugal,2246.14,12,1359.4,Online
2024-05-28,Denim Jacket,Apparel,Netherlands,3062.42,31,1490.96,In-Store
2024-05-28,Running Shoes Pro,Footwear,Germany,1734.69,19,798.36,In-Store
2024-05-28,Wireless Earbuds,Electronics,Netherlands,4608.79,42,2519.22,Wholesale
2024-05-29,Wireless Earbuds,Electronics,Italy,4803.74,40,2305.26,Wholesale
2024-05-29,Denim Jacket,Apparel,Italy,1655.36,20,992.27,Online
2024-05-29,Smartwatch Lite,Electronics,Portugal,1665.18,10,733.6,Online
2024-05-29,Wireless Earbuds,Electronics,Germany,2731.46,22,1339.89,Wholesale
2024-05-29,Smartwatch Lite,Electronics,Netherlands,3412.29,20,1563.36,Online
2024-05-29,Adjustable Dumbbells,Fitness,Spain,1266.66,7,800.6,Online
2024-05-29,Yoga Mat,Fitness,Spain,520.83,17,248.33,Online
2024-05-29,Adjustable Dumbbells,Fitness,Netherlands,4935.67,23,2570.68,In-Store
2024-05-29,Smartwatch Lite,Electronics,Netherlands,4339.53,25,1875.33,Wholesale
2024-05-29,Yoga Mat,Fitness,Portugal,65.34,2,29.1,Online
2024-05-30,Cotton T-Shirt,Apparel,Spain,323.42,15,114.23,In-Store
2024-05-30,Wireless Earbuds,Electronics,Portugal,2441.33,20,1178.06,Wholesale
2024-05-30,Denim Jacket,Apparel,France,1261.05,15,692.25,Wholesale
2024-05-30,Smartwatch Lite,Electronics,France,2614.98,17,1319.99,Wholesale
2024-05-30,Trail Sneakers,Footwear,Netherlands,130.1,2,67.78,In-Store
2024-05-30,Smartwatch Lite,Electronics,Germany,2584.45,18,1367.29,Online
2024-05-30,Smartwatch Lite,Electronics,Portugal,1553.71,10,782.02,In-Store
2024-05-30,Adjustable Dumbbells,Fitness,Netherlands,2334.15,12,1302.48,Online
2024-05-31,Adjustable Dumbbells,Fitness,Germany,6591.52,31,3356.53,Online
2024-05-31,Smartwatch Lite,Electronics,Germany,3828.57,25,1860.1,Online
2024-05-31,Cotton T-Shirt,Apparel,Germany,455.12,21,168.21,Wholesale
2024-05-31,Smartwatch Lite,Electronics,Italy,4884.14,36,2805.92,Online
2024-05-31,Cotton T-Shirt,Apparel,Italy,991.66,48,366.5,Wholesale
2024-05-31,Wireless Earbuds,Electronics,Portugal,2996.15,23,1389.84,In-Store
2024-06-01,Yoga Mat,Fitness,Spain,266.46,8,115.91,Wholesale
2024-06-01,Adjustable Dumbbells,Fitness,France,7840.56,34,3570.54,In-Store
2024-06-01,Cotton T-Shirt,Apparel,Portugal,840.43,42,349.3,In-Store
2024-06-01,Smartwatch Lite,Electronics,Spain,5179.28,36,2755.66,Online
2024-06-01,Cotton T-Shirt,Apparel,Netherlands,582.52,28,230.14,In-Store
2024-06-01,Trail Sneakers,Footwear,Italy,2731.99,34,1145.61,Wholesale
2024-06-01,Adjustable Dumbbells,Fitness,France,2998.59,16,1780.15,Online
2024-06-02,Trail Sneakers,Footwear,France,3388.0,46,1659.64,Online
2024-06-02,Cotton T-Shirt,Apparel,Netherlands,455.11,22,174.07,Wholesale
2024-06-02,Wireless Earbuds,Electronics,Spain,1665.9,13,786.17,Wholesale
2024-06-02,Denim Jacket,Apparel,France,908.24,11,522.99,Wholesale
2024-06-02,Adjustable Dumbbells,Fitness,Portugal,1717.38,9,979.43,Wholesale
2024-06-02,Wireless Earbuds,Electronics,Italy,3209.74,23,1433.05,Online
2024-06-02,Cotton T-Shirt,Apparel,France,249.7,11,87.35,In-Store
2024-06-03,Cotton T-Shirt,Apparel,Portugal,117.95,5,41.66,Online
2024-06-03,Smartwatch Lite,Electronics,Netherlands,3409.66,22,1690.82,Online
2024-06-03,Wireless Earbuds,Electronics,Spain,1137.18,10,589.58,Online
2024-06-03,Wireless Earbuds,Electronics,France,2268.12,17,999.6,Wholesale
2024-06-03,Smartwatch Lite,Electronics,Spain,1149.58,7,539.73,Online
2024-06-03,Adjustable Dumbbells,Fitness,France,1861.51,9,1030.92,Wholesale
2024-06-03,Denim Jacket,Apparel,Netherlands,1347.92,14,648.35,Wholesale
2024-06-03,Wireless Earbuds,Electronics,Spain,2799.52,24,1388.69,Online
2024-06-03,Adjustable Dumbbells,Fitness,Netherlands,919.07,5,522.61,In-Store
2024-06-03,Wireless Earbuds,Electronics,Italy,2115.61,15,928.1,In-Store
2024-06-03,Denim Jacket,Apparel,Portugal,1292.06,15,715.71,Online
2024-06-04,Wireless Earbuds,Electronics,Netherlands,10948.19,86,5308.45,In-Store
2024-06-04,Running Shoes Pro,Footwear,Italy,2276.35,27,1177.84,In-Store
2024-06-04,Cotton T-Shirt,Apparel,Netherlands,418.96,19,155.27,Online
2024-06-04,Denim Jacket,Apparel,Netherlands,2020.96,25,1225.11,In-Store
2024-06-04,Cotton T-Shirt,Apparel,France,781.57,34,261.85,Online
2024-06-04,Running Shoes Pro,Footwear,Spain,978.64,11,455.25,Wholesale
2024-06-04,Adjustable Dumbbells,Fitness,Netherlands,2540.63,12,1305.53,In-Store
2024-06-04,Wireless Earbuds,Electronics,Spain,2180.48,18,1043.19,Online
2024-06-05,Wireless Earbuds,Electronics,France,557.04,5,297.82,In-Store
2024-06-05,Adjustable Dumbbells,Fitness,Germany,12059.47,54,6185.97,In-Store
2024-06-05,Wireless Earbuds,Electronics,Germany,932.82,8,461.65,Online
2024-06-05,Denim Jacket,Apparel,Spain,1623.5,18,828.55,Wholesale
2024-06-05,Yoga Mat,Fitness,France,1660.12,51,701.5,In-Store
2024-06-05,Cotton T-Shirt,Apparel,France,657.41,29,232.02,Wholesale
2024-06-05,Adjustable Dumbbells,Fitness,Netherlands,4236.09,21,2233.43,In-Store
2024-06-05,Running Shoes Pro,Footwear,Netherlands,2139.72,23,985.54,Online
2024-06-05,Wireless Earbuds,Electronics,Portugal,3382.47,27,1592.95,Wholesale
2024-06-05,Running Shoes Pro,Footwear,Netherlands,3997.52,49,2069.52,Online
2024-06-05,Trail Sneakers,Footwear,Spain,1024.1,15,520.44,In-Store
2024-06-06,Cotton T-Shirt,Apparel,Spain,400.53,20,152.28,In-Store
2024-06-06,Yoga Mat,Fitness,Portugal,510.53,15,205.79,Online
2024-06-06,Cotton T-Shirt,Apparel,Italy,1492.83,62,489.2,In-Store
2024-06-06,Trail Sneakers,Footwear,Spain,2062.09,31,1089.18,Online
2024-06-06,Wireless Earbuds,Electronics,Italy,2068.95,18,1068.79,In-Store
2024-06-07,Cotton T-Shirt,Apparel,Germany,1376.55,63,487.13,Online
2024-06-07,Adjustable Dumbbells,Fitness,Spain,3617.91,20,2208.96,In-Store
2024-06-07,Adjustable Dumbbells,Fitness,Germany,7187.59,36,4102.14,Online
2024-06-07,Trail Sneakers,Footwear,Portugal,4793.15,65,2179.54,Online
2024-06-07,Running Shoes Pro,Footwear,Italy,1945.66,21,926.1,Online
2024-06-07,Smartwatch Lite,Electronics,Portugal,3814.7,26,2024.42,Wholesale
2024-06-07,Adjustable Dumbbells,Fitness,Netherlands,7556.1,40,4410.46,Online
2024-06-08,Trail Sneakers,Footwear,Portugal,1382.8,19,639.05,Online
2024-06-08,Running Shoes Pro,Footwear,Spain,2558.74,29,1209.34,Online
2024-06-08,Running Shoes Pro,Footwear,Italy,1414.68,18,790.57,Wholesale
2024-06-08,Adjustable Dumbbells,Fitness,Spain,17784.58,83,8927.38,In-Store
2024-06-08,Denim Jacket,Apparel,Italy,1874.9,21,1018.79,In-Store
2024-06-08,Wireless Earbuds,Electronics,Italy,794.07,7,400.43,Online
2024-06-08,Cotton T-Shirt,Apparel,France,630.9,30,251.05,In-Store
2024-06-08,Running Shoes Pro,Footwear,Germany,3082.73,36,1561.62,Wholesale
2024-06-08,Denim Jacket,Apparel,Portugal,2604.74,32,1463.34,Online
2024-06-08,Wireless Earbuds,Electronics,Spain,3373.23,29,1717.52,In-Store
2024-06-08,Trail Sneakers,Footwear,Spain,1420.46,21,731.34,Online
2024-06-08,Cotton T-Shirt,Apparel,Germany,362.98,15,119.46,In-Store
2024-06-08,Running Shoes Pro,Footwear,Netherlands,2604.92,29,1171.95,Wholesale
2024-06-09,Adjustable Dumbbells,Fitness,Netherlands,3834.78,20,2231.48,Wholesale
2024-06-09,Cotton T-Shirt,Apparel,Portugal,181.09,8,62.08,Online
2024-06-09,Running Shoes Pro,Footwear,Germany,622.94,7,281.4,Online
2024-06-09,Adjustable Dumbbells,Fitness,France,12182.21,55,6135.52,Wholesale
2024-06-09,Wireless Earbuds,Electronics,Italy,8085.14,59,3427.93,In-Store
2024-06-10,Running Shoes Pro,Footwear,Portugal,2140.18,27,1185.06,Online
2024-06-10,Running Shoes Pro,Footwear,Germany,3943.29,41,1685.12,In-Store
2024-06-10,Denim Jacket,Apparel,Netherlands,1889.63,19,951.69,Online
2024-06-10,Denim Jacket,Apparel,Germany,2838.39,30,1478.25,In-Store
2024-06-10,Running Shoes Pro,Footwear,Spain,2180.11,25,1001.2,In-Store
2024-06-10,Running Shoes Pro,Footwear,Spain,3148.11,34,1386.32,In-Store
2024-06-10,Smartwatch Lite,Electronics,Netherlands,2102.84,15,1105.44,In-Store
2024-06-10,Trail Sneakers,Footwear,Italy,1233.45,18,634.48,In-Store
2024-06-11,Smartwatch Lite,Electronics,France,2157.13,13,963.92,Wholesale
2024-06-11,Smartwatch Lite,Electronics,Portugal,1098.4,8,574.24,In-Store
2024-06-11,Adjustable Dumbbells,Fitness,Netherlands,2998.64,13,1475.11,In-Store
2024-06-11,Denim Jacket,Apparel,France,2611.65,26,1290.48,Wholesale
2024-06-11,Denim Jacket,Apparel,Germany,3761.17,36,1644.29,Wholesale
2024-06-11,Wireless Earbuds,Electronics,France,692.02,5,311.54,Wholesale
2024-06-11,Running Shoes Pro,Footwear,Italy,686.39,9,390.04,In-Store
2024-06-11,Smartwatch Lite,Electronics,Spain,7653.67,47,3624.9,Online
2024-06-11,Wireless Earbuds,Electronics,Italy,3121.12,26,1490.07,Wholesale
2024-06-11,Running Shoes Pro,Footwear,Portugal,6289.53,70,2932.34,Wholesale
2024-06-11,Cotton T-Shirt,Apparel,Netherlands,283.96,12,98.85,Online
2024-06-11,Running Shoes Pro,Footwear,France,1632.98,19,784.54,Online
2024-06-11,Trail Sneakers,Footwear,Netherlands,921.45,13,465.88,Wholesale
2024-06-11,Yoga Mat,Fitness,Spain,886.19,27,390.88,In-Store
2024-06-11,Yoga Mat,Fitness,Italy,136.37,4,56.97,In-Store
2024-06-12,Smartwatch Lite,Electronics,France,2506.92,16,1196.16,In-Store
2024-06-12,Adjustable Dumbbells,Fitness,Germany,4029.24,18,2003.45,Online
2024-06-12,Wireless Earbuds,Electronics,Italy,247.12,2,116.61,Online
2024-06-12,Yoga Mat,Fitness,France,510.43,16,216.94,In-Store
2024-06-12,Cotton T-Shirt,Apparel,France,390.15,19,149.3,In-Store
2024-06-12,Wireless Earbuds,Electronics,Germany,2097.35,15,911.19,In-Store
2024-06-12,Wireless Earbuds,Electronics,Netherlands,1498.91,11,690.61,In-Store
2024-06-12,Running Shoes Pro,Footwear,Netherlands,2033.66,22,955.64,Wholesale
2024-06-12,Yoga Mat,Fitness,Netherlands,419.52,12,175.85,Wholesale
2024-06-12,Running Shoes Pro,Footwear,Germany,3783.93,48,1954.11,In-Store
2024-06-13,Wireless Earbuds,Electronics,Spain,3096.69,24,1448.42,In-Store
2024-06-13,Adjustable Dumbbells,Fitness,Netherlands,11740.03,52,5541.76,Online
2024-06-13,Adjustable Dumbbells,Fitness,France,4806.08,25,2865.85,Wholesale
2024-06-13,Adjustable Dumbbells,Fitness,France,5757.87,29,3204.59,Online
2024-06-13,Cotton T-Shirt,Apparel,Germany,880.46,43,347.36,In-Store
2024-06-13,Running Shoes Pro,Footwear,Italy,964.36,12,479.71,Wholesale
2024-06-13,Adjustable Dumbbells,Fitness,Spain,6743.02,31,3507.09,Online
2024-06-14,Yoga Mat,Fitness,Italy,2712.26,73,1023.57,In-Store
2024-06-14,Adjustable Dumbbells,Fitness,Portugal,4359.22,22,2360.74,In-Store
2024-06-14,Running Shoes Pro,Footwear,Italy,2584.13,28,1182.94,Online
2024-06-14,Denim Jacket,Apparel,Spain,1853.32,18,829.71,In-Store
2024-06-14,Smartwatch Lite,Electronics,Netherlands,8867.47,52,3936.59,Wholesale
2024-06-14,Adjustable Dumbbells,Fitness,Spain,5170.21,23,2450.67,In-Store
2024-06-14,Wireless Earbuds,Electronics,Portugal,2340.26,19,1141.66,In-Store
2024-06-15,Smartwatch Lite,Electronics,Spain,2161.42,13,976.76,Wholesale
2024-06-15,Denim Jacket,Apparel,Portugal,1534.34,17,814.25,Wholesale
2024-06-15,Smartwatch Lite,Electronics,France,5793.7,36,2728.56,Wholesale
2024-06-15,Denim Jacket,Apparel,Germany,648.1,8,379.79,In-Store
2024-06-15,Cotton T-Shirt,Apparel,France,218.41,10,76.34,In-Store
2024-06-15,Cotton T-Shirt,Apparel,Netherlands,319.93,14,112.15,Wholesale
2024-06-15,Denim Jacket,Apparel,Spain,1086.23,13,609.54,Online
2024-06-15,Wireless Earbuds,Electronics,France,5188.41,37,2151.97,In-Store
2024-06-15,Wireless Earbuds,Electronics,Spain,2507.45,22,1355.31,In-Store
2024-06-15,Smartwatch Lite,Electronics,Spain,2761.56,18,1350.78,Online
2024-06-15,Trail Sneakers,Footwear,Germany,2022.41,26,951.55,Wholesale
2024-06-15,Yoga Mat,Fitness,Spain,606.83,17,234.27,Wholesale
2024-06-16,Denim Jacket,Apparel,Italy,1564.06,16,790.53,Online
2024-06-16,Running Shoes Pro,Footwear,Spain,1913.79,23,922.63,In-Store
2024-06-16,Adjustable Dumbbells,Fitness,Germany,6948.56,35,4036.44,Online
2024-06-16,Adjustable Dumbbells,Fitness,Netherlands,8895.66,39,4156.74,In-Store
2024-06-16,Trail Sneakers,Footwear,Germany,3882.6,54,1935.23,Wholesale
2024-06-16,Running Shoes Pro,Footwear,Spain,1784.87,20,868.54,Wholesale
2024-06-16,Running Shoes Pro,Footwear,Portugal,2452.38,29,1212.35,In-Store
2024-06-17,Cotton T-Shirt,Apparel,Germany,523.51,27,214.76,Online
2024-06-17,Denim Jacket,Apparel,Germany,3836.37,40,1922.87,Wholesale
2024-06-17,Adjustable Dumbbells,Fitness,France,1778.88,9,996.4,Wholesale
2024-06-17,Wireless Earbuds,Electronics,Germany,3929.47,29,1802.17,Wholesale
2024-06-17,Cotton T-Shirt,Apparel,Netherlands,724.86,30,238.08,Wholesale
2024-06-17,Adjustable Dumbbells,Fitness,Spain,7372.15,39,4155.03,Wholesale
2024-06-17,Trail Sneakers,Footwear,Netherlands,1659.99,26,908.28,Online
2024-06-17,Wireless Earbuds,Electronics,Germany,3033.76,24,1487.85,Wholesale
2024-06-17,Cotton T-Shirt,Apparel,France,981.11,49,391.43,Wholesale
2024-06-18,Adjustable Dumbbells,Fitness,Spain,11915.93,57,6546.08,Online
2024-06-18,Denim Jacket,Apparel,Spain,862.27,10,477.62,Online
2024-06-18,Yoga Mat,Fitness,Germany,742.13,24,348.83,Online
2024-06-18,Wireless Earbuds,Electronics,Netherlands,2237.04,16,1003.73,Online
2024-06-18,Adjustable Dumbbells,Fitness,Portugal,2892.72,13,1478.05,In-Store
2024-06-19,Smartwatch Lite,Electronics,France,2376.9,14,1063.22,Online
2024-06-19,Trail Sneakers,Footwear,Portugal,525.78,7,244.32,In-Store
2024-06-19,Denim Jacket,Apparel,Netherlands,1457.67,18,855.05,In-Store
2024-06-19,Denim Jacket,Apparel,France,3358.36,37,1715.8,Online
2024-06-19,Trail Sneakers,Footwear,Italy,1328.52,17,590.21,Online
2024-06-19,Adjustable Dumbbells,Fitness,Netherlands,2669.24,14,1507.52,Wholesale
2024-06-19,Cotton T-Shirt,Apparel,Portugal,712.97,37,289.2,Online
2024-06-19,Yoga Mat,Fitness,Portugal,322.27,10,138.92,Wholesale
2024-06-20,Running Shoes Pro,Footwear,Netherlands,2405.04,26,1108.89,In-Store
2024-06-20,Wireless Earbuds,Electronics,Italy,1138.83,10,621.22,In-Store
2024-06-20,Wireless Earbuds,Electronics,Portugal,2380.0,17,986.07,Online
2024-06-20,Smartwatch Lite,Electronics,Italy,9415.95,55,3936.52,Wholesale
2024-06-20,Adjustable Dumbbells,Fitness,Spain,3577.53,20,2241.88,In-Store
2024-06-21,Cotton T-Shirt,Apparel,Italy,643.1,28,225.51,Online
2024-06-21,Wireless Earbuds,Electronics,Portugal,2129.81,19,1096.35,Online
2024-06-21,Wireless Earbuds,Electronics,Italy,809.89,6,344.69,Online
2024-06-21,Cotton T-Shirt,Apparel,Italy,215.68,9,72.94,In-Store
2024-06-21,Yoga Mat,Fitness,Spain,613.23,16,226.5,Online
2024-06-21,Yoga Mat,Fitness,Germany,597.74,19,254.69,In-Store
2024-06-21,Running Shoes Pro,Footwear,Spain,2674.09,29,1261.34,Wholesale
2024-06-21,Yoga Mat,Fitness,Germany,451.48,15,214.16,In-Store
2024-06-21,Trail Sneakers,Footwear,Spain,1783.52,26,925.41,Online
2024-06-21,Yoga Mat,Fitness,Spain,639.3,18,239.92,Wholesale
2024-06-22,Yoga Mat,Fitness,Germany,1344.33,43,601.94,Wholesale
2024-06-22,Running Shoes Pro,Footwear,Portugal,3415.4,39,1601.37,Wholesale
2024-06-22,Trail Sneakers,Footwear,Netherlands,712.78,9,311.76,Online
2024-06-22,Yoga Mat,Fitness,Italy,832.29,25,346.31,In-Store
2024-06-22,Yoga Mat,Fitness,France,660.75,18,263.61,Wholesale
2024-06-22,Yoga Mat,Fitness,Germany,453.97,12,167.62,In-Store
2024-06-23,Trail Sneakers,Footwear,Netherlands,757.57,12,417.23,Online
2024-06-23,Denim Jacket,Apparel,Netherlands,4494.09,54,2571.62,Online
2024-06-23,Yoga Mat,Fitness,Netherlands,800.58,21,284.55,Wholesale
2024-06-23,Cotton T-Shirt,Apparel,Netherlands,812.72,41,336.36,Wholesale
2024-06-23,Cotton T-Shirt,Apparel,Italy,722.35,32,249.64,Wholesale
2024-06-23,Yoga Mat,Fitness,France,421.71,14,195.76,Wholesale
2024-06-23,Cotton T-Shirt,Apparel,France,421.38,19,150.16,Wholesale
2024-06-23,Yoga Mat,Fitness,France,535.11,17,228.13,Wholesale
2024-06-23,Cotton T-Shirt,Apparel,Netherlands,1526.08,66,530.98,Wholesale
2024-06-23,Wireless Earbuds,Electronics,Germany,3911.69,29,1802.86,Online
2024-06-23,Smartwatch Lite,Electronics,Spain,2758.8,16,1237.95,Online
2024-06-23,Running Shoes Pro,Footwear,Spain,1116.56,14,564.16,Online
2024-06-24,Yoga Mat,Fitness,Spain,510.47,16,219.01,In-Store
2024-06-24,Running Shoes Pro,Footwear,Netherlands,763.24,8,340.06,Wholesale
2024-06-24,Wireless Earbuds,Electronics,Germany,3714.32,27,1643.89,In-Store
2024-06-24,Running Shoes Pro,Footwear,France,2003.59,24,1011.77,Wholesale
2024-06-24,Running Shoes Pro,Footwear,France,1368.56,15,650.11,Wholesale
2024-06-25,Smartwatch Lite,Electronics,Spain,3311.3,24,1757.9,Wholesale
2024-06-25,Cotton T-Shirt,Apparel,France,707.0,32,248.42,Wholesale
2024-06-25,Running Shoes Pro,Footwear,Germany,3282.5,37,1555.01,Wholesale
2024-06-25,Yoga Mat,Fitness,Portugal,1045.53,29,405.96,In-Store
2024-06-25,Running Shoes Pro,Footwear,France,1759.31,22,937.9,In-Store
2024-06-25,Smartwatch Lite,Electronics,Italy,6555.66,39,2936.56,In-Store
2024-06-25,Trail Sneakers,Footwear,Netherlands,1324.6,21,736.78,In-Store
2024-06-25,Smartwatch Lite,Electronics,Spain,4417.93,29,2073.32,In-Store
2024-06-25,Running Shoes Pro,Footwear,Portugal,1214.84,14,602.48,In-Store
2024-06-25,Cotton T-Shirt,Apparel,Italy,140.02,7,58.59,Online
2024-06-25,Yoga Mat,Fitness,Spain,227.64,7,98.89,Wholesale
2024-06-26,Smartwatch Lite,Electronics,Netherlands,823.08,5,381.52,In-Store
2024-06-26,Trail Sneakers,Footwear,Germany,1936.3,30,1076.22,Wholesale
2024-06-26,Cotton T-Shirt,Apparel,Italy,194.77,10,78.14,In-Store
2024-06-26,Trail Sneakers,Footwear,Italy,1010.88,14,472.32,Online
2024-06-26,Cotton T-Shirt,Apparel,France,1002.94,45,346.5,Online
2024-06-26,Adjustable Dumbbells,Fitness,France,4779.3,25,2701.19,In-Store
2024-06-26,Yoga Mat,Fitness,Germany,981.44,30,436.13,Online
2024-06-26,Cotton T-Shirt,Apparel,Italy,200.02,10,82.87,Online
2024-06-27,Denim Jacket,Apparel,Germany,5576.52,57,2842.04,Online
2024-06-27,Denim Jacket,Apparel,Netherlands,2293.51,26,1290.26,Wholesale
2024-06-27,Trail Sneakers,Footwear,Spain,2108.94,28,1013.73,In-Store
2024-06-27,Cotton T-Shirt,Apparel,Italy,720.94,38,293.57,Online
2024-06-27,Denim Jacket,Apparel,Italy,916.9,10,467.42,Online
2024-06-27,Cotton T-Shirt,Apparel,Spain,74.92,4,32.92,Wholesale
2024-06-28,Trail Sneakers,Footwear,France,2927.55,41,1427.89,Online
2024-06-28,Smartwatch Lite,Electronics,Spain,3290.82,19,1368.62,Wholesale
2024-06-28,Adjustable Dumbbells,Fitness,Germany,3047.28,15,1598.76,Wholesale
2024-06-28,Wireless Earbuds,Electronics,France,2314.22,18,1051.63,Online
2024-06-28,Running Shoes Pro,Footwear,Portugal,259.31,3,131.06,Online
2024-06-28,Smartwatch Lite,Electronics,Spain,2720.12,18,1380.03,Online
2024-06-28,Cotton T-Shirt,Apparel,France,204.56,10,76.11,Wholesale
2024-06-28,Running Shoes Pro,Footwear,Italy,2756.28,30,1277.99,Online
2024-06-28,Wireless Earbuds,Electronics,Italy,387.03,3,173.44,In-Store
2024-06-28,Running Shoes Pro,Footwear,Netherlands,2122.67,26,1109.0,Online
2024-06-28,Smartwatch Lite,Electronics,Spain,8282.46,49,3717.19,Wholesale
2024-06-29,Cotton T-Shirt,Apparel,France,221.41,10,82.7,Online
2024-06-29,Yoga Mat,Fitness,Portugal,741.31,24,326.25,In-Store
2024-06-29,Running Shoes Pro,Footwear,France,2267.36,24,1031.39,Online
2024-06-29,Running Shoes Pro,Footwear,France,2679.88,35,1411.19,In-Store
2024-06-29,Wireless Earbuds,Electronics,Spain,7961.56,71,4308.27,Wholesale
2024-06-29,Cotton T-Shirt,Apparel,France,417.38,21,169.22,Wholesale
2024-06-29,Trail Sneakers,Footwear,Netherlands,607.35,8,293.72,Wholesale
2024-06-29,Cotton T-Shirt,Apparel,Spain,308.95,16,122.62,Online
2024-06-29,Running Shoes Pro,Footwear,Portugal,4434.11,54,2303.06,Online
2024-06-29,Smartwatch Lite,Electronics,Germany,1260.27,9,697.35,Online
2024-06-29,Trail Sneakers,Footwear,Portugal,618.53,8,272.88,Wholesale
2024-06-30,Wireless Earbuds,Electronics,Spain,1056.73,9,532.48,Wholesale
2024-06-30,Cotton T-Shirt,Apparel,Spain,971.75,47,357.61,Online
2024-06-30,Adjustable Dumbbells,Fitness,Germany,8832.86,46,4888.33,Wholesale
2024-06-30,Denim Jacket,Apparel,Portugal,5806.31,64,3064.34,In-Store
2024-06-30,Denim Jacket,Apparel,Italy,1518.49,16,740.35,Wholesale
2024-06-30,Adjustable Dumbbells,Fitness,Germany,7863.43,40,4373.73,In-Store
2024-06-30,Denim Jacket,Apparel,France,1182.67,12,598.22,In-Store
2024-06-30,Denim Jacket,Apparel,France,3863.55,37,1804.25,In-Store
2024-06-30,Adjustable Dumbbells,Fitness,Germany,2698.67,14,1522.41,Online
2024-06-30,Denim Jacket,Apparel,France,200.72,2,98.31,Online
2024-06-30,Cotton T-Shirt,Apparel,Germany,534.97,23,180.88,Online
2024-06-30,Adjustable Dumbbells,Fitness,Italy,6718.79,32,3573.18,Wholesale
2024-06-30,Wireless Earbuds,Electronics,Netherlands,3421.13,29,1697.34,Online
2024-06-30,Yoga Mat,Fitness,Spain,674.09,18,260.08,In-Store
2024-07-01,Denim Jacket,Apparel,Portugal,3507.13,42,1993.89,Online
2024-07-01,Adjustable Dumbbells,Fitness,Italy,1789.16,9,1027.82,Online
2024-07-01,Smartwatch Lite,Electronics,Portugal,1997.12,14,1086.8,In-Store
2024-07-01,Trail Sneakers,Footwear,Italy,1847.55,23,822.85,Wholesale
2024-07-01,Yoga Mat,Fitness,Spain,1344.58,37,526.17,In-Store
2024-07-01,Smartwatch Lite,Electronics,Germany,481.92,3,221.62,In-Store
2024-07-01,Yoga Mat,Fitness,Portugal,766.83,25,353.72,Wholesale
2024-07-02,Wireless Earbuds,Electronics,Germany,3535.5,25,1546.63,In-Store
2024-07-02,Yoga Mat,Fitness,France,681.32,19,260.11,Online
2024-07-02,Yoga Mat,Fitness,Italy,666.21,18,242.17,Wholesale
2024-07-02,Cotton T-Shirt,Apparel,Italy,529.38,25,202.22,Wholesale
2024-07-02,Smartwatch Lite,Electronics,Spain,1546.56,11,842.5,Wholesale
2024-07-02,Smartwatch Lite,Electronics,Germany,9610.48,58,4138.05,In-Store
2024-07-03,Adjustable Dumbbells,Fitness,France,5484.78,29,3253.57,Online
2024-07-03,Yoga Mat,Fitness,Germany,553.87,16,233.59,Wholesale
2024-07-03,Trail Sneakers,Footwear,France,899.38,12,407.85,Online
2024-07-03,Smartwatch Lite,Electronics,Netherlands,3979.36,28,2167.85,Online
2024-07-03,Cotton T-Shirt,Apparel,France,1354.03,67,533.42,Online
2024-07-03,Denim Jacket,Apparel,Netherlands,3505.03,37,1789.7,Wholesale
2024-07-03,Trail Sneakers,Footwear,Spain,2124.91,27,972.98,In-Store
2024-07-03,Trail Sneakers,Footwear,Spain,624.32,8,269.65,In-Store
2024-07-03,Cotton T-Shirt,Apparel,Germany,244.02,11,87.22,In-Store
2024-07-03,Denim Jacket,Apparel,Spain,403.99,5,247.56,In-Store
2024-07-03,Cotton T-Shirt,Apparel,Italy,509.5,27,206.04,Wholesale
2024-07-04,Cotton T-Shirt,Apparel,Netherlands,324.55,17,142.63,Online
2024-07-04,Running Shoes Pro,Footwear,Spain,2156.82,25,1058.73,In-Store
2024-07-04,Wireless Earbuds,Electronics,Netherlands,1501.77,11,671.41,Wholesale
2024-07-04,Trail Sneakers,Footwear,Spain,691.68,9,320.01,Wholesale
2024-07-04,Wireless Earbuds,Electronics,Portugal,3425.49,26,1559.12,Wholesale
2024-07-04,Yoga Mat,Fitness,Germany,871.1,28,406.64,Online
2024-07-04,Denim Jacket,Apparel,Spain,1112.73,13,605.03,In-Store
2024-07-05,Trail Sneakers,Footwear,Germany,859.84,13,434.54,Wholesale
2024-07-05,Trail Sneakers,Footwear,France,1104.17,16,567.94,In-Store
2024-07-05,Yoga Mat,Fitness,Portugal,430.32,14,205.2,In-Store
2024-07-05,Wireless Earbuds,Electronics,France,1542.57,11,673.56,In-Store
2024-07-05,Smartwatch Lite,Electronics,Portugal,4872.43,32,2372.85,Wholesale
2024-07-06,Smartwatch Lite,Electronics,Germany,2728.16,18,1299.46,Wholesale
2024-07-06,Wireless Earbuds,Electronics,Germany,1574.08,12,721.0,In-Store
2024-07-06,Wireless Earbuds,Electronics,Spain,1536.17,13,752.56,Wholesale
2024-07-06,Yoga Mat,Fitness,Italy,925.57,30,407.05,Online
2024-07-06,Adjustable Dumbbells,Fitness,Netherlands,6723.84,31,3566.04,In-Store
2024-07-06,Denim Jacket,Apparel,France,1806.17,21,985.88,Online
2024-07-06,Wireless Earbuds,Electronics,France,1342.93,10,595.76,In-Store
2024-07-06,Running Shoes Pro,Footwear,Germany,2990.5,39,1629.76,In-Store
2024-07-06,Denim Jacket,Apparel,Italy,1893.9,21,1046.87,In-Store
2024-07-07,Cotton T-Shirt,Apparel,France,134.05,7,53.5,In-Store
2024-07-07,Trail Sneakers,Footwear,Germany,3034.36,38,1390.6,Online
2024-07-07,Running Shoes Pro,Footwear,Germany,1910.21,24,1014.41,In-Store
2024-07-07,Denim Jacket,Apparel,Portugal,2911.66,29,1392.99,In-Store
2024-07-07,Smartwatch Lite,Electronics,France,4445.79,30,2245.47,Wholesale
2024-07-07,Cotton T-Shirt,Apparel,Italy,173.75,8,62.12,In-Store
2024-07-07,Smartwatch Lite,Electronics,Netherlands,1418.86,10,756.62,Wholesale
2024-07-07,Cotton T-Shirt,Apparel,Italy,289.53,12,93.7,In-Store
2024-07-07,Wireless Earbuds,Electronics,Italy,1133.04,10,585.74,Online
2024-07-07,Trail Sneakers,Footwear,Italy,1446.78,23,835.83,Wholesale
2024-07-08,Smartwatch Lite,Electronics,Netherlands,1875.68,12,917.51,In-Store
2024-07-08,Cotton T-Shirt,Apparel,Spain,242.27,12,96.21,Wholesale
2024-07-08,Denim Jacket,Apparel,Italy,3126.14,37,1767.08,In-Store
2024-07-08,Denim Jacket,Apparel,Netherlands,3273.18,34,1591.57,Wholesale
2024-07-08,Denim Jacket,Apparel,Spain,2567.66,26,1283.83,In-Store
2024-07-08,Smartwatch Lite,Electronics,France,7122.45,45,3419.48,Wholesale
2024-07-09,Yoga Mat,Fitness,Netherlands,1339.2,38,509.96,Online
2024-07-09,Wireless Earbuds,Electronics,Portugal,2740.9,23,1376.66,Wholesale
2024-07-09,Cotton T-Shirt,Apparel,Italy,282.49,12,93.72,Wholesale
2024-07-09,Cotton T-Shirt,Apparel,Italy,159.42,7,58.61,Online
2024-07-09,Denim Jacket,Apparel,France,4000.48,48,2416.49,Online
2024-07-09,Running Shoes Pro,Footwear,Spain,415.0,5,201.99,Wholesale
2024-07-09,Running Shoes Pro,Footwear,France,456.79,6,250.34,Online
2024-07-09,Denim Jacket,Apparel,Germany,2276.89,28,1288.92,Wholesale
2024-07-09,Denim Jacket,Apparel,Netherlands,1923.06,23,1055.28,Wholesale
2024-07-10,Yoga Mat,Fitness,Portugal,1258.29,33,464.34,In-Store
2024-07-10,Denim Jacket,Apparel,Germany,2754.22,32,1522.12,Online
2024-07-10,Running Shoes Pro,Footwear,Germany,4150.35,54,2248.58,Online
2024-07-10,Wireless Earbuds,Electronics,Italy,2801.25,23,1352.86,Wholesale
2024-07-10,Smartwatch Lite,Electronics,Portugal,3147.67,21,1642.22,Wholesale
2024-07-10,Yoga Mat,Fitness,Germany,1313.3,35,497.01,Online
2024-07-10,Running Shoes Pro,Footwear,Italy,1620.31,20,856.19,In-Store
2024-07-10,Trail Sneakers,Footwear,France,1681.17,23,798.78,Wholesale
2024-07-10,Yoga Mat,Fitness,Netherlands,487.07,16,221.17,In-Store
2024-07-10,Yoga Mat,Fitness,Netherlands,697.48,22,307.49,Online
2024-07-11,Running Shoes Pro,Footwear,Spain,2328.66,25,1044.66,In-Store
2024-07-11,Running Shoes Pro,Footwear,Netherlands,1757.7,23,983.3,In-Store
2024-07-11,Yoga Mat,Fitness,Portugal,835.97,22,321.36,Wholesale
2024-07-11,Running Shoes Pro,Footwear,Spain,785.62,10,406.01,In-Store
2024-07-11,Wireless Earbuds,Electronics,Spain,1264.84,11,690.28,In-Store
2024-07-11,Yoga Mat,Fitness,Germany,802.72,24,343.34,Wholesale
2024-07-11,Adjustable Dumbbells,Fitness,France,3130.29,15,1651.77,In-Store
2024-07-11,Running Shoes Pro,Footwear,Portugal,4289.8,49,1999.54,Wholesale
2024-07-11,Cotton T-Shirt,Apparel,Italy,19.88,1,7.62,In-Store
2024-07-11,Smartwatch Lite,Electronics,Italy,5648.02,37,2889.3,Online
2024-07-11,Wireless Earbuds,Electronics,Spain,5917.5,43,2708.7,Wholesale
2024-07-11,Wireless Earbuds,Electronics,Portugal,3072.2,22,1355.89,Online
2024-07-12,Trail Sneakers,Footwear,Netherlands,2002.24,25,917.09,Online
2024-07-12,Yoga Mat,Fitness,Spain,150.78,4,54.15,In-Store
2024-07-12,Smartwatch Lite,Electronics,Italy,5448.59,33,2412.86,Wholesale
2024-07-12,Cotton T-Shirt,Apparel,Spain,264.81,12,93.56,In-Store
2024-07-12,Smartwatch Lite,Electronics,Netherlands,8608.33,50,3607.4,Wholesale
2024-07-12,Running Shoes Pro,Footwear,Spain,1612.55,19,809.95,Wholesale
2024-07-12,Running Shoes Pro,Footwear,Netherlands,2085.01,25,1063.12,Wholesale
2024-07-13,Cotton T-Shirt,Apparel,Netherlands,249.46,11,87.55,Wholesale
2024-07-13,Running Shoes Pro,Footwear,Portugal,2132.4,23,995.6,Wholesale
2024-07-13,Wireless Earbuds,Electronics,Italy,1841.36,14,863.02,Wholesale
2024-07-13,Cotton T-Shirt,Apparel,Italy,214.92,10,78.29,Wholesale
2024-07-13,Adjustable Dumbbells,Fitness,Germany,5962.99,29,3034.58,In-Store
2024-07-13,Cotton T-Shirt,Apparel,Portugal,446.62,21,171.57,Wholesale
2024-07-13,Smartwatch Lite,Electronics,Italy,1183.98,8,605.46,Wholesale
2024-07-14,Denim Jacket,Apparel,Netherlands,1722.95,21,958.12,Online
2024-07-14,Trail Sneakers,Footwear,Spain,5117.15,66,2373.1,In-Store
2024-07-14,Adjustable Dumbbells,Fitness,Portugal,5763.88,28,3187.78,Wholesale
2024-07-14,Wireless Earbuds,Electronics,Italy,1870.1,17,995.19,In-Store
2024-07-15,Running Shoes Pro,Footwear,Italy,2299.04,25,1013.85,In-Store
2024-07-15,Wireless Earbuds,Electronics,Portugal,1302.04,10,584.56,In-Store
2024-07-15,Running Shoes Pro,Footwear,Netherlands,944.95,12,478.87,Wholesale
2024-07-15,Trail Sneakers,Footwear,Germany,425.65,6,202.3,Wholesale
2024-07-15,Smartwatch Lite,Electronics,Germany,2828.94,17,1284.31,Wholesale
2024-07-15,Running Shoes Pro,Footwear,Germany,2580.66,34,1442.29,Wholesale
2024-07-15,Adjustable Dumbbells,Fitness,Portugal,7371.6,33,3460.6,Online
2024-07-16,Trail Sneakers,Footwear,Germany,885.66,14,473.38,Online
2024-07-16,Running Shoes Pro,Footwear,Italy,1748.08,20,812.06,Online
2024-07-16,Trail Sneakers,Footwear,Germany,2360.57,30,1010.26,Online
2024-07-16,Wireless Earbuds,Electronics,Spain,3729.9,27,1577.14,In-Store
2024-07-16,Smartwatch Lite,Electronics,Spain,5352.86,31,2300.27,Online
2024-07-16,Smartwatch Lite,Electronics,Portugal,4163.58,30,2175.62,Wholesale
2024-07-16,Smartwatch Lite,Electronics,France,1738.34,10,783.16,Wholesale
2024-07-16,Cotton T-Shirt,Apparel,Germany,419.39,20,159.9,Online
2024-07-17,Adjustable Dumbbells,Fitness,Netherlands,1305.83,6,692.11,Wholesale
2024-07-17,Adjustable Dumbbells,Fitness,Germany,4032.19,18,1961.68,In-Store
2024-07-17,Smartwatch Lite,Electronics,Portugal,6256.84,45,3299.37,Wholesale
2024-07-17,Trail Sneakers,Footwear,Spain,2055.58,30,1087.49,Wholesale
2024-07-17,Denim Jacket,Apparel,Spain,2695.61,27,1350.25,In-Store
2024-07-18,Cotton T-Shirt,Apparel,Netherlands,377.24,18,144.52,In-Store
2024-07-18,Cotton T-Shirt,Apparel,Spain,134.48,6,46.88,Online
2024-07-18,Adjustable Dumbbells,Fitness,Netherlands,2667.84,14,1570.58,Wholesale
2024-07-18,Cotton T-Shirt,Apparel,France,175.9,9,69.81,Wholesale
2024-07-18,Smartwatch Lite,Electronics,Netherlands,2904.14,17,1315.8,Online
2024-07-18,Yoga Mat,Fitness,Netherlands,2074.95,62,838.44,In-Store
2024-07-18,Running Shoes Pro,Footwear,Spain,698.59,8,335.68,Wholesale
2024-07-18,Cotton T-Shirt,Apparel,France,679.33,32,256.84,In-Store
2024-07-18,Denim Jacket,Apparel,Portugal,1374.15,15,709.95,Online
2024-07-19,Yoga Mat,Fitness,Portugal,1191.49,39,567.14,Online
2024-07-19,Adjustable Dumbbells,Fitness,France,3445.91,19,2027.54,In-Store
2024-07-19,Denim Jacket,Apparel,Germany,2981.91,34,1700.51,Online
2024-07-19,Running Shoes Pro,Footwear,Italy,2487.85,32,1407.92,In-Store
2024-07-19,Trail Sneakers,Footwear,Germany,862.01,11,401.25,Wholesale
2024-07-19,Cotton T-Shirt,Apparel,Germany,846.36,43,331.88,Online
2024-07-19,Denim Jacket,Apparel,Portugal,1679.26,17,844.82,Online
2024-07-19,Wireless Earbuds,Electronics,Germany,3187.08,26,1635.48,Online
2024-07-20,Smartwatch Lite,Electronics,Netherlands,5051.51,30,2233.06,In-Store
2024-07-20,Denim Jacket,Apparel,France,2259.04,26,1247.94,In-Store
2024-07-20,Denim Jacket,Apparel,Spain,2487.24,24,1192.97,In-Store
2024-07-20,Cotton T-Shirt,Apparel,France,283.14,14,110.2,Wholesale
2024-07-20,Cotton T-Shirt,Apparel,Germany,99.4,5,41.62,In-Store
2024-07-20,Running Shoes Pro,Footwear,Spain,1745.35,20,857.87,In-Store
2024-07-21,Trail Sneakers,Footwear,Netherlands,1417.52,20,712.87,In-Store
2024-07-21,Smartwatch Lite,Electronics,Spain,2001.33,13,1001.38,Online
2024-07-21,Wireless Earbuds,Electronics,Italy,4350.97,35,2028.38,Online
2024-07-21,Denim Jacket,Apparel,Germany,619.22,6,288.2,Online
2024-07-21,Denim Jacket,Apparel,Germany,2450.88,25,1232.59,In-Store
2024-07-21,Yoga Mat,Fitness,France,175.77,5,68.94,In-Store
2024-07-21,Wireless Earbuds,Electronics,Netherlands,2656.98,24,1465.78,Online
2024-07-21,Yoga Mat,Fitness,Germany,384.32,10,133.16,Online
2024-07-21,Wireless Earbuds,Electronics,France,2841.94,21,1307.44,Wholesale
2024-07-22,Smartwatch Lite,Electronics,France,9630.59,70,5424.95,Online
2024-07-22,Adjustable Dumbbells,Fitness,Spain,4181.42,22,2318.95,Wholesale
2024-07-22,Running Shoes Pro,Footwear,France,4904.96,56,2336.61,In-Store
2024-07-22,Yoga Mat,Fitness,France,657.87,19,258.75,Wholesale
2024-07-22,Adjustable Dumbbells,Fitness,Germany,2588.77,12,1346.74,Online
2024-07-22,Yoga Mat,Fitness,Spain,527.55,17,232.92,Wholesale
2024-07-22,Running Shoes Pro,Footwear,Spain,915.65,12,495.4,Wholesale
2024-07-22,Running Shoes Pro,Footwear,Netherlands,652.61,7,283.24,Online
2024-07-22,Yoga Mat,Fitness,Portugal,1639.14,51,711.74,Wholesale
2024-07-22,Cotton T-Shirt,Apparel,Germany,358.58,19,153.96,In-Store
2024-07-22,Trail Sneakers,Footwear,Portugal,2916.21,37,1320.4,In-Store
2024-07-22,Running Shoes Pro,Footwear,Italy,3176.34,34,1483.0,Wholesale
2024-07-22,Smartwatch Lite,Electronics,Portugal,4097.21,29,2214.81,Online
2024-07-22,Wireless Earbuds,Electronics,France,380.21,3,183.88,In-Store
2024-07-22,Adjustable Dumbbells,Fitness,France,3763.86,21,2247.55,Wholesale
2024-07-23,Wireless Earbuds,Electronics,Germany,1557.92,11,655.59,Online
2024-07-23,Cotton T-Shirt,Apparel,Netherlands,494.52,26,201.54,In-Store
2024-07-23,Denim Jacket,Apparel,Netherlands,972.45,10,477.52,In-Store
2024-07-23,Smartwatch Lite,Electronics,Netherlands,9489.36,55,4196.09,In-Store
2024-07-23,Trail Sneakers,Footwear,Spain,601.42,8,266.19,Wholesale
2024-07-24,Adjustable Dumbbells,Fitness,Germany,5018.92,25,2830.11,In-Store
2024-07-24,Yoga Mat,Fitness,Spain,1580.75,46,628.51,Wholesale
2024-07-24,Denim Jacket,Apparel,Portugal,2100.89,25,1178.07,Online
2024-07-24,Denim Jacket,Apparel,France,1724.29,18,878.57,Online
2024-07-24,Cotton T-Shirt,Apparel,Italy,321.52,14,110.02,Online
2024-07-24,Wireless Earbuds,Electronics,Italy,1772.77,15,903.9,Online
2024-07-24,Trail Sneakers,Footwear,Spain,2511.33,35,1206.88,Online
2024-07-24,Yoga Mat,Fitness,Portugal,880.95,24,320.94,Online
2024-07-25,Adjustable Dumbbells,Fitness,Portugal,1973.72,10,1089.12,Online
2024-07-25,Wireless Earbuds,Electronics,Netherlands,2875.94,21,1268.7,In-Store
2024-07-25,Smartwatch Lite,Electronics,Netherlands,4668.21,34,2561.43,Wholesale
2024-07-25,Smartwatch Lite,Electronics,Netherlands,3044.46,19,1403.29,In-Store
2024-07-25,Adjustable Dumbbells,Fitness,Italy,2889.61,13,1429.48,Online
2024-07-25,Wireless Earbuds,Electronics,France,3318.95,27,1655.3,In-Store
2024-07-25,Trail Sneakers,Footwear,Germany,1183.75,17,570.95,Wholesale
2024-07-25,Trail Sneakers,Footwear,Portugal,650.05,8,284.96,Online
2024-07-26,Yoga Mat,Fitness,Germany,371.03,10,140.51,Wholesale
2024-07-26,Wireless Earbuds,Electronics,Spain,1569.76,12,749.88,Wholesale
2024-07-26,Cotton T-Shirt,Apparel,France,935.84,39,299.82,Online
2024-07-26,Denim Jacket,Apparel,Netherlands,947.64,10,460.56,Wholesale
2024-07-26,Denim Jacket,Apparel,Spain,6078.38,59,2852.31,Online
2024-07-26,Smartwatch Lite,Electronics,Italy,1110.67,7,551.16,Online
2024-07-26,Trail Sneakers,Footwear,Spain,1941.04,24,815.75,In-Store
2024-07-26,Adjustable Dumbbells,Fitness,Germany,8498.8,43,4877.07,Wholesale
2024-07-26,Running Shoes Pro,Footwear,Germany,2258.5,24,1044.65,In-Store
2024-07-26,Denim Jacket,Apparel,France,1982.89,22,1052.48,Online
2024-07-27,Adjustable Dumbbells,Fitness,Spain,2516.51,13,1395.97,Wholesale
2024-07-27,Adjustable Dumbbells,Fitness,Italy,4475.79,21,2409.15,In-Store
2024-07-27,Trail Sneakers,Footwear,Germany,1299.4,17,582.17,In-Store
2024-07-27,Running Shoes Pro,Footwear,France,573.31,6,241.7,Wholesale
2024-07-27,Yoga Mat,Fitness,Netherlands,2111.06,64,860.84,Wholesale
2024-07-27,Wireless Earbuds,Electronics,Portugal,2028.12,16,967.08,In-Store
2024-07-27,Smartwatch Lite,Electronics,Netherlands,1434.2,9,687.73,Online
2024-07-28,Smartwatch Lite,Electronics,Spain,4575.55,30,2157.2,In-Store
2024-07-28,Yoga Mat,Fitness,Portugal,1219.02,33,447.35,Online
2024-07-28,Wireless Earbuds,Electronics,Germany,877.34,8,473.0,Online
2024-07-28,Yoga Mat,Fitness,France,1210.67,38,513.93,In-Store
2024-07-28,Adjustable Dumbbells,Fitness,Germany,2959.69,14,1498.32,Wholesale
2024-07-28,Smartwatch Lite,Electronics,Spain,1591.6,11,850.06,In-Store
2024-07-28,Denim Jacket,Apparel,Netherlands,1885.55,21,999.56,Wholesale
2024-07-28,Cotton T-Shirt,Apparel,Portugal,714.05,36,275.77,Online
2024-07-29,Trail Sneakers,Footwear,France,517.5,7,249.3,Online
2024-07-29,Yoga Mat,Fitness,Portugal,740.61,23,318.86,Online
2024-07-29,Running Shoes Pro,Footwear,Germany,1398.92,18,771.93,In-Store
2024-07-29,Adjustable Dumbbells,Fitness,France,3347.54,16,1746.88,In-Store
2024-07-29,Adjustable Dumbbells,Fitness,Italy,2300.9,11,1232.51,Wholesale
2024-07-29,Yoga Mat,Fitness,Spain,654.53,19,260.66,In-Store
2024-07-29,Running Shoes Pro,Footwear,Italy,1983.65,26,1065.03,Wholesale
2024-07-29,Adjustable Dumbbells,Fitness,Netherlands,1638.75,9,1008.9,In-Store
2024-07-29,Denim Jacket,Apparel,France,337.52,4,185.11,Wholesale
2024-07-29,Cotton T-Shirt,Apparel,Germany,735.61,33,276.02,Online
2024-07-29,Denim Jacket,Apparel,France,675.04,8,391.92,Online
2024-07-29,Yoga Mat,Fitness,Italy,1560.35,42,597.01,Wholesale
2024-07-29,Adjustable Dumbbells,Fitness,Spain,1696.3,8,916.48,Wholesale
2024-07-29,Yoga Mat,Fitness,Italy,588.38,16,218.12,In-Store
2024-07-30,Cotton T-Shirt,Apparel,Netherlands,289.84,15,121.18,Wholesale
2024-07-30,Smartwatch Lite,Electronics,Spain,5682.4,35,2569.76,In-Store
2024-07-30,Trail Sneakers,Footwear,Portugal,785.03,12,414.81,Wholesale
2024-07-30,Adjustable Dumbbells,Fitness,France,1303.59,6,669.75,Wholesale
2024-07-31,Adjustable Dumbbells,Fitness,Germany,4848.45,21,2337.25,In-Store
2024-07-31,Trail Sneakers,Footwear,Spain,608.76,8,279.25,In-Store
2024-07-31,Cotton T-Shirt,Apparel,Italy,90.29,4,32.06,Wholesale
2024-07-31,Adjustable Dumbbells,Fitness,Portugal,8496.55,44,4623.81,Wholesale
2024-07-31,Running Shoes Pro,Footwear,Germany,1436.67,16,673.81,Wholesale
2024-07-31,Denim Jacket,Apparel,France,2293.26,22,1058.9,Wholesale
2024-07-31,Trail Sneakers,Footwear,Germany,1408.02,21,717.42,In-Store
2024-08-01,Wireless Earbuds,Electronics,France,1339.43,11,627.14,In-Store
2024-08-01,Denim Jacket,Apparel,Netherlands,736.42,8,389.78,Online
2024-08-01,Wireless Earbuds,Electronics,Germany,4052.35,31,1869.2,Wholesale
2024-08-01,Wireless Earbuds,Electronics,Spain,2481.16,20,1226.97,In-Store
2024-08-01,Trail Sneakers,Footwear,Portugal,1113.79,14,514.48,In-Store
2024-08-02,Running Shoes Pro,Footwear,Italy,682.65,8,350.89,In-Store
2024-08-02,Yoga Mat,Fitness,Germany,1137.2,31,436.98,In-Store
2024-08-02,Wireless Earbuds,Electronics,Netherlands,5047.81,45,2724.59,In-Store
2024-08-02,Wireless Earbuds,Electronics,France,1960.83,16,973.45,Wholesale
2024-08-02,Wireless Earbuds,Electronics,Spain,2026.33,15,911.65,In-Store
2024-08-02,Wireless Earbuds,Electronics,Netherlands,1079.14,8,469.56,Online
2024-08-02,Running Shoes Pro,Footwear,France,1415.07,18,790.52,In-Store
2024-08-02,Adjustable Dumbbells,Fitness,Germany,7165.34,36,3861.57,In-Store
2024-08-03,Cotton T-Shirt,Apparel,Netherlands,416.51,19,149.22,Online
2024-08-03,Trail Sneakers,Footwear,France,1374.51,19,698.19,In-Store
2024-08-03,Denim Jacket,Apparel,Germany,3203.3,34,1582.03,Online
2024-08-03,Adjustable Dumbbells,Fitness,Germany,2798.19,15,1599.65,Wholesale
2024-08-03,Running Shoes Pro,Footwear,Portugal,1037.65,12,525.69,Wholesale
2024-08-03,Denim Jacket,Apparel,Spain,1554.85,15,690.2,Online
2024-08-03,Adjustable Dumbbells,Fitness,Netherlands,5905.72,32,3442.12,Online
2024-08-04,Smartwatch Lite,Electronics,Portugal,2281.67,15,1088.62,In-Store
2024-08-04,Smartwatch Lite,Electronics,Germany,4837.22,34,2440.95,Wholesale
2024-08-04,Yoga Mat,Fitness,Netherlands,866.13,24,324.53,Wholesale
2024-08-04,Running Shoes Pro,Footwear,France,1456.87,15,611.38,Wholesale
2024-08-04,Smartwatch Lite,Electronics,Spain,707.69,5,362.69,Wholesale
2024-08-04,Denim Jacket,Apparel,Portugal,1231.26,15,701.98,In-Store
2024-08-04,Yoga Mat,Fitness,Spain,510.64,17,228.86,In-Store
2024-08-04,Wireless Earbuds,Electronics,Spain,4757.78,40,2471.63,Wholesale
2024-08-04,Wireless Earbuds,Electronics,Portugal,4828.95,40,2429.24,In-Store
2024-08-04,Trail Sneakers,Footwear,Italy,979.8,14,488.75,In-Store
2024-08-04,Adjustable Dumbbells,Fitness,France,5278.95,23,2581.82,In-Store
2024-08-05,Running Shoes Pro,Footwear,Italy,2496.94,29,1252.97,In-Store
2024-08-05,Running Shoes Pro,Footwear,Italy,1694.97,21,889.09,Wholesale
2024-08-05,Denim Jacket,Apparel,Italy,1017.55,10,473.24,Online
2024-08-05,Denim Jacket,Apparel,Spain,1669.96,20,949.45,Wholesale
2024-08-06,Denim Jacket,Apparel,Spain,1110.51,13,626.16,Wholesale
2024-08-06,Adjustable Dumbbells,Fitness,Spain,12233.39,55,6056.99,Online
2024-08-06,Trail Sneakers,Footwear,Portugal,1352.57,17,611.22,In-Store
2024-08-06,Yoga Mat,Fitness,Spain,2295.92,60,809.89,In-Store
2024-08-06,Adjustable Dumbbells,Fitness,Portugal,6856.26,35,4022.99,Online
2024-08-06,Wireless Earbuds,Electronics,Italy,2749.69,24,1442.7,Wholesale
2024-08-07,Wireless Earbuds,Electronics,Italy,968.89,8,491.31,In-Store
2024-08-07,Running Shoes Pro,Footwear,France,798.98,9,392.72,Online
2024-08-07,Running Shoes Pro,Footwear,Spain,319.91,4,174.78,Wholesale
2024-08-07,Adjustable Dumbbells,Fitness,Spain,3808.6,18,2026.81,Wholesale
2024-08-07,Denim Jacket,Apparel,Portugal,2516.31,27,1287.0,Wholesale
2024-08-07,Smartwatch Lite,Electronics,Spain,4126.42,30,2184.38,Wholesale
2024-08-07,Yoga Mat,Fitness,Netherlands,524.86,16,213.03,Online
2024-08-07,Trail Sneakers,Footwear,Portugal,1088.67,16,541.37,In-Store
2024-08-07,Yoga Mat,Fitness,France,551.92,18,256.72,Online
2024-08-07,Running Shoes Pro,Footwear,Italy,2357.14,26,1122.61,Wholesale
2024-08-08,Wireless Earbuds,Electronics,Spain,2901.26,21,1224.46,Wholesale
2024-08-08,Cotton T-Shirt,Apparel,Germany,853.39,40,305.37,In-Store
2024-08-08,Cotton T-Shirt,Apparel,France,498.69,21,173.56,Wholesale
2024-08-08,Wireless Earbuds,Electronics,Spain,3205.46,26,1573.35,Wholesale
2024-08-08,Yoga Mat,Fitness,Italy,282.55,8,113.59,Online
2024-08-08,Trail Sneakers,Footwear,Germany,2340.71,33,1112.13,In-Store
2024-08-08,Smartwatch Lite,Electronics,Netherlands,4082.06,24,1735.95,In-Store
2024-08-08,Wireless Earbuds,Electronics,Spain,1979.09,15,875.5,In-Store
2024-08-08,Cotton T-Shirt,Apparel,Germany,993.96,45,352.71,In-Store
2024-08-08,Adjustable Dumbbells,Fitness,Netherlands,1773.12,8,839.12,In-Store
2024-08-08,Denim Jacket,Apparel,France,1379.71,16,736.97,Online
2024-08-08,Adjustable Dumbbells,Fitness,Italy,1945.25,9,1008.62,Wholesale
2024-08-08,Trail Sneakers,Footwear,Italy,2064.04,32,1074.24,In-Store
2024-08-09,Wireless Earbuds,Electronics,Germany,2947.94,23,1332.48,Online
2024-08-09,Denim Jacket,Apparel,France,6162.54,60,2996.33,Wholesale
2024-08-09,Cotton T-Shirt,Apparel,Netherlands,561.8,25,202.04,Online
2024-08-09,Wireless Earbuds,Electronics,Spain,4261.51,36,2153.87,In-Store
2024-08-09,Wireless Earbuds,Electronics,Spain,4408.59,38,2173.03,Online
2024-08-09,Yoga Mat,Fitness,Spain,432.31,12,165.8,Online
2024-08-10,Denim Jacket,Apparel,Spain,2290.52,28,1410.89,Online
2024-08-10,Denim Jacket,Apparel,Portugal,939.34,9,444.58,Online
2024-08-10,Smartwatch Lite,Electronics,Portugal,1867.89,11,844.17,In-Store
2024-08-11,Denim Jacket,Apparel,Italy,1981.16,20,994.64,In-Store
2024-08-11,Wireless Earbuds,Electronics,France,1284.48,11,627.93,In-Store
2024-08-11,Denim Jacket,Apparel,Italy,1240.31,13,625.13,Online
2024-08-11,Cotton T-Shirt,Apparel,Italy,417.37,18,139.34,In-Store
2024-08-11,Trail Sneakers,Footwear,Italy,1682.9,22,747.09,In-Store
2024-08-11,Cotton T-Shirt,Apparel,Spain,366.16,17,132.11,Wholesale
2024-08-12,Trail Sneakers,Footwear,Portugal,1055.82,15,543.73,Wholesale
2024-08-12,Wireless Earbuds,Electronics,Germany,2876.53,26,1563.09,Online
2024-08-12,Yoga Mat,Fitness,Netherlands,1384.56,42,577.46,In-Store
2024-08-12,Cotton T-Shirt,Apparel,Germany,96.91,5,41.32,Online
2024-08-12,Yoga Mat,Fitness,Italy,1035.37,28,401.83,Online
2024-08-13,Wireless Earbuds,Electronics,Germany,2957.73,23,1362.72,Online
2024-08-13,Adjustable Dumbbells,Fitness,France,3918.2,19,2124.65,In-Store
2024-08-13,Denim Jacket,Apparel,Italy,1931.99,23,1112.27,Wholesale
2024-08-13,Trail Sneakers,Footwear,Spain,1512.45,23,797.06,Wholesale
2024-08-13,Denim Jacket,Apparel,Netherlands,2517.93,27,1335.97,In-Store
2024-08-13,Running Shoes Pro,Footwear,Netherlands,2957.77,32,1297.45,Online
2024-08-13,Trail Sneakers,Footwear,Germany,1029.52,15,539.1,Wholesale
2024-08-13,Trail Sneakers,Footwear,Netherlands,1956.83,29,1013.06,Online
2024-08-13,Running Shoes Pro,Footwear,Portugal,1779.25,20,850.91,In-Store
2024-08-14,Denim Jacket,Apparel,Portugal,3650.47,39,1830.08,Online
2024-08-14,Trail Sneakers,Footwear,Portugal,1322.53,20,723.2,Online
2024-08-14,Smartwatch Lite,Electronics,Italy,3805.78,27,2104.94,In-Store
2024-08-14,Smartwatch Lite,Electronics,Germany,3320.5,20,1426.04,Wholesale
2024-08-14,Wireless Earbuds,Electronics,Germany,3154.53,26,1559.31,Online
2024-08-14,Running Shoes Pro,Footwear,Spain,2508.48,30,1283.21,Wholesale
2024-08-14,Trail Sneakers,Footwear,Germany,730.66,9,327.36,In-Store
2024-08-15,Wireless Earbuds,Electronics,Germany,391.81,3,178.37,Online
2024-08-15,Yoga Mat,Fitness,Italy,596.15,17,235.9,In-Store
2024-08-15,Wireless Earbuds,Electronics,Italy,5392.98,46,2626.54,Online
2024-08-15,Cotton T-Shirt,Apparel,France,1123.45,48,394.84,In-Store
2024-08-15,Smartwatch Lite,Electronics,Netherlands,4096.14,30,2200.78,In-Store
2024-08-15,Running Shoes Pro,Footwear,Germany,1663.96,17,735.21,Wholesale
2024-08-15,Smartwatch Lite,Electronics,Spain,408.19,3,235.56,In-Store
2024-08-15,Trail Sneakers,Footwear,Italy,1333.46,17,619.8,In-Store
2024-08-16,Cotton T-Shirt,Apparel,Germany,435.02,18,137.55,Online
2024-08-16,Yoga Mat,Fitness,Netherlands,1134.23,30,410.25,Online
2024-08-16,Yoga Mat,Fitness,Spain,1147.74,30,436.92,In-Store
2024-08-16,Cotton T-Shirt,Apparel,Netherlands,298.59,13,99.32,Online
2024-08-16,Smartwatch Lite,Electronics,Portugal,7561.74,46,3451.02,In-Store
2024-08-16,Running Shoes Pro,Footwear,Spain,3648.34,40,1688.23,In-Store
2024-08-17,Trail Sneakers,Footwear,Germany,842.36,12,422.75,Wholesale
2024-08-17,Wireless Earbuds,Electronics,Netherlands,2314.99,20,1256.45,Online
2024-08-17,Wireless Earbuds,Electronics,Netherlands,4936.21,39,2268.56,Online
2024-08-17,Running Shoes Pro,Footwear,Netherlands,607.54,7,297.55,In-Store
2024-08-17,Yoga Mat,Fitness,Italy,1149.97,31,418.64,In-Store
2024-08-17,Running Shoes Pro,Footwear,Portugal,516.18,6,251.84,In-Store
2024-08-17,Adjustable Dumbbells,Fitness,France,2618.58,12,1353.92,Online
2024-08-17,Smartwatch Lite,Electronics,Spain,4312.5,30,2230.66,Online
2024-08-17,Yoga Mat,Fitness,Portugal,727.34,21,307.44,Wholesale
2024-08-18,Wireless Earbuds,Electronics,Netherlands,1499.84,11,684.64,Wholesale
2024-08-18,Denim Jacket,Apparel,France,1077.37,12,596.99,Wholesale
2024-08-18,Adjustable Dumbbells,Fitness,Portugal,7087.15,33,3496.58,Wholesale
2024-08-18,Adjustable Dumbbells,Fitness,Germany,2693.48,14,1529.21,Online
2024-08-18,Yoga Mat,Fitness,Portugal,689.92,20,292.79,In-Store
2024-08-18,Denim Jacket,Apparel,Spain,2433.21,30,1441.53,In-Store
2024-08-18,Trail Sneakers,Footwear,Portugal,573.23,9,319.32,In-Store
2024-08-18,Cotton T-Shirt,Apparel,Netherlands,810.68,41,316.19,In-Store
2024-08-18,Adjustable Dumbbells,Fitness,Germany,2470.47,12,1317.38,In-Store
2024-08-18,Trail Sneakers,Footwear,Italy,1509.7,19,676.38,Online
2024-08-19,Smartwatch Lite,Electronics,Germany,1579.83,11,803.78,Online
2024-08-19,Trail Sneakers,Footwear,France,1993.16,25,867.03,Online
2024-08-19,Yoga Mat,Fitness,Germany,781.69,22,310.7,Wholesale
2024-08-19,Wireless Earbuds,Electronics,Netherlands,3636.78,33,1982.05,In-Store
2024-08-19,Yoga Mat,Fitness,France,705.94,23,334.0,Wholesale
2024-08-19,Smartwatch Lite,Electronics,Italy,4122.96,27,2073.91,Wholesale
2024-08-19,Denim Jacket,Apparel,Portugal,3217.31,33,1644.77,Online
2024-08-19,Running Shoes Pro,Footwear,Netherlands,1406.08,18,764.21,In-Store
2024-08-19,Trail Sneakers,Footwear,Germany,695.86,10,332.58,Wholesale
2024-08-19,Smartwatch Lite,Electronics,Spain,5844.46,39,2921.35,Online
2024-08-19,Trail Sneakers,Footwear,Italy,2804.99,37,1328.58,Online
2024-08-19,Running Shoes Pro,Footwear,France,1977.64,21,892.05,Wholesale
2024-08-20,Running Shoes Pro,Footwear,Netherlands,2422.95,26,1090.04,In-Store
2024-08-20,Cotton T-Shirt,Apparel,Spain,1093.97,46,353.97,Online
2024-08-20,Smartwatch Lite,Electronics,Italy,2619.76,18,1294.23,Wholesale
2024-08-20,Adjustable Dumbbells,Fitness,Spain,4628.04,24,2541.15,Wholesale
2024-08-20,Adjustable Dumbbells,Fitness,France,7949.4,41,4323.95,Wholesale
2024-08-20,Smartwatch Lite,Electronics,France,4782.81,35,2649.37,In-Store
2024-08-20,Yoga Mat,Fitness,Portugal,596.99,17,227.89,Wholesale
2024-08-20,Trail Sneakers,Footwear,Italy,1269.88,20,687.56,Online
2024-08-21,Denim Jacket,Apparel,Spain,1650.43,19,935.01,Online
2024-08-21,Denim Jacket,Apparel,Netherlands,570.75,7,346.0,In-Store
2024-08-21,Smartwatch Lite,Electronics,Portugal,2665.84,17,1257.14,Online
2024-08-21,Cotton T-Shirt,Apparel,Germany,260.16,11,91.38,In-Store
2024-08-21,Cotton T-Shirt,Apparel,Portugal,1181.52,59,494.6,Online
2024-08-21,Wireless Earbuds,Electronics,Netherlands,2939.49,26,1608.58,Wholesale
2024-08-21,Trail Sneakers,Footwear,Germany,997.77,14,480.19,Wholesale
2024-08-21,Smartwatch Lite,Electronics,Italy,1773.78,12,856.6,Wholesale
2024-08-22,Smartwatch Lite,Electronics,Spain,5418.3,36,2671.9,In-Store
2024-08-22,Smartwatch Lite,Electronics,Netherlands,4106.56,29,2279.16,Wholesale
2024-08-22,Running Shoes Pro,Footwear,Spain,1214.3,15,630.18,Wholesale
2024-08-22,Adjustable Dumbbells,Fitness,Portugal,1730.28,9,1009.26,In-Store
2024-08-22,Wireless Earbuds,Electronics,Spain,1525.36,12,693.47,In-Store
2024-08-22,Denim Jacket,Apparel,France,1014.19,10,501.48,Online
2024-08-22,Wireless Earbuds,Electronics,France,1794.02,13,783.2,Online
2024-08-22,Running Shoes Pro,Footwear,Spain,1351.46,14,562.93,Online
2024-08-22,Denim Jacket,Apparel,Spain,1081.83,12,567.99,In-Store
2024-08-22,Cotton T-Shirt,Apparel,Netherlands,938.72,44,343.46,In-Store
2024-08-22,Adjustable Dumbbells,Fitness,Germany,1997.92,9,1025.83,In-Store
2024-08-23,Trail Sneakers,Footwear,Italy,2088.04,29,981.26,Online
2024-08-23,Wireless Earbuds,Electronics,Spain,2608.7,21,1275.55,Online
2024-08-23,Trail Sneakers,Footwear,Netherlands,2082.27,26,940.26,Wholesale
2024-08-23,Trail Sneakers,Footwear,Portugal,1254.44,19,642.73,Online
2024-08-23,Adjustable Dumbbells,Fitness,Spain,6709.78,33,3686.31,Online
2024-08-24,Running Shoes Pro,Footwear,France,1745.07,18,750.39,In-Store
2024-08-24,Yoga Mat,Fitness,France,1541.75,43,603.7,Wholesale
2024-08-24,Smartwatch Lite,Electronics,Germany,3021.65,18,1355.26,Online
2024-08-25,Wireless Earbuds,Electronics,Netherlands,11382.7,98,5909.97,In-Store
2024-08-25,Smartwatch Lite,Electronics,Portugal,2778.91,16,1160.99,In-Store
2024-08-25,Cotton T-Shirt,Apparel,Netherlands,577.67,28,233.11,Online
2024-08-25,Yoga Mat,Fitness,Germany,903.46,29,410.17,Wholesale
2024-08-25,Wireless Earbuds,Electronics,Netherlands,5320.54,42,2588.88,Wholesale
2024-08-25,Running Shoes Pro,Footwear,France,4062.25,42,1785.14,In-Store
2024-08-26,Denim Jacket,Apparel,Germany,2762.62,28,1280.44,Online
2024-08-26,Yoga Mat,Fitness,Spain,214.46,6,86.52,Online
2024-08-26,Wireless Earbuds,Electronics,France,277.12,2,122.49,Online
2024-08-27,Cotton T-Shirt,Apparel,France,409.21,18,146.0,Wholesale
2024-08-27,Yoga Mat,Fitness,France,726.63,19,276.46,In-Store
2024-08-27,Wireless Earbuds,Electronics,Spain,1234.75,10,590.64,Online
2024-08-27,Cotton T-Shirt,Apparel,Spain,366.65,19,154.62,Wholesale
2024-08-27,Running Shoes Pro,Footwear,Netherlands,672.47,7,291.01,Online
2024-08-27,Wireless Earbuds,Electronics,Germany,5423.97,42,2438.17,In-Store
2024-08-27,Adjustable Dumbbells,Fitness,Germany,2625.07,13,1482.07,In-Store
2024-08-28,Cotton T-Shirt,Apparel,Italy,172.93,9,70.42,Wholesale
2024-08-28,Running Shoes Pro,Footwear,Netherlands,546.99,6,263.52,Wholesale
2024-08-28,Adjustable Dumbbells,Fitness,Spain,2802.38,14,1527.73,Online
2024-08-28,Wireless Earbuds,Electronics,Portugal,948.5,8,503.66,Wholesale
2024-08-28,Cotton T-Shirt,Apparel,Germany,296.19,13,103.71,Online
2024-08-28,Running Shoes Pro,Footwear,Italy,2263.86,25,1050.0,Wholesale
2024-08-28,Trail Sneakers,Footwear,Germany,1922.84,28,936.27,In-Store
2024-08-28,Yoga Mat,Fitness,Netherlands,718.32,24,349.04,Wholesale
2024-08-28,Smartwatch Lite,Electronics,Spain,2693.61,17,1276.3,Online
2024-08-28,Adjustable Dumbbells,Fitness,Spain,5160.1,23,2631.32,In-Store
2024-08-29,Wireless Earbuds,Electronics,Netherlands,1910.31,16,953.52,In-Store
2024-08-29,Wireless Earbuds,Electronics,Italy,3094.19,22,1366.76,In-Store
2024-08-29,Adjustable Dumbbells,Fitness,Italy,9517.79,44,4634.16,Online
2024-08-29,Smartwatch Lite,Electronics,France,1405.33,9,678.55,Online
2024-08-29,Cotton T-Shirt,Apparel,France,409.91,21,169.15,Wholesale
2024-08-29,Running Shoes Pro,Footwear,France,1144.12,12,513.57,In-Store
2024-08-29,Wireless Earbuds,Electronics,Netherlands,2863.51,23,1315.67,Wholesale
2024-08-29,Denim Jacket,Apparel,Netherlands,2229.8,23,1097.66,Wholesale
2024-08-30,Denim Jacket,Apparel,Germany,1931.46,22,1045.77,In-Store
2024-08-30,Yoga Mat,Fitness,Netherlands,1571.67,47,661.85,Online
2024-08-30,Wireless Earbuds,Electronics,Spain,5115.11,42,2424.99,In-Store
2024-08-30,Trail Sneakers,Footwear,Netherlands,4489.91,64,2194.39,Wholesale
2024-08-30,Running Shoes Pro,Footwear,Italy,965.24,12,509.82,Online
2024-08-30,Yoga Mat,Fitness,Portugal,247.35,8,114.47,In-Store
2024-08-31,Wireless Earbuds,Electronics,Spain,3024.33,25,1550.47,Online
2024-08-31,Denim Jacket,Apparel,Spain,1128.71,11,529.55,Online
2024-08-31,Running Shoes Pro,Footwear,Spain,1496.14,17,716.73,In-Store
2024-08-31,Wireless Earbuds,Electronics,Italy,6310.1,53,3131.25,Wholesale
2024-08-31,Running Shoes Pro,Footwear,Netherlands,4022.37,45,1801.6,Wholesale
2024-08-31,Yoga Mat,Fitness,Germany,529.44,15,218.28,Wholesale
2024-08-31,Wireless Earbuds,Electronics,France,3686.86,32,1850.65,In-Store
2024-08-31,Cotton T-Shirt,Apparel,France,392.96,17,132.28,Wholesale
2024-08-31,Wireless Earbuds,Electronics,Germany,2234.41,16,968.63,Online
2024-09-01,Trail Sneakers,Footwear,France,2121.81,30,1004.87,In-Store
2024-09-01,Smartwatch Lite,Electronics,Portugal,5392.9,36,2573.56,In-Store
2024-09-01,Running Shoes Pro,Footwear,Italy,3247.97,41,1639.35,Wholesale
2024-09-01,Denim Jacket,Apparel,Portugal,3122.17,36,1749.84,Online
2024-09-01,Wireless Earbuds,Electronics,Portugal,5570.48,42,2615.8,Wholesale
2024-09-01,Cotton T-Shirt,Apparel,Netherlands,408.28,19,149.67,Wholesale
2024-09-01,Denim Jacket,Apparel,Italy,2541.27,27,1258.82,In-Store
2024-09-01,Running Shoes Pro,Footwear,Spain,2643.75,28,1223.35,Online
2024-09-02,Running Shoes Pro,Footwear,Portugal,2799.13,30,1242.63,In-Store
2024-09-02,Cotton T-Shirt,Apparel,Germany,403.85,21,161.37,Online
2024-09-02,Running Shoes Pro,Footwear,Netherlands,1073.63,13,553.73,In-Store
2024-09-02,Adjustable Dumbbells,Fitness,France,3252.73,18,1907.79,In-Store
2024-09-02,Wireless Earbuds,Electronics,Italy,3925.9,31,1860.52,In-Store
2024-09-02,Denim Jacket,Apparel,Portugal,1506.78,17,854.37,Online
2024-09-02,Smartwatch Lite,Electronics,Netherlands,3082.95,18,1309.78,Wholesale
2024-09-03,Smartwatch Lite,Electronics,France,1240.83,8,570.82,In-Store
2024-09-03,Cotton T-Shirt,Apparel,Germany,417.32,19,156.5,In-Store
2024-09-03,Wireless Earbuds,Electronics,Portugal,1232.58,9,544.3,Online
2024-09-03,Smartwatch Lite,Electronics,Netherlands,1857.37,11,865.82,Online
2024-09-03,Trail Sneakers,Footwear,Italy,1855.59,26,949.23,Online
2024-09-03,Yoga Mat,Fitness,Germany,1509.83,42,579.48,Online
2024-09-03,Wireless Earbuds,Electronics,Netherlands,2487.22,18,1044.9,Online
2024-09-03,Cotton T-Shirt,Apparel,Germany,482.49,25,198.72,Wholesale
2024-09-04,Adjustable Dumbbells,Fitness,Netherlands,3419.23,15,1657.09,Online
2024-09-04,Adjustable Dumbbells,Fitness,Spain,680.55,3,342.22,Online
2024-09-04,Adjustable Dumbbells,Fitness,Italy,4970.53,24,2689.32,In-Store
2024-09-04,Smartwatch Lite,Electronics,Germany,5088.14,36,2653.26,In-Store
2024-09-04,Yoga Mat,Fitness,Spain,551.66,15,205.23,In-Store
2024-09-04,Denim Jacket,Apparel,Netherlands,1740.2,17,800.01,Online
2024-09-04,Trail Sneakers,Footwear,France,1498.47,22,766.63,Online
2024-09-04,Cotton T-Shirt,Apparel,Italy,560.64,25,207.27,In-Store
2024-09-04,Smartwatch Lite,Electronics,Portugal,2561.83,17,1227.91,Online
2024-09-04,Wireless Earbuds,Electronics,Spain,3264.91,24,1452.12,Online
2024-09-04,Adjustable Dumbbells,Fitness,Spain,976.4,5,568.62,In-Store
2024-09-04,Yoga Mat,Fitness,Portugal,1196.46,39,529.93,Online
2024-09-04,Cotton T-Shirt,Apparel,France,169.69,9,71.72,Online
2024-09-04,Trail Sneakers,Footwear,Netherlands,1915.7,25,896.28,Wholesale
2024-09-05,Denim Jacket,Apparel,France,2851.13,30,1370.23,In-Store
2024-09-05,Smartwatch Lite,Electronics,Spain,4626.36,34,2459.73,Online
2024-09-05,Smartwatch Lite,Electronics,Portugal,4218.51,31,2238.37,Wholesale
2024-09-05,Wireless Earbuds,Electronics,Portugal,1618.76,14,855.64,In-Store
2024-09-05,Yoga Mat,Fitness,Netherlands,607.19,20,267.17,In-Store
2024-09-05,Yoga Mat,Fitness,Germany,796.19,22,322.53,Online
2024-09-05,Yoga Mat,Fitness,France,1740.2,52,697.94,Wholesale
2024-09-05,Denim Jacket,Apparel,Portugal,3659.14,39,1962.42,Online
2024-09-06,Running Shoes Pro,Footwear,Spain,3402.22,38,1653.09,Wholesale
2024-09-06,Adjustable Dumbbells,Fitness,Italy,2798.95,15,1674.65,Online
2024-09-06,Denim Jacket,Apparel,Portugal,1093.63,11,504.69,Online
2024-09-06,Adjustable Dumbbells,Fitness,Germany,3660.39,20,2154.83,Online
2024-09-06,Yoga Mat,Fitness,Netherlands,263.98,7,100.72,Wholesale
2024-09-06,Trail Sneakers,Footwear,Spain,788.89,10,354.34,In-Store
2024-09-07,Yoga Mat,Fitness,Spain,489.9,15,208.73,Online
2024-09-07,Smartwatch Lite,Electronics,France,3810.2,28,2081.54,In-Store
2024-09-07,Smartwatch Lite,Electronics,Netherlands,6634.24,48,3669.24,In-Store
2024-09-07,Cotton T-Shirt,Apparel,Netherlands,490.79,22,170.77,Online
2024-09-08,Adjustable Dumbbells,Fitness,Italy,5430.81,25,2859.84,Online
2024-09-08,Yoga Mat,Fitness,Netherlands,692.08,19,254.25,In-Store
2024-09-08,Denim Jacket,Apparel,Portugal,1360.24,15,699.86,In-Store
2024-09-08,Yoga Mat,Fitness,Portugal,1964.96,59,812.77,Online
2024-09-08,Trail Sneakers,Footwear,Portugal,2215.38,31,1075.71,In-Store
2024-09-08,Running Shoes Pro,Footwear,Italy,967.12,11,475.4,In-Store
2024-09-08,Cotton T-Shirt,Apparel,France,429.34,20,160.36,In-Store
2024-09-09,Running Shoes Pro,Footwear,Portugal,2120.16,22,933.63,In-Store
2024-09-09,Running Shoes Pro,Footwear,Spain,927.34,12,484.82,Wholesale
2024-09-09,Yoga Mat,Fitness,Spain,407.75,11,148.62,Wholesale
2024-09-09,Denim Jacket,Apparel,Portugal,686.15,7,325.89,Wholesale
2024-09-09,Trail Sneakers,Footwear,France,1403.99,18,617.61,In-Store
2024-09-09,Wireless Earbuds,Electronics,Portugal,3288.75,27,1551.99,In-Store
2024-09-09,Cotton T-Shirt,Apparel,Germany,380.31,17,142.59,Online
2024-09-09,Adjustable Dumbbells,Fitness,Italy,557.24,3,327.27,Online
2024-09-09,Running Shoes Pro,Footwear,France,3076.59,40,1757.68,In-Store
2024-09-10,Running Shoes Pro,Footwear,Spain,1535.19,17,707.73,Online
2024-09-10,Trail Sneakers,Footwear,Italy,1841.7,28,983.27,Online
2024-09-10,Running Shoes Pro,Footwear,Portugal,2616.98,27,1108.94,Online
2024-09-10,Adjustable Dumbbells,Fitness,Portugal,1433.46,7,745.12,In-Store
2024-09-10,Denim Jacket,Apparel,Germany,704.07,8,385.57,Wholesale
2024-09-10,Denim Jacket,Apparel,Italy,1151.19,12,592.3,In-Store
2024-09-11,Trail Sneakers,Footwear,Netherlands,321.65,5,183.38,Online
2024-09-11,Trail Sneakers,Footwear,Italy,1648.44,26,884.21,Online
2024-09-11,Denim Jacket,Apparel,France,5232.42,56,2654.88,Online
2024-09-11,Cotton T-Shirt,Apparel,Spain,83.28,4,31.26,Online
2024-09-11,Trail Sneakers,Footwear,Spain,769.12,12,437.16,Wholesale
2024-09-11,Trail Sneakers,Footwear,Germany,772.2,10,358.35,Online
2024-09-11,Running Shoes Pro,Footwear,Spain,2438.28,27,1178.78,Online
2024-09-11,Adjustable Dumbbells,Fitness,France,1859.76,10,1050.71,Wholesale
2024-09-11,Yoga Mat,Fitness,Netherlands,617.2,20,277.49,Online
2024-09-11,Trail Sneakers,Footwear,Italy,1144.75,15,510.54,Wholesale
2024-09-11,Yoga Mat,Fitness,Italy,1562.75,43,580.04,In-Store
2024-09-11,Yoga Mat,Fitness,Portugal,782.94,23,312.21,Online
2024-09-11,Trail Sneakers,Footwear,France,2221.28,33,1184.48,In-Store
2024-09-12,Trail Sneakers,Footwear,Spain,2637.02,36,1282.6,Online
2024-09-12,Denim Jacket,Apparel,Spain,605.05,6,301.02,In-Store
2024-09-12,Denim Jacket,Apparel,Spain,2060.75,20,983.03,Wholesale
2024-09-12,Yoga Mat,Fitness,Netherlands,150.83,4,57.48,Wholesale
2024-09-12,Wireless Earbuds,Electronics,Germany,4945.35,37,2316.03,Online
2024-09-12,Trail Sneakers,Footwear,Italy,1616.7,20,716.32,In-Store
2024-09-12,Adjustable Dumbbells,Fitness,France,3260.81,18,1936.65,Online
2024-09-12,Yoga Mat,Fitness,Spain,1505.88,45,634.1,Online
2024-09-12,Yoga Mat,Fitness,Spain,877.92,26,368.7,Online
2024-09-12,Denim Jacket,Apparel,Spain,2371.14,26,1248.05,In-Store
2024-09-12,Running Shoes Pro,Footwear,Portugal,1887.25,24,1015.1,Online
2024-09-13,Wireless Earbuds,Electronics,Netherlands,2737.56,21,1260.02,Wholesale
2024-09-13,Cotton T-Shirt,Apparel,France,346.51,15,125.6,Online
2024-09-13,Trail Sneakers,Footwear,Portugal,2604.22,33,1190.03,Wholesale
2024-09-13,Cotton T-Shirt,Apparel,Germany,1022.1,46,384.32,Wholesale
2024-09-14,Smartwatch Lite,Electronics,Germany,2872.12,17,1254.68,In-Store
2024-09-14,Smartwatch Lite,Electronics,Spain,7455.55,43,3144.03,In-Store
2024-09-14,Smartwatch Lite,Electronics,Germany,2239.52,14,1086.51,Wholesale
2024-09-14,Running Shoes Pro,Footwear,France,275.1,3,121.51,Wholesale
2024-09-14,Cotton T-Shirt,Apparel,Portugal,410.6,21,176.04,Online
2024-09-14,Smartwatch Lite,Electronics,Spain,2513.14,15,1134.2,Online
2024-09-15,Yoga Mat,Fitness,Germany,772.71,24,328.04,In-Store
2024-09-15,Adjustable Dumbbells,Fitness,Spain,2133.05,11,1229.59,Online
2024-09-15,Wireless Earbuds,Electronics,Spain,1454.72,12,698.8,In-Store
2024-09-15,Cotton T-Shirt,Apparel,Italy,939.83,47,361.65,Online
2024-09-15,Wireless Earbuds,Electronics,France,2299.37,17,1007.4,Wholesale
2024-09-15,Cotton T-Shirt,Apparel,Italy,249.98,11,91.87,Online
2024-09-15,Adjustable Dumbbells,Fitness,Spain,1803.43,8,894.07,In-Store
2024-09-15,Denim Jacket,Apparel,Italy,7012.99,74,3515.39,In-Store
2024-09-16,Cotton T-Shirt,Apparel,France,596.48,30,228.16,Wholesale
2024-09-16,Wireless Earbuds,Electronics,Portugal,3624.86,31,1912.25,Online
2024-09-16,Adjustable Dumbbells,Fitness,Spain,12374.57,54,6134.74,Online
2024-09-16,Cotton T-Shirt,Apparel,Netherlands,448.16,20,152.96,Online
2024-09-16,Yoga Mat,Fitness,Germany,1887.65,61,814.5,Wholesale
2024-09-16,Cotton T-Shirt,Apparel,Portugal,157.58,7,54.77,Online
2024-09-17,Yoga Mat,Fitness,France,773.61,21,303.87,Online
2024-09-17,Denim Jacket,Apparel,Germany,607.94,6,285.16,Online
2024-09-17,Wireless Earbuds,Electronics,Germany,1096.43,8,480.53,In-Store
2024-09-17,Cotton T-Shirt,Apparel,Germany,175.59,9,69.21,In-Store
2024-09-17,Adjustable Dumbbells,Fitness,France,9705.74,46,5124.25,In-Store
2024-09-17,Adjustable Dumbbells,Fitness,Italy,4971.35,23,2595.35,In-Store
2024-09-17,Cotton T-Shirt,Apparel,Italy,362.17,15,121.61,In-Store
2024-09-17,Wireless Earbuds,Electronics,Spain,7229.4,51,3016.31,In-Store
2024-09-18,Adjustable Dumbbells,Fitness,Spain,2104.78,10,1068.89,Wholesale
2024-09-18,Running Shoes Pro,Footwear,Netherlands,1584.49,19,798.43,Wholesale
2024-09-18,Smartwatch Lite,Electronics,France,2128.35,13,988.14,Online
2024-09-18,Smartwatch Lite,Electronics,Germany,4896.74,35,2589.54,In-Store
2024-09-18,Denim Jacket,Apparel,Italy,1839.18,18,857.29,Wholesale
2024-09-18,Running Shoes Pro,Footwear,Germany,518.32,6,262.79,Online
2024-09-18,Denim Jacket,Apparel,Italy,840.52,10,496.74,Online
2024-09-18,Denim Jacket,Apparel,France,1113.96,11,504.53,In-Store
2024-09-18,Cotton T-Shirt,Apparel,Netherlands,576.5,27,221.82,In-Store
2024-09-19,Cotton T-Shirt,Apparel,Portugal,262.0,11,87.55,Online
2024-09-19,Running Shoes Pro,Footwear,Portugal,1142.66,12,484.53,Wholesale
2024-09-19,Trail Sneakers,Footwear,Spain,1152.1,17,620.17,Online
2024-09-19,Wireless Earbuds,Electronics,France,1268.21,9,563.34,Online
2024-09-19,Adjustable Dumbbells,Fitness,Netherlands,1953.08,9,1027.46,Wholesale
2024-09-20,Running Shoes Pro,Footwear,Germany,2882.48,30,1320.76,Wholesale
2024-09-20,Denim Jacket,Apparel,Netherlands,1135.55,12,584.84,In-Store
2024-09-20,Trail Sneakers,Footwear,Italy,3310.01,44,1484.52,Online
2024-09-20,Smartwatch Lite,Electronics,Portugal,5064.72,35,2500.66,Wholesale
2024-09-20,Denim Jacket,Apparel,Italy,1952.07,19,949.8,In-Store
2024-09-20,Cotton T-Shirt,Apparel,Netherlands,450.13,24,198.84,In-Store
2024-09-20,Smartwatch Lite,Electronics,Spain,3493.23,22,1642.0,In-Store
2024-09-20,Denim Jacket,Apparel,Germany,1737.7,20,953.03,In-Store
2024-09-20,Smartwatch Lite,Electronics,France,1941.62,13,952.07,Online
2024-09-20,Adjustable Dumbbells,Fitness,France,7260.2,38,4092.76,Wholesale
2024-09-20,Denim Jacket,Apparel,France,4862.72,48,2195.01,Wholesale
2024-09-20,Running Shoes Pro,Footwear,Italy,1321.97,15,620.13,Online
2024-09-20,Cotton T-Shirt,Apparel,Portugal,275.62,12,98.25,Online
2024-09-20,Trail Sneakers,Footwear,Netherlands,1920.82,25,842.69,In-Store
2024-09-20,Yoga Mat,Fitness,Spain,606.28,20,273.11,In-Store
2024-09-20,Smartwatch Lite,Electronics,Spain,1055.63,7,551.24,Wholesale
2024-09-20,Cotton T-Shirt,Apparel,Italy,309.78,16,122.42,Online
2024-09-21,Denim Jacket,Apparel,Netherlands,2796.59,27,1351.1,Wholesale
2024-09-21,Wireless Earbuds,Electronics,Netherlands,3194.62,29,1811.94,In-Store
2024-09-21,Yoga Mat,Fitness,Germany,547.47,18,247.82,Online
2024-09-21,Denim Jacket,Apparel,France,353.98,4,198.92,In-Store
2024-09-21,Running Shoes Pro,Footwear,Germany,883.14,10,405.57,Wholesale
2024-09-21,Adjustable Dumbbells,Fitness,Portugal,1929.46,10,1060.25,Online
2024-09-21,Yoga Mat,Fitness,France,1492.5,44,606.25,Wholesale
2024-09-21,Cotton T-Shirt,Apparel,Germany,351.86,18,144.41,In-Store
2024-09-21,Yoga Mat,Fitness,Spain,1165.35,32,431.89,In-Store
2024-09-22,Wireless Earbuds,Electronics,Germany,2108.84,16,944.8,Online
2024-09-22,Smartwatch Lite,Electronics,Netherlands,4639.92,28,2148.47,In-Store
2024-09-22,Cotton T-Shirt,Apparel,Spain,388.56,17,132.87,Wholesale
2024-09-22,Wireless Earbuds,Electronics,Spain,2003.96,17,993.05,In-Store
2024-09-22,Smartwatch Lite,Electronics,Portugal,4078.67,28,2143.9,Online
2024-09-22,Trail Sneakers,Footwear,France,782.75,11,375.09,In-Store
2024-09-22,Running Shoes Pro,Footwear,Italy,2638.41,32,1315.08,In-Store
2024-09-22,Running Shoes Pro,Footwear,France,1632.65,21,920.18,Online
2024-09-22,Adjustable Dumbbells,Fitness,Portugal,2721.83,15,1708.35,Wholesale
2024-09-22,Smartwatch Lite,Electronics,Germany,1150.13,7,537.04,Online
2024-09-22,Trail Sneakers,Footwear,France,1316.31,18,651.91,Wholesale
2024-09-23,Smartwatch Lite,Electronics,Netherlands,6251.07,39,2824.0,Online
2024-09-23,Yoga Mat,Fitness,Italy,703.33,23,308.88,Online
2024-09-23,Adjustable Dumbbells,Fitness,Germany,2751.27,14,1614.77,In-Store
2024-09-23,Adjustable Dumbbells,Fitness,Netherlands,3089.14,14,1548.15,In-Store
2024-09-23,Cotton T-Shirt,Apparel,Germany,391.52,20,152.0,Wholesale
2024-09-23,Wireless Earbuds,Electronics,Germany,3627.15,27,1616.52,Online
2024-09-23,Denim Jacket,Apparel,Germany,1566.35,19,911.85,In-Store
2024-09-23,Smartwatch Lite,Electronics,Spain,271.76,2,143.93,In-Store
2024-09-23,Wireless Earbuds,Electronics,France,3302.91,27,1558.1,Online
2024-09-24,Denim Jacket,Apparel,Portugal,4642.86,57,2869.97,Online
2024-09-24,Cotton T-Shirt,Apparel,Portugal,835.23,44,337.58,In-Store
2024-09-24,Trail Sneakers,Footwear,Netherlands,989.47,14,487.85,Wholesale
2024-09-25,Yoga Mat,Fitness,Italy,207.01,6,85.96,In-Store
2024-09-25,Yoga Mat,Fitness,Spain,333.52,10,133.63,Online
2024-09-25,Wireless Earbuds,Electronics,Spain,3981.46,30,1756.19,Online
2024-09-25,Denim Jacket,Apparel,France,2817.14,27,1277.58,Wholesale
2024-09-25,Adjustable Dumbbells,Fitness,Italy,4304.32,23,2422.34,Wholesale
2024-09-25,Smartwatch Lite,Electronics,Italy,3871.4,24,1733.15,Wholesale
2024-09-25,Adjustable Dumbbells,Fitness,Germany,8393.55,39,4185.08,Wholesale
2024-09-25,Yoga Mat,Fitness,France,658.36,19,266.97,In-Store
2024-09-25,Trail Sneakers,Footwear,Italy,1827.08,28,956.45,Online
2024-09-25,Running Shoes Pro,Footwear,France,1502.59,17,721.74,Online
2024-09-25,Adjustable Dumbbells,Fitness,Netherlands,7122.94,33,3516.09,Online
2024-09-25,Wireless Earbuds,Electronics,Italy,4354.19,32,1845.52,Wholesale
2024-09-26,Yoga Mat,Fitness,Italy,370.47,12,172.72,Online
2024-09-26,Smartwatch Lite,Electronics,France,10141.45,60,4649.56,Wholesale
2024-09-26,Trail Sneakers,Footwear,Italy,539.72,7,240.37,Wholesale
2024-09-26,Trail Sneakers,Footwear,Netherlands,1907.05,30,1011.43,Online
2024-09-26,Wireless Earbuds,Electronics,Netherlands,3040.15,24,1461.41,Wholesale
2024-09-26,Smartwatch Lite,Electronics,Germany,1023.27,7,502.67,Wholesale
2024-09-26,Cotton T-Shirt,Apparel,Italy,94.75,4,33.24,In-Store
2024-09-27,Yoga Mat,Fitness,Portugal,153.42,4,53.73,Online
2024-09-27,Yoga Mat,Fitness,France,1058.45,29,400.56,In-Store
2024-09-27,Smartwatch Lite,Electronics,Portugal,3481.11,23,1780.61,Online
2024-09-27,Wireless Earbuds,Electronics,Portugal,3091.41,26,1502.28,Wholesale
2024-09-27,Trail Sneakers,Footwear,Spain,1403.12,19,691.21,In-Store
2024-09-27,Wireless Earbuds,Electronics,Spain,3160.11,23,1400.48,Online
2024-09-27,Wireless Earbuds,Electronics,Portugal,1249.18,9,521.91,In-Store
2024-09-27,Yoga Mat,Fitness,France,1239.39,33,475.45,Online
2024-09-27,Trail Sneakers,Footwear,Portugal,1319.1,17,582.89,Wholesale
2024-09-28,Denim Jacket,Apparel,Spain,1338.43,13,599.0,In-Store
2024-09-28,Trail Sneakers,Footwear,Spain,2105.15,28,954.32,Online
2024-09-28,Smartwatch Lite,Electronics,Spain,2170.73,13,1011.1,In-Store
2024-09-28,Cotton T-Shirt,Apparel,France,241.55,12,100.72,Wholesale
2024-09-28,Running Shoes Pro,Footwear,Portugal,1441.26,16,694.17,In-Store
2024-09-28,Adjustable Dumbbells,Fitness,Germany,11513.85,64,6707.83,Online
2024-09-29,Wireless Earbuds,Electronics,Spain,1963.5,16,995.15,In-Store
2024-09-29,Trail Sneakers,Footwear,Germany,735.77,11,375.62,In-Store
2024-09-29,Denim Jacket,Apparel,Portugal,1242.32,15,755.84,Wholesale
2024-09-29,Yoga Mat,Fitness,Italy,1406.04,44,634.78,Wholesale
2024-09-29,Cotton T-Shirt,Apparel,Spain,375.62,18,138.52,In-Store
2024-09-29,Yoga Mat,Fitness,France,854.84,23,313.55,In-Store
2024-09-29,Running Shoes Pro,Footwear,Portugal,2863.05,32,1359.84,Wholesale
2024-09-29,Trail Sneakers,Footwear,Germany,1661.77,21,718.52,In-Store
2024-09-29,Wireless Earbuds,Electronics,Netherlands,839.96,7,420.85,Online
2024-09-29,Trail Sneakers,Footwear,Germany,3067.09,46,1654.94,Wholesale
2024-09-29,Running Shoes Pro,Footwear,France,1528.45,19,762.93,In-Store
2024-09-29,Cotton T-Shirt,Apparel,France,579.81,30,250.31,In-Store
2024-09-29,Wireless Earbuds,Electronics,Spain,2123.88,15,857.95,Online
2024-09-30,Denim Jacket,Apparel,Spain,1638.51,19,911.81,Online
2024-09-30,Smartwatch Lite,Electronics,Spain,2698.29,17,1253.08,Online
2024-09-30,Adjustable Dumbbells,Fitness,Italy,2091.55,11,1238.32,Wholesale
2024-09-30,Wireless Earbuds,Electronics,France,4443.55,40,2301.31,In-Store
2024-09-30,Smartwatch Lite,Electronics,Netherlands,7410.62,45,3527.13,Online
2024-09-30,Adjustable Dumbbells,Fitness,Portugal,2066.85,9,1009.78,Online
2024-09-30,Smartwatch Lite,Electronics,Spain,4957.42,34,2577.11,Wholesale
2024-09-30,Running Shoes Pro,Footwear,Italy,2626.75,32,1397.14,Online
2024-09-30,Yoga Mat,Fitness,Netherlands,398.6,12,170.98,Online
2024-09-30,Cotton T-Shirt,Apparel,Italy,253.22,13,107.46,In-Store
2024-10-01,Adjustable Dumbbells,Fitness,Netherlands,9194.04,49,5382.55,In-Store
2024-10-01,Trail Sneakers,Footwear,France,1233.53,18,653.92,Online
2024-10-01,Trail Sneakers,Footwear,Netherlands,133.97,2,71.09,Wholesale
2024-10-01,Smartwatch Lite,Electronics,Portugal,3614.02,25,1828.01,Wholesale
2024-10-01,Denim Jacket,Apparel,France,3693.73,41,2040.96,Online
2024-10-01,Adjustable Dumbbells,Fitness,Netherlands,574.41,3,327.21,Online
2024-10-01,Trail Sneakers,Footwear,Netherlands,2757.26,34,1219.93,Online
2024-10-01,Smartwatch Lite,Electronics,Netherlands,4800.79,28,2103.75,Online
2024-10-01,Smartwatch Lite,Electronics,Spain,4227.15,26,1884.36,Online
2024-10-01,Wireless Earbuds,Electronics,France,3359.24,26,1492.35,In-Store
2024-10-01,Yoga Mat,Fitness,France,747.02,24,343.4,In-Store
2024-10-01,Adjustable Dumbbells,Fitness,Italy,8161.66,39,4316.12,Online
2024-10-01,Yoga Mat,Fitness,Portugal,454.28,12,171.58,Wholesale
2024-10-02,Cotton T-Shirt,Apparel,Netherlands,542.1,26,213.69,Online
2024-10-02,Cotton T-Shirt,Apparel,Portugal,570.05,24,199.46,Wholesale
2024-10-02,Denim Jacket,Apparel,Italy,2707.37,29,1392.77,Online
2024-10-02,Running Shoes Pro,Footwear,Spain,1214.63,13,560.94,Wholesale
2024-10-02,Wireless Earbuds,Electronics,Italy,4235.17,33,2004.01,In-Store
2024-10-02,Cotton T-Shirt,Apparel,Portugal,37.84,2,15.81,Online
2024-10-02,Cotton T-Shirt,Apparel,France,302.68,15,118.34,Online
2024-10-02,Running Shoes Pro,Footwear,Portugal,1088.83,13,543.29,Online
2024-10-02,Denim Jacket,Apparel,Portugal,3036.24,37,1860.66,Online
2024-10-02,Cotton T-Shirt,Apparel,France,297.93,13,105.34,Online
2024-10-02,Wireless Earbuds,Electronics,Germany,1848.96,15,917.69,In-Store
2024-10-03,Denim Jacket,Apparel,Netherlands,2494.65,24,1195.18,Wholesale
2024-10-03,Trail Sneakers,Footwear,Germany,1743.81,23,794.67,Online
2024-10-03,Wireless Earbuds,Electronics,Italy,3012.14,22,1290.56,Online
2024-10-03,Wireless Earbuds,Electronics,Italy,1054.74,9,549.19,In-Store
2024-10-03,Yoga Mat,Fitness,Italy,314.68,10,143.14,Wholesale
2024-10-03,Yoga Mat,Fitness,France,1672.51,46,623.77,In-Store
2024-10-03,Smartwatch Lite,Electronics,Netherlands,6363.32,45,3299.69,In-Store
2024-10-03,Smartwatch Lite,Electronics,Italy,713.11,5,371.45,Online
2024-10-03,Adjustable Dumbbells,Fitness,Germany,2550.85,13,1492.29,Wholesale
2024-10-03,Adjustable Dumbbells,Fitness,Netherlands,10130.98,53,5777.07,Wholesale
2024-10-03,Running Shoes Pro,Footwear,Germany,722.52,9,385.87,Online
2024-10-03,Yoga Mat,Fitness,Italy,580.83,17,246.63,In-Store
2024-10-04,Yoga Mat,Fitness,France,288.82,8,107.64,In-Store
2024-10-04,Adjustable Dumbbells,Fitness,Italy,4223.85,23,2642.75,Online
2024-10-04,Running Shoes Pro,Footwear,Spain,2740.66,29,1218.23,Wholesale
2024-10-04,Running Shoes Pro,Footwear,France,982.9,12,500.05,Online
2024-10-04,Trail Sneakers,Footwear,France,1496.37,22,750.96,In-Store
2024-10-04,Wireless Earbuds,Electronics,Spain,4065.13,31,1876.5,In-Store
2024-10-04,Cotton T-Shirt,Apparel,France,195.67,10,78.91,Wholesale
2024-10-04,Trail Sneakers,Footwear,Germany,1350.84,18,598.5,Wholesale
2024-10-04,Wireless Earbuds,Electronics,Spain,3849.24,28,1650.77,Online
2024-10-04,Denim Jacket,Apparel,France,1915.5,20,977.08,In-Store
2024-10-04,Running Shoes Pro,Footwear,France,1990.65,24,1008.25,Online
2024-10-04,Running Shoes Pro,Footwear,Spain,2073.76,25,1083.77,In-Store
2024-10-04,Wireless Earbuds,Electronics,Germany,1225.8,10,621.04,In-Store
2024-10-05,Adjustable Dumbbells,Fitness,Italy,2399.51,13,1468.95,Wholesale
2024-10-05,Wireless Earbuds,Electronics,Italy,2455.27,20,1169.68,Online
2024-10-05,Denim Jacket,Apparel,Italy,4041.93,46,2316.58,In-Store
2024-10-05,Smartwatch Lite,Electronics,Netherlands,4249.29,25,1949.97,Wholesale
2024-10-05,Running Shoes Pro,Footwear,Germany,767.74,10,423.97,In-Store
2024-10-05,Adjustable Dumbbells,Fitness,Portugal,2200.2,11,1212.88,In-Store
2024-10-05,Wireless Earbuds,Electronics,France,1699.15,15,920.81,In-Store
2024-10-05,Smartwatch Lite,Electronics,Italy,3203.03,21,1652.25,Wholesale
2024-10-05,Smartwatch Lite,Electronics,Germany,4430.68,26,1858.91,Wholesale
2024-10-06,Denim Jacket,Apparel,Germany,1292.63,16,755.15,Wholesale
2024-10-06,Wireless Earbuds,Electronics,Germany,5912.61,45,2706.78,Wholesale
2024-10-06,Adjustable Dumbbells,Fitness,Germany,11529.8,52,5474.13,Online
2024-10-06,Yoga Mat,Fitness,Portugal,1165.1,36,492.69,In-Store
2024-10-06,Adjustable Dumbbells,Fitness,Italy,2958.55,15,1654.1,In-Store
2024-10-06,Trail Sneakers,Footwear,France,615.27,9,312.65,Online
2024-10-07,Running Shoes Pro,Footwear,Germany,3525.23,40,1756.82,Online
2024-10-07,Yoga Mat,Fitness,Spain,556.12,16,233.5,In-Store
2024-10-07,Trail Sneakers,Footwear,France,993.99,15,537.16,In-Store
2024-10-07,Denim Jacket,Apparel,Germany,1203.84,13,621.66,Wholesale
2024-10-07,Cotton T-Shirt,Apparel,France,782.44,41,334.94,Wholesale
2024-10-07,Denim Jacket,Apparel,Germany,1511.06,15,714.25,Online
2024-10-07,Yoga Mat,Fitness,Spain,587.63,16,215.27,Wholesale
2024-10-07,Smartwatch Lite,Electronics,Netherlands,5762.65,38,2848.98,Online
2024-10-08,Smartwatch Lite,Electronics,Germany,6975.7,44,3194.49,In-Store
2024-10-08,Running Shoes Pro,Footwear,Netherlands,1923.2,23,960.14,In-Store
2024-10-08,Yoga Mat,Fitness,Italy,152.69,5,67.01,Wholesale
2024-10-08,Trail Sneakers,Footwear,Germany,2162.12,31,1088.75,Online
2024-10-08,Adjustable Dumbbells,Fitness,Netherlands,5055.05,22,2456.33,Online
2024-10-08,Denim Jacket,Apparel,France,2477.77,26,1284.32,In-Store
2024-10-08,Smartwatch Lite,Electronics,Italy,3994.38,25,1803.06,Wholesale
2024-10-08,Denim Jacket,Apparel,Portugal,2252.07,23,1073.63,In-Store
2024-10-09,Wireless Earbuds,Electronics,Italy,4511.69,32,1952.83,Online
2024-10-09,Wireless Earbuds,Electronics,Spain,3509.04,25,1516.91,Wholesale
2024-10-09,Cotton T-Shirt,Apparel,Germany,155.17,7,55.13,In-Store
2024-10-09,Trail Sneakers,Footwear,Portugal,763.29,12,430.65,Online
2024-10-09,Wireless Earbuds,Electronics,Germany,1001.06,8,503.89,Online
2024-10-09,Yoga Mat,Fitness,Netherlands,560.42,15,218.76,In-Store
2024-10-09,Yoga Mat,Fitness,France,552.26,18,263.72,Wholesale
2024-10-09,Wireless Earbuds,Electronics,France,4372.04,31,1890.06,Wholesale
2024-10-09,Adjustable Dumbbells,Fitness,France,1786.04,8,914.83,In-Store
2024-10-09,Running Shoes Pro,Footwear,Germany,3254.26,34,1448.33,In-Store
2024-10-09,Wireless Earbuds,Electronics,France,699.45,6,350.68,In-Store
2024-10-09,Cotton T-Shirt,Apparel,Netherlands,233.53,10,76.07,In-Store
2024-10-09,Wireless Earbuds,Electronics,Portugal,2535.52,19,1144.66,In-Store
2024-10-09,Smartwatch Lite,Electronics,Germany,6257.74,38,2865.77,Wholesale
2024-10-10,Denim Jacket,Apparel,Portugal,2710.96,27,1251.06,Online
2024-10-10,Denim Jacket,Apparel,Portugal,2655.01,27,1267.81,In-Store
2024-10-10,Cotton T-Shirt,Apparel,Portugal,555.74,24,199.29,Online
2024-10-10,Cotton T-Shirt,Apparel,Netherlands,80.77,4,31.98,Wholesale
2024-10-10,Running Shoes Pro,Footwear,France,793.12,9,372.73,In-Store
2024-10-10,Yoga Mat,Fitness,Italy,1518.19,44,585.5,Online
2024-10-10,Running Shoes Pro,Footwear,Netherlands,1535.9,16,675.81,In-Store
2024-10-10,Yoga Mat,Fitness,Italy,154.59,5,69.05,In-Store
2024-10-10,Trail Sneakers,Footwear,Spain,1497.98,20,700.98,Online
2024-10-10,Smartwatch Lite,Electronics,Netherlands,3834.51,26,2035.14,In-Store
2024-10-10,Yoga Mat,Fitness,France,264.99,8,114.29,In-Store
2024-10-11,Running Shoes Pro,Footwear,Portugal,2060.57,22,963.77,Online
2024-10-11,Denim Jacket,Apparel,Portugal,1358.87,14,641.43,Wholesale
2024-10-11,Cotton T-Shirt,Apparel,Spain,445.71,19,156.89,In-Store
2024-10-11,Adjustable Dumbbells,Fitness,Italy,2310.0,11,1270.28,Online
2024-10-11,Denim Jacket,Apparel,France,1215.68,13,633.6,Wholesale
2024-10-11,Yoga Mat,Fitness,Spain,281.23,8,106.53,In-Store
2024-10-11,Smartwatch Lite,Electronics,France,6099.55,38,2842.82,In-Store
2024-10-11,Wireless Earbuds,Electronics,Spain,3001.25,24,1425.32,In-Store
2024-10-11,Denim Jacket,Apparel,Portugal,1142.2,11,538.99,Wholesale
2024-10-12,Denim Jacket,Apparel,France,686.13,8,369.74,Wholesale
2024-10-12,Denim Jacket,Apparel,Spain,960.42,10,463.88,Online
2024-10-12,Denim Jacket,Apparel,Portugal,4494.47,55,2649.74,Wholesale
2024-10-13,Smartwatch Lite,Electronics,Italy,1430.06,10,731.77,Wholesale
2024-10-13,Running Shoes Pro,Footwear,France,2993.31,33,1425.08,In-Store
2024-10-13,Wireless Earbuds,Electronics,Italy,2114.68,15,892.79,Online
2024-10-13,Running Shoes Pro,Footwear,Portugal,1024.26,11,469.08,Wholesale
2024-10-13,Running Shoes Pro,Footwear,France,3253.2,37,1507.61,Wholesale
2024-10-13,Adjustable Dumbbells,Fitness,Germany,4836.41,24,2705.89,Online
2024-10-13,Smartwatch Lite,Electronics,Italy,4808.37,31,2394.31,In-Store
2024-10-13,Trail Sneakers,Footwear,Portugal,713.87,11,368.34,In-Store
2024-10-13,Adjustable Dumbbells,Fitness,Germany,3986.51,18,1884.81,Wholesale
2024-10-13,Wireless Earbuds,Electronics,Portugal,1342.49,12,744.73,In-Store
2024-10-13,Cotton T-Shirt,Apparel,Italy,1231.68,51,392.97,Wholesale
2024-10-14,Trail Sneakers,Footwear,Italy,2023.0,30,1081.65,In-Store
2024-10-14,Adjustable Dumbbells,Fitness,France,3909.88,21,2209.03,Online
2024-10-14,Adjustable Dumbbells,Fitness,Italy,8688.53,45,4761.45,In-Store
2024-10-14,Cotton T-Shirt,Apparel,Spain,44.83,2,15.71,In-Store
2024-10-14,Smartwatch Lite,Electronics,France,8312.69,53,4021.54,Online
2024-10-14,Smartwatch Lite,Electronics,Portugal,5311.12,34,2671.61,Online
2024-10-14,Running Shoes Pro,Footwear,France,2651.24,28,1205.34,In-Store
2024-10-14,Running Shoes Pro,Footwear,Italy,2608.09,30,1250.47,Online
2024-10-14,Wireless Earbuds,Electronics,France,2167.55,16,922.61,In-Store
2024-10-14,Wireless Earbuds,Electronics,France,2114.95,15,877.25,Online
2024-10-14,Trail Sneakers,Footwear,Netherlands,1550.44,23,802.82,Online
2024-10-14,Smartwatch Lite,Electronics,Netherlands,1825.29,13,998.72,In-Store
2024-10-14,Adjustable Dumbbells,Fitness,Spain,4501.76,20,2131.68,Online
2024-10-14,Cotton T-Shirt,Apparel,Italy,646.86,29,235.67,In-Store
2024-10-15,Smartwatch Lite,Electronics,France,2220.26,13,940.49,Wholesale
2024-10-15,Cotton T-Shirt,Apparel,Germany,1111.95,50,383.68,Wholesale
2024-10-15,Wireless Earbuds,Electronics,France,4259.73,32,1937.72,Wholesale
2024-10-15,Running Shoes Pro,Footwear,Portugal,940.03,10,430.58,In-Store
2024-10-15,Cotton T-Shirt,Apparel,Netherlands,296.66,15,116.04,In-Store
2024-10-15,Denim Jacket,Apparel,Portugal,2156.06,25,1218.91,Wholesale
2024-10-15,Denim Jacket,Apparel,Italy,1940.5,22,1102.08,Wholesale
2024-10-15,Cotton T-Shirt,Apparel,Netherlands,211.2,10,78.37,Wholesale
2024-10-15,Adjustable Dumbbells,Fitness,Netherlands,1584.64,8,874.8,In-Store
2024-10-15,Denim Jacket,Apparel,Italy,2205.67,26,1219.49,Wholesale
2024-10-15,Wireless Earbuds,Electronics,Portugal,3744.18,30,1795.7,In-Store
2024-10-16,Running Shoes Pro,Footwear,France,2448.28,32,1358.99,Wholesale
2024-10-16,Cotton T-Shirt,Apparel,Germany,376.42,17,135.97,Online
2024-10-16,Cotton T-Shirt,Apparel,Germany,558.75,26,201.58,Wholesale
2024-10-16,Denim Jacket,Apparel,Germany,2916.87,36,1671.35,In-Store
2024-10-16,Denim Jacket,Apparel,France,845.94,10,494.73,Wholesale
2024-10-16,Adjustable Dumbbells,Fitness,Germany,3938.19,19,2046.42,In-Store
2024-10-16,Smartwatch Lite,Electronics,Germany,3458.07,20,1524.67,In-Store
2024-10-17,Cotton T-Shirt,Apparel,Germany,838.14,35,293.12,Wholesale
2024-10-17,Wireless Earbuds,Electronics,Italy,1568.07,12,712.74,In-Store
2024-10-17,Yoga Mat,Fitness,Germany,1157.11,32,458.11,In-Store
2024-10-17,Trail Sneakers,Footwear,Portugal,2257.72,33,1198.35,Wholesale
2024-10-17,Trail Sneakers,Footwear,Portugal,1456.85,22,763.34,Online
2024-10-17,Cotton T-Shirt,Apparel,Portugal,668.05,31,252.17,Online
2024-10-17,Running Shoes Pro,Footwear,Portugal,3933.7,41,1784.18,Wholesale
2024-10-17,Running Shoes Pro,Footwear,Netherlands,1564.36,16,679.04,Online
2024-10-17,Yoga Mat,Fitness,France,467.03,13,186.61,Online
2024-10-18,Running Shoes Pro,Footwear,Netherlands,2373.23,26,1096.97,Online
2024-10-18,Wireless Earbuds,Electronics,Netherlands,3105.19,28,1705.83,Online
2024-10-18,Wireless Earbuds,Electronics,Portugal,1726.92,13,770.49,In-Store
2024-10-18,Trail Sneakers,Footwear,Italy,1848.0,23,777.72,In-Store
2024-10-18,Adjustable Dumbbells,Fitness,Portugal,4170.66,21,2202.79,Online
2024-10-18,Smartwatch Lite,Electronics,Spain,819.58,6,434.31,Wholesale
2024-10-18,Running Shoes Pro,Footwear,France,2002.43,24,984.29,In-Store
2024-10-19,Yoga Mat,Fitness,Portugal,1639.62,48,655.73,Wholesale
2024-10-19,Smartwatch Lite,Electronics,France,697.04,5,389.9,In-Store
2024-10-19,Trail Sneakers,Footwear,Germany,2054.29,26,865.31,In-Store
2024-10-19,Running Shoes Pro,Footwear,France,801.06,10,399.91,In-Store
2024-10-20,Adjustable Dumbbells,Fitness,Spain,1987.85,9,991.02,Online
2024-10-20,Adjustable Dumbbells,Fitness,France,4251.28,21,2339.63,Online
2024-10-20,Running Shoes Pro,Footwear,Germany,2398.67,26,1059.28,Wholesale
2024-10-20,Adjustable Dumbbells,Fitness,France,4290.19,23,2655.47,In-Store
2024-10-20,Trail Sneakers,Footwear,Netherlands,2088.38,28,1005.22,Wholesale
2024-10-20,Denim Jacket,Apparel,Spain,1253.89,12,570.83,Wholesale
2024-10-20,Trail Sneakers,Footwear,Spain,675.19,10,346.95,In-Store
2024-10-20,Denim Jacket,Apparel,France,2852.01,33,1569.24,Wholesale
2024-10-20,Smartwatch Lite,Electronics,Spain,6923.6,40,2944.56,In-Store
2024-10-20,Smartwatch Lite,Electronics,Germany,1567.44,9,649.33,In-Store
2024-10-21,Running Shoes Pro,Footwear,Italy,1543.71,18,779.55,In-Store
2024-10-21,Wireless Earbuds,Electronics,Portugal,6143.23,49,3061.79,Wholesale
2024-10-21,Cotton T-Shirt,Apparel,France,530.27,26,216.46,Wholesale
2024-10-21,Trail Sneakers,Footwear,Netherlands,2000.63,26,942.75,Online
2024-10-21,Cotton T-Shirt,Apparel,Portugal,687.1,36,278.84,In-Store
2024-10-21,Trail Sneakers,Footwear,Netherlands,1622.32,24,856.85,In-Store
2024-10-21,Wireless Earbuds,Electronics,Italy,2561.05,19,1107.11,Online
2024-10-21,Wireless Earbuds,Electronics,France,2184.14,18,1068.84,Online
2024-10-21,Wireless Earbuds,Electronics,Portugal,4522.87,40,2483.24,Online
2024-10-22,Wireless Earbuds,Electronics,France,1229.34,10,596.19,Online
2024-10-22,Cotton T-Shirt,Apparel,Spain,589.05,26,199.61,Online
2024-10-22,Smartwatch Lite,Electronics,Portugal,1706.37,11,787.68,Online
2024-10-22,Running Shoes Pro,Footwear,Italy,4027.59,43,1731.35,Online
2024-10-23,Denim Jacket,Apparel,Portugal,2175.33,22,1047.3,Wholesale
2024-10-23,Trail Sneakers,Footwear,France,1861.14,23,815.39,Wholesale
2024-10-23,Smartwatch Lite,Electronics,Germany,1030.07,6,449.3,Online
2024-10-23,Running Shoes Pro,Footwear,Spain,654.39,8,333.2,In-Store
2024-10-23,Adjustable Dumbbells,Fitness,Spain,5166.87,23,2623.77,In-Store
2024-10-23,Running Shoes Pro,Footwear,Portugal,1202.7,13,564.21,In-Store
2024-10-24,Denim Jacket,Apparel,Portugal,968.72,11,552.54,In-Store
2024-10-24,Trail Sneakers,Footwear,Netherlands,1708.94,21,714.71,In-Store
2024-10-24,Smartwatch Lite,Electronics,Italy,1805.76,13,933.22,In-Store
2024-10-24,Yoga Mat,Fitness,France,376.8,12,171.69,Wholesale
2024-10-24,Yoga Mat,Fitness,France,1516.56,40,544.39,Online
2024-10-24,Yoga Mat,Fitness,Italy,737.67,22,315.72,In-Store
2024-10-24,Wireless Earbuds,Electronics,Germany,3453.53,31,1855.99,Online
2024-10-24,Running Shoes Pro,Footwear,Italy,326.39,4,163.33,In-Store
2024-10-25,Smartwatch Lite,Electronics,Portugal,2855.12,20,1428.73,Wholesale
2024-10-25,Cotton T-Shirt,Apparel,Portugal,575.41,26,200.53,Wholesale
2024-10-25,Running Shoes Pro,Footwear,Germany,1058.76,13,543.33,Online
2024-10-25,Adjustable Dumbbells,Fitness,Spain,2530.52,14,1518.25,Wholesale
2024-10-25,Wireless Earbuds,Electronics,Netherlands,7011.72,51,3132.26,Online
2024-10-25,Denim Jacket,Apparel,France,1334.27,13,631.57,Wholesale
2024-10-25,Cotton T-Shirt,Apparel,Netherlands,1296.65,60,474.31,Wholesale
2024-10-25,Yoga Mat,Fitness,France,827.23,23,335.45,Wholesale
2024-10-25,Denim Jacket,Apparel,France,951.71,11,542.9,In-Store
2024-10-25,Denim Jacket,Apparel,Spain,656.03,8,399.12,Wholesale
2024-10-25,Wireless Earbuds,Electronics,Italy,4105.44,35,2008.38,In-Store
2024-10-25,Cotton T-Shirt,Apparel,Spain,219.9,10,76.09,Online
2024-10-26,Adjustable Dumbbells,Fitness,Germany,5561.65,30,3345.65,Wholesale
2024-10-26,Wireless Earbuds,Electronics,France,6101.23,46,2654.48,In-Store
2024-10-26,Adjustable Dumbbells,Fitness,France,5924.38,30,3441.82,In-Store
2024-10-26,Cotton T-Shirt,Apparel,Netherlands,225.31,12,98.52,Online
2024-10-26,Yoga Mat,Fitness,Netherlands,796.45,22,314.17,In-Store
2024-10-26,Cotton T-Shirt,Apparel,Italy,460.5,24,194.04,In-Store
2024-10-27,Denim Jacket,Apparel,France,1531.5,16,737.32,Wholesale
2024-10-27,Running Shoes Pro,Footwear,France,1146.24,12,510.12,Online
2024-10-27,Smartwatch Lite,Electronics,Italy,4237.1,30,2292.77,Wholesale
2024-10-27,Trail Sneakers,Footwear,Germany,2539.65,36,1242.16,Wholesale
2024-10-27,Smartwatch Lite,Electronics,Netherlands,1534.11,9,668.98,Online
2024-10-27,Running Shoes Pro,Footwear,Netherlands,2735.63,30,1321.33,Wholesale
2024-10-27,Wireless Earbuds,Electronics,France,1770.08,16,931.96,In-Store
2024-10-27,Wireless Earbuds,Electronics,Netherlands,5054.14,36,2073.61,In-Store
2024-10-28,Yoga Mat,Fitness,Netherlands,1363.2,36,514.4,Online
2024-10-28,Yoga Mat,Fitness,France,1731.57,47,647.14,Wholesale
2024-10-28,Smartwatch Lite,Electronics,Italy,1288.2,9,662.84,Online
2024-10-28,Cotton T-Shirt,Apparel,France,261.88,11,90.62,Online
2024-10-28,Running Shoes Pro,Footwear,Germany,804.77,10,410.07,Online
2024-10-28,Adjustable Dumbbells,Fitness,Germany,4441.19,21,2395.32,In-Store
2024-10-29,Yoga Mat,Fitness,Netherlands,370.67,11,149.69,In-Store
2024-10-29,Cotton T-Shirt,Apparel,Portugal,342.04,15,117.75,Wholesale
2024-10-29,Yoga Mat,Fitness,Netherlands,507.68,14,188.93,Wholesale
2024-10-29,Wireless Earbuds,Electronics,Netherlands,1307.43,10,599.69,Wholesale
2024-10-29,Smartwatch Lite,Electronics,Italy,3115.73,21,1586.39,Wholesale
2024-10-29,Wireless Earbuds,Electronics,Italy,4981.4,40,2433.67,Wholesale
2024-10-29,Adjustable Dumbbells,Fitness,Spain,2321.63,11,1226.84,Wholesale
2024-10-30,Denim Jacket,Apparel,France,2794.68,28,1319.53,Wholesale
2024-10-30,Denim Jacket,Apparel,Netherlands,2282.97,23,1081.1,Wholesale
2024-10-31,Yoga Mat,Fitness,Netherlands,268.39,7,100.59,In-Store
2024-10-31,Adjustable Dumbbells,Fitness,Netherlands,5367.82,28,3044.02,Online
2024-10-31,Running Shoes Pro,Footwear,Germany,361.77,4,175.82,Online
2024-10-31,Running Shoes Pro,Footwear,Netherlands,1386.98,18,791.44,In-Store
2024-10-31,Denim Jacket,Apparel,Germany,3376.37,40,1833.29,Wholesale
2024-10-31,Trail Sneakers,Footwear,Portugal,1454.46,18,651.75,Online
2024-10-31,Adjustable Dumbbells,Fitness,Germany,4822.72,22,2390.64,Online
2024-10-31,Smartwatch Lite,Electronics,Netherlands,6755.21,40,3045.78,In-Store
2024-10-31,Adjustable Dumbbells,Fitness,France,6442.99,33,3720.6,In-Store
2024-10-31,Yoga Mat,Fitness,Netherlands,1195.13,40,554.21,Online
2024-11-01,Trail Sneakers,Footwear,France,1053.47,14,470.28,Online
2024-11-01,Wireless Earbuds,Electronics,Spain,3250.95,26,1602.84,In-Store
2024-11-01,Yoga Mat,Fitness,Spain,435.85,12,169.3,Online
2024-11-01,Trail Sneakers,Footwear,Netherlands,1730.89,25,912.24,Wholesale
2024-11-01,Cotton T-Shirt,Apparel,France,368.36,17,129.81,Wholesale
2024-11-01,Adjustable Dumbbells,Fitness,France,3631.98,17,1874.69,Online
2024-11-01,Cotton T-Shirt,Apparel,Netherlands,575.26,26,206.16,Online
2024-11-02,Cotton T-Shirt,Apparel,Spain,532.68,23,184.43,Online
2024-11-02,Wireless Earbuds,Electronics,Germany,5496.39,41,2433.53,Online
2024-11-02,Running Shoes Pro,Footwear,Spain,4039.23,45,1958.76,In-Store
2024-11-02,Trail Sneakers,Footwear,Portugal,2984.09,40,1467.43,Wholesale
2024-11-02,Wireless Earbuds,Electronics,Italy,2187.95,19,1169.0,Wholesale
2024-11-02,Wireless Earbuds,Electronics,Italy,1523.59,12,754.21,Online
2024-11-02,Wireless Earbuds,Electronics,Netherlands,2790.51,21,1220.55,Online
2024-11-02,Cotton T-Shirt,Apparel,Netherlands,284.38,13,107.28,Online
2024-11-02,Running Shoes Pro,Footwear,Italy,1155.49,14,563.77,In-Store
2024-11-02,Wireless Earbuds,Electronics,Netherlands,3692.05,31,1927.83,Wholesale
2024-11-03,Yoga Mat,Fitness,Netherlands,445.6,12,167.19,In-Store
2024-11-03,Denim Jacket,Apparel,Portugal,685.98,8,399.8,Wholesale
2024-11-03,Denim Jacket,Apparel,Portugal,259.95,3,145.71,In-Store
2024-11-03,Adjustable Dumbbells,Fitness,Germany,5249.53,24,2562.09,Online
2024-11-03,Denim Jacket,Apparel,Portugal,1024.96,12,560.52,Online
2024-11-03,Cotton T-Shirt,Apparel,Spain,128.2,6,47.03,Online
2024-11-03,Running Shoes Pro,Footwear,Germany,1034.98,13,570.54,Wholesale
2024-11-03,Wireless Earbuds,Electronics,France,4042.63,33,1908.46,Wholesale
2024-11-04,Adjustable Dumbbells,Fitness,Portugal,8048.33,43,4790.59,Wholesale
2024-11-04,Smartwatch Lite,Electronics,Netherlands,6140.16,40,3035.85,Online
2024-11-04,Cotton T-Shirt,Apparel,Portugal,153.87,8,65.98,Wholesale
2024-11-04,Smartwatch Lite,Electronics,France,2133.6,13,974.23,In-Store
2024-11-04,Smartwatch Lite,Electronics,Germany,2008.72,14,1005.62,Wholesale
2024-11-04,Running Shoes Pro,Footwear,France,3186.55,40,1742.91,In-Store
2024-11-04,Smartwatch Lite,Electronics,Portugal,4161.83,30,2164.52,Online
2024-11-04,Adjustable Dumbbells,Fitness,Portugal,10791.82,48,5133.55,Wholesale
2024-11-04,Trail Sneakers,Footwear,Italy,751.09,10,353.49,Online
2024-11-04,Trail Sneakers,Footwear,Netherlands,1305.63,19,687.44,In-Store
2024-11-05,Cotton T-Shirt,Apparel,Portugal,545.79,26,197.68,Wholesale
2024-11-05,Running Shoes Pro,Footwear,Netherlands,1212.32,14,616.67,Wholesale
2024-11-05,Denim Jacket,Apparel,Germany,1570.94,17,779.06,Online
2024-11-05,Adjustable Dumbbells,Fitness,France,2442.08,13,1372.94,In-Store
2024-11-05,Smartwatch Lite,Electronics,France,4460.61,27,1956.3,Online
2024-11-05,Cotton T-Shirt,Apparel,Italy,777.24,38,289.54,In-Store
2024-11-06,Smartwatch Lite,Electronics,Spain,3124.07,22,1701.8,Online
2024-11-06,Smartwatch Lite,Electronics,Portugal,2913.74,20,1480.01,In-Store
2024-11-06,Wireless Earbuds,Electronics,France,3864.55,34,1942.21,Online
2024-11-06,Trail Sneakers,Footwear,Spain,2459.38,38,1327.08,Wholesale
2024-11-06,Cotton T-Shirt,Apparel,Germany,512.13,27,207.56,Wholesale
2024-11-06,Smartwatch Lite,Electronics,Italy,1800.52,11,810.84,In-Store
2024-11-06,Wireless Earbuds,Electronics,Spain,1332.86,10,600.66,Online
2024-11-06,Denim Jacket,Apparel,Spain,1629.95,20,956.38,Wholesale
2024-11-06,Trail Sneakers,Footwear,Portugal,2026.88,31,1062.54,Online
2024-11-06,Trail Sneakers,Footwear,Italy,1544.27,19,650.43,In-Store
2024-11-06,Yoga Mat,Fitness,Germany,1465.44,45,602.35,Online
2024-11-06,Smartwatch Lite,Electronics,France,1160.08,7,547.03,Online
2024-11-07,Cotton T-Shirt,Apparel,Portugal,378.35,16,124.05,Online
2024-11-07,Denim Jacket,Apparel,Italy,2405.28,24,1150.85,Online
2024-11-07,Smartwatch Lite,Electronics,Italy,2052.43,12,916.47,Online
2024-11-07,Adjustable Dumbbells,Fitness,Germany,5633.23,25,2750.54,Online
2024-11-07,Cotton T-Shirt,Apparel,Italy,504.76,21,174.82,Wholesale
2024-11-07,Wireless Earbuds,Electronics,Netherlands,2477.88,18,1105.58,Online
2024-11-07,Denim Jacket,Apparel,Portugal,1056.14,13,614.93,Online
2024-11-07,Denim Jacket,Apparel,Portugal,3196.76,38,1880.29,In-Store
2024-11-07,Running Shoes Pro,Footwear,France,3525.71,44,1809.24,Online
2024-11-08,Wireless Earbuds,Electronics,Germany,7687.93,64,3854.49,Online
2024-11-08,Cotton T-Shirt,Apparel,Spain,383.28,19,148.85,Wholesale
2024-11-08,Wireless Earbuds,Electronics,Germany,5719.29,41,2388.24,In-Store
2024-11-08,Trail Sneakers,Footwear,Netherlands,509.12,7,250.79,Wholesale
2024-11-08,Denim Jacket,Apparel,Spain,674.61,8,368.19,Online
2024-11-08,Cotton T-Shirt,Apparel,Spain,272.65,13,99.3,Online
2024-11-08,Trail Sneakers,Footwear,Netherlands,4593.71,64,2175.82,In-Store
2024-11-09,Adjustable Dumbbells,Fitness,Germany,8409.34,42,4820.59,Wholesale
2024-11-09,Running Shoes Pro,Footwear,Netherlands,1646.35,21,891.59,Online
2024-11-09,Wireless Earbuds,Electronics,Spain,2227.47,17,1066.47,In-Store
2024-11-09,Cotton T-Shirt,Apparel,Spain,1590.16,77,634.48,Wholesale
2024-11-09,Running Shoes Pro,Footwear,Portugal,1996.44,25,1018.02,Online
2024-11-09,Running Shoes Pro,Footwear,France,310.47,4,163.78,Online
2024-11-09,Cotton T-Shirt,Apparel,Germany,342.91,15,124.99,In-Store
2024-11-09,Yoga Mat,Fitness,Spain,676.19,21,298.96,Wholesale
2024-11-09,Denim Jacket,Apparel,Spain,1903.26,19,888.26,In-Store
2024-11-10,Cotton T-Shirt,Apparel,Portugal,843.74,36,283.51,In-Store
2024-11-10,Smartwatch Lite,Electronics,France,1543.63,10,779.57,Online
2024-11-10,Trail Sneakers,Footwear,Spain,635.18,10,352.23,Online
2024-11-10,Smartwatch Lite,Electronics,Germany,3743.1,23,1661.98,In-Store
2024-11-10,Running Shoes Pro,Footwear,Portugal,1042.51,12,522.12,In-Store
2024-11-10,Denim Jacket,Apparel,France,2969.41,36,1702.17,Online
2024-11-10,Smartwatch Lite,Electronics,Spain,1739.34,10,713.86,Online
2024-11-10,Cotton T-Shirt,Apparel,France,403.76,19,150.99,In-Store
2024-11-10,Running Shoes Pro,Footwear,Spain,1405.55,17,691.33,In-Store
2024-11-11,Denim Jacket,Apparel,Spain,1697.63,20,965.89,Wholesale
2024-11-11,Cotton T-Shirt,Apparel,Netherlands,203.45,9,73.56,In-Store
2024-11-11,Running Shoes Pro,Footwear,Italy,1538.27,19,822.94,In-Store
2024-11-11,Smartwatch Lite,Electronics,Spain,3567.1,21,1587.91,In-Store
2024-11-11,Trail Sneakers,Footwear,Portugal,4891.8,63,2116.21,In-Store
2024-11-11,Running Shoes Pro,Footwear,Netherlands,1527.51,19,765.61,Online
2024-11-11,Trail Sneakers,Footwear,Portugal,534.28,7,249.88,Online
2024-11-12,Running Shoes Pro,Footwear,France,571.44,7,303.93,Online
2024-11-12,Yoga Mat,Fitness,Italy,103.09,3,42.73,Online
2024-11-12,Trail Sneakers,Footwear,Netherlands,2464.6,31,1061.3,Online
2024-11-12,Wireless Earbuds,Electronics,France,3673.81,27,1559.09,Wholesale
2024-11-12,Wireless Earbuds,Electronics,Netherlands,4424.19,32,1989.71,Wholesale
2024-11-12,Trail Sneakers,Footwear,Germany,2774.4,40,1335.8,In-Store
2024-11-13,Yoga Mat,Fitness,Italy,1108.97,33,441.4,In-Store
2024-11-13,Denim Jacket,Apparel,Spain,807.39,8,391.39,Wholesale
2024-11-13,Cotton T-Shirt,Apparel,Germany,455.64,19,146.34,Online
2024-11-13,Adjustable Dumbbells,Fitness,France,7838.99,37,3922.55,Online
2024-11-13,Denim Jacket,Apparel,Italy,861.12,10,485.55,Wholesale
2024-11-13,Running Shoes Pro,Footwear,Portugal,2382.19,29,1164.89,Wholesale
2024-11-14,Yoga Mat,Fitness,Germany,1793.25,57,812.33,Online
2024-11-14,Yoga Mat,Fitness,Italy,1004.31,27,379.15,Wholesale
2024-11-14,Wireless Earbuds,Electronics,Italy,4282.6,35,2022.53,In-Store
2024-11-14,Yoga Mat,Fitness,Netherlands,542.12,16,229.28,In-Store
2024-11-14,Trail Sneakers,Footwear,Italy,2254.31,31,1064.4,In-Store
2024-11-15,Trail Sneakers,Footwear,Spain,1991.51,27,932.46,In-Store
2024-11-15,Adjustable Dumbbells,Fitness,Spain,9721.71,53,5976.65,Wholesale
2024-11-15,Cotton T-Shirt,Apparel,Italy,345.93,15,124.37,Wholesale
2024-11-15,Yoga Mat,Fitness,France,750.79,25,346.6,Online
2024-11-15,Cotton T-Shirt,Apparel,Portugal,508.47,26,208.73,Wholesale
2024-11-15,Trail Sneakers,Footwear,Netherlands,4749.84,64,2265.15,Wholesale
2024-11-15,Yoga Mat,Fitness,Netherlands,1067.38,30,421.81,Online
2024-11-15,Smartwatch Lite,Electronics,Portugal,4546.45,27,2116.3,In-Store
2024-11-15,Trail Sneakers,Footwear,Italy,2328.25,36,1287.92,In-Store
2024-11-15,Cotton T-Shirt,Apparel,Spain,618.76,27,206.36,Online
2024-11-15,Running Shoes Pro,Footwear,Portugal,2883.46,32,1394.42,Wholesale
2024-11-15,Smartwatch Lite,Electronics,Germany,2020.24,14,1027.01,Online
2024-11-15,Trail Sneakers,Footwear,France,2877.04,38,1295.17,Wholesale
2024-11-15,Denim Jacket,Apparel,Netherlands,2124.32,24,1203.53,Wholesale
2024-11-16,Cotton T-Shirt,Apparel,Netherlands,320.26,14,116.86,In-Store
2024-11-16,Running Shoes Pro,Footwear,Germany,2116.38,25,1034.86,Online
2024-11-16,Cotton T-Shirt,Apparel,France,508.35,24,197.56,Wholesale
2024-11-16,Trail Sneakers,Footwear,Germany,450.65,7,232.86,Online
2024-11-16,Smartwatch Lite,Electronics,Spain,4747.84,32,2485.85,In-Store
2024-11-16,Smartwatch Lite,Electronics,Italy,3849.21,24,1814.41,Wholesale
2024-11-16,Yoga Mat,Fitness,Spain,720.21,21,283.15,Online
2024-11-17,Smartwatch Lite,Electronics,Germany,1702.79,12,872.57,In-Store
2024-11-17,Wireless Earbuds,Electronics,Portugal,1990.03,15,856.02,Online
2024-11-17,Cotton T-Shirt,Apparel,Portugal,485.99,24,196.55,In-Store
2024-11-17,Trail Sneakers,Footwear,Italy,1996.73,26,912.52,In-Store
2024-11-17,Trail Sneakers,Footwear,Spain,2615.69,36,1290.84,Wholesale
2024-11-17,Trail Sneakers,Footwear,Germany,1875.41,29,1035.52,Wholesale
2024-11-17,Smartwatch Lite,Electronics,Portugal,2718.44,17,1319.56,In-Store
2024-11-17,Denim Jacket,Apparel,Netherlands,853.72,10,491.1,In-Store
2024-11-17,Denim Jacket,Apparel,Italy,1178.04,12,568.3,Online
2024-11-18,Trail Sneakers,Footwear,Germany,1496.61,23,817.94,In-Store
2024-11-18,Cotton T-Shirt,Apparel,France,184.26,8,63.1,In-Store
2024-11-18,Cotton T-Shirt,Apparel,Portugal,452.12,20,154.57,Online
2024-11-18,Denim Jacket,Apparel,Portugal,1690.04,19,926.48,Online
2024-11-18,Cotton T-Shirt,Apparel,Germany,241.67,11,84.14,Wholesale
2024-11-18,Smartwatch Lite,Electronics,Portugal,7922.45,53,4037.55,In-Store
2024-11-18,Yoga Mat,Fitness,Spain,800.32,25,361.19,In-Store
2024-11-18,Trail Sneakers,Footwear,Italy,563.32,8,284.01,Online
2024-11-18,Cotton T-Shirt,Apparel,Spain,340.6,16,126.53,In-Store
2024-11-18,Yoga Mat,Fitness,Italy,823.27,23,311.82,Online
2024-11-18,Cotton T-Shirt,Apparel,Italy,318.62,15,118.19,Wholesale
2024-11-18,Cotton T-Shirt,Apparel,France,115.55,5,41.77,Online
2024-11-18,Wireless Earbuds,Electronics,Spain,3040.15,25,1563.42,Online
2024-11-18,Smartwatch Lite,Electronics,Germany,4166.22,25,1873.37,Wholesale
2024-11-19,Denim Jacket,Apparel,Germany,2185.16,21,1019.86,Online
2024-11-19,Smartwatch Lite,Electronics,Portugal,3701.54,27,1957.38,Online
2024-11-19,Cotton T-Shirt,Apparel,Germany,873.75,41,334.19,In-Store
2024-11-19,Adjustable Dumbbells,Fitness,Italy,5466.94,27,3045.28,Wholesale
2024-11-19,Adjustable Dumbbells,Fitness,Spain,4540.73,20,2281.13,In-Store
2024-11-20,Cotton T-Shirt,Apparel,Germany,779.46,41,320.7,Wholesale
2024-11-20,Smartwatch Lite,Electronics,Netherlands,3900.05,25,1785.48,Wholesale
2024-11-21,Yoga Mat,Fitness,Spain,444.0,12,164.44,Wholesale
2024-11-21,Adjustable Dumbbells,Fitness,Germany,8702.51,42,4494.34,Online
2024-11-21,Smartwatch Lite,Electronics,Netherlands,3495.54,20,1477.18,Online
2024-11-21,Denim Jacket,Apparel,Netherlands,1455.3,16,767.4,Wholesale
2024-11-21,Running Shoes Pro,Footwear,Portugal,916.28,10,409.01,Online
2024-11-21,Running Shoes Pro,Footwear,France,1413.83,17,730.21,In-Store
2024-11-21,Smartwatch Lite,Electronics,Spain,2052.86,15,1149.9,In-Store
2024-11-21,Adjustable Dumbbells,Fitness,Italy,3124.85,15,1705.39,Online
2024-11-21,Adjustable Dumbbells,Fitness,Portugal,5078.11,25,2700.91,Online
2024-11-22,Cotton T-Shirt,Apparel,Portugal,149.5,7,53.87,Wholesale
2024-11-22,Trail Sneakers,Footwear,Portugal,649.55,9,308.13,Wholesale
2024-11-22,Trail Sneakers,Footwear,Netherlands,1175.18,17,609.91,Online
2024-11-22,Running Shoes Pro,Footwear,Italy,4688.4,53,2153.89,Wholesale
2024-11-23,Wireless Earbuds,Electronics,Germany,4199.39,36,2117.57,In-Store
2024-11-23,Yoga Mat,Fitness,Netherlands,93.19,3,41.49,Online
2024-11-23,Adjustable Dumbbells,Fitness,Italy,4876.91,22,2319.01,Online
2024-11-23,Yoga Mat,Fitness,Italy,1193.36,35,503.85,In-Store
2024-11-23,Cotton T-Shirt,Apparel,France,261.71,11,92.34,Online
2024-11-23,Trail Sneakers,Footwear,Portugal,1632.5,25,892.04,Online
2024-11-23,Smartwatch Lite,Electronics,Germany,7430.78,46,3306.19,Wholesale
2024-11-23,Running Shoes Pro,Footwear,Spain,1596.78,18,728.06,Online
2024-11-23,Cotton T-Shirt,Apparel,Germany,568.28,24,192.21,In-Store
2024-11-23,Trail Sneakers,Footwear,Portugal,3096.08,39,1390.57,Wholesale
2024-11-23,Smartwatch Lite,Electronics,Germany,1820.31,12,872.1,Online
2024-11-23,Running Shoes Pro,Footwear,France,1867.3,21,907.35,Online
2024-11-24,Cotton T-Shirt,Apparel,France,394.11,20,160.2,In-Store
2024-11-24,Smartwatch Lite,Electronics,Germany,3040.63,22,1666.03,Online
2024-11-24,Yoga Mat,Fitness,Portugal,372.44,11,156.68,Wholesale
2024-11-24,Smartwatch Lite,Electronics,Netherlands,966.01,7,513.23,Online
2024-11-24,Cotton T-Shirt,Apparel,Netherlands,533.48,24,198.53,In-Store
2024-11-24,Running Shoes Pro,Footwear,Italy,1533.98,16,657.74,In-Store
2024-11-24,Yoga Mat,Fitness,Italy,226.54,6,82.55,In-Store
2024-11-25,Wireless Earbuds,Electronics,France,1379.25,11,633.75,Wholesale
2024-11-25,Yoga Mat,Fitness,Germany,569.67,15,219.18,Wholesale
2024-11-25,Yoga Mat,Fitness,Spain,531.88,14,186.88,Wholesale
2024-11-25,Running Shoes Pro,Footwear,Portugal,2378.26,29,1198.28,In-Store
2024-11-25,Adjustable Dumbbells,Fitness,Germany,10294.42,50,5473.11,Wholesale
2024-11-25,Smartwatch Lite,Electronics,Netherlands,4399.81,32,2419.67,Wholesale
2024-11-25,Smartwatch Lite,Electronics,Spain,5205.03,33,2447.8,Online
2024-11-25,Trail Sneakers,Footwear,Germany,1119.0,17,567.87,Wholesale
2024-11-25,Trail Sneakers,Footwear,Italy,567.36,7,254.87,Online
2024-11-25,Wireless Earbuds,Electronics,Netherlands,2489.3,22,1282.6,In-Store
2024-11-26,Cotton T-Shirt,Apparel,France,844.71,38,310.38,Online
2024-11-26,Cotton T-Shirt,Apparel,Netherlands,1233.98,60,470.2,Wholesale
2024-11-26,Wireless Earbuds,Electronics,Spain,3161.24,28,1726.31,Online
2024-11-26,Yoga Mat,Fitness,Portugal,1250.76,37,501.38,In-Store
2024-11-26,Adjustable Dumbbells,Fitness,Netherlands,2561.77,13,1451.46,Online
2024-11-26,Running Shoes Pro,Footwear,France,388.09,5,218.67,In-Store
2024-11-26,Denim Jacket,Apparel,France,2912.18,33,1527.82,In-Store
2024-11-26,Denim Jacket,Apparel,France,102.03,1,47.68,Wholesale
2024-11-27,Adjustable Dumbbells,Fitness,Spain,1665.15,8,867.63,In-Store
2024-11-27,Yoga Mat,Fitness,Italy,159.37,5,70.29,Online
2024-11-27,Wireless Earbuds,Electronics,Spain,2211.33,17,1007.81,In-Store
2024-11-27,Smartwatch Lite,Electronics,France,5886.56,35,2596.04,Wholesale
2024-11-27,Adjustable Dumbbells,Fitness,Portugal,6223.6,33,3549.21,Wholesale
2024-11-27,Adjustable Dumbbells,Fitness,Netherlands,5654.11,29,3218.89,Online
2024-11-27,Running Shoes Pro,Footwear,Italy,2023.12,25,1056.33,In-Store
2024-11-27,Adjustable Dumbbells,Fitness,France,5544.08,25,2811.43,In-Store
2024-11-27,Adjustable Dumbbells,Fitness,Netherlands,6316.24,32,3422.99,In-Store
2024-11-27,Trail Sneakers,Footwear,Italy,1931.01,29,1009.39,Online
2024-11-27,Yoga Mat,Fitness,Italy,683.64,21,308.0,In-Store
2024-11-28,Denim Jacket,Apparel,Italy,2963.22,31,1496.9,Wholesale
2024-11-28,Trail Sneakers,Footwear,Spain,926.96,12,403.48,Wholesale
2024-11-28,Smartwatch Lite,Electronics,Italy,2435.2,15,1179.85,In-Store
2024-11-28,Yoga Mat,Fitness,Germany,538.9,16,225.58,Online
2024-11-28,Trail Sneakers,Footwear,Spain,482.48,7,251.74,In-Store
2024-11-28,Trail Sneakers,Footwear,Spain,1121.58,15,535.65,Online
2024-11-28,Yoga Mat,Fitness,France,481.27,15,212.13,In-Store
2024-11-28,Yoga Mat,Fitness,France,836.07,26,370.35,In-Store
2024-11-28,Cotton T-Shirt,Apparel,France,830.24,36,277.11,Wholesale
2024-11-28,Adjustable Dumbbells,Fitness,Germany,5357.33,28,3206.74,Wholesale
2024-11-28,Cotton T-Shirt,Apparel,Italy,292.29,14,111.16,Online
2024-11-29,Adjustable Dumbbells,Fitness,Portugal,5886.9,31,3451.0,Wholesale
2024-11-29,Yoga Mat,Fitness,Portugal,1576.86,42,582.52,Online
2024-11-29,Cotton T-Shirt,Apparel,Portugal,238.14,12,97.27,Wholesale
2024-11-29,Smartwatch Lite,Electronics,Netherlands,3382.74,25,1910.4,Online
2024-11-30,Smartwatch Lite,Electronics,Spain,2720.37,17,1271.94,In-Store
2024-11-30,Running Shoes Pro,Footwear,Portugal,947.32,11,468.39,In-Store
2024-11-30,Trail Sneakers,Footwear,Portugal,1210.33,17,581.2,Wholesale
2024-11-30,Wireless Earbuds,Electronics,Germany,2641.56,21,1204.47,In-Store
2024-11-30,Cotton T-Shirt,Apparel,Germany,332.54,16,123.2,In-Store
2024-11-30,Adjustable Dumbbells,Fitness,Italy,3066.14,17,1822.22,In-Store
2024-11-30,Denim Jacket,Apparel,France,2344.73,23,1080.98,Wholesale
2024-11-30,Yoga Mat,Fitness,Netherlands,720.79,22,317.86,Wholesale
2024-12-01,Running Shoes Pro,Footwear,Italy,6305.55,66,2895.84,Online
2024-12-01,Wireless Earbuds,Electronics,Spain,3559.33,27,1653.28,Wholesale
2024-12-01,Wireless Earbuds,Electronics,Netherlands,6560.18,48,2777.35,Online
2024-12-01,Denim Jacket,Apparel,Italy,1328.55,13,595.62,Online
2024-12-01,Wireless Earbuds,Electronics,Germany,4156.56,30,1876.85,Wholesale
2024-12-01,Running Shoes Pro,Footwear,France,168.17,2,83.39,In-Store
2024-12-02,Yoga Mat,Fitness,Portugal,606.56,16,218.73,In-Store
2024-12-02,Adjustable Dumbbells,Fitness,Spain,7895.8,37,3937.65,Online
2024-12-02,Wireless Earbuds,Electronics,Italy,2198.17,17,986.56,Wholesale
2024-12-02,Cotton T-Shirt,Apparel,Italy,197.67,9,75.52,Wholesale
2024-12-02,Yoga Mat,Fitness,Netherlands,713.95,21,304.67,Wholesale
2024-12-02,Smartwatch Lite,Electronics,Germany,1838.62,13,1008.42,In-Store
2024-12-02,Running Shoes Pro,Footwear,France,274.46,3,122.74,In-Store
2024-12-02,Cotton T-Shirt,Apparel,Netherlands,264.6,13,105.01,Online
2024-12-02,Cotton T-Shirt,Apparel,Portugal,234.21,12,96.44,In-Store
2024-12-02,Adjustable Dumbbells,Fitness,France,8321.02,37,4079.01,In-Store
2024-12-02,Trail Sneakers,Footwear,Germany,2366.52,30,1001.64,Online
2024-12-02,Cotton T-Shirt,Apparel,Netherlands,135.12,7,54.58,Online
2024-12-02,Wireless Earbuds,Electronics,Portugal,3294.23,25,1501.77,Wholesale
2024-12-03,Denim Jacket,Apparel,Germany,2559.07,31,1523.66,Wholesale
2024-12-03,Denim Jacket,Apparel,Portugal,4318.79,43,2063.7,In-Store
2024-12-03,Denim Jacket,Apparel,France,623.85,6,275.71,Wholesale
2024-12-03,Cotton T-Shirt,Apparel,Netherlands,413.87,22,167.57,Wholesale
2024-12-03,Trail Sneakers,Footwear,Spain,2219.22,33,1169.89,In-Store
2024-12-03,Smartwatch Lite,Electronics,Italy,437.42,3,235.05,In-Store
2024-12-03,Smartwatch Lite,Electronics,Portugal,1903.95,14,1020.91,In-Store
2024-12-03,Denim Jacket,Apparel,Spain,1966.57,23,1116.73,Wholesale
2024-12-04,Smartwatch Lite,Electronics,Netherlands,7000.43,43,3084.83,In-Store
2024-12-04,Yoga Mat,Fitness,Spain,1054.03,32,448.68,Online
2024-12-04,Cotton T-Shirt,Apparel,France,137.05,6,48.73,Online
2024-12-04,Adjustable Dumbbells,Fitness,Spain,4509.56,21,2289.82,Wholesale
2024-12-04,Wireless Earbuds,Electronics,Germany,1334.13,10,601.66,Wholesale
2024-12-05,Yoga Mat,Fitness,Germany,381.19,10,137.41,Online
2024-12-05,Denim Jacket,Apparel,Spain,2260.09,23,1134.55,Online
2024-12-05,Denim Jacket,Apparel,Portugal,2820.25,32,1486.66,In-Store
2024-12-05,Smartwatch Lite,Electronics,Germany,317.42,2,148.7,Online
2024-12-05,Trail Sneakers,Footwear,Italy,3217.91,40,1454.72,In-Store
2024-12-05,Running Shoes Pro,Footwear,Spain,477.72,6,248.25,Online
2024-12-05,Adjustable Dumbbells,Fitness,Portugal,4902.36,24,2531.17,Online
2024-12-05,Cotton T-Shirt,Apparel,Italy,227.28,10,79.52,Wholesale
2024-12-05,Smartwatch Lite,Electronics,Germany,2865.75,20,1489.41,In-Store
2024-12-05,Wireless Earbuds,Electronics,Spain,5490.0,47,2817.31,In-Store
2024-12-05,Smartwatch Lite,Electronics,Germany,5221.65,33,2553.19,Wholesale
2024-12-06,Trail Sneakers,Footwear,Portugal,2055.82,28,991.7,In-Store
2024-12-06,Denim Jacket,Apparel,Netherlands,1780.05,22,1032.2,In-Store
2024-12-06,Adjustable Dumbbells,Fitness,Italy,1503.96,8,920.25,In-Store
2024-12-06,Adjustable Dumbbells,Fitness,Portugal,8551.74,44,4821.55,Wholesale
2024-12-06,Denim Jacket,Apparel,Spain,2430.51,27,1264.6,In-Store
2024-12-06,Adjustable Dumbbells,Fitness,Germany,3394.7,17,1878.3,Online
2024-12-06,Denim Jacket,Apparel,France,190.52,2,98.93,Online
2024-12-06,Running Shoes Pro,Footwear,Italy,2571.62,27,1140.24,Wholesale
2024-12-06,Running Shoes Pro,Footwear,Germany,847.75,9,373.6,In-Store
2024-12-06,Yoga Mat,Fitness,Germany,847.18,23,313.53,Online
2024-12-06,Smartwatch Lite,Electronics,Portugal,4758.66,35,2710.68,Wholesale
2024-12-07,Adjustable Dumbbells,Fitness,Spain,9121.25,40,4256.94,Wholesale
2024-12-07,Smartwatch Lite,Electronics,Germany,7354.73,50,3706.4,Online
2024-12-07,Trail Sneakers,Footwear,Spain,1532.26,21,705.77,Wholesale
2024-12-07,Adjustable Dumbbells,Fitness,Italy,8463.05,38,4047.51,Online
2024-12-07,Smartwatch Lite,Electronics,France,1562.31,10,742.37,In-Store
2024-12-07,Cotton T-Shirt,Apparel,Spain,312.11,16,127.52,Online
2024-12-08,Running Shoes Pro,Footwear,Spain,706.86,8,319.85,In-Store
2024-12-08,Wireless Earbuds,Electronics,Italy,1617.82,13,770.85,Online
2024-12-08,Smartwatch Lite,Electronics,France,1412.07,9,692.78,Wholesale
2024-12-08,Running Shoes Pro,Footwear,Netherlands,2410.62,25,1065.11,Wholesale
2024-12-08,Running Shoes Pro,Footwear,Spain,1694.19,19,806.95,In-Store
2024-12-08,Cotton T-Shirt,Apparel,France,1111.4,46,359.76,Wholesale
2024-12-08,Smartwatch Lite,Electronics,Portugal,1606.75,11,830.48,In-Store
2024-12-08,Wireless Earbuds,Electronics,France,4104.03,29,1665.31,Online
2024-12-08,Running Shoes Pro,Footwear,France,1755.63,19,764.96,Online
2024-12-09,Denim Jacket,Apparel,France,653.64,7,327.86,Wholesale
2024-12-09,Trail Sneakers,Footwear,Portugal,1317.3,20,711.61,Online
2024-12-09,Smartwatch Lite,Electronics,Portugal,1361.18,10,755.34,Online
2024-12-09,Smartwatch Lite,Electronics,France,1553.3,9,672.38,In-Store
2024-12-09,Smartwatch Lite,Electronics,Netherlands,5642.35,36,2651.52,Online
2024-12-09,Running Shoes Pro,Footwear,Germany,916.72,12,507.75,In-Store
2024-12-09,Denim Jacket,Apparel,Germany,1454.86,15,713.38,Wholesale
2024-12-09,Running Shoes Pro,Footwear,Spain,1592.96,17,704.59,Wholesale
2024-12-10,Cotton T-Shirt,Apparel,Portugal,525.26,22,172.15,In-Store
2024-12-10,Trail Sneakers,Footwear,France,2153.42,29,1026.65,In-Store
2024-12-10,Wireless Earbuds,Electronics,Spain,1320.31,11,686.81,Online
2024-12-10,Trail Sneakers,Footwear,Spain,1745.47,25,862.73,Online
2024-12-10,Trail Sneakers,Footwear,France,1130.89,15,524.73,In-Store
2024-12-10,Smartwatch Lite,Electronics,France,1761.41,13,927.76,Wholesale
2024-12-10,Trail Sneakers,Footwear,Portugal,1627.92,22,794.44,In-Store
2024-12-10,Running Shoes Pro,Footwear,Italy,3729.0,42,1763.42,In-Store
2024-12-10,Wireless Earbuds,Electronics,France,2726.07,24,1455.2,Online
2024-12-10,Cotton T-Shirt,Apparel,Netherlands,485.11,25,196.42,In-Store
2024-12-10,Cotton T-Shirt,Apparel,Germany,430.19,19,155.5,Online
2024-12-11,Running Shoes Pro,Footwear,Italy,1759.04,23,995.37,In-Store
2024-12-11,Smartwatch Lite,Electronics,France,8616.5,50,3862.67,Wholesale
2024-12-11,Trail Sneakers,Footwear,Portugal,1045.93,14,472.34,In-Store
2024-12-11,Yoga Mat,Fitness,France,3154.28,85,1238.61,In-Store
2024-12-11,Yoga Mat,Fitness,Netherlands,1388.52,46,637.24,In-Store
2024-12-11,Trail Sneakers,Footwear,Portugal,713.79,11,374.61,In-Store
2024-12-12,Trail Sneakers,Footwear,Netherlands,2193.99,31,1063.02,Wholesale
2024-12-12,Trail Sneakers,Footwear,Spain,721.11,11,367.86,In-Store
2024-12-12,Cotton T-Shirt,Apparel,Italy,370.99,17,142.8,In-Store
2024-12-12,Cotton T-Shirt,Apparel,Italy,280.64,13,105.65,Online
2024-12-12,Running Shoes Pro,Footwear,Spain,2753.32,32,1320.23,Wholesale
2024-12-12,Wireless Earbuds,Electronics,Germany,1370.86,10,571.43,Wholesale
2024-12-12,Denim Jacket,Apparel,Italy,415.88,4,188.16,Wholesale
2024-12-12,Denim Jacket,Apparel,Italy,1651.91,16,780.76,Wholesale
2024-12-13,Denim Jacket,Apparel,Italy,2817.16,27,1270.75,Wholesale
2024-12-13,Trail Sneakers,Footwear,Portugal,718.24,11,389.43,Wholesale
2024-12-13,Cotton T-Shirt,Apparel,Italy,107.69,5,41.15,Wholesale
2024-12-14,Smartwatch Lite,Electronics,France,7767.92,57,4308.89,In-Store
2024-12-14,Smartwatch Lite,Electronics,Portugal,6158.01,42,3249.99,Online
2024-12-14,Smartwatch Lite,Electronics,France,2185.7,16,1243.24,In-Store
2024-12-14,Wireless Earbuds,Electronics,Italy,1860.3,15,913.51,Wholesale
2024-12-14,Trail Sneakers,Footwear,Portugal,2707.67,34,1228.56,Online
2024-12-14,Smartwatch Lite,Electronics,Germany,3055.08,18,1288.98,Wholesale
2024-12-14,Trail Sneakers,Footwear,France,1282.51,19,690.71,In-Store
2024-12-14,Denim Jacket,Apparel,Spain,1454.82,17,824.51,Online
2024-12-15,Cotton T-Shirt,Apparel,Italy,852.87,41,319.07,Wholesale
2024-12-15,Running Shoes Pro,Footwear,Portugal,1583.99,20,826.06,Online
2024-12-15,Yoga Mat,Fitness,Netherlands,914.08,29,386.67,Online
2024-12-15,Running Shoes Pro,Footwear,France,2089.09,22,961.89,Online
2024-12-15,Wireless Earbuds,Electronics,Portugal,2823.97,22,1367.63,Online
2024-12-15,Yoga Mat,Fitness,Spain,515.17,17,230.74,Online
2024-12-15,Trail Sneakers,Footwear,Netherlands,3062.76,48,1734.73,Online
2024-12-15,Cotton T-Shirt,Apparel,France,304.57,14,115.38,In-Store
2024-12-15,Denim Jacket,Apparel,Germany,1537.3,16,747.52,Online
2024-12-15,Wireless Earbuds,Electronics,France,1768.74,13,796.17,In-Store
2024-12-15,Cotton T-Shirt,Apparel,Netherlands,456.69,21,168.04,In-Store
2024-12-16,Smartwatch Lite,Electronics,Portugal,3264.75,21,1574.68,Wholesale
2024-12-16,Running Shoes Pro,Footwear,Portugal,1551.93,16,666.91,In-Store
2024-12-16,Wireless Earbuds,Electronics,Germany,4209.81,36,2199.93,Wholesale
2024-12-16,Adjustable Dumbbells,Fitness,Spain,3667.17,18,1971.38,Wholesale
2024-12-16,Adjustable Dumbbells,Fitness,Netherlands,5648.23,26,2932.86,Wholesale
2024-12-16,Running Shoes Pro,Footwear,Italy,6835.78,79,3431.07,Wholesale
2024-12-16,Denim Jacket,Apparel,Spain,762.4,9,433.36,Online
2024-12-16,Trail Sneakers,Footwear,Italy,952.34,12,430.82,In-Store
2024-12-17,Denim Jacket,Apparel,Portugal,1043.38,10,493.4,In-Store
2024-12-17,Cotton T-Shirt,Apparel,Italy,383.58,19,157.85,Online
2024-12-17,Cotton T-Shirt,Apparel,Spain,592.77,28,234.86,In-Store
2024-12-17,Yoga Mat,Fitness,Portugal,1574.33,47,667.98,Wholesale
2024-12-17,Denim Jacket,Apparel,Netherlands,1805.68,20,936.4,Wholesale
2024-12-17,Trail Sneakers,Footwear,France,1855.47,24,809.3,Wholesale
2024-12-17,Running Shoes Pro,Footwear,Netherlands,2348.41,24,1043.89,In-Store
2024-12-17,Running Shoes Pro,Footwear,Spain,1924.72,21,844.11,Online
2024-12-17,Cotton T-Shirt,Apparel,Germany,137.01,6,46.32,Online
2024-12-17,Wireless Earbuds,Electronics,France,4372.0,38,2288.04,Online
2024-12-17,Trail Sneakers,Footwear,Spain,3674.76,57,1971.59,Online
2024-12-18,Trail Sneakers,Footwear,Italy,807.93,11,382.83,Online
2024-12-18,Running Shoes Pro,Footwear,Germany,850.76,11,450.7,Wholesale
2024-12-18,Denim Jacket,Apparel,Italy,1540.7,16,744.83,Wholesale
2024-12-18,Smartwatch Lite,Electronics,Portugal,7184.41,42,3219.52,In-Store
2024-12-18,Running Shoes Pro,Footwear,Italy,4660.46,52,2291.84,Wholesale
2024-12-18,Adjustable Dumbbells,Fitness,France,3610.25,16,1774.29,Wholesale
2024-12-18,Trail Sneakers,Footwear,Netherlands,837.08,12,415.71,Online
2024-12-18,Adjustable Dumbbells,Fitness,Portugal,7446.68,35,3780.62,Online
2024-12-19,Wireless Earbuds,Electronics,Spain,1377.43,11,660.97,Wholesale
2024-12-19,Wireless Earbuds,Electronics,Italy,2420.97,18,1125.41,Wholesale
2024-12-19,Cotton T-Shirt,Apparel,Germany,322.09,17,142.72,Online
2024-12-19,Wireless Earbuds,Electronics,France,2083.33,16,973.35,Wholesale
2024-12-19,Smartwatch Lite,Electronics,Netherlands,1178.83,7,523.03,Online
2024-12-19,Wireless Earbuds,Electronics,Germany,1194.69,10,603.17,Wholesale
2024-12-20,Trail Sneakers,Footwear,Netherlands,526.11,8,288.05,Online
2024-12-20,Smartwatch Lite,Electronics,Italy,1124.99,7,522.71,Wholesale
2024-12-20,Running Shoes Pro,Footwear,Germany,2709.23,32,1321.92,In-Store
2024-12-20,Trail Sneakers,Footwear,Germany,3076.26,47,1703.13,Wholesale
2024-12-20,Wireless Earbuds,Electronics,Italy,1847.5,16,918.07,In-Store
2024-12-20,Running Shoes Pro,Footwear,Spain,1170.96,12,518.04,In-Store
2024-12-20,Adjustable Dumbbells,Fitness,Germany,8221.97,42,4537.92,Online
2024-12-20,Running Shoes Pro,Footwear,Germany,1015.35,11,463.05,In-Store
2024-12-20,Smartwatch Lite,Electronics,France,2515.05,18,1382.32,Online
2024-12-20,Wireless Earbuds,Electronics,Italy,2333.74,21,1266.19,In-Store
2024-12-21,Smartwatch Lite,Electronics,Italy,2438.27,16,1153.68,Wholesale
2024-12-21,Smartwatch Lite,Electronics,France,4766.0,28,2058.23,Wholesale
2024-12-21,Cotton T-Shirt,Apparel,Italy,496.48,22,177.07,Wholesale
2024-12-22,Denim Jacket,Apparel,Italy,3400.81,36,1686.49,Wholesale
2024-12-22,Running Shoes Pro,Footwear,France,1967.28,24,1037.01,Online
2024-12-22,Smartwatch Lite,Electronics,France,5057.27,31,2297.5,Online
2024-12-23,Wireless Earbuds,Electronics,Netherlands,1103.55,10,573.28,Wholesale
2024-12-23,Wireless Earbuds,Electronics,France,3439.43,25,1522.46,In-Store
2024-12-23,Denim Jacket,Apparel,France,3285.44,33,1505.24,Wholesale
2024-12-23,Yoga Mat,Fitness,Spain,147.16,4,54.55,In-Store
2024-12-23,Yoga Mat,Fitness,Spain,883.9,27,360.99,Wholesale
2024-12-23,Trail Sneakers,Footwear,Portugal,3640.92,55,1984.52,In-Store
2024-12-23,Wireless Earbuds,Electronics,Italy,1843.35,14,836.82,Online
2024-12-23,Yoga Mat,Fitness,Netherlands,1915.23,58,820.59,Online
2024-12-23,Denim Jacket,Apparel,France,1110.27,12,574.04,In-Store
2024-12-23,Yoga Mat,Fitness,Portugal,1147.79,35,501.79,Online
2024-12-23,Wireless Earbuds,Electronics,Netherlands,2904.73,25,1570.26,Wholesale
2024-12-24,Denim Jacket,Apparel,Germany,1003.0,10,459.98,Online
2024-12-24,Yoga Mat,Fitness,Germany,1168.88,34,473.72,Online
2024-12-24,Adjustable Dumbbells,Fitness,Germany,6921.6,34,3884.49,Online
2024-12-25,Cotton T-Shirt,Apparel,Germany,313.32,16,132.45,Online
2024-12-25,Running Shoes Pro,Footwear,Italy,2037.2,23,980.77,Wholesale
2024-12-25,Adjustable Dumbbells,Fitness,Spain,6643.14,29,3103.5,Online
2024-12-25,Cotton T-Shirt,Apparel,Italy,283.73,15,116.83,Online
2024-12-25,Trail Sneakers,Footwear,Netherlands,712.41,10,359.51,In-Store
2024-12-25,Adjustable Dumbbells,Fitness,Netherlands,1936.43,9,942.07,Wholesale
2024-12-25,Wireless Earbuds,Electronics,Germany,2395.91,20,1232.87,Wholesale
2024-12-26,Running Shoes Pro,Footwear,Portugal,733.02,9,371.59,In-Store
2024-12-26,Smartwatch Lite,Electronics,Germany,3908.67,25,1814.61,In-Store
2024-12-26,Running Shoes Pro,Footwear,Portugal,1626.63,18,730.57,In-Store
2024-12-26,Running Shoes Pro,Footwear,Italy,3123.49,32,1368.86,In-Store
2024-12-26,Denim Jacket,Apparel,Netherlands,618.65,7,337.36,In-Store
2024-12-26,Cotton T-Shirt,Apparel,Netherlands,42.07,2,16.77,Online
2024-12-26,Yoga Mat,Fitness,Italy,1221.66,33,470.55,Online
2024-12-26,Trail Sneakers,Footwear,Spain,1383.18,18,630.0,In-Store
2024-12-26,Running Shoes Pro,Footwear,Spain,2194.86,26,1102.23,In-Store
2024-12-26,Yoga Mat,Fitness,Spain,1760.15,57,767.56,Online
2024-12-26,Denim Jacket,Apparel,Germany,705.52,8,397.96,In-Store
2024-12-26,Cotton T-Shirt,Apparel,Italy,625.88,29,238.05,Wholesale
2024-12-26,Denim Jacket,Apparel,France,933.09,11,508.09,Wholesale
2024-12-27,Trail Sneakers,Footwear,Portugal,1796.43,28,963.75,Online
2024-12-27,Yoga Mat,Fitness,Germany,842.74,27,373.77,In-Store
2024-12-27,Adjustable Dumbbells,Fitness,Italy,3357.87,18,2058.33,Wholesale
2024-12-27,Yoga Mat,Fitness,France,253.43,7,101.72,In-Store
2024-12-27,Wireless Earbuds,Electronics,Portugal,852.42,7,429.72,Online
2024-12-27,Adjustable Dumbbells,Fitness,Germany,3421.0,18,1965.32,Wholesale
2024-12-27,Wireless Earbuds,Electronics,Netherlands,3617.41,26,1582.49,Online
2024-12-27,Cotton T-Shirt,Apparel,Portugal,256.29,12,98.7,In-Store
2024-12-28,Trail Sneakers,Footwear,France,3673.51,46,1606.49,Online
2024-12-28,Adjustable Dumbbells,Fitness,Germany,2521.74,11,1261.78,Wholesale
2024-12-28,Wireless Earbuds,Electronics,Italy,1096.52,10,602.71,Online
2024-12-28,Adjustable Dumbbells,Fitness,Germany,3585.18,17,1806.93,In-Store
2024-12-28,Adjustable Dumbbells,Fitness,Italy,8362.36,42,4805.71,In-Store
2024-12-28,Cotton T-Shirt,Apparel,Netherlands,136.27,7,55.09,In-Store
2024-12-28,Wireless Earbuds,Electronics,Portugal,4734.97,38,2358.53,Wholesale
2024-12-28,Denim Jacket,Apparel,Netherlands,1217.23,15,720.72,Online
2024-12-28,Wireless Earbuds,Electronics,Portugal,2783.14,23,1350.67,Online
2024-12-29,Denim Jacket,Apparel,Spain,1249.16,15,755.94,Wholesale
2024-12-29,Yoga Mat,Fitness,Portugal,723.33,20,268.04,Online
2024-12-29,Smartwatch Lite,Electronics,France,3453.68,24,1868.32,In-Store
2024-12-29,Adjustable Dumbbells,Fitness,Italy,2286.5,12,1327.87,In-Store
2024-12-29,Wireless Earbuds,Electronics,France,1478.73,12,705.89,Online
2024-12-29,Denim Jacket,Apparel,Portugal,3683.81,38,1779.43,Online
2024-12-29,Running Shoes Pro,Footwear,Netherlands,2455.9,27,1089.7,Online
2024-12-30,Adjustable Dumbbells,Fitness,Spain,2911.37,16,1811.51,Wholesale
2024-12-30,Trail Sneakers,Footwear,France,1316.52,18,620.19,In-Store
2024-12-30,Cotton T-Shirt,Apparel,Netherlands,165.14,8,67.11,In-Store
2024-12-30,Trail Sneakers,Footwear,Netherlands,399.17,5,174.95,Wholesale
2024-12-30,Denim Jacket,Apparel,France,2291.21,24,1201.87,Online
2024-12-30,Denim Jacket,Apparel,France,1187.41,13,598.37,Online
2024-12-31,Smartwatch Lite,Electronics,Portugal,3143.8,21,1635.45,Online
2024-12-31,Trail Sneakers,Footwear,France,1500.07,21,748.03,Wholesale
2024-12-31,Adjustable Dumbbells,Fitness,Germany,2742.51,14,1609.77,In-Store
2024-12-31,Trail Sneakers,Footwear,France,1160.04,18,615.77,Online
2024-12-31,Wireless Earbuds,Electronics,France,6051.0,48,3016.59,Wholesale
2024-12-31,Smartwatch Lite,Electronics,Italy,4054.2,26,1957.07,Wholesale
2024-12-31,Smartwatch Lite,Electronics,France,1000.97,7,544.83,Wholesale
